// 4.26.1 0x97ccfbc6 D0 AN R0 FARGB8888 U888 N0 SExtFlashSection
// Generated by imageconverter. Please, do not edit!

#include <touchgfx/hal/Config.hpp>

LOCATION_PRAGMA("ExtFlashSection")
KEEP extern const unsigned char image_fan_corner_02[] LOCATION_ATTRIBUTE("ExtFlashSection") = { // 80x80 ARGB8888 pixels.
    0xfb, 0xf8, 0xf5, 0xff, 0xfb, 0xf8, 0xf5, 0xff, 0xfb, 0xf8, 0xf5, 0xff,
    0xfb, 0xf8, 0xf5, 0xff, 0xfb, 0xf8, 0xf5, 0xff, 0xfb, 0xf8, 0xf5, 0xff,
    0xfb, 0xf8, 0xf5, 0xff, 0xfb, 0xf8, 0xf5, 0xff, 0xfb, 0xf8, 0xf5, 0xff,
    0xfb, 0xf8, 0xf5, 0xff, 0xfb, 0xf8, 0xf5, 0xff, 0xfb, 0xf8, 0xf5, 0xff,
    0xfb, 0xf8, 0xf5, 0xff, 0xfb, 0xf7, 0xf5, 0xff, 0xfb, 0xf7, 0xf5, 0xff,
    0xfb, 0xf7, 0xf5, 0xff, 0xfb, 0xf7, 0xf5, 0xff, 0xfb, 0xf7, 0xf5, 0xff,
    0xfb, 0xf7, 0xf5, 0xff, 0xfb, 0xf7, 0xf4, 0xff, 0xfb, 0xf7, 0xf4, 0xff,
    0xfb, 0xf7, 0xf4, 0xff, 0xfb, 0xf7, 0xf4, 0xff, 0xfb, 0xf7, 0xf4, 0xff,
    0xfb, 0xf7, 0xf4, 0xff, 0xfb, 0xf7, 0xf4, 0xff, 0xfb, 0xf7, 0xf4, 0xff,
    0xfb, 0xf7, 0xf4, 0xff, 0xfb, 0xf7, 0xf4, 0xff, 0xfb, 0xf7, 0xf4, 0xff,
    0xfb, 0xf7, 0xf4, 0xff, 0xfb, 0xf7, 0xf4, 0xff, 0xfb, 0xf7, 0xf4, 0xff,
    0xfb, 0xf7, 0xf4, 0xff, 0xfb, 0xf7, 0xf4, 0xff, 0xfb, 0xf7, 0xf4, 0xff,
    0xfb, 0xf7, 0xf4, 0xff, 0xfb, 0xf7, 0xf4, 0xff, 0xfb, 0xf7, 0xf4, 0xff,
    0xfb, 0xf7, 0xf4, 0xff, 0xfb, 0xf7, 0xf4, 0xff, 0xfb, 0xf7, 0xf4, 0xff,
    0xfb, 0xf7, 0xf4, 0xff, 0xfb, 0xf7, 0xf4, 0xff, 0xfb, 0xf7, 0xf4, 0xff,
    0xfb, 0xf7, 0xf4, 0xff, 0xfb, 0xf7, 0xf4, 0xff, 0xfb, 0xf7, 0xf4, 0xff,
    0xfb, 0xf7, 0xf4, 0xff, 0xfb, 0xf7, 0xf4, 0xff, 0xfb, 0xf7, 0xf4, 0xff,
    0xfb, 0xf7, 0xf4, 0xff, 0xfb, 0xf7, 0xf4, 0xff, 0xfb, 0xf7, 0xf4, 0xff,
    0xfb, 0xf7, 0xf4, 0xff, 0xfb, 0xf7, 0xf4, 0xff, 0xfb, 0xf7, 0xf4, 0xff,
    0xfb, 0xf7, 0xf4, 0xff, 0xfb, 0xf7, 0xf4, 0xff, 0xfb, 0xf7, 0xf4, 0xff,
    0xfb, 0xf7, 0xf4, 0xff, 0xfb, 0xf7, 0xf4, 0xff, 0xfb, 0xf7, 0xf4, 0xff,
    0xfb, 0xf7, 0xf4, 0xff, 0xfb, 0xf7, 0xf4, 0xff, 0xfb, 0xf7, 0xf4, 0xff,
    0xfb, 0xf7, 0xf4, 0xff, 0xfb, 0xf7, 0xf4, 0xff, 0xfb, 0xf7, 0xf4, 0xff,
    0xfb, 0xf7, 0xf4, 0xff, 0xfb, 0xf7, 0xf4, 0xff, 0xfb, 0xf7, 0xf4, 0xff,
    0xfb, 0xf7, 0xf4, 0xff, 0xfb, 0xf7, 0xf4, 0xff, 0xfb, 0xf7, 0xf4, 0xff,
    0xfb, 0xf7, 0xf4, 0xff, 0xfb, 0xf7, 0xf4, 0xff, 0xfb, 0xf7, 0xf4, 0xff,
    0xfb, 0xf7, 0xf4, 0xff, 0xfb, 0xf7, 0xf4, 0xff, 0xfb, 0xf8, 0xf5, 0xff,
    0xfb, 0xf8, 0xf5, 0xff, 0xfb, 0xf8, 0xf5, 0xff, 0xfb, 0xf8, 0xf5, 0xff,
    0xfb, 0xf8, 0xf5, 0xff, 0xfb, 0xf8, 0xf5, 0xff, 0xfb, 0xf8, 0xf5, 0xff,
    0xfb, 0xf8, 0xf5, 0xff, 0xfb, 0xf8, 0xf5, 0xff, 0xfb, 0xf8, 0xf5, 0xff,
    0xfb, 0xf8, 0xf5, 0xff, 0xfb, 0xf7, 0xf5, 0xff, 0xfb, 0xf7, 0xf5, 0xff,
    0xfb, 0xf7, 0xf5, 0xff, 0xfb, 0xf7, 0xf5, 0xff, 0xfb, 0xf7, 0xf5, 0xff,
    0xfb, 0xf7, 0xf5, 0xff, 0xfb, 0xf7, 0xf5, 0xff, 0xfb, 0xf7, 0xf4, 0xff,
    0xfb, 0xf7, 0xf4, 0xff, 0xfb, 0xf7, 0xf4, 0xff, 0xfb, 0xf7, 0xf4, 0xff,
    0xfb, 0xf7, 0xf4, 0xff, 0xfb, 0xf7, 0xf4, 0xff, 0xfb, 0xf7, 0xf4, 0xff,
    0xfb, 0xf7, 0xf4, 0xff, 0xfb, 0xf7, 0xf4, 0xff, 0xfb, 0xf7, 0xf4, 0xff,
    0xfb, 0xf7, 0xf4, 0xff, 0xfb, 0xf7, 0xf4, 0xff, 0xfb, 0xf7, 0xf4, 0xff,
    0xfb, 0xf7, 0xf4, 0xff, 0xfb, 0xf7, 0xf4, 0xff, 0xfb, 0xf7, 0xf4, 0xff,
    0xfb, 0xf7, 0xf4, 0xff, 0xfb, 0xf7, 0xf4, 0xff, 0xfb, 0xf7, 0xf4, 0xff,
    0xfb, 0xf7, 0xf4, 0xff, 0xfb, 0xf7, 0xf4, 0xff, 0xfb, 0xf7, 0xf4, 0xff,
    0xfb, 0xf7, 0xf4, 0xff, 0xfb, 0xf7, 0xf4, 0xff, 0xfb, 0xf7, 0xf4, 0xff,
    0xfb, 0xf7, 0xf4, 0xff, 0xfb, 0xf7, 0xf4, 0xff, 0xfb, 0xf7, 0xf4, 0xff,
    0xfb, 0xf7, 0xf4, 0xff, 0xfb, 0xf7, 0xf4, 0xff, 0xfb, 0xf7, 0xf4, 0xff,
    0xfb, 0xf7, 0xf4, 0xff, 0xfb, 0xf7, 0xf4, 0xff, 0xfb, 0xf7, 0xf4, 0xff,
    0xfb, 0xf7, 0xf4, 0xff, 0xfb, 0xf7, 0xf4, 0xff, 0xfb, 0xf7, 0xf4, 0xff,
    0xfb, 0xf7, 0xf4, 0xff, 0xfb, 0xf7, 0xf4, 0xff, 0xfb, 0xf7, 0xf4, 0xff,
    0xfb, 0xf7, 0xf4, 0xff, 0xfb, 0xf7, 0xf4, 0xff, 0xfb, 0xf7, 0xf4, 0xff,
    0xfb, 0xf7, 0xf4, 0xff, 0xfb, 0xf7, 0xf4, 0xff, 0xfb, 0xf7, 0xf4, 0xff,
    0xfb, 0xf7, 0xf4, 0xff, 0xfb, 0xf7, 0xf4, 0xff, 0xfb, 0xf7, 0xf4, 0xff,
    0xfb, 0xf7, 0xf4, 0xff, 0xfb, 0xf7, 0xf4, 0xff, 0xfb, 0xf7, 0xf4, 0xff,
    0xfb, 0xf7, 0xf4, 0xff, 0xfb, 0xf7, 0xf4, 0xff, 0xfb, 0xf7, 0xf4, 0xff,
    0xfb, 0xf7, 0xf4, 0xff, 0xfb, 0xf7, 0xf4, 0xff, 0xfb, 0xf7, 0xf4, 0xff,
    0xfb, 0xf7, 0xf4, 0xff, 0xfb, 0xf7, 0xf4, 0xff, 0xfb, 0xf7, 0xf4, 0xff,
    0xfb, 0xf7, 0xf4, 0xff, 0xfb, 0xf8, 0xf5, 0xff, 0xfb, 0xf8, 0xf5, 0xff,
    0xfb, 0xf8, 0xf5, 0xff, 0xfb, 0xf8, 0xf5, 0xff, 0xfb, 0xf8, 0xf5, 0xff,
    0xfb, 0xf8, 0xf5, 0xff, 0xfb, 0xf8, 0xf5, 0xff, 0xfb, 0xf8, 0xf5, 0xff,
    0xfb, 0xf8, 0xf5, 0xff, 0xfb, 0xf8, 0xf5, 0xff, 0xfb, 0xf7, 0xf5, 0xff,
    0xfb, 0xf7, 0xf5, 0xff, 0xfb, 0xf7, 0xf5, 0xff, 0xfb, 0xf7, 0xf5, 0xff,
    0xfb, 0xf7, 0xf5, 0xff, 0xfb, 0xf7, 0xf5, 0xff, 0xfb, 0xf7, 0xf5, 0xff,
    0xfb, 0xf7, 0xf4, 0xff, 0xfb, 0xf7, 0xf4, 0xff, 0xfb, 0xf7, 0xf4, 0xff,
    0xfb, 0xf7, 0xf4, 0xff, 0xfb, 0xf7, 0xf4, 0xff, 0xfb, 0xf7, 0xf4, 0xff,
    0xfb, 0xf7, 0xf4, 0xff, 0xfb, 0xf7, 0xf4, 0xff, 0xfb, 0xf7, 0xf4, 0xff,
    0xfb, 0xf7, 0xf4, 0xff, 0xfb, 0xf7, 0xf4, 0xff, 0xfb, 0xf7, 0xf4, 0xff,
    0xfb, 0xf7, 0xf4, 0xff, 0xfb, 0xf7, 0xf4, 0xff, 0xfb, 0xf7, 0xf4, 0xff,
    0xfb, 0xf7, 0xf4, 0xff, 0xfb, 0xf7, 0xf4, 0xff, 0xfb, 0xf7, 0xf4, 0xff,
    0xfb, 0xf7, 0xf4, 0xff, 0xfb, 0xf7, 0xf4, 0xff, 0xfb, 0xf7, 0xf4, 0xff,
    0xfb, 0xf7, 0xf4, 0xff, 0xfb, 0xf7, 0xf4, 0xff, 0xfb, 0xf7, 0xf4, 0xff,
    0xfb, 0xf7, 0xf4, 0xff, 0xfb, 0xf7, 0xf4, 0xff, 0xfb, 0xf7, 0xf4, 0xff,
    0xfb, 0xf7, 0xf4, 0xff, 0xfb, 0xf7, 0xf4, 0xff, 0xfb, 0xf7, 0xf4, 0xff,
    0xfb, 0xf7, 0xf4, 0xff, 0xfb, 0xf7, 0xf4, 0xff, 0xfb, 0xf7, 0xf4, 0xff,
    0xfb, 0xf7, 0xf4, 0xff, 0xfb, 0xf7, 0xf4, 0xff, 0xfb, 0xf7, 0xf4, 0xff,
    0xfb, 0xf7, 0xf4, 0xff, 0xfb, 0xf7, 0xf4, 0xff, 0xfb, 0xf7, 0xf4, 0xff,
    0xfb, 0xf7, 0xf4, 0xff, 0xfb, 0xf7, 0xf4, 0xff, 0xfb, 0xf7, 0xf4, 0xff,
    0xfb, 0xf7, 0xf4, 0xff, 0xfb, 0xf7, 0xf4, 0xff, 0xfb, 0xf7, 0xf4, 0xff,
    0xfb, 0xf7, 0xf4, 0xff, 0xfb, 0xf7, 0xf4, 0xff, 0xfb, 0xf7, 0xf4, 0xff,
    0xfb, 0xf7, 0xf4, 0xff, 0xfb, 0xf7, 0xf4, 0xff, 0xfb, 0xf7, 0xf4, 0xff,
    0xfb, 0xf7, 0xf4, 0xff, 0xfb, 0xf7, 0xf4, 0xff, 0xfb, 0xf7, 0xf4, 0xff,
    0xfb, 0xf7, 0xf4, 0xff, 0xfb, 0xf7, 0xf4, 0xff, 0xfb, 0xf7, 0xf4, 0xff,
    0xfb, 0xf7, 0xf4, 0xff, 0xfb, 0xf7, 0xf4, 0xff, 0xfb, 0xf7, 0xf4, 0xff,
    0xfb, 0xf7, 0xf4, 0xff, 0xfb, 0xf7, 0xf4, 0xff, 0xfb, 0xf7, 0xf4, 0xff,
    0xfb, 0xf8, 0xf5, 0xff, 0xfb, 0xf8, 0xf5, 0xff, 0xfb, 0xf8, 0xf5, 0xff,
    0xfb, 0xf8, 0xf5, 0xff, 0xfb, 0xf8, 0xf5, 0xff, 0xfb, 0xf8, 0xf5, 0xff,
    0xfb, 0xf8, 0xf5, 0xff, 0xfb, 0xf8, 0xf5, 0xff, 0xfb, 0xf8, 0xf5, 0xff,
    0xfb, 0xf7, 0xf5, 0xff, 0xfb, 0xf7, 0xf5, 0xff, 0xfb, 0xf7, 0xf5, 0xff,
    0xfb, 0xf7, 0xf5, 0xff, 0xfb, 0xf7, 0xf5, 0xff, 0xfb, 0xf7, 0xf5, 0xff,
    0xfb, 0xf7, 0xf5, 0xff, 0xfb, 0xf7, 0xf4, 0xff, 0xfb, 0xf7, 0xf4, 0xff,
    0xfb, 0xf7, 0xf4, 0xff, 0xfb, 0xf7, 0xf4, 0xff, 0xfb, 0xf7, 0xf4, 0xff,
    0xfb, 0xf7, 0xf4, 0xff, 0xfb, 0xf7, 0xf4, 0xff, 0xfb, 0xf7, 0xf4, 0xff,
    0xfb, 0xf7, 0xf4, 0xff, 0xfb, 0xf7, 0xf4, 0xff, 0xfb, 0xf7, 0xf4, 0xff,
    0xfb, 0xf7, 0xf4, 0xff, 0xfb, 0xf7, 0xf4, 0xff, 0xfb, 0xf7, 0xf4, 0xff,
    0xfb, 0xf7, 0xf4, 0xff, 0xfb, 0xf7, 0xf4, 0xff, 0xfb, 0xf7, 0xf4, 0xff,
    0xfb, 0xf7, 0xf4, 0xff, 0xfb, 0xf7, 0xf4, 0xff, 0xfb, 0xf7, 0xf4, 0xff,
    0xfb, 0xf7, 0xf4, 0xff, 0xfb, 0xf7, 0xf4, 0xff, 0xfb, 0xf7, 0xf4, 0xff,
    0xfb, 0xf7, 0xf4, 0xff, 0xfb, 0xf7, 0xf4, 0xff, 0xfb, 0xf7, 0xf4, 0xff,
    0xfb, 0xf7, 0xf4, 0xff, 0xfb, 0xf7, 0xf4, 0xff, 0xfb, 0xf7, 0xf4, 0xff,
    0xfb, 0xf7, 0xf4, 0xff, 0xfb, 0xf7, 0xf4, 0xff, 0xfb, 0xf7, 0xf4, 0xff,
    0xfb, 0xf7, 0xf4, 0xff, 0xfb, 0xf7, 0xf4, 0xff, 0xfb, 0xf7, 0xf4, 0xff,
    0xfb, 0xf7, 0xf4, 0xff, 0xfb, 0xf7, 0xf4, 0xff, 0xfb, 0xf7, 0xf4, 0xff,
    0xfb, 0xf7, 0xf4, 0xff, 0xfb, 0xf7, 0xf4, 0xff, 0xfb, 0xf7, 0xf4, 0xff,
    0xfb, 0xf7, 0xf4, 0xff, 0xfb, 0xf7, 0xf4, 0xff, 0xfb, 0xf7, 0xf4, 0xff,
    0xfb, 0xf7, 0xf4, 0xff, 0xfb, 0xf7, 0xf4, 0xff, 0xfb, 0xf7, 0xf4, 0xff,
    0xfb, 0xf7, 0xf4, 0xff, 0xfb, 0xf7, 0xf4, 0xff, 0xfb, 0xf7, 0xf4, 0xff,
    0xfb, 0xf7, 0xf4, 0xff, 0xfb, 0xf7, 0xf4, 0xff, 0xfb, 0xf7, 0xf4, 0xff,
    0xfb, 0xf7, 0xf4, 0xff, 0xfb, 0xf7, 0xf4, 0xff, 0xfb, 0xf7, 0xf4, 0xff,
    0xfb, 0xf7, 0xf4, 0xff, 0xfb, 0xf7, 0xf4, 0xff, 0xfb, 0xf7, 0xf4, 0xff,
    0xfb, 0xf7, 0xf4, 0xff, 0xfb, 0xf7, 0xf4, 0xff, 0xfb, 0xf7, 0xf4, 0xff,
    0xfb, 0xf7, 0xf4, 0xff, 0xfb, 0xf7, 0xf4, 0xff, 0xfb, 0xf8, 0xf5, 0xff,
    0xfb, 0xf8, 0xf5, 0xff, 0xfb, 0xf8, 0xf5, 0xff, 0xfb, 0xf8, 0xf5, 0xff,
    0xfb, 0xf8, 0xf5, 0xff, 0xfb, 0xf8, 0xf5, 0xff, 0xfb, 0xf8, 0xf5, 0xff,
    0xfb, 0xf8, 0xf5, 0xff, 0xfb, 0xf7, 0xf5, 0xff, 0xfb, 0xf7, 0xf5, 0xff,
    0xfb, 0xf7, 0xf5, 0xff, 0xfb, 0xf7, 0xf5, 0xff, 0xfb, 0xf7, 0xf5, 0xff,
    0xfb, 0xf7, 0xf5, 0xff, 0xfb, 0xf7, 0xf5, 0xff, 0xfb, 0xf7, 0xf4, 0xff,
    0xfb, 0xf7, 0xf4, 0xff, 0xfb, 0xf7, 0xf4, 0xff, 0xfb, 0xf7, 0xf4, 0xff,
    0xfb, 0xf7, 0xf4, 0xff, 0xfb, 0xf7, 0xf4, 0xff, 0xfb, 0xf7, 0xf4, 0xff,
    0xfb, 0xf7, 0xf4, 0xff, 0xfb, 0xf7, 0xf4, 0xff, 0xfb, 0xf7, 0xf4, 0xff,
    0xfb, 0xf7, 0xf4, 0xff, 0xfb, 0xf7, 0xf4, 0xff, 0xfb, 0xf7, 0xf4, 0xff,
    0xfb, 0xf7, 0xf4, 0xff, 0xfb, 0xf7, 0xf4, 0xff, 0xfb, 0xf7, 0xf4, 0xff,
    0xfb, 0xf7, 0xf4, 0xff, 0xfb, 0xf7, 0xf4, 0xff, 0xfb, 0xf7, 0xf4, 0xff,
    0xfb, 0xf7, 0xf4, 0xff, 0xfb, 0xf7, 0xf4, 0xff, 0xfb, 0xf7, 0xf4, 0xff,
    0xfb, 0xf7, 0xf4, 0xff, 0xfb, 0xf7, 0xf4, 0xff, 0xfb, 0xf7, 0xf4, 0xff,
    0xfb, 0xf7, 0xf4, 0xff, 0xfb, 0xf7, 0xf4, 0xff, 0xfb, 0xf7, 0xf4, 0xff,
    0xfb, 0xf7, 0xf4, 0xff, 0xfb, 0xf7, 0xf4, 0xff, 0xfb, 0xf7, 0xf4, 0xff,
    0xfb, 0xf7, 0xf4, 0xff, 0xfb, 0xf7, 0xf4, 0xff, 0xfb, 0xf7, 0xf4, 0xff,
    0xfb, 0xf7, 0xf4, 0xff, 0xfb, 0xf7, 0xf4, 0xff, 0xfb, 0xf7, 0xf4, 0xff,
    0xfb, 0xf7, 0xf4, 0xff, 0xfb, 0xf7, 0xf4, 0xff, 0xfb, 0xf7, 0xf4, 0xff,
    0xfb, 0xf7, 0xf4, 0xff, 0xfb, 0xf7, 0xf4, 0xff, 0xfb, 0xf7, 0xf4, 0xff,
    0xfb, 0xf7, 0xf4, 0xff, 0xfb, 0xf7, 0xf4, 0xff, 0xfb, 0xf7, 0xf4, 0xff,
    0xfb, 0xf7, 0xf4, 0xff, 0xfb, 0xf7, 0xf4, 0xff, 0xfb, 0xf7, 0xf4, 0xff,
    0xfb, 0xf7, 0xf4, 0xff, 0xfb, 0xf7, 0xf4, 0xff, 0xfb, 0xf7, 0xf4, 0xff,
    0xfb, 0xf7, 0xf4, 0xff, 0xfb, 0xf7, 0xf4, 0xff, 0xfb, 0xf7, 0xf4, 0xff,
    0xfb, 0xf7, 0xf4, 0xff, 0xfb, 0xf7, 0xf4, 0xff, 0xfb, 0xf7, 0xf4, 0xff,
    0xfb, 0xf7, 0xf4, 0xff, 0xfb, 0xf7, 0xf4, 0xff, 0xfb, 0xf7, 0xf4, 0xff,
    0xfb, 0xf7, 0xf4, 0xff, 0xfb, 0xf7, 0xf4, 0xff, 0xfb, 0xf7, 0xf4, 0xff,
    0xfb, 0xf7, 0xf4, 0xff, 0xfb, 0xf8, 0xf5, 0xff, 0xfb, 0xf8, 0xf5, 0xff,
    0xfb, 0xf8, 0xf5, 0xff, 0xfb, 0xf8, 0xf5, 0xff, 0xfb, 0xf8, 0xf5, 0xff,
    0xfb, 0xf8, 0xf5, 0xff, 0xfb, 0xf8, 0xf5, 0xff, 0xfb, 0xf7, 0xf5, 0xff,
    0xfb, 0xf7, 0xf5, 0xff, 0xfb, 0xf7, 0xf5, 0xff, 0xfb, 0xf7, 0xf5, 0xff,
    0xfb, 0xf7, 0xf5, 0xff, 0xfb, 0xf7, 0xf5, 0xff, 0xfb, 0xf7, 0xf5, 0xff,
    0xfb, 0xf7, 0xf4, 0xff, 0xfb, 0xf7, 0xf4, 0xff, 0xfb, 0xf7, 0xf4, 0xff,
    0xfb, 0xf7, 0xf4, 0xff, 0xfb, 0xf7, 0xf4, 0xff, 0xfb, 0xf7, 0xf4, 0xff,
    0xfb, 0xf7, 0xf4, 0xff, 0xfb, 0xf7, 0xf4, 0xff, 0xfb, 0xf7, 0xf4, 0xff,
    0xfb, 0xf7, 0xf4, 0xff, 0xfb, 0xf7, 0xf4, 0xff, 0xfb, 0xf7, 0xf4, 0xff,
    0xfb, 0xf7, 0xf4, 0xff, 0xfb, 0xf7, 0xf4, 0xff, 0xfb, 0xf7, 0xf4, 0xff,
    0xfb, 0xf7, 0xf4, 0xff, 0xfb, 0xf7, 0xf4, 0xff, 0xfb, 0xf7, 0xf4, 0xff,
    0xfb, 0xf7, 0xf4, 0xff, 0xfb, 0xf7, 0xf4, 0xff, 0xfb, 0xf7, 0xf4, 0xff,
    0xfb, 0xf7, 0xf4, 0xff, 0xfb, 0xf7, 0xf4, 0xff, 0xfb, 0xf7, 0xf4, 0xff,
    0xfb, 0xf7, 0xf4, 0xff, 0xfb, 0xf7, 0xf4, 0xff, 0xfb, 0xf7, 0xf4, 0xff,
    0xfb, 0xf7, 0xf4, 0xff, 0xfb, 0xf7, 0xf4, 0xff, 0xfb, 0xf7, 0xf4, 0xff,
    0xfb, 0xf7, 0xf4, 0xff, 0xfb, 0xf7, 0xf4, 0xff, 0xfb, 0xf7, 0xf4, 0xff,
    0xfb, 0xf7, 0xf4, 0xff, 0xfb, 0xf7, 0xf4, 0xff, 0xfb, 0xf7, 0xf4, 0xff,
    0xfb, 0xf7, 0xf4, 0xff, 0xfb, 0xf7, 0xf4, 0xff, 0xfb, 0xf7, 0xf4, 0xff,
    0xfb, 0xf7, 0xf4, 0xff, 0xfb, 0xf7, 0xf4, 0xff, 0xfb, 0xf7, 0xf4, 0xff,
    0xfb, 0xf7, 0xf4, 0xff, 0xfb, 0xf7, 0xf4, 0xff, 0xfb, 0xf7, 0xf4, 0xff,
    0xfb, 0xf7, 0xf4, 0xff, 0xfb, 0xf7, 0xf4, 0xff, 0xfb, 0xf7, 0xf4, 0xff,
    0xfb, 0xf7, 0xf4, 0xff, 0xfb, 0xf7, 0xf4, 0xff, 0xfb, 0xf7, 0xf4, 0xff,
    0xfb, 0xf7, 0xf4, 0xff, 0xfb, 0xf7, 0xf4, 0xff, 0xfb, 0xf7, 0xf4, 0xff,
    0xfb, 0xf7, 0xf4, 0xff, 0xfb, 0xf7, 0xf4, 0xff, 0xfb, 0xf7, 0xf4, 0xff,
    0xfb, 0xf7, 0xf4, 0xff, 0xfb, 0xf7, 0xf4, 0xff, 0xfb, 0xf7, 0xf4, 0xff,
    0xfb, 0xf7, 0xf4, 0xff, 0xfb, 0xf7, 0xf4, 0xff, 0xfb, 0xf7, 0xf4, 0xff,
    0xfb, 0xf7, 0xf4, 0xff, 0xfb, 0xf7, 0xf4, 0xff, 0xfb, 0xf7, 0xf4, 0xff,
    0xfb, 0xf8, 0xf5, 0xff, 0xfb, 0xf8, 0xf5, 0xff, 0xfb, 0xf8, 0xf5, 0xff,
    0xfb, 0xf8, 0xf5, 0xff, 0xfb, 0xf8, 0xf5, 0xff, 0xfb, 0xf8, 0xf5, 0xff,
    0xfb, 0xf7, 0xf5, 0xff, 0xfb, 0xf7, 0xf5, 0xff, 0xfb, 0xf7, 0xf5, 0xff,
    0xfb, 0xf7, 0xf5, 0xff, 0xfb, 0xf7, 0xf5, 0xff, 0xfb, 0xf7, 0xf5, 0xff,
    0xfb, 0xf7, 0xf5, 0xff, 0xfb, 0xf7, 0xf4, 0xff, 0xfb, 0xf7, 0xf4, 0xff,
    0xfb, 0xf7, 0xf4, 0xff, 0xfb, 0xf7, 0xf4, 0xff, 0xfb, 0xf7, 0xf4, 0xff,
    0xfb, 0xf7, 0xf4, 0xff, 0xfb, 0xf7, 0xf4, 0xff, 0xfb, 0xf7, 0xf4, 0xff,
    0xfb, 0xf7, 0xf4, 0xff, 0xfb, 0xf7, 0xf4, 0xff, 0xfb, 0xf7, 0xf4, 0xff,
    0xfb, 0xf7, 0xf4, 0xff, 0xfb, 0xf7, 0xf4, 0xff, 0xfb, 0xf7, 0xf4, 0xff,
    0xfb, 0xf7, 0xf4, 0xff, 0xfb, 0xf7, 0xf4, 0xff, 0xfb, 0xf7, 0xf4, 0xff,
    0xfb, 0xf7, 0xf4, 0xff, 0xfb, 0xf7, 0xf4, 0xff, 0xfb, 0xf7, 0xf4, 0xff,
    0xfb, 0xf7, 0xf4, 0xff, 0xfb, 0xf7, 0xf4, 0xff, 0xfb, 0xf7, 0xf4, 0xff,
    0xfb, 0xf7, 0xf4, 0xff, 0xfb, 0xf7, 0xf4, 0xff, 0xfb, 0xf7, 0xf4, 0xff,
    0xfb, 0xf7, 0xf4, 0xff, 0xfb, 0xf7, 0xf4, 0xff, 0xfb, 0xf7, 0xf4, 0xff,
    0xfb, 0xf7, 0xf4, 0xff, 0xfb, 0xf7, 0xf4, 0xff, 0xfb, 0xf7, 0xf4, 0xff,
    0xfb, 0xf7, 0xf4, 0xff, 0xfb, 0xf7, 0xf4, 0xff, 0xfb, 0xf7, 0xf4, 0xff,
    0xfb, 0xf7, 0xf4, 0xff, 0xfb, 0xf7, 0xf4, 0xff, 0xfb, 0xf7, 0xf4, 0xff,
    0xfb, 0xf7, 0xf4, 0xff, 0xfb, 0xf7, 0xf4, 0xff, 0xfb, 0xf7, 0xf4, 0xff,
    0xfb, 0xf7, 0xf4, 0xff, 0xfb, 0xf7, 0xf4, 0xff, 0xfb, 0xf7, 0xf4, 0xff,
    0xfb, 0xf7, 0xf4, 0xff, 0xfb, 0xf7, 0xf4, 0xff, 0xfb, 0xf7, 0xf4, 0xff,
    0xfb, 0xf7, 0xf4, 0xff, 0xfb, 0xf7, 0xf4, 0xff, 0xfb, 0xf7, 0xf4, 0xff,
    0xfb, 0xf7, 0xf4, 0xff, 0xfb, 0xf7, 0xf4, 0xff, 0xfb, 0xf7, 0xf4, 0xff,
    0xfb, 0xf7, 0xf4, 0xff, 0xfb, 0xf7, 0xf4, 0xff, 0xfb, 0xf7, 0xf4, 0xff,
    0xfb, 0xf7, 0xf4, 0xff, 0xfb, 0xf7, 0xf4, 0xff, 0xfb, 0xf7, 0xf4, 0xff,
    0xfb, 0xf7, 0xf4, 0xff, 0xfb, 0xf7, 0xf4, 0xff, 0xfb, 0xf7, 0xf4, 0xff,
    0xfb, 0xf7, 0xf4, 0xff, 0xfb, 0xf7, 0xf4, 0xff, 0xfb, 0xf7, 0xf4, 0xff,
    0xfb, 0xf7, 0xf4, 0xff, 0xfb, 0xf7, 0xf4, 0xff, 0xfb, 0xf8, 0xf5, 0xff,
    0xfb, 0xf8, 0xf5, 0xff, 0xfb, 0xf8, 0xf5, 0xff, 0xfb, 0xf8, 0xf5, 0xff,
    0xfb, 0xf8, 0xf5, 0xff, 0xfb, 0xf7, 0xf5, 0xff, 0xfb, 0xf7, 0xf5, 0xff,
    0xfb, 0xf7, 0xf5, 0xff, 0xfb, 0xf7, 0xf5, 0xff, 0xfb, 0xf7, 0xf5, 0xff,
    0xfb, 0xf7, 0xf5, 0xff, 0xfb, 0xf7, 0xf5, 0xff, 0xfb, 0xf7, 0xf4, 0xff,
    0xfb, 0xf7, 0xf4, 0xff, 0xfb, 0xf7, 0xf4, 0xff, 0xfb, 0xf7, 0xf4, 0xff,
    0xfb, 0xf7, 0xf4, 0xff, 0xfb, 0xf7, 0xf4, 0xff, 0xfb, 0xf7, 0xf4, 0xff,
    0xfb, 0xf7, 0xf4, 0xff, 0xfb, 0xf7, 0xf4, 0xff, 0xfb, 0xf7, 0xf4, 0xff,
    0xfb, 0xf7, 0xf4, 0xff, 0xfb, 0xf7, 0xf4, 0xff, 0xfb, 0xf7, 0xf4, 0xff,
    0xfb, 0xf7, 0xf4, 0xff, 0xfb, 0xf7, 0xf4, 0xff, 0xfb, 0xf7, 0xf4, 0xff,
    0xfb, 0xf7, 0xf4, 0xff, 0xfb, 0xf7, 0xf4, 0xff, 0xfb, 0xf7, 0xf4, 0xff,
    0xfb, 0xf7, 0xf4, 0xff, 0xfb, 0xf7, 0xf4, 0xff, 0xfb, 0xf7, 0xf4, 0xff,
    0xfb, 0xf7, 0xf4, 0xff, 0xfb, 0xf7, 0xf4, 0xff, 0xfb, 0xf7, 0xf4, 0xff,
    0xfb, 0xf7, 0xf4, 0xff, 0xfb, 0xf7, 0xf4, 0xff, 0xfb, 0xf7, 0xf4, 0xff,
    0xfb, 0xf7, 0xf4, 0xff, 0xfb, 0xf7, 0xf4, 0xff, 0xfb, 0xf7, 0xf4, 0xff,
    0xfb, 0xf7, 0xf4, 0xff, 0xfb, 0xf7, 0xf4, 0xff, 0xfb, 0xf7, 0xf4, 0xff,
    0xfb, 0xf7, 0xf4, 0xff, 0xfb, 0xf7, 0xf4, 0xff, 0xfb, 0xf7, 0xf4, 0xff,
    0xfb, 0xf7, 0xf4, 0xff, 0xfb, 0xf7, 0xf4, 0xff, 0xfb, 0xf7, 0xf4, 0xff,
    0xfb, 0xf7, 0xf4, 0xff, 0xfb, 0xf7, 0xf4, 0xff, 0xfb, 0xf7, 0xf4, 0xff,
    0xfb, 0xf7, 0xf4, 0xff, 0xfb, 0xf7, 0xf4, 0xff, 0xfb, 0xf7, 0xf4, 0xff,
    0xfb, 0xf7, 0xf4, 0xff, 0xfb, 0xf7, 0xf4, 0xff, 0xfb, 0xf7, 0xf4, 0xff,
    0xfb, 0xf7, 0xf4, 0xff, 0xfb, 0xf7, 0xf4, 0xff, 0xfb, 0xf7, 0xf4, 0xff,
    0xfb, 0xf7, 0xf4, 0xff, 0xfb, 0xf7, 0xf4, 0xff, 0xfb, 0xf7, 0xf4, 0xff,
    0xfb, 0xf7, 0xf4, 0xff, 0xfb, 0xf7, 0xf4, 0xff, 0xfb, 0xf7, 0xf4, 0xff,
    0xfb, 0xf7, 0xf4, 0xff, 0xfb, 0xf7, 0xf4, 0xff, 0xfb, 0xf7, 0xf4, 0xff,
    0xfb, 0xf7, 0xf4, 0xff, 0xfb, 0xf7, 0xf4, 0xff, 0xfb, 0xf7, 0xf4, 0xff,
    0xfb, 0xf7, 0xf4, 0xff, 0xfb, 0xf7, 0xf4, 0xff, 0xfb, 0xf7, 0xf4, 0xff,
    0xfb, 0xf7, 0xf4, 0xff, 0xfb, 0xf8, 0xf5, 0xff, 0xfb, 0xf8, 0xf5, 0xff,
    0xfb, 0xf8, 0xf5, 0xff, 0xfb, 0xf8, 0xf5, 0xff, 0xfb, 0xf7, 0xf5, 0xff,
    0xfb, 0xf7, 0xf5, 0xff, 0xfb, 0xf7, 0xf5, 0xff, 0xfb, 0xf7, 0xf5, 0xff,
    0xfb, 0xf7, 0xf5, 0xff, 0xfb, 0xf7, 0xf5, 0xff, 0xfb, 0xf7, 0xf5, 0xff,
    0xfb, 0xf7, 0xf4, 0xff, 0xfb, 0xf7, 0xf4, 0xff, 0xfb, 0xf7, 0xf4, 0xff,
    0xfb, 0xf7, 0xf4, 0xff, 0xfb, 0xf7, 0xf4, 0xff, 0xfb, 0xf7, 0xf4, 0xff,
    0xfb, 0xf7, 0xf4, 0xff, 0xfb, 0xf7, 0xf4, 0xff, 0xfb, 0xf7, 0xf4, 0xff,
    0xfb, 0xf7, 0xf4, 0xff, 0xfb, 0xf7, 0xf4, 0xff, 0xfb, 0xf7, 0xf4, 0xff,
    0xfb, 0xf7, 0xf4, 0xff, 0xfb, 0xf7, 0xf4, 0xff, 0xfb, 0xf7, 0xf4, 0xff,
    0xfb, 0xf7, 0xf4, 0xff, 0xfb, 0xf7, 0xf4, 0xff, 0xfb, 0xf7, 0xf4, 0xff,
    0xfb, 0xf7, 0xf4, 0xff, 0xfb, 0xf7, 0xf4, 0xff, 0xfb, 0xf7, 0xf4, 0xff,
    0xfb, 0xf7, 0xf4, 0xff, 0xfb, 0xf7, 0xf4, 0xff, 0xfb, 0xf7, 0xf4, 0xff,
    0xfb, 0xf7, 0xf4, 0xff, 0xfb, 0xf7, 0xf4, 0xff, 0xfb, 0xf7, 0xf4, 0xff,
    0xfb, 0xf7, 0xf4, 0xff, 0xfb, 0xf7, 0xf4, 0xff, 0xfb, 0xf7, 0xf4, 0xff,
    0xfb, 0xf7, 0xf4, 0xff, 0xfb, 0xf7, 0xf4, 0xff, 0xfb, 0xf7, 0xf4, 0xff,
    0xfb, 0xf7, 0xf4, 0xff, 0xfb, 0xf7, 0xf4, 0xff, 0xfb, 0xf7, 0xf4, 0xff,
    0xfb, 0xf7, 0xf4, 0xff, 0xfb, 0xf7, 0xf4, 0xff, 0xfb, 0xf7, 0xf4, 0xff,
    0xfb, 0xf7, 0xf4, 0xff, 0xfb, 0xf7, 0xf4, 0xff, 0xfb, 0xf7, 0xf4, 0xff,
    0xfb, 0xf7, 0xf4, 0xff, 0xfb, 0xf7, 0xf4, 0xff, 0xfb, 0xf7, 0xf4, 0xff,
    0xfb, 0xf7, 0xf4, 0xff, 0xfb, 0xf7, 0xf4, 0xff, 0xfb, 0xf7, 0xf4, 0xff,
    0xfb, 0xf7, 0xf4, 0xff, 0xfb, 0xf7, 0xf4, 0xff, 0xfb, 0xf7, 0xf4, 0xff,
    0xfb, 0xf7, 0xf4, 0xff, 0xfb, 0xf7, 0xf4, 0xff, 0xfb, 0xf7, 0xf4, 0xff,
    0xfb, 0xf7, 0xf4, 0xff, 0xfb, 0xf7, 0xf4, 0xff, 0xfb, 0xf7, 0xf4, 0xff,
    0xfb, 0xf7, 0xf4, 0xff, 0xfb, 0xf7, 0xf4, 0xff, 0xfb, 0xf7, 0xf4, 0xff,
    0xfb, 0xf7, 0xf4, 0xff, 0xfb, 0xf7, 0xf4, 0xff, 0xfb, 0xf7, 0xf4, 0xff,
    0xfb, 0xf7, 0xf4, 0xff, 0xfb, 0xf7, 0xf4, 0xff, 0xfb, 0xf7, 0xf4, 0xff,
    0xfb, 0xf7, 0xf4, 0xff, 0xfb, 0xf7, 0xf4, 0xff, 0xfb, 0xf7, 0xf4, 0xff,
    0xfb, 0xf8, 0xf5, 0xff, 0xfb, 0xf8, 0xf5, 0xff, 0xfb, 0xf8, 0xf5, 0xff,
    0xfb, 0xf7, 0xf5, 0xff, 0xfb, 0xf7, 0xf5, 0xff, 0xfb, 0xf7, 0xf5, 0xff,
    0xfb, 0xf7, 0xf5, 0xff, 0xfb, 0xf7, 0xf5, 0xff, 0xfb, 0xf7, 0xf5, 0xff,
    0xfb, 0xf7, 0xf5, 0xff, 0xfb, 0xf7, 0xf4, 0xff, 0xfb, 0xf7, 0xf4, 0xff,
    0xfb, 0xf7, 0xf4, 0xff, 0xfb, 0xf7, 0xf4, 0xff, 0xfb, 0xf7, 0xf4, 0xff,
    0xfb, 0xf7, 0xf4, 0xff, 0xfb, 0xf7, 0xf4, 0xff, 0xfb, 0xf7, 0xf4, 0xff,
    0xfb, 0xf7, 0xf4, 0xff, 0xfb, 0xf7, 0xf4, 0xff, 0xfb, 0xf7, 0xf4, 0xff,
    0xfb, 0xf7, 0xf4, 0xff, 0xfb, 0xf7, 0xf4, 0xff, 0xfb, 0xf7, 0xf4, 0xff,
    0xfb, 0xf7, 0xf4, 0xff, 0xfb, 0xf7, 0xf4, 0xff, 0xfb, 0xf7, 0xf4, 0xff,
    0xfb, 0xf7, 0xf4, 0xff, 0xfb, 0xf7, 0xf4, 0xff, 0xfb, 0xf7, 0xf4, 0xff,
    0xfb, 0xf7, 0xf4, 0xff, 0xfb, 0xf7, 0xf4, 0xff, 0xfb, 0xf7, 0xf4, 0xff,
    0xfb, 0xf7, 0xf4, 0xff, 0xfb, 0xf7, 0xf4, 0xff, 0xfb, 0xf7, 0xf4, 0xff,
    0xfb, 0xf7, 0xf4, 0xff, 0xfb, 0xf7, 0xf4, 0xff, 0xfb, 0xf7, 0xf4, 0xff,
    0xfb, 0xf7, 0xf4, 0xff, 0xfb, 0xf7, 0xf4, 0xff, 0xfb, 0xf7, 0xf4, 0xff,
    0xfb, 0xf7, 0xf4, 0xff, 0xfb, 0xf7, 0xf4, 0xff, 0xfb, 0xf7, 0xf4, 0xff,
    0xfb, 0xf7, 0xf4, 0xff, 0xfb, 0xf7, 0xf4, 0xff, 0xfb, 0xf7, 0xf4, 0xff,
    0xfb, 0xf7, 0xf4, 0xff, 0xfb, 0xf7, 0xf4, 0xff, 0xfb, 0xf7, 0xf4, 0xff,
    0xfb, 0xf7, 0xf4, 0xff, 0xfb, 0xf7, 0xf4, 0xff, 0xfb, 0xf7, 0xf4, 0xff,
    0xfb, 0xf7, 0xf4, 0xff, 0xfb, 0xf7, 0xf4, 0xff, 0xfb, 0xf7, 0xf4, 0xff,
    0xfb, 0xf7, 0xf4, 0xff, 0xfb, 0xf7, 0xf4, 0xff, 0xfb, 0xf7, 0xf4, 0xff,
    0xfb, 0xf7, 0xf4, 0xff, 0xfb, 0xf7, 0xf4, 0xff, 0xfb, 0xf7, 0xf4, 0xff,
    0xfb, 0xf7, 0xf4, 0xff, 0xfb, 0xf7, 0xf4, 0xff, 0xfb, 0xf7, 0xf4, 0xff,
    0xfb, 0xf7, 0xf4, 0xff, 0xfb, 0xf7, 0xf4, 0xff, 0xfb, 0xf7, 0xf4, 0xff,
    0xfb, 0xf7, 0xf4, 0xff, 0xfb, 0xf7, 0xf4, 0xff, 0xfb, 0xf7, 0xf4, 0xff,
    0xfb, 0xf7, 0xf4, 0xff, 0xfb, 0xf7, 0xf4, 0xff, 0xfb, 0xf7, 0xf4, 0xff,
    0xfb, 0xf7, 0xf4, 0xff, 0xfb, 0xf7, 0xf4, 0xff, 0xfb, 0xf7, 0xf4, 0xff,
    0xfb, 0xf7, 0xf4, 0xff, 0xfb, 0xf7, 0xf4, 0xff, 0xfb, 0xf8, 0xf5, 0xff,
    0xfb, 0xf8, 0xf5, 0xff, 0xfb, 0xf7, 0xf5, 0xff, 0xfb, 0xf7, 0xf5, 0xff,
    0xfb, 0xf7, 0xf5, 0xff, 0xfb, 0xf7, 0xf5, 0xff, 0xfb, 0xf7, 0xf5, 0xff,
    0xfb, 0xf7, 0xf5, 0xff, 0xfb, 0xf7, 0xf5, 0xff, 0xfb, 0xf7, 0xf4, 0xff,
    0xfb, 0xf7, 0xf4, 0xff, 0xfb, 0xf7, 0xf4, 0xff, 0xfb, 0xf7, 0xf4, 0xff,
    0xfb, 0xf7, 0xf4, 0xff, 0xfb, 0xf7, 0xf4, 0xff, 0xfb, 0xf7, 0xf4, 0xff,
    0xfb, 0xf7, 0xf4, 0xff, 0xfb, 0xf7, 0xf4, 0xff, 0xfb, 0xf7, 0xf4, 0xff,
    0xfb, 0xf7, 0xf4, 0xff, 0xfb, 0xf7, 0xf4, 0xff, 0xfb, 0xf7, 0xf4, 0xff,
    0xfb, 0xf7, 0xf4, 0xff, 0xfb, 0xf7, 0xf4, 0xff, 0xfb, 0xf7, 0xf4, 0xff,
    0xfb, 0xf7, 0xf4, 0xff, 0xfb, 0xf7, 0xf4, 0xff, 0xfb, 0xf7, 0xf4, 0xff,
    0xfb, 0xf7, 0xf4, 0xff, 0xfb, 0xf7, 0xf4, 0xff, 0xfb, 0xf7, 0xf4, 0xff,
    0xfb, 0xf7, 0xf4, 0xff, 0xfb, 0xf7, 0xf4, 0xff, 0xfb, 0xf7, 0xf4, 0xff,
    0xfb, 0xf7, 0xf4, 0xff, 0xfb, 0xf7, 0xf4, 0xff, 0xfb, 0xf7, 0xf4, 0xff,
    0xfb, 0xf7, 0xf4, 0xff, 0xfb, 0xf7, 0xf4, 0xff, 0xfb, 0xf7, 0xf4, 0xff,
    0xfb, 0xf7, 0xf4, 0xff, 0xfb, 0xf7, 0xf4, 0xff, 0xfb, 0xf7, 0xf4, 0xff,
    0xfb, 0xf7, 0xf4, 0xff, 0xfb, 0xf7, 0xf4, 0xff, 0xfb, 0xf7, 0xf4, 0xff,
    0xfb, 0xf7, 0xf4, 0xff, 0xfb, 0xf7, 0xf4, 0xff, 0xfb, 0xf7, 0xf4, 0xff,
    0xfb, 0xf7, 0xf4, 0xff, 0xfb, 0xf7, 0xf4, 0xff, 0xfb, 0xf7, 0xf4, 0xff,
    0xfb, 0xf7, 0xf4, 0xff, 0xfb, 0xf7, 0xf4, 0xff, 0xfb, 0xf7, 0xf4, 0xff,
    0xfb, 0xf7, 0xf4, 0xff, 0xfb, 0xf7, 0xf4, 0xff, 0xfb, 0xf7, 0xf4, 0xff,
    0xfb, 0xf7, 0xf4, 0xff, 0xfb, 0xf7, 0xf4, 0xff, 0xfb, 0xf7, 0xf4, 0xff,
    0xfb, 0xf7, 0xf4, 0xff, 0xfb, 0xf7, 0xf4, 0xff, 0xfb, 0xf7, 0xf4, 0xff,
    0xfb, 0xf7, 0xf4, 0xff, 0xfb, 0xf7, 0xf4, 0xff, 0xfb, 0xf7, 0xf4, 0xff,
    0xfb, 0xf7, 0xf4, 0xff, 0xfb, 0xf7, 0xf4, 0xff, 0xfb, 0xf7, 0xf4, 0xff,
    0xfb, 0xf7, 0xf4, 0xff, 0xfb, 0xf7, 0xf4, 0xff, 0xfb, 0xf7, 0xf4, 0xff,
    0xfb, 0xf7, 0xf4, 0xff, 0xfb, 0xf7, 0xf4, 0xff, 0xfb, 0xf7, 0xf4, 0xff,
    0xfb, 0xf7, 0xf4, 0xff, 0xfb, 0xf7, 0xf4, 0xff, 0xfb, 0xf7, 0xf4, 0xff,
    0xfb, 0xf7, 0xf4, 0xff, 0xfb, 0xf8, 0xf5, 0xff, 0xfb, 0xf7, 0xf5, 0xff,
    0xfb, 0xf7, 0xf5, 0xff, 0xfb, 0xf7, 0xf5, 0xff, 0xfb, 0xf7, 0xf5, 0xff,
    0xfb, 0xf7, 0xf5, 0xff, 0xfb, 0xf7, 0xf5, 0xff, 0xfb, 0xf7, 0xf5, 0xff,
    0xfb, 0xf7, 0xf4, 0xff, 0xfb, 0xf7, 0xf4, 0xff, 0xfb, 0xf7, 0xf4, 0xff,
    0xfb, 0xf7, 0xf4, 0xff, 0xfb, 0xf7, 0xf4, 0xff, 0xfb, 0xf7, 0xf4, 0xff,
    0xfb, 0xf7, 0xf4, 0xff, 0xfb, 0xf7, 0xf4, 0xff, 0xfb, 0xf7, 0xf4, 0xff,
    0xfb, 0xf7, 0xf4, 0xff, 0xfb, 0xf7, 0xf4, 0xff, 0xfb, 0xf7, 0xf4, 0xff,
    0xfb, 0xf7, 0xf4, 0xff, 0xfb, 0xf7, 0xf4, 0xff, 0xfb, 0xf7, 0xf4, 0xff,
    0xfb, 0xf7, 0xf4, 0xff, 0xfb, 0xf7, 0xf4, 0xff, 0xfb, 0xf7, 0xf4, 0xff,
    0xfb, 0xf7, 0xf4, 0xff, 0xfb, 0xf7, 0xf4, 0xff, 0xfb, 0xf7, 0xf4, 0xff,
    0xfb, 0xf7, 0xf4, 0xff, 0xfb, 0xf7, 0xf4, 0xff, 0xfb, 0xf7, 0xf4, 0xff,
    0xfb, 0xf7, 0xf4, 0xff, 0xfb, 0xf7, 0xf4, 0xff, 0xfb, 0xf7, 0xf4, 0xff,
    0xfb, 0xf7, 0xf4, 0xff, 0xfb, 0xf7, 0xf4, 0xff, 0xfb, 0xf7, 0xf4, 0xff,
    0xfb, 0xf7, 0xf4, 0xff, 0xfb, 0xf7, 0xf4, 0xff, 0xfb, 0xf7, 0xf4, 0xff,
    0xfb, 0xf7, 0xf4, 0xff, 0xfb, 0xf7, 0xf4, 0xff, 0xfb, 0xf7, 0xf4, 0xff,
    0xfb, 0xf7, 0xf4, 0xff, 0xfb, 0xf7, 0xf4, 0xff, 0xfb, 0xf7, 0xf4, 0xff,
    0xfb, 0xf7, 0xf4, 0xff, 0xfb, 0xf7, 0xf4, 0xff, 0xfb, 0xf7, 0xf4, 0xff,
    0xfb, 0xf7, 0xf4, 0xff, 0xfb, 0xf7, 0xf4, 0xff, 0xfb, 0xf7, 0xf4, 0xff,
    0xfb, 0xf7, 0xf4, 0xff, 0xfb, 0xf7, 0xf4, 0xff, 0xfb, 0xf7, 0xf4, 0xff,
    0xfb, 0xf7, 0xf4, 0xff, 0xfb, 0xf7, 0xf4, 0xff, 0xfb, 0xf7, 0xf4, 0xff,
    0xfb, 0xf7, 0xf4, 0xff, 0xfb, 0xf7, 0xf4, 0xff, 0xfb, 0xf7, 0xf4, 0xff,
    0xfb, 0xf7, 0xf4, 0xff, 0xfb, 0xf7, 0xf4, 0xff, 0xfb, 0xf7, 0xf4, 0xff,
    0xfb, 0xf7, 0xf4, 0xff, 0xfb, 0xf7, 0xf4, 0xff, 0xfb, 0xf7, 0xf4, 0xff,
    0xfb, 0xf7, 0xf4, 0xff, 0xfb, 0xf7, 0xf4, 0xff, 0xfb, 0xf7, 0xf4, 0xff,
    0xfb, 0xf7, 0xf4, 0xff, 0xfb, 0xf7, 0xf4, 0xff, 0xfb, 0xf7, 0xf4, 0xff,
    0xfb, 0xf7, 0xf4, 0xff, 0xfb, 0xf7, 0xf4, 0xff, 0xfb, 0xf7, 0xf4, 0xff,
    0xfb, 0xf7, 0xf4, 0xff, 0xfb, 0xf7, 0xf4, 0xff, 0xfb, 0xf7, 0xf4, 0xff,
    0xfb, 0xf7, 0xf5, 0xff, 0xfb, 0xf7, 0xf5, 0xff, 0xfb, 0xf7, 0xf5, 0xff,
    0xfb, 0xf7, 0xf5, 0xff, 0xfb, 0xf7, 0xf5, 0xff, 0xfb, 0xf7, 0xf5, 0xff,
    0xfb, 0xf7, 0xf5, 0xff, 0xfb, 0xf7, 0xf4, 0xff, 0xfb, 0xf7, 0xf4, 0xff,
    0xfb, 0xf7, 0xf4, 0xff, 0xfb, 0xf7, 0xf4, 0xff, 0xfb, 0xf7, 0xf4, 0xff,
    0xfb, 0xf7, 0xf4, 0xff, 0xfb, 0xf7, 0xf4, 0xff, 0xfb, 0xf7, 0xf4, 0xff,
    0xfb, 0xf7, 0xf4, 0xff, 0xfb, 0xf7, 0xf4, 0xff, 0xfb, 0xf7, 0xf4, 0xff,
    0xfb, 0xf7, 0xf4, 0xff, 0xfb, 0xf7, 0xf4, 0xff, 0xfb, 0xf7, 0xf4, 0xff,
    0xfb, 0xf7, 0xf4, 0xff, 0xfb, 0xf7, 0xf4, 0xff, 0xfb, 0xf7, 0xf4, 0xff,
    0xfb, 0xf7, 0xf4, 0xff, 0xfb, 0xf7, 0xf4, 0xff, 0xfb, 0xf7, 0xf4, 0xff,
    0xfb, 0xf7, 0xf4, 0xff, 0xfb, 0xf7, 0xf4, 0xff, 0xfb, 0xf7, 0xf4, 0xff,
    0xfb, 0xf7, 0xf4, 0xff, 0xfb, 0xf7, 0xf4, 0xff, 0xfb, 0xf7, 0xf4, 0xff,
    0xfb, 0xf7, 0xf4, 0xff, 0xfb, 0xf7, 0xf4, 0xff, 0xfb, 0xf7, 0xf4, 0xff,
    0xfb, 0xf7, 0xf4, 0xff, 0xfb, 0xf7, 0xf4, 0xff, 0xfb, 0xf7, 0xf4, 0xff,
    0xfb, 0xf7, 0xf4, 0xff, 0xfb, 0xf7, 0xf4, 0xff, 0xfb, 0xf7, 0xf4, 0xff,
    0xfb, 0xf7, 0xf4, 0xff, 0xfb, 0xf7, 0xf4, 0xff, 0xfb, 0xf7, 0xf4, 0xff,
    0xfb, 0xf7, 0xf4, 0xff, 0xfb, 0xf7, 0xf4, 0xff, 0xfb, 0xf7, 0xf4, 0xff,
    0xfb, 0xf7, 0xf4, 0xff, 0xfb, 0xf7, 0xf4, 0xff, 0xfb, 0xf7, 0xf4, 0xff,
    0xfb, 0xf7, 0xf4, 0xff, 0xfb, 0xf7, 0xf4, 0xff, 0xfb, 0xf7, 0xf4, 0xff,
    0xfb, 0xf7, 0xf4, 0xff, 0xfb, 0xf7, 0xf4, 0xff, 0xfb, 0xf7, 0xf4, 0xff,
    0xfb, 0xf7, 0xf4, 0xff, 0xfb, 0xf7, 0xf4, 0xff, 0xfb, 0xf7, 0xf4, 0xff,
    0xfb, 0xf7, 0xf4, 0xff, 0xfb, 0xf7, 0xf4, 0xff, 0xfb, 0xf7, 0xf4, 0xff,
    0xfb, 0xf7, 0xf4, 0xff, 0xfb, 0xf7, 0xf4, 0xff, 0xfb, 0xf7, 0xf4, 0xff,
    0xfb, 0xf7, 0xf4, 0xff, 0xfb, 0xf7, 0xf4, 0xff, 0xfb, 0xf7, 0xf4, 0xff,
    0xfb, 0xf7, 0xf4, 0xff, 0xfb, 0xf7, 0xf4, 0xff, 0xfb, 0xf7, 0xf4, 0xff,
    0xfb, 0xf7, 0xf4, 0xff, 0xfb, 0xf7, 0xf4, 0xff, 0xfb, 0xf7, 0xf4, 0xff,
    0xfb, 0xf7, 0xf4, 0xff, 0xfb, 0xf7, 0xf4, 0xff, 0xfb, 0xf7, 0xf4, 0xff,
    0xfb, 0xf7, 0xf4, 0xff, 0xfb, 0xf7, 0xf4, 0xff, 0xfb, 0xf7, 0xf5, 0xff,
    0xfb, 0xf7, 0xf5, 0xff, 0xfb, 0xf7, 0xf5, 0xff, 0xfb, 0xf7, 0xf5, 0xff,
    0xfb, 0xf7, 0xf5, 0xff, 0xfb, 0xf7, 0xf5, 0xff, 0xfb, 0xf7, 0xf4, 0xff,
    0xfb, 0xf7, 0xf4, 0xff, 0xfb, 0xf7, 0xf4, 0xff, 0xfb, 0xf7, 0xf4, 0xff,
    0xfb, 0xf7, 0xf4, 0xff, 0xfb, 0xf7, 0xf4, 0xff, 0xfb, 0xf7, 0xf4, 0xff,
    0xfb, 0xf7, 0xf4, 0xff, 0xfb, 0xf7, 0xf4, 0xff, 0xfb, 0xf7, 0xf4, 0xff,
    0xfb, 0xf7, 0xf4, 0xff, 0xfb, 0xf7, 0xf4, 0xff, 0xfb, 0xf7, 0xf4, 0xff,
    0xfb, 0xf7, 0xf4, 0xff, 0xfb, 0xf7, 0xf4, 0xff, 0xfb, 0xf7, 0xf4, 0xff,
    0xfb, 0xf7, 0xf4, 0xff, 0xfb, 0xf7, 0xf4, 0xff, 0xfb, 0xf7, 0xf4, 0xff,
    0xfb, 0xf7, 0xf4, 0xff, 0xfb, 0xf7, 0xf4, 0xff, 0xfb, 0xf7, 0xf4, 0xff,
    0xfb, 0xf7, 0xf4, 0xff, 0xfb, 0xf7, 0xf4, 0xff, 0xfb, 0xf7, 0xf4, 0xff,
    0xfb, 0xf7, 0xf4, 0xff, 0xfb, 0xf7, 0xf4, 0xff, 0xfb, 0xf7, 0xf4, 0xff,
    0xfb, 0xf7, 0xf4, 0xff, 0xfb, 0xf7, 0xf4, 0xff, 0xfb, 0xf7, 0xf4, 0xff,
    0xfb, 0xf7, 0xf4, 0xff, 0xfb, 0xf7, 0xf4, 0xff, 0xfb, 0xf7, 0xf4, 0xff,
    0xfb, 0xf7, 0xf4, 0xff, 0xfb, 0xf7, 0xf4, 0xff, 0xfb, 0xf7, 0xf4, 0xff,
    0xfb, 0xf7, 0xf4, 0xff, 0xfb, 0xf7, 0xf4, 0xff, 0xfb, 0xf7, 0xf4, 0xff,
    0xfb, 0xf7, 0xf4, 0xff, 0xfb, 0xf7, 0xf4, 0xff, 0xfb, 0xf7, 0xf4, 0xff,
    0xfb, 0xf7, 0xf4, 0xff, 0xfb, 0xf7, 0xf4, 0xff, 0xfb, 0xf7, 0xf4, 0xff,
    0xfb, 0xf7, 0xf4, 0xff, 0xfb, 0xf7, 0xf4, 0xff, 0xfb, 0xf7, 0xf4, 0xff,
    0xfb, 0xf7, 0xf4, 0xff, 0xfb, 0xf7, 0xf4, 0xff, 0xfb, 0xf7, 0xf4, 0xff,
    0xfb, 0xf7, 0xf4, 0xff, 0xfb, 0xf7, 0xf4, 0xff, 0xfb, 0xf7, 0xf4, 0xff,
    0xfb, 0xf7, 0xf4, 0xff, 0xfb, 0xf7, 0xf4, 0xff, 0xfb, 0xf7, 0xf4, 0xff,
    0xfb, 0xf7, 0xf4, 0xff, 0xfb, 0xf7, 0xf4, 0xff, 0xfb, 0xf7, 0xf4, 0xff,
    0xfb, 0xf7, 0xf4, 0xff, 0xfb, 0xf7, 0xf4, 0xff, 0xfb, 0xf7, 0xf4, 0xff,
    0xfb, 0xf7, 0xf4, 0xff, 0xfb, 0xf7, 0xf4, 0xff, 0xfb, 0xf7, 0xf4, 0xff,
    0xfb, 0xf7, 0xf4, 0xff, 0xfb, 0xf7, 0xf4, 0xff, 0xfb, 0xf7, 0xf4, 0xff,
    0xfb, 0xf7, 0xf4, 0xff, 0xfb, 0xf7, 0xf4, 0xff, 0xfb, 0xf7, 0xf4, 0xff,
    0xfb, 0xf7, 0xf4, 0xff, 0xfb, 0xf7, 0xf5, 0xff, 0xfb, 0xf7, 0xf5, 0xff,
    0xfb, 0xf7, 0xf5, 0xff, 0xfb, 0xf7, 0xf5, 0xff, 0xfb, 0xf7, 0xf5, 0xff,
    0xfb, 0xf7, 0xf4, 0xff, 0xfb, 0xf7, 0xf4, 0xff, 0xfb, 0xf7, 0xf4, 0xff,
    0xfb, 0xf7, 0xf4, 0xff, 0xfb, 0xf7, 0xf4, 0xff, 0xfb, 0xf7, 0xf4, 0xff,
    0xfb, 0xf7, 0xf4, 0xff, 0xfb, 0xf7, 0xf4, 0xff, 0xfb, 0xf7, 0xf4, 0xff,
    0xfb, 0xf7, 0xf4, 0xff, 0xfb, 0xf7, 0xf4, 0xff, 0xfb, 0xf7, 0xf4, 0xff,
    0xfb, 0xf7, 0xf4, 0xff, 0xfb, 0xf7, 0xf4, 0xff, 0xfb, 0xf7, 0xf4, 0xff,
    0xfb, 0xf7, 0xf4, 0xff, 0xfb, 0xf7, 0xf4, 0xff, 0xfb, 0xf7, 0xf4, 0xff,
    0xfb, 0xf7, 0xf4, 0xff, 0xfb, 0xf7, 0xf4, 0xff, 0xfb, 0xf7, 0xf4, 0xff,
    0xfb, 0xf7, 0xf4, 0xff, 0xfb, 0xf7, 0xf4, 0xff, 0xfb, 0xf7, 0xf4, 0xff,
    0xfb, 0xf7, 0xf4, 0xff, 0xfb, 0xf7, 0xf4, 0xff, 0xfb, 0xf7, 0xf4, 0xff,
    0xfb, 0xf7, 0xf4, 0xff, 0xfb, 0xf7, 0xf4, 0xff, 0xfb, 0xf7, 0xf4, 0xff,
    0xfb, 0xf7, 0xf4, 0xff, 0xfb, 0xf7, 0xf4, 0xff, 0xfb, 0xf7, 0xf4, 0xff,
    0xfb, 0xf7, 0xf4, 0xff, 0xfb, 0xf7, 0xf4, 0xff, 0xfb, 0xf7, 0xf4, 0xff,
    0xfb, 0xf7, 0xf4, 0xff, 0xfb, 0xf7, 0xf4, 0xff, 0xfb, 0xf7, 0xf4, 0xff,
    0xfb, 0xf7, 0xf4, 0xff, 0xfb, 0xf7, 0xf4, 0xff, 0xfb, 0xf7, 0xf4, 0xff,
    0xfb, 0xf7, 0xf4, 0xff, 0xfb, 0xf7, 0xf4, 0xff, 0xfb, 0xf7, 0xf4, 0xff,
    0xfb, 0xf7, 0xf4, 0xff, 0xfb, 0xf7, 0xf4, 0xff, 0xfb, 0xf7, 0xf4, 0xff,
    0xfb, 0xf7, 0xf4, 0xff, 0xfb, 0xf7, 0xf4, 0xff, 0xfb, 0xf7, 0xf4, 0xff,
    0xfb, 0xf7, 0xf4, 0xff, 0xfb, 0xf7, 0xf4, 0xff, 0xfb, 0xf7, 0xf4, 0xff,
    0xfb, 0xf7, 0xf4, 0xff, 0xfb, 0xf7, 0xf4, 0xff, 0xfb, 0xf7, 0xf4, 0xff,
    0xfb, 0xf7, 0xf4, 0xff, 0xfb, 0xf7, 0xf4, 0xff, 0xfb, 0xf7, 0xf4, 0xff,
    0xfb, 0xf7, 0xf4, 0xff, 0xfb, 0xf7, 0xf4, 0xff, 0xfb, 0xf7, 0xf4, 0xff,
    0xfb, 0xf7, 0xf4, 0xff, 0xfb, 0xf7, 0xf4, 0xff, 0xfb, 0xf7, 0xf4, 0xff,
    0xfb, 0xf7, 0xf4, 0xff, 0xfb, 0xf7, 0xf4, 0xff, 0xfb, 0xf7, 0xf4, 0xff,
    0xfb, 0xf7, 0xf4, 0xff, 0xfb, 0xf7, 0xf4, 0xff, 0xfb, 0xf7, 0xf4, 0xff,
    0xfb, 0xf7, 0xf4, 0xff, 0xfb, 0xf7, 0xf4, 0xff, 0xfb, 0xf7, 0xf4, 0xff,
    0xfb, 0xf7, 0xf5, 0xff, 0xfb, 0xf7, 0xf5, 0xff, 0xfb, 0xf7, 0xf5, 0xff,
    0xfb, 0xf7, 0xf5, 0xff, 0xfb, 0xf7, 0xf4, 0xff, 0xfb, 0xf7, 0xf4, 0xff,
    0xfb, 0xf7, 0xf4, 0xff, 0xfb, 0xf7, 0xf4, 0xff, 0xfb, 0xf7, 0xf4, 0xff,
    0xfb, 0xf7, 0xf4, 0xff, 0xfb, 0xf7, 0xf4, 0xff, 0xfb, 0xf7, 0xf4, 0xff,
    0xfb, 0xf7, 0xf4, 0xff, 0xfb, 0xf7, 0xf4, 0xff, 0xfb, 0xf7, 0xf4, 0xff,
    0xfb, 0xf7, 0xf4, 0xff, 0xfb, 0xf7, 0xf4, 0xff, 0xfb, 0xf7, 0xf4, 0xff,
    0xfb, 0xf7, 0xf4, 0xff, 0xfb, 0xf7, 0xf4, 0xff, 0xfb, 0xf7, 0xf4, 0xff,
    0xfb, 0xf7, 0xf4, 0xff, 0xfb, 0xf7, 0xf4, 0xff, 0xfb, 0xf7, 0xf4, 0xff,
    0xfb, 0xf7, 0xf4, 0xff, 0xfb, 0xf7, 0xf4, 0xff, 0xfb, 0xf7, 0xf4, 0xff,
    0xfb, 0xf7, 0xf4, 0xff, 0xfb, 0xf7, 0xf4, 0xff, 0xfb, 0xf7, 0xf4, 0xff,
    0xfb, 0xf7, 0xf4, 0xff, 0xfb, 0xf7, 0xf4, 0xff, 0xfb, 0xf7, 0xf4, 0xff,
    0xfb, 0xf7, 0xf4, 0xff, 0xfb, 0xf7, 0xf4, 0xff, 0xfb, 0xf7, 0xf4, 0xff,
    0xfb, 0xf7, 0xf4, 0xff, 0xfb, 0xf7, 0xf4, 0xff, 0xfb, 0xf7, 0xf4, 0xff,
    0xfb, 0xf7, 0xf4, 0xff, 0xfb, 0xf7, 0xf4, 0xff, 0xfb, 0xf7, 0xf4, 0xff,
    0xfb, 0xf7, 0xf4, 0xff, 0xfb, 0xf7, 0xf4, 0xff, 0xfb, 0xf7, 0xf4, 0xff,
    0xfb, 0xf7, 0xf4, 0xff, 0xfb, 0xf7, 0xf4, 0xff, 0xfb, 0xf7, 0xf4, 0xff,
    0xfb, 0xf7, 0xf4, 0xff, 0xfb, 0xf7, 0xf4, 0xff, 0xfb, 0xf7, 0xf4, 0xff,
    0xfb, 0xf7, 0xf4, 0xff, 0xfb, 0xf7, 0xf4, 0xff, 0xfb, 0xf7, 0xf4, 0xff,
    0xfb, 0xf7, 0xf4, 0xff, 0xfb, 0xf7, 0xf4, 0xff, 0xfb, 0xf7, 0xf4, 0xff,
    0xfb, 0xf7, 0xf4, 0xff, 0xfb, 0xf7, 0xf4, 0xff, 0xfb, 0xf7, 0xf4, 0xff,
    0xfb, 0xf7, 0xf4, 0xff, 0xfb, 0xf7, 0xf4, 0xff, 0xfb, 0xf7, 0xf4, 0xff,
    0xfb, 0xf7, 0xf4, 0xff, 0xfb, 0xf7, 0xf4, 0xff, 0xfb, 0xf7, 0xf4, 0xff,
    0xfb, 0xf7, 0xf4, 0xff, 0xfb, 0xf7, 0xf4, 0xff, 0xfb, 0xf7, 0xf4, 0xff,
    0xfb, 0xf7, 0xf4, 0xff, 0xfb, 0xf7, 0xf4, 0xff, 0xfb, 0xf7, 0xf4, 0xff,
    0xfb, 0xf7, 0xf4, 0xff, 0xfb, 0xf7, 0xf4, 0xff, 0xfb, 0xf7, 0xf4, 0xff,
    0xfb, 0xf7, 0xf4, 0xff, 0xfb, 0xf7, 0xf4, 0xff, 0xfb, 0xf7, 0xf4, 0xff,
    0xfb, 0xf7, 0xf4, 0xff, 0xfb, 0xf7, 0xf4, 0xff, 0xfb, 0xf7, 0xf5, 0xff,
    0xfb, 0xf7, 0xf5, 0xff, 0xfb, 0xf7, 0xf5, 0xff, 0xfb, 0xf7, 0xf4, 0xff,
    0xfb, 0xf7, 0xf4, 0xff, 0xfb, 0xf7, 0xf4, 0xff, 0xfb, 0xf7, 0xf4, 0xff,
    0xfb, 0xf7, 0xf4, 0xff, 0xfb, 0xf7, 0xf4, 0xff, 0xfb, 0xf7, 0xf4, 0xff,
    0xfb, 0xf7, 0xf4, 0xff, 0xfb, 0xf7, 0xf4, 0xff, 0xfb, 0xf7, 0xf4, 0xff,
    0xfb, 0xf7, 0xf4, 0xff, 0xfb, 0xf7, 0xf4, 0xff, 0xfb, 0xf7, 0xf4, 0xff,
    0xfb, 0xf7, 0xf4, 0xff, 0xfb, 0xf7, 0xf4, 0xff, 0xfb, 0xf7, 0xf4, 0xff,
    0xfb, 0xf7, 0xf4, 0xff, 0xfb, 0xf7, 0xf4, 0xff, 0xfb, 0xf7, 0xf4, 0xff,
    0xfb, 0xf7, 0xf4, 0xff, 0xfb, 0xf7, 0xf4, 0xff, 0xfb, 0xf7, 0xf4, 0xff,
    0xfb, 0xf7, 0xf4, 0xff, 0xfb, 0xf7, 0xf4, 0xff, 0xfb, 0xf7, 0xf4, 0xff,
    0xfb, 0xf7, 0xf4, 0xff, 0xfb, 0xf7, 0xf4, 0xff, 0xfb, 0xf7, 0xf4, 0xff,
    0xfb, 0xf7, 0xf4, 0xff, 0xfb, 0xf7, 0xf4, 0xff, 0xfb, 0xf7, 0xf4, 0xff,
    0xfb, 0xf7, 0xf4, 0xff, 0xfb, 0xf7, 0xf4, 0xff, 0xfb, 0xf7, 0xf4, 0xff,
    0xfb, 0xf7, 0xf4, 0xff, 0xfb, 0xf7, 0xf4, 0xff, 0xfb, 0xf7, 0xf4, 0xff,
    0xfb, 0xf7, 0xf4, 0xff, 0xfb, 0xf7, 0xf4, 0xff, 0xfb, 0xf7, 0xf4, 0xff,
    0xfb, 0xf7, 0xf4, 0xff, 0xfb, 0xf7, 0xf4, 0xff, 0xfb, 0xf7, 0xf4, 0xff,
    0xfb, 0xf7, 0xf4, 0xff, 0xfb, 0xf7, 0xf4, 0xff, 0xfb, 0xf7, 0xf4, 0xff,
    0xfb, 0xf7, 0xf4, 0xff, 0xfb, 0xf7, 0xf4, 0xff, 0xfb, 0xf7, 0xf4, 0xff,
    0xfb, 0xf7, 0xf4, 0xff, 0xfb, 0xf7, 0xf4, 0xff, 0xfb, 0xf7, 0xf4, 0xff,
    0xfb, 0xf7, 0xf4, 0xff, 0xfb, 0xf7, 0xf4, 0xff, 0xfb, 0xf7, 0xf4, 0xff,
    0xfb, 0xf7, 0xf4, 0xff, 0xfb, 0xf7, 0xf4, 0xff, 0xfb, 0xf7, 0xf4, 0xff,
    0xfb, 0xf7, 0xf4, 0xff, 0xfb, 0xf7, 0xf4, 0xff, 0xfb, 0xf7, 0xf4, 0xff,
    0xfb, 0xf7, 0xf4, 0xff, 0xfb, 0xf7, 0xf4, 0xff, 0xfb, 0xf7, 0xf4, 0xff,
    0xfb, 0xf7, 0xf4, 0xff, 0xfb, 0xf7, 0xf4, 0xff, 0xfb, 0xf7, 0xf4, 0xff,
    0xfb, 0xf7, 0xf4, 0xff, 0xfb, 0xf7, 0xf4, 0xff, 0xfb, 0xf7, 0xf4, 0xff,
    0xfb, 0xf7, 0xf4, 0xff, 0xfb, 0xf7, 0xf4, 0xff, 0xfb, 0xf7, 0xf4, 0xff,
    0xfb, 0xf7, 0xf4, 0xff, 0xfb, 0xf7, 0xf4, 0xff, 0xfb, 0xf7, 0xf4, 0xff,
    0xfb, 0xf7, 0xf4, 0xff, 0xfb, 0xf7, 0xf5, 0xff, 0xfb, 0xf7, 0xf5, 0xff,
    0xfb, 0xf7, 0xf4, 0xff, 0xfb, 0xf7, 0xf4, 0xff, 0xfb, 0xf7, 0xf4, 0xff,
    0xfb, 0xf7, 0xf4, 0xff, 0xfb, 0xf7, 0xf4, 0xff, 0xfb, 0xf7, 0xf4, 0xff,
    0xfb, 0xf7, 0xf4, 0xff, 0xfb, 0xf7, 0xf4, 0xff, 0xfb, 0xf7, 0xf4, 0xff,
    0xfb, 0xf7, 0xf4, 0xff, 0xfb, 0xf7, 0xf4, 0xff, 0xfb, 0xf7, 0xf4, 0xff,
    0xfb, 0xf7, 0xf4, 0xff, 0xfb, 0xf7, 0xf4, 0xff, 0xfb, 0xf7, 0xf4, 0xff,
    0xfb, 0xf7, 0xf4, 0xff, 0xfb, 0xf7, 0xf4, 0xff, 0xfb, 0xf7, 0xf4, 0xff,
    0xfb, 0xf7, 0xf4, 0xff, 0xfb, 0xf7, 0xf4, 0xff, 0xfb, 0xf7, 0xf4, 0xff,
    0xfb, 0xf7, 0xf4, 0xff, 0xfb, 0xf7, 0xf4, 0xff, 0xfb, 0xf7, 0xf4, 0xff,
    0xfb, 0xf7, 0xf4, 0xff, 0xfb, 0xf7, 0xf4, 0xff, 0xfb, 0xf7, 0xf4, 0xff,
    0xfb, 0xf7, 0xf4, 0xff, 0xfb, 0xf7, 0xf4, 0xff, 0xfb, 0xf7, 0xf4, 0xff,
    0xfb, 0xf7, 0xf4, 0xff, 0xfb, 0xf7, 0xf4, 0xff, 0xfb, 0xf7, 0xf4, 0xff,
    0xfb, 0xf7, 0xf4, 0xff, 0xfb, 0xf7, 0xf4, 0xff, 0xfb, 0xf7, 0xf4, 0xff,
    0xfb, 0xf7, 0xf4, 0xff, 0xfb, 0xf7, 0xf4, 0xff, 0xfb, 0xf7, 0xf4, 0xff,
    0xfb, 0xf7, 0xf4, 0xff, 0xfb, 0xf7, 0xf4, 0xff, 0xfb, 0xf7, 0xf4, 0xff,
    0xfb, 0xf7, 0xf4, 0xff, 0xfb, 0xf7, 0xf4, 0xff, 0xfb, 0xf7, 0xf4, 0xff,
    0xfb, 0xf7, 0xf4, 0xff, 0xfb, 0xf7, 0xf4, 0xff, 0xfb, 0xf7, 0xf4, 0xff,
    0xfb, 0xf7, 0xf4, 0xff, 0xfb, 0xf7, 0xf4, 0xff, 0xfb, 0xf7, 0xf4, 0xff,
    0xfb, 0xf7, 0xf4, 0xff, 0xfb, 0xf7, 0xf4, 0xff, 0xfb, 0xf7, 0xf4, 0xff,
    0xfb, 0xf7, 0xf4, 0xff, 0xfb, 0xf7, 0xf4, 0xff, 0xfb, 0xf7, 0xf4, 0xff,
    0xfb, 0xf7, 0xf4, 0xff, 0xfb, 0xf7, 0xf4, 0xff, 0xfb, 0xf7, 0xf4, 0xff,
    0xfb, 0xf7, 0xf4, 0xff, 0xfb, 0xf7, 0xf4, 0xff, 0xfb, 0xf7, 0xf4, 0xff,
    0xfb, 0xf7, 0xf4, 0xff, 0xfb, 0xf7, 0xf4, 0xff, 0xfb, 0xf7, 0xf4, 0xff,
    0xfb, 0xf7, 0xf4, 0xff, 0xfb, 0xf7, 0xf4, 0xff, 0xfb, 0xf7, 0xf4, 0xff,
    0xfb, 0xf7, 0xf4, 0xff, 0xfb, 0xf7, 0xf4, 0xff, 0xfb, 0xf7, 0xf4, 0xff,
    0xfb, 0xf7, 0xf4, 0xff, 0xfb, 0xf7, 0xf4, 0xff, 0xfb, 0xf7, 0xf4, 0xff,
    0xfb, 0xf7, 0xf4, 0xff, 0xfb, 0xf7, 0xf4, 0xff, 0xfb, 0xf7, 0xf4, 0xff,
    0xfb, 0xf7, 0xf5, 0xff, 0xfb, 0xf7, 0xf4, 0xff, 0xfb, 0xf7, 0xf4, 0xff,
    0xfb, 0xf7, 0xf4, 0xff, 0xfb, 0xf7, 0xf4, 0xff, 0xfb, 0xf7, 0xf4, 0xff,
    0xfb, 0xf7, 0xf4, 0xff, 0xfb, 0xf7, 0xf4, 0xff, 0xfb, 0xf7, 0xf4, 0xff,
    0xfb, 0xf7, 0xf4, 0xff, 0xfb, 0xf7, 0xf4, 0xff, 0xfb, 0xf7, 0xf4, 0xff,
    0xfb, 0xf7, 0xf4, 0xff, 0xfb, 0xf7, 0xf4, 0xff, 0xfb, 0xf7, 0xf4, 0xff,
    0xfb, 0xf7, 0xf4, 0xff, 0xfb, 0xf7, 0xf4, 0xff, 0xfb, 0xf7, 0xf4, 0xff,
    0xfb, 0xf7, 0xf4, 0xff, 0xfb, 0xf7, 0xf4, 0xff, 0xfb, 0xf7, 0xf4, 0xff,
    0xfb, 0xf7, 0xf4, 0xff, 0xfb, 0xf7, 0xf4, 0xff, 0xfb, 0xf7, 0xf4, 0xff,
    0xfb, 0xf7, 0xf4, 0xff, 0xfb, 0xf7, 0xf4, 0xff, 0xfb, 0xf7, 0xf4, 0xff,
    0xfb, 0xf7, 0xf4, 0xff, 0xfb, 0xf7, 0xf4, 0xff, 0xfb, 0xf7, 0xf4, 0xff,
    0xfb, 0xf7, 0xf4, 0xff, 0xfb, 0xf7, 0xf4, 0xff, 0xfb, 0xf7, 0xf4, 0xff,
    0xfb, 0xf7, 0xf4, 0xff, 0xfb, 0xf7, 0xf4, 0xff, 0xfb, 0xf7, 0xf4, 0xff,
    0xfb, 0xf7, 0xf4, 0xff, 0xfb, 0xf7, 0xf4, 0xff, 0xfb, 0xf7, 0xf4, 0xff,
    0xfb, 0xf7, 0xf4, 0xff, 0xfb, 0xf7, 0xf4, 0xff, 0xfb, 0xf7, 0xf4, 0xff,
    0xfb, 0xf7, 0xf4, 0xff, 0xfb, 0xf7, 0xf4, 0xff, 0xfb, 0xf7, 0xf4, 0xff,
    0xfb, 0xf7, 0xf4, 0xff, 0xfb, 0xf7, 0xf4, 0xff, 0xfb, 0xf7, 0xf4, 0xff,
    0xfb, 0xf7, 0xf4, 0xff, 0xfb, 0xf7, 0xf4, 0xff, 0xfb, 0xf7, 0xf4, 0xff,
    0xfb, 0xf7, 0xf4, 0xff, 0xfb, 0xf7, 0xf4, 0xff, 0xfb, 0xf7, 0xf4, 0xff,
    0xfb, 0xf7, 0xf4, 0xff, 0xfb, 0xf7, 0xf4, 0xff, 0xfb, 0xf7, 0xf4, 0xff,
    0xfb, 0xf7, 0xf4, 0xff, 0xfb, 0xf7, 0xf4, 0xff, 0xfb, 0xf7, 0xf4, 0xff,
    0xfb, 0xf7, 0xf4, 0xff, 0xfb, 0xf7, 0xf4, 0xff, 0xfb, 0xf7, 0xf4, 0xff,
    0xfb, 0xf7, 0xf4, 0xff, 0xfb, 0xf7, 0xf4, 0xff, 0xfb, 0xf7, 0xf4, 0xff,
    0xfb, 0xf7, 0xf4, 0xff, 0xfb, 0xf7, 0xf4, 0xff, 0xfb, 0xf7, 0xf4, 0xff,
    0xfb, 0xf7, 0xf4, 0xff, 0xfb, 0xf7, 0xf4, 0xff, 0xfb, 0xf7, 0xf4, 0xff,
    0xfb, 0xf7, 0xf4, 0xff, 0xfb, 0xf7, 0xf4, 0xff, 0xfb, 0xf7, 0xf4, 0xff,
    0xfb, 0xf7, 0xf4, 0xff, 0xfb, 0xf7, 0xf4, 0xff, 0xfb, 0xf7, 0xf4, 0xff,
    0xfb, 0xf7, 0xf4, 0xff, 0xfb, 0xf7, 0xf4, 0xff, 0xfb, 0xf7, 0xf4, 0xff,
    0xfb, 0xf7, 0xf4, 0xff, 0xfb, 0xf7, 0xf4, 0xff, 0xfb, 0xf7, 0xf4, 0xff,
    0xfb, 0xf7, 0xf4, 0xff, 0xfb, 0xf7, 0xf4, 0xff, 0xfb, 0xf7, 0xf4, 0xff,
    0xfb, 0xf7, 0xf4, 0xff, 0xfb, 0xf7, 0xf4, 0xff, 0xfb, 0xf7, 0xf4, 0xff,
    0xfb, 0xf7, 0xf4, 0xff, 0xfb, 0xf7, 0xf4, 0xff, 0xfb, 0xf7, 0xf4, 0xff,
    0xfb, 0xf7, 0xf4, 0xff, 0xfb, 0xf7, 0xf4, 0xff, 0xfb, 0xf7, 0xf4, 0xff,
    0xfb, 0xf7, 0xf4, 0xff, 0xfb, 0xf7, 0xf4, 0xff, 0xfb, 0xf7, 0xf4, 0xff,
    0xfb, 0xf7, 0xf4, 0xff, 0xfb, 0xf7, 0xf4, 0xff, 0xfb, 0xf7, 0xf4, 0xff,
    0xfb, 0xf7, 0xf4, 0xff, 0xfb, 0xf7, 0xf4, 0xff, 0xfb, 0xf7, 0xf4, 0xff,
    0xfb, 0xf7, 0xf4, 0xff, 0xfb, 0xf7, 0xf4, 0xff, 0xfb, 0xf7, 0xf4, 0xff,
    0xfb, 0xf7, 0xf4, 0xff, 0xfb, 0xf7, 0xf4, 0xff, 0xfb, 0xf7, 0xf4, 0xff,
    0xfb, 0xf7, 0xf4, 0xff, 0xfb, 0xf7, 0xf4, 0xff, 0xfb, 0xf7, 0xf4, 0xff,
    0xfb, 0xf7, 0xf4, 0xff, 0xfb, 0xf7, 0xf4, 0xff, 0xfb, 0xf7, 0xf4, 0xff,
    0xfb, 0xf7, 0xf4, 0xff, 0xfb, 0xf7, 0xf4, 0xff, 0xfb, 0xf7, 0xf4, 0xff,
    0xfb, 0xf7, 0xf4, 0xff, 0xfb, 0xf7, 0xf4, 0xff, 0xfb, 0xf7, 0xf4, 0xff,
    0xfb, 0xf7, 0xf4, 0xff, 0xfb, 0xf7, 0xf4, 0xff, 0xfb, 0xf7, 0xf4, 0xff,
    0xfb, 0xf7, 0xf4, 0xff, 0xfb, 0xf7, 0xf4, 0xff, 0xfb, 0xf7, 0xf4, 0xff,
    0xfb, 0xf7, 0xf4, 0xff, 0xfb, 0xf7, 0xf4, 0xff, 0xfb, 0xf7, 0xf4, 0xff,
    0xfb, 0xf7, 0xf4, 0xff, 0xfb, 0xf7, 0xf4, 0xff, 0xfb, 0xf7, 0xf4, 0xff,
    0xfb, 0xf7, 0xf4, 0xff, 0xfb, 0xf7, 0xf4, 0xff, 0xfb, 0xf7, 0xf4, 0xff,
    0xfb, 0xf7, 0xf4, 0xff, 0xfb, 0xf7, 0xf4, 0xff, 0xfb, 0xf7, 0xf4, 0xff,
    0xfb, 0xf7, 0xf4, 0xff, 0xfb, 0xf7, 0xf4, 0xff, 0xfb, 0xf7, 0xf4, 0xff,
    0xfb, 0xf7, 0xf4, 0xff, 0xfb, 0xf7, 0xf4, 0xff, 0xfb, 0xf7, 0xf4, 0xff,
    0xfb, 0xf7, 0xf4, 0xff, 0xfb, 0xf7, 0xf4, 0xff, 0xfb, 0xf7, 0xf4, 0xff,
    0xfb, 0xf7, 0xf4, 0xff, 0xfb, 0xf7, 0xf4, 0xff, 0xfb, 0xf7, 0xf4, 0xff,
    0xfb, 0xf7, 0xf4, 0xff, 0xfb, 0xf7, 0xf4, 0xff, 0xfb, 0xf7, 0xf4, 0xff,
    0xfb, 0xf7, 0xf4, 0xff, 0xfb, 0xf7, 0xf4, 0xff, 0xfb, 0xf7, 0xf4, 0xff,
    0xfb, 0xf7, 0xf4, 0xff, 0xfb, 0xf7, 0xf4, 0xff, 0xfb, 0xf7, 0xf4, 0xff,
    0xfb, 0xf7, 0xf4, 0xff, 0xfb, 0xf7, 0xf4, 0xff, 0xfb, 0xf7, 0xf4, 0xff,
    0xfb, 0xf7, 0xf4, 0xff, 0xfb, 0xf7, 0xf4, 0xff, 0xfb, 0xf7, 0xf4, 0xff,
    0xfb, 0xf7, 0xf4, 0xff, 0xfb, 0xf7, 0xf4, 0xff, 0xfb, 0xf7, 0xf4, 0xff,
    0xfb, 0xf7, 0xf4, 0xff, 0xfb, 0xf7, 0xf4, 0xff, 0xfb, 0xf7, 0xf4, 0xff,
    0xfb, 0xf7, 0xf4, 0xff, 0xfb, 0xf7, 0xf4, 0xff, 0xfb, 0xf7, 0xf4, 0xff,
    0xfb, 0xf7, 0xf4, 0xff, 0xfb, 0xf7, 0xf4, 0xff, 0xfb, 0xf7, 0xf4, 0xff,
    0xfb, 0xf7, 0xf4, 0xff, 0xfb, 0xf7, 0xf4, 0xff, 0xfb, 0xf7, 0xf4, 0xff,
    0xfb, 0xf7, 0xf4, 0xff, 0xfb, 0xf7, 0xf4, 0xff, 0xfb, 0xf7, 0xf4, 0xff,
    0xfb, 0xf7, 0xf4, 0xff, 0xfb, 0xf7, 0xf4, 0xff, 0xfb, 0xf7, 0xf4, 0xff,
    0xfb, 0xf7, 0xf4, 0xff, 0xfb, 0xf7, 0xf4, 0xff, 0xfb, 0xf7, 0xf4, 0xff,
    0xfb, 0xf7, 0xf4, 0xff, 0xfb, 0xf7, 0xf4, 0xff, 0xfb, 0xf7, 0xf4, 0xff,
    0xfb, 0xf7, 0xf4, 0xff, 0xfb, 0xf7, 0xf4, 0xff, 0xfb, 0xf7, 0xf4, 0xff,
    0xfb, 0xf7, 0xf4, 0xff, 0xfb, 0xf7, 0xf4, 0xff, 0xfb, 0xf7, 0xf4, 0xff,
    0xfb, 0xf7, 0xf4, 0xff, 0xfb, 0xf7, 0xf4, 0xff, 0xfb, 0xf7, 0xf4, 0xff,
    0xfb, 0xf7, 0xf4, 0xff, 0xfb, 0xf7, 0xf4, 0xff, 0xfb, 0xf7, 0xf4, 0xff,
    0xfb, 0xf7, 0xf4, 0xff, 0xfb, 0xf7, 0xf4, 0xff, 0xfb, 0xf7, 0xf4, 0xff,
    0xfb, 0xf7, 0xf4, 0xff, 0xfb, 0xf7, 0xf4, 0xff, 0xfb, 0xf7, 0xf4, 0xff,
    0xfb, 0xf7, 0xf4, 0xff, 0xfb, 0xf7, 0xf4, 0xff, 0xfb, 0xf7, 0xf4, 0xff,
    0xfb, 0xf7, 0xf4, 0xff, 0xfb, 0xf7, 0xf4, 0xff, 0xfb, 0xf7, 0xf4, 0xff,
    0xfb, 0xf7, 0xf4, 0xff, 0xfb, 0xf7, 0xf4, 0xff, 0xfb, 0xf7, 0xf4, 0xff,
    0xfb, 0xf7, 0xf4, 0xff, 0xfb, 0xf7, 0xf4, 0xff, 0xfb, 0xf7, 0xf4, 0xff,
    0xfb, 0xf7, 0xf4, 0xff, 0xfb, 0xf7, 0xf4, 0xff, 0xfb, 0xf7, 0xf4, 0xff,
    0xfb, 0xf7, 0xf4, 0xff, 0xfb, 0xf7, 0xf4, 0xff, 0xfb, 0xf7, 0xf4, 0xff,
    0xfb, 0xf7, 0xf4, 0xff, 0xfb, 0xf7, 0xf4, 0xff, 0xfb, 0xf7, 0xf4, 0xff,
    0xfb, 0xf7, 0xf4, 0xff, 0xfb, 0xf7, 0xf4, 0xff, 0xfb, 0xf7, 0xf4, 0xff,
    0xfb, 0xf7, 0xf4, 0xff, 0xfb, 0xf7, 0xf4, 0xff, 0xfb, 0xf7, 0xf4, 0xff,
    0xfb, 0xf7, 0xf4, 0xff, 0xfb, 0xf7, 0xf4, 0xff, 0xfb, 0xf7, 0xf4, 0xff,
    0xfb, 0xf7, 0xf4, 0xff, 0xfb, 0xf7, 0xf4, 0xff, 0xfb, 0xf7, 0xf4, 0xff,
    0xfb, 0xf7, 0xf4, 0xff, 0xfb, 0xf7, 0xf4, 0xff, 0xfb, 0xf7, 0xf4, 0xff,
    0xfb, 0xf7, 0xf4, 0xff, 0xfb, 0xf7, 0xf4, 0xff, 0xfb, 0xf7, 0xf4, 0xff,
    0xfb, 0xf7, 0xf4, 0xff, 0xfb, 0xf7, 0xf4, 0xff, 0xfb, 0xf7, 0xf4, 0xff,
    0xfb, 0xf7, 0xf4, 0xff, 0xfb, 0xf7, 0xf4, 0xff, 0xfb, 0xf7, 0xf4, 0xff,
    0xfb, 0xf7, 0xf4, 0xff, 0xfb, 0xf7, 0xf4, 0xff, 0xfb, 0xf7, 0xf4, 0xff,
    0xfb, 0xf7, 0xf4, 0xff, 0xfb, 0xf7, 0xf4, 0xff, 0xfb, 0xf7, 0xf4, 0xff,
    0xfb, 0xf7, 0xf4, 0xff, 0xfb, 0xf7, 0xf4, 0xff, 0xfb, 0xf7, 0xf4, 0xff,
    0xfb, 0xf7, 0xf4, 0xff, 0xfb, 0xf7, 0xf4, 0xff, 0xfb, 0xf7, 0xf4, 0xff,
    0xfb, 0xf7, 0xf4, 0xff, 0xfb, 0xf7, 0xf4, 0xff, 0xfb, 0xf7, 0xf4, 0xff,
    0xfb, 0xf7, 0xf4, 0xff, 0xfb, 0xf7, 0xf4, 0xff, 0xfb, 0xf7, 0xf4, 0xff,
    0xfb, 0xf7, 0xf4, 0xff, 0xfb, 0xf7, 0xf4, 0xff, 0xfb, 0xf7, 0xf4, 0xff,
    0xfb, 0xf7, 0xf4, 0xff, 0xfb, 0xf7, 0xf4, 0xff, 0xfb, 0xf7, 0xf4, 0xff,
    0xfb, 0xf7, 0xf4, 0xff, 0xfb, 0xf7, 0xf4, 0xff, 0xfb, 0xf7, 0xf4, 0xff,
    0xfb, 0xf7, 0xf4, 0xff, 0xfb, 0xf7, 0xf4, 0xff, 0xfb, 0xf7, 0xf4, 0xff,
    0xfb, 0xf7, 0xf4, 0xff, 0xfb, 0xf7, 0xf4, 0xff, 0xfb, 0xf7, 0xf4, 0xff,
    0xfb, 0xf7, 0xf4, 0xff, 0xfb, 0xf7, 0xf4, 0xff, 0xfb, 0xf7, 0xf4, 0xff,
    0xfb, 0xf7, 0xf4, 0xff, 0xfb, 0xf7, 0xf4, 0xff, 0xfb, 0xf7, 0xf4, 0xff,
    0xfb, 0xf7, 0xf4, 0xff, 0xfb, 0xf7, 0xf4, 0xff, 0xfb, 0xf7, 0xf4, 0xff,
    0xfb, 0xf7, 0xf4, 0xff, 0xfb, 0xf7, 0xf4, 0xff, 0xfb, 0xf7, 0xf4, 0xff,
    0xfb, 0xf7, 0xf4, 0xff, 0xfb, 0xf7, 0xf4, 0xff, 0xfb, 0xf7, 0xf4, 0xff,
    0xfb, 0xf7, 0xf4, 0xff, 0xfb, 0xf7, 0xf4, 0xff, 0xfb, 0xf7, 0xf4, 0xff,
    0xfb, 0xf7, 0xf4, 0xff, 0xfb, 0xf7, 0xf4, 0xff, 0xfb, 0xf7, 0xf4, 0xff,
    0xfb, 0xf7, 0xf4, 0xff, 0xfb, 0xf7, 0xf4, 0xff, 0xfb, 0xf7, 0xf4, 0xff,
    0xfb, 0xf7, 0xf4, 0xff, 0xfb, 0xf7, 0xf4, 0xff, 0xfb, 0xf7, 0xf4, 0xff,
    0xfb, 0xf7, 0xf4, 0xff, 0xfb, 0xf7, 0xf4, 0xff, 0xfb, 0xf7, 0xf4, 0xff,
    0xfb, 0xf7, 0xf4, 0xff, 0xfb, 0xf7, 0xf4, 0xff, 0xfb, 0xf7, 0xf4, 0xff,
    0xfb, 0xf7, 0xf4, 0xff, 0xfb, 0xf7, 0xf4, 0xff, 0xfb, 0xf7, 0xf4, 0xff,
    0xfb, 0xf7, 0xf4, 0xff, 0xfb, 0xf7, 0xf4, 0xff, 0xfb, 0xf7, 0xf4, 0xff,
    0xfb, 0xf7, 0xf4, 0xff, 0xfb, 0xf7, 0xf4, 0xff, 0xfb, 0xf7, 0xf4, 0xff,
    0xfb, 0xf7, 0xf4, 0xff, 0xfb, 0xf7, 0xf4, 0xff, 0xfb, 0xf7, 0xf4, 0xff,
    0xfb, 0xf7, 0xf4, 0xff, 0xfb, 0xf7, 0xf4, 0xff, 0xfb, 0xf7, 0xf4, 0xff,
    0xfb, 0xf7, 0xf4, 0xff, 0xfb, 0xf7, 0xf4, 0xff, 0xfb, 0xf7, 0xf4, 0xff,
    0xfb, 0xf7, 0xf4, 0xff, 0xfb, 0xf7, 0xf4, 0xff, 0xfb, 0xf7, 0xf4, 0xff,
    0xfb, 0xf7, 0xf4, 0xff, 0xfb, 0xf7, 0xf4, 0xff, 0xfb, 0xf7, 0xf4, 0xff,
    0xfb, 0xf7, 0xf4, 0xff, 0xfb, 0xf7, 0xf4, 0xff, 0xfb, 0xf7, 0xf4, 0xff,
    0xfb, 0xf7, 0xf4, 0xff, 0xfb, 0xf7, 0xf4, 0xff, 0xfb, 0xf7, 0xf4, 0xff,
    0xfb, 0xf7, 0xf4, 0xff, 0xfb, 0xf7, 0xf4, 0xff, 0xfb, 0xf7, 0xf4, 0xff,
    0xfb, 0xf7, 0xf4, 0xff, 0xfb, 0xf7, 0xf4, 0xff, 0xfb, 0xf7, 0xf4, 0xff,
    0xfb, 0xf7, 0xf4, 0xff, 0xfb, 0xf7, 0xf4, 0xff, 0xfb, 0xf7, 0xf4, 0xff,
    0xfb, 0xf7, 0xf4, 0xff, 0xfb, 0xf7, 0xf4, 0xff, 0xfb, 0xf7, 0xf4, 0xff,
    0xfb, 0xf7, 0xf4, 0xff, 0xfb, 0xf7, 0xf4, 0xff, 0xfb, 0xf7, 0xf4, 0xff,
    0xfb, 0xf7, 0xf4, 0xff, 0xfb, 0xf7, 0xf4, 0xff, 0xfb, 0xf7, 0xf4, 0xff,
    0xfb, 0xf7, 0xf4, 0xff, 0xfb, 0xf7, 0xf4, 0xff, 0xfb, 0xf7, 0xf4, 0xff,
    0xfb, 0xf7, 0xf4, 0xff, 0xfb, 0xf7, 0xf4, 0xff, 0xfb, 0xf7, 0xf4, 0xff,
    0xfb, 0xf7, 0xf4, 0xff, 0xfb, 0xf7, 0xf4, 0xff, 0xfb, 0xf7, 0xf4, 0xff,
    0xfb, 0xf7, 0xf4, 0xff, 0xfb, 0xf7, 0xf4, 0xff, 0xfb, 0xf7, 0xf4, 0xff,
    0xfb, 0xf7, 0xf4, 0xff, 0xfb, 0xf7, 0xf4, 0xff, 0xfb, 0xf7, 0xf4, 0xff,
    0xfb, 0xf7, 0xf4, 0xff, 0xfb, 0xf7, 0xf4, 0xff, 0xfb, 0xf7, 0xf4, 0xff,
    0xfb, 0xf7, 0xf4, 0xff, 0xfb, 0xf7, 0xf4, 0xff, 0xfb, 0xf7, 0xf4, 0xff,
    0xfb, 0xf7, 0xf4, 0xff, 0xfb, 0xf7, 0xf4, 0xff, 0xfb, 0xf7, 0xf4, 0xff,
    0xfb, 0xf7, 0xf4, 0xff, 0xfb, 0xf7, 0xf4, 0xff, 0xfb, 0xf7, 0xf4, 0xff,
    0xfb, 0xf7, 0xf4, 0xff, 0xfb, 0xf7, 0xf4, 0xff, 0xfb, 0xf7, 0xf4, 0xff,
    0xfb, 0xf7, 0xf4, 0xff, 0xfb, 0xf7, 0xf4, 0xff, 0xfb, 0xf7, 0xf4, 0xff,
    0xfb, 0xf7, 0xf4, 0xff, 0xfb, 0xf7, 0xf4, 0xff, 0xfb, 0xf7, 0xf4, 0xff,
    0xfb, 0xf7, 0xf4, 0xff, 0xfb, 0xf7, 0xf4, 0xff, 0xfb, 0xf7, 0xf4, 0xff,
    0xfb, 0xf7, 0xf4, 0xff, 0xfb, 0xf7, 0xf4, 0xff, 0xfb, 0xf7, 0xf4, 0xff,
    0xfb, 0xf7, 0xf4, 0xff, 0xfb, 0xf7, 0xf4, 0xff, 0xfb, 0xf7, 0xf4, 0xff,
    0xfb, 0xf7, 0xf4, 0xff, 0xfb, 0xf7, 0xf4, 0xff, 0xfb, 0xf7, 0xf4, 0xff,
    0xfb, 0xf7, 0xf4, 0xff, 0xfb, 0xf7, 0xf4, 0xff, 0xfb, 0xf7, 0xf4, 0xff,
    0xfb, 0xf7, 0xf4, 0xff, 0xfb, 0xf7, 0xf4, 0xff, 0xfb, 0xf7, 0xf4, 0xff,
    0xfb, 0xf7, 0xf4, 0xff, 0xfb, 0xf7, 0xf4, 0xff, 0xfb, 0xf7, 0xf4, 0xff,
    0xfb, 0xf7, 0xf4, 0xff, 0xfb, 0xf7, 0xf4, 0xff, 0xfb, 0xf7, 0xf4, 0xff,
    0xfb, 0xf7, 0xf4, 0xff, 0xfb, 0xf7, 0xf4, 0xff, 0xfb, 0xf7, 0xf4, 0xff,
    0xfb, 0xf7, 0xf4, 0xff, 0xfb, 0xf7, 0xf4, 0xff, 0xfb, 0xf7, 0xf4, 0xff,
    0xfb, 0xf7, 0xf4, 0xff, 0xfb, 0xf7, 0xf4, 0xff, 0xfb, 0xf7, 0xf4, 0xff,
    0xfb, 0xf7, 0xf4, 0xff, 0xfb, 0xf7, 0xf4, 0xff, 0xfb, 0xf7, 0xf4, 0xff,
    0xfb, 0xf7, 0xf4, 0xff, 0xfb, 0xf7, 0xf4, 0xff, 0xfb, 0xf7, 0xf4, 0xff,
    0xfb, 0xf7, 0xf4, 0xff, 0xfb, 0xf7, 0xf4, 0xff, 0xfb, 0xf7, 0xf4, 0xff,
    0xfb, 0xf7, 0xf4, 0xff, 0xfb, 0xf7, 0xf4, 0xff, 0xfb, 0xf7, 0xf4, 0xff,
    0xfb, 0xf7, 0xf4, 0xff, 0xfb, 0xf7, 0xf4, 0xff, 0xfb, 0xf7, 0xf4, 0xff,
    0xfb, 0xf7, 0xf4, 0xff, 0xfb, 0xf7, 0xf4, 0xff, 0xfb, 0xf7, 0xf4, 0xff,
    0xfb, 0xf7, 0xf4, 0xff, 0xfb, 0xf7, 0xf4, 0xff, 0xfb, 0xf7, 0xf4, 0xff,
    0xfb, 0xf7, 0xf4, 0xff, 0xfb, 0xf7, 0xf4, 0xff, 0xfb, 0xf7, 0xf4, 0xff,
    0xfb, 0xf7, 0xf4, 0xff, 0xfb, 0xf7, 0xf4, 0xff, 0xfb, 0xf7, 0xf4, 0xff,
    0xfb, 0xf7, 0xf4, 0xff, 0xfb, 0xf7, 0xf4, 0xff, 0xfb, 0xf7, 0xf4, 0xff,
    0xfb, 0xf7, 0xf4, 0xff, 0xfb, 0xf7, 0xf4, 0xff, 0xfb, 0xf7, 0xf4, 0xff,
    0xfb, 0xf7, 0xf4, 0xff, 0xfb, 0xf7, 0xf4, 0xff, 0xfb, 0xf7, 0xf4, 0xff,
    0xfb, 0xf7, 0xf4, 0xff, 0xfb, 0xf7, 0xf4, 0xff, 0xfb, 0xf7, 0xf4, 0xff,
    0xfb, 0xf7, 0xf4, 0xff, 0xfb, 0xf7, 0xf4, 0xff, 0xfb, 0xf7, 0xf4, 0xff,
    0xfb, 0xf7, 0xf4, 0xff, 0xfb, 0xf7, 0xf4, 0xff, 0xfb, 0xf7, 0xf4, 0xff,
    0xfb, 0xf7, 0xf4, 0xff, 0xfb, 0xf7, 0xf4, 0xff, 0xfb, 0xf7, 0xf4, 0xff,
    0xfb, 0xf7, 0xf4, 0xff, 0xfb, 0xf7, 0xf4, 0xff, 0xfb, 0xf7, 0xf4, 0xff,
    0xfb, 0xf7, 0xf4, 0xff, 0xfb, 0xf7, 0xf4, 0xff, 0xfb, 0xf7, 0xf4, 0xff,
    0xfb, 0xf7, 0xf4, 0xff, 0xfb, 0xf7, 0xf4, 0xff, 0xfb, 0xf7, 0xf4, 0xff,
    0xfb, 0xf7, 0xf4, 0xff, 0xfb, 0xf7, 0xf4, 0xff, 0xfb, 0xf7, 0xf4, 0xff,
    0xfb, 0xf7, 0xf4, 0xff, 0xfb, 0xf7, 0xf4, 0xff, 0xfb, 0xf7, 0xf4, 0xff,
    0xfb, 0xf7, 0xf4, 0xff, 0xfb, 0xf7, 0xf4, 0xff, 0xfb, 0xf7, 0xf4, 0xff,
    0xfb, 0xf7, 0xf4, 0xff, 0xfb, 0xf7, 0xf4, 0xff, 0xfb, 0xf7, 0xf4, 0xff,
    0xfb, 0xf7, 0xf4, 0xff, 0xfb, 0xf7, 0xf4, 0xff, 0xfb, 0xf7, 0xf4, 0xff,
    0xfb, 0xf7, 0xf4, 0xff, 0xfb, 0xf7, 0xf4, 0xff, 0xfb, 0xf7, 0xf4, 0xff,
    0xfb, 0xf7, 0xf4, 0xff, 0xfb, 0xf7, 0xf4, 0xff, 0xfb, 0xf7, 0xf4, 0xff,
    0xfb, 0xf7, 0xf4, 0xff, 0xfb, 0xf7, 0xf4, 0xff, 0xfb, 0xf7, 0xf4, 0xff,
    0xfb, 0xf7, 0xf4, 0xff, 0xfb, 0xf7, 0xf4, 0xff, 0xfb, 0xf7, 0xf4, 0xff,
    0xfb, 0xf7, 0xf4, 0xff, 0xfb, 0xf7, 0xf4, 0xff, 0xfb, 0xf7, 0xf4, 0xff,
    0xfb, 0xf7, 0xf4, 0xff, 0xfb, 0xf7, 0xf4, 0xff, 0xfb, 0xf7, 0xf4, 0xff,
    0xfb, 0xf7, 0xf4, 0xff, 0xfb, 0xf7, 0xf4, 0xff, 0xfb, 0xf7, 0xf4, 0xff,
    0xfb, 0xf7, 0xf4, 0xff, 0xfb, 0xf7, 0xf4, 0xff, 0xfb, 0xf7, 0xf4, 0xff,
    0xfb, 0xf7, 0xf4, 0xff, 0xfb, 0xf7, 0xf4, 0xff, 0xfb, 0xf7, 0xf4, 0xff,
    0xfb, 0xf7, 0xf4, 0xff, 0xfb, 0xf7, 0xf4, 0xff, 0xfb, 0xf7, 0xf4, 0xff,
    0xfb, 0xf7, 0xf4, 0xff, 0xfb, 0xf7, 0xf4, 0xff, 0xfb, 0xf7, 0xf4, 0xff,
    0xfb, 0xf7, 0xf4, 0xff, 0xfb, 0xf7, 0xf4, 0xff, 0xfb, 0xf7, 0xf4, 0xff,
    0xfb, 0xf7, 0xf4, 0xff, 0xfb, 0xf7, 0xf4, 0xff, 0xfb, 0xf7, 0xf4, 0xff,
    0xfb, 0xf7, 0xf4, 0xff, 0xfb, 0xf7, 0xf4, 0xff, 0xfb, 0xf7, 0xf4, 0xff,
    0xfb, 0xf7, 0xf4, 0xff, 0xfb, 0xf7, 0xf4, 0xff, 0xfb, 0xf7, 0xf4, 0xff,
    0xfb, 0xf7, 0xf4, 0xff, 0xfb, 0xf7, 0xf4, 0xff, 0xfb, 0xf7, 0xf4, 0xff,
    0xfb, 0xf7, 0xf4, 0xff, 0xfb, 0xf7, 0xf4, 0xff, 0xfb, 0xf7, 0xf4, 0xff,
    0xfb, 0xf7, 0xf4, 0xff, 0xfb, 0xf7, 0xf4, 0xff, 0xfb, 0xf7, 0xf4, 0xff,
    0xfb, 0xf7, 0xf4, 0xff, 0xfb, 0xf7, 0xf4, 0xff, 0xfb, 0xf7, 0xf4, 0xff,
    0xfb, 0xf7, 0xf4, 0xff, 0xfb, 0xf7, 0xf4, 0xff, 0xfb, 0xf7, 0xf4, 0xff,
    0xfb, 0xf7, 0xf4, 0xff, 0xfb, 0xf7, 0xf4, 0xff, 0xfb, 0xf7, 0xf4, 0xff,
    0xfb, 0xf7, 0xf4, 0xff, 0xfb, 0xf7, 0xf4, 0xff, 0xfb, 0xf7, 0xf4, 0xff,
    0xfb, 0xf7, 0xf4, 0xff, 0xfb, 0xf7, 0xf4, 0xff, 0xfb, 0xf7, 0xf4, 0xff,
    0xfb, 0xf7, 0xf4, 0xff, 0xfb, 0xf7, 0xf4, 0xff, 0xfb, 0xf7, 0xf4, 0xff,
    0xfb, 0xf7, 0xf4, 0xff, 0xfb, 0xf7, 0xf4, 0xff, 0xfb, 0xf7, 0xf4, 0xff,
    0xfb, 0xf7, 0xf4, 0xff, 0xfb, 0xf7, 0xf4, 0xff, 0xfb, 0xf7, 0xf4, 0xff,
    0xfb, 0xf7, 0xf4, 0xff, 0xfb, 0xf7, 0xf4, 0xff, 0xfb, 0xf7, 0xf4, 0xff,
    0xfb, 0xf7, 0xf4, 0xff, 0xfb, 0xf7, 0xf4, 0xff, 0xfb, 0xf7, 0xf4, 0xff,
    0xfb, 0xf7, 0xf4, 0xff, 0xfb, 0xf7, 0xf4, 0xff, 0xfb, 0xf7, 0xf4, 0xff,
    0xfb, 0xf7, 0xf4, 0xff, 0xfb, 0xf7, 0xf4, 0xff, 0xfb, 0xf7, 0xf4, 0xff,
    0xfb, 0xf7, 0xf4, 0xff, 0xfb, 0xf7, 0xf4, 0xff, 0xfb, 0xf7, 0xf4, 0xff,
    0xfb, 0xf7, 0xf4, 0xff, 0xfb, 0xf7, 0xf4, 0xff, 0xfb, 0xf7, 0xf4, 0xff,
    0xfb, 0xf7, 0xf4, 0xff, 0xfb, 0xf7, 0xf4, 0xff, 0xfb, 0xf7, 0xf4, 0xff,
    0xfb, 0xf7, 0xf4, 0xff, 0xfb, 0xf7, 0xf4, 0xff, 0xfb, 0xf7, 0xf4, 0xff,
    0xfb, 0xf7, 0xf4, 0xff, 0xfb, 0xf7, 0xf4, 0xff, 0xfb, 0xf7, 0xf4, 0xff,
    0xfb, 0xf7, 0xf4, 0xff, 0xfb, 0xf7, 0xf4, 0xff, 0xfb, 0xf7, 0xf4, 0xff,
    0xfb, 0xf7, 0xf4, 0xff, 0xfb, 0xf7, 0xf4, 0xff, 0xfb, 0xf7, 0xf4, 0xff,
    0xfb, 0xf7, 0xf4, 0xff, 0xfb, 0xf7, 0xf4, 0xff, 0xfb, 0xf7, 0xf4, 0xff,
    0xfb, 0xf7, 0xf4, 0xff, 0xfb, 0xf7, 0xf4, 0xff, 0xfb, 0xf7, 0xf4, 0xff,
    0xfb, 0xf7, 0xf4, 0xff, 0xfb, 0xf7, 0xf4, 0xff, 0xfb, 0xf7, 0xf4, 0xff,
    0xfb, 0xf7, 0xf4, 0xff, 0xfb, 0xf7, 0xf4, 0xff, 0xfb, 0xf7, 0xf4, 0xff,
    0xfb, 0xf7, 0xf4, 0xff, 0xfb, 0xf7, 0xf4, 0xff, 0xfb, 0xf7, 0xf4, 0xff,
    0xfb, 0xf7, 0xf4, 0xff, 0xfb, 0xf7, 0xf4, 0xff, 0xfb, 0xf7, 0xf4, 0xff,
    0xfb, 0xf7, 0xf4, 0xff, 0xfb, 0xf7, 0xf4, 0xff, 0xfb, 0xf7, 0xf4, 0xff,
    0xfb, 0xf7, 0xf4, 0xff, 0xfb, 0xf7, 0xf4, 0xff, 0xfb, 0xf7, 0xf4, 0xff,
    0xfb, 0xf7, 0xf4, 0xff, 0xfb, 0xf7, 0xf4, 0xff, 0xfb, 0xf7, 0xf4, 0xff,
    0xfb, 0xf7, 0xf4, 0xff, 0xfb, 0xf7, 0xf4, 0xff, 0xfb, 0xf7, 0xf4, 0xff,
    0xfb, 0xf7, 0xf4, 0xff, 0xfb, 0xf7, 0xf4, 0xff, 0xfb, 0xf7, 0xf4, 0xff,
    0xfb, 0xf7, 0xf4, 0xff, 0xfb, 0xf7, 0xf4, 0xff, 0xfb, 0xf7, 0xf4, 0xff,
    0xfb, 0xf7, 0xf4, 0xff, 0xfb, 0xf7, 0xf4, 0xff, 0xfb, 0xf7, 0xf4, 0xff,
    0xfb, 0xf7, 0xf4, 0xff, 0xfb, 0xf7, 0xf4, 0xff, 0xfb, 0xf7, 0xf4, 0xff,
    0xfb, 0xf7, 0xf4, 0xff, 0xfb, 0xf7, 0xf4, 0xff, 0xfb, 0xf7, 0xf4, 0xff,
    0xfb, 0xf7, 0xf4, 0xff, 0xfb, 0xf7, 0xf4, 0xff, 0xfb, 0xf7, 0xf4, 0xff,
    0xfb, 0xf7, 0xf4, 0xff, 0xfb, 0xf7, 0xf4, 0xff, 0xfb, 0xf7, 0xf4, 0xff,
    0xfb, 0xf7, 0xf4, 0xff, 0xfb, 0xf7, 0xf4, 0xff, 0xfb, 0xf7, 0xf4, 0xff,
    0xfb, 0xf7, 0xf4, 0xff, 0xfb, 0xf7, 0xf4, 0xff, 0xfb, 0xf7, 0xf4, 0xff,
    0xfb, 0xf7, 0xf4, 0xff, 0xfb, 0xf7, 0xf4, 0xff, 0xfb, 0xf7, 0xf4, 0xff,
    0xfb, 0xf7, 0xf4, 0xff, 0xfb, 0xf7, 0xf4, 0xff, 0xfb, 0xf7, 0xf4, 0xff,
    0xfb, 0xf7, 0xf4, 0xff, 0xfb, 0xf7, 0xf4, 0xff, 0xfb, 0xf7, 0xf4, 0xff,
    0xfb, 0xf7, 0xf4, 0xff, 0xfb, 0xf7, 0xf4, 0xff, 0xfb, 0xf7, 0xf4, 0xff,
    0xfb, 0xf7, 0xf4, 0xff, 0xfb, 0xf7, 0xf4, 0xff, 0xfb, 0xf7, 0xf4, 0xff,
    0xfb, 0xf7, 0xf4, 0xff, 0xfb, 0xf7, 0xf4, 0xff, 0xfb, 0xf7, 0xf4, 0xff,
    0xfb, 0xf7, 0xf4, 0xff, 0xfb, 0xf7, 0xf4, 0xff, 0xfb, 0xf7, 0xf4, 0xff,
    0xfb, 0xf7, 0xf4, 0xff, 0xfb, 0xf7, 0xf4, 0xff, 0xfb, 0xf7, 0xf4, 0xff,
    0xfb, 0xf7, 0xf4, 0xff, 0xfb, 0xf7, 0xf4, 0xff, 0xfb, 0xf7, 0xf4, 0xff,
    0xfb, 0xf7, 0xf4, 0xff, 0xfb, 0xf7, 0xf4, 0xff, 0xfb, 0xf7, 0xf4, 0xff,
    0xfb, 0xf7, 0xf4, 0xff, 0xfb, 0xf7, 0xf4, 0xff, 0xfb, 0xf7, 0xf4, 0xff,
    0xfb, 0xf7, 0xf4, 0xff, 0xfb, 0xf7, 0xf4, 0xff, 0xfb, 0xf7, 0xf4, 0xff,
    0xfb, 0xf7, 0xf4, 0xff, 0xfb, 0xf7, 0xf4, 0xff, 0xfb, 0xf7, 0xf4, 0xff,
    0xfb, 0xf7, 0xf4, 0xff, 0xfb, 0xf7, 0xf4, 0xff, 0xfb, 0xf7, 0xf4, 0xff,
    0xfb, 0xf7, 0xf4, 0xff, 0xfb, 0xf7, 0xf4, 0xff, 0xfb, 0xf7, 0xf4, 0xff,
    0xfb, 0xf7, 0xf4, 0xff, 0xfb, 0xf7, 0xf4, 0xff, 0xfb, 0xf7, 0xf4, 0xff,
    0xfb, 0xf7, 0xf4, 0xff, 0xfb, 0xf7, 0xf4, 0xff, 0xfb, 0xf7, 0xf4, 0xff,
    0xfb, 0xf7, 0xf4, 0xff, 0xfb, 0xf7, 0xf4, 0xff, 0xfb, 0xf7, 0xf4, 0xff,
    0xfb, 0xf7, 0xf4, 0xff, 0xfb, 0xf7, 0xf4, 0xff, 0xfb, 0xf7, 0xf4, 0xff,
    0xfb, 0xf7, 0xf4, 0xff, 0xfb, 0xf7, 0xf4, 0xff, 0xfb, 0xf7, 0xf4, 0xff,
    0xfb, 0xf7, 0xf4, 0xff, 0xfb, 0xf7, 0xf4, 0xff, 0xfb, 0xf7, 0xf4, 0xff,
    0xfb, 0xf7, 0xf4, 0xff, 0xfb, 0xf7, 0xf4, 0xff, 0xfb, 0xf7, 0xf4, 0xff,
    0xfb, 0xf7, 0xf4, 0xff, 0xfb, 0xf7, 0xf4, 0xff, 0xfb, 0xf7, 0xf4, 0xff,
    0xfb, 0xf7, 0xf4, 0xff, 0xfb, 0xf7, 0xf4, 0xff, 0xfb, 0xf7, 0xf4, 0xff,
    0xfb, 0xf7, 0xf4, 0xff, 0xfb, 0xf7, 0xf4, 0xff, 0xfb, 0xf7, 0xf4, 0xff,
    0xfb, 0xf7, 0xf4, 0xff, 0xfb, 0xf7, 0xf4, 0xff, 0xfb, 0xf7, 0xf4, 0xff,
    0xfb, 0xf7, 0xf4, 0xff, 0xfb, 0xf7, 0xf4, 0xff, 0xfb, 0xf7, 0xf4, 0xff,
    0xfb, 0xf7, 0xf4, 0xff, 0xfb, 0xf7, 0xf4, 0xff, 0xfb, 0xf7, 0xf4, 0xff,
    0xfb, 0xf7, 0xf4, 0xff, 0xfb, 0xf7, 0xf4, 0xff, 0xfb, 0xf7, 0xf4, 0xff,
    0xfb, 0xf7, 0xf4, 0xff, 0xfb, 0xf7, 0xf4, 0xff, 0xfb, 0xf7, 0xf4, 0xff,
    0xfb, 0xf7, 0xf4, 0xff, 0xfb, 0xf7, 0xf4, 0xff, 0xfb, 0xf7, 0xf4, 0xff,
    0xfb, 0xf7, 0xf4, 0xff, 0xfb, 0xf7, 0xf4, 0xff, 0xfb, 0xf7, 0xf4, 0xff,
    0xfb, 0xf7, 0xf4, 0xff, 0xfb, 0xf7, 0xf4, 0xff, 0xfb, 0xf7, 0xf4, 0xff,
    0xfb, 0xf7, 0xf4, 0xff, 0xfb, 0xf7, 0xf4, 0xff, 0xfb, 0xf7, 0xf4, 0xff,
    0xfb, 0xf7, 0xf4, 0xff, 0xfb, 0xf7, 0xf4, 0xff, 0xfb, 0xf7, 0xf4, 0xff,
    0xfb, 0xf7, 0xf4, 0xff, 0xfb, 0xf7, 0xf4, 0xff, 0xfb, 0xf7, 0xf4, 0xff,
    0xfb, 0xf7, 0xf4, 0xff, 0xfb, 0xf7, 0xf4, 0xff, 0xfb, 0xf7, 0xf4, 0xff,
    0xfb, 0xf7, 0xf4, 0xff, 0xfb, 0xf7, 0xf4, 0xff, 0xfb, 0xf7, 0xf4, 0xff,
    0xfb, 0xf7, 0xf4, 0xff, 0xfb, 0xf7, 0xf4, 0xff, 0xfb, 0xf7, 0xf4, 0xff,
    0xfb, 0xf7, 0xf4, 0xff, 0xfb, 0xf7, 0xf4, 0xff, 0xfb, 0xf7, 0xf4, 0xff,
    0xfb, 0xf7, 0xf4, 0xff, 0xfb, 0xf7, 0xf4, 0xff, 0xfb, 0xf7, 0xf4, 0xff,
    0xfb, 0xf7, 0xf4, 0xff, 0xfb, 0xf7, 0xf4, 0xff, 0xfb, 0xf7, 0xf4, 0xff,
    0xfb, 0xf7, 0xf4, 0xff, 0xfb, 0xf7, 0xf4, 0xff, 0xfb, 0xf7, 0xf4, 0xff,
    0xfb, 0xf7, 0xf4, 0xff, 0xfb, 0xf7, 0xf4, 0xff, 0xfb, 0xf7, 0xf4, 0xff,
    0xfb, 0xf7, 0xf4, 0xff, 0xfb, 0xf7, 0xf4, 0xff, 0xfb, 0xf7, 0xf4, 0xff,
    0xfb, 0xf7, 0xf4, 0xff, 0xfb, 0xf7, 0xf4, 0xff, 0xfb, 0xf7, 0xf4, 0xff,
    0xfb, 0xf7, 0xf4, 0xff, 0xfb, 0xf7, 0xf4, 0xff, 0xfb, 0xf7, 0xf4, 0xff,
    0xfb, 0xf7, 0xf4, 0xff, 0xfb, 0xf7, 0xf4, 0xff, 0xfb, 0xf7, 0xf4, 0xff,
    0xfb, 0xf7, 0xf4, 0xff, 0xfb, 0xf7, 0xf4, 0xff, 0xfb, 0xf7, 0xf4, 0xff,
    0xfb, 0xf7, 0xf4, 0xff, 0xfb, 0xf7, 0xf4, 0xff, 0xfb, 0xf7, 0xf4, 0xff,
    0xfb, 0xf7, 0xf4, 0xff, 0xfb, 0xf7, 0xf4, 0xff, 0xfb, 0xf7, 0xf4, 0xff,
    0xfb, 0xf7, 0xf4, 0xff, 0xfb, 0xf7, 0xf4, 0xff, 0xfb, 0xf7, 0xf4, 0xff,
    0xfb, 0xf7, 0xf4, 0xff, 0xfb, 0xf7, 0xf4, 0xff, 0xfb, 0xf7, 0xf4, 0xff,
    0xfb, 0xf7, 0xf4, 0xff, 0xfb, 0xf7, 0xf4, 0xff, 0xfb, 0xf7, 0xf4, 0xff,
    0xfb, 0xf7, 0xf4, 0xff, 0xfb, 0xf7, 0xf4, 0xff, 0xfb, 0xf7, 0xf4, 0xff,
    0xfb, 0xf7, 0xf4, 0xff, 0xfb, 0xf7, 0xf4, 0xff, 0xfb, 0xf7, 0xf4, 0xff,
    0xfb, 0xf7, 0xf4, 0xff, 0xfb, 0xf7, 0xf4, 0xff, 0xfb, 0xf7, 0xf4, 0xff,
    0xfb, 0xf7, 0xf4, 0xff, 0xfb, 0xf7, 0xf4, 0xff, 0xfb, 0xf7, 0xf4, 0xff,
    0xfb, 0xf7, 0xf4, 0xff, 0xfb, 0xf7, 0xf4, 0xff, 0xfb, 0xf7, 0xf4, 0xff,
    0xfb, 0xf7, 0xf4, 0xff, 0xfb, 0xf7, 0xf4, 0xff, 0xfb, 0xf7, 0xf4, 0xff,
    0xfb, 0xf7, 0xf4, 0xff, 0xfb, 0xf7, 0xf4, 0xff, 0xfb, 0xf7, 0xf4, 0xff,
    0xfb, 0xf7, 0xf4, 0xff, 0xfb, 0xf7, 0xf4, 0xff, 0xfb, 0xf7, 0xf4, 0xff,
    0xfb, 0xf7, 0xf4, 0xff, 0xfb, 0xf7, 0xf4, 0xff, 0xfb, 0xf7, 0xf4, 0xff,
    0xfb, 0xf7, 0xf4, 0xff, 0xfb, 0xf7, 0xf4, 0xff, 0xfb, 0xf7, 0xf4, 0xff,
    0xfb, 0xf7, 0xf4, 0xff, 0xfb, 0xf7, 0xf4, 0xff, 0xfb, 0xf7, 0xf4, 0xff,
    0xfb, 0xf7, 0xf4, 0xff, 0xfb, 0xf7, 0xf4, 0xff, 0xfb, 0xf7, 0xf4, 0xff,
    0xfb, 0xf7, 0xf4, 0xff, 0xfb, 0xf7, 0xf4, 0xff, 0xfb, 0xf7, 0xf4, 0xff,
    0xfb, 0xf7, 0xf4, 0xff, 0xfb, 0xf7, 0xf4, 0xff, 0xfb, 0xf7, 0xf4, 0xff,
    0xfb, 0xf7, 0xf4, 0xff, 0xfb, 0xf7, 0xf4, 0xff, 0xfb, 0xf7, 0xf4, 0xff,
    0xfb, 0xf7, 0xf4, 0xff, 0xfb, 0xf7, 0xf4, 0xff, 0xfb, 0xf7, 0xf4, 0xff,
    0xfb, 0xf7, 0xf4, 0xff, 0xfb, 0xf7, 0xf4, 0xff, 0xfb, 0xf7, 0xf4, 0xff,
    0xfb, 0xf7, 0xf4, 0xff, 0xfb, 0xf7, 0xf4, 0xff, 0xfb, 0xf7, 0xf4, 0xff,
    0xfb, 0xf7, 0xf4, 0xff, 0xfb, 0xf7, 0xf4, 0xff, 0xfb, 0xf7, 0xf4, 0xff,
    0xfb, 0xf7, 0xf4, 0xff, 0xfb, 0xf7, 0xf4, 0xff, 0xfb, 0xf7, 0xf4, 0xff,
    0xfb, 0xf7, 0xf4, 0xff, 0xfb, 0xf7, 0xf4, 0xff, 0xfb, 0xf7, 0xf4, 0xff,
    0xfb, 0xf7, 0xf4, 0xff, 0xfb, 0xf7, 0xf4, 0xff, 0xfb, 0xf7, 0xf4, 0xff,
    0xfb, 0xf7, 0xf4, 0xff, 0xfb, 0xf7, 0xf4, 0xff, 0xfb, 0xf7, 0xf4, 0xff,
    0xfb, 0xf7, 0xf4, 0xff, 0xfb, 0xf7, 0xf4, 0xff, 0xfb, 0xf7, 0xf4, 0xff,
    0xfb, 0xf7, 0xf4, 0xff, 0xfb, 0xf7, 0xf4, 0xff, 0xfb, 0xf7, 0xf4, 0xff,
    0xfb, 0xf7, 0xf4, 0xff, 0xfb, 0xf7, 0xf4, 0xff, 0xfb, 0xf7, 0xf4, 0xff,
    0xfb, 0xf7, 0xf4, 0xff, 0xfb, 0xf7, 0xf4, 0xff, 0xfb, 0xf7, 0xf4, 0xff,
    0xfb, 0xf7, 0xf4, 0xff, 0xfb, 0xf7, 0xf4, 0xff, 0xfb, 0xf7, 0xf4, 0xff,
    0xfb, 0xf7, 0xf4, 0xff, 0xfb, 0xf7, 0xf4, 0xff, 0xfb, 0xf7, 0xf4, 0xff,
    0xfb, 0xf7, 0xf4, 0xff, 0xfb, 0xf7, 0xf4, 0xff, 0xfb, 0xf7, 0xf4, 0xff,
    0xfb, 0xf7, 0xf4, 0xff, 0xfb, 0xf7, 0xf4, 0xff, 0xfb, 0xf7, 0xf4, 0xff,
    0xfb, 0xf7, 0xf4, 0xff, 0xfb, 0xf7, 0xf4, 0xff, 0xfb, 0xf7, 0xf4, 0xff,
    0xfb, 0xf7, 0xf4, 0xff, 0xfb, 0xf7, 0xf4, 0xff, 0xfb, 0xf7, 0xf4, 0xff,
    0xfb, 0xf7, 0xf4, 0xff, 0xfb, 0xf7, 0xf4, 0xff, 0xfb, 0xf7, 0xf4, 0xff,
    0xfb, 0xf7, 0xf4, 0xff, 0xfb, 0xf7, 0xf4, 0xff, 0xfb, 0xf7, 0xf4, 0xff,
    0xfb, 0xf7, 0xf4, 0xff, 0xfb, 0xf7, 0xf4, 0xff, 0xfb, 0xf7, 0xf4, 0xff,
    0xfb, 0xf7, 0xf4, 0xff, 0xfb, 0xf7, 0xf4, 0xff, 0xfb, 0xf7, 0xf4, 0xff,
    0xfb, 0xf7, 0xf4, 0xff, 0xfb, 0xf7, 0xf4, 0xff, 0xfb, 0xf7, 0xf4, 0xff,
    0xfb, 0xf7, 0xf4, 0xff, 0xfb, 0xf7, 0xf4, 0xff, 0xfb, 0xf7, 0xf4, 0xff,
    0xfb, 0xf7, 0xf4, 0xff, 0xfb, 0xf7, 0xf4, 0xff, 0xfb, 0xf7, 0xf4, 0xff,
    0xfb, 0xf7, 0xf4, 0xff, 0xfb, 0xf7, 0xf4, 0xff, 0xfb, 0xf7, 0xf4, 0xff,
    0xfb, 0xf7, 0xf4, 0xff, 0xfb, 0xf7, 0xf4, 0xff, 0xfb, 0xf7, 0xf4, 0xff,
    0xfb, 0xf7, 0xf4, 0xff, 0xfb, 0xf7, 0xf4, 0xff, 0xfb, 0xf7, 0xf4, 0xff,
    0xfb, 0xf7, 0xf4, 0xff, 0xfb, 0xf7, 0xf4, 0xff, 0xfb, 0xf7, 0xf4, 0xff,
    0xfb, 0xf7, 0xf4, 0xff, 0xfb, 0xf7, 0xf4, 0xff, 0xfb, 0xf7, 0xf4, 0xff,
    0xfb, 0xf7, 0xf4, 0xff, 0xfb, 0xf7, 0xf4, 0xff, 0xfb, 0xf7, 0xf4, 0xff,
    0xfb, 0xf7, 0xf4, 0xff, 0xfb, 0xf7, 0xf4, 0xff, 0xfb, 0xf7, 0xf4, 0xff,
    0xfb, 0xf7, 0xf4, 0xff, 0xfb, 0xf7, 0xf4, 0xff, 0xfb, 0xf7, 0xf4, 0xff,
    0xfb, 0xf7, 0xf4, 0xff, 0xfb, 0xf7, 0xf4, 0xff, 0xfb, 0xf7, 0xf4, 0xff,
    0xfb, 0xf7, 0xf4, 0xff, 0xfb, 0xf7, 0xf4, 0xff, 0xfb, 0xf7, 0xf4, 0xff,
    0xfb, 0xf7, 0xf4, 0xff, 0xfb, 0xf7, 0xf4, 0xff, 0xfb, 0xf7, 0xf4, 0xff,
    0xfb, 0xf7, 0xf4, 0xff, 0xfb, 0xf7, 0xf4, 0xff, 0xfb, 0xf7, 0xf4, 0xff,
    0xfb, 0xf7, 0xf4, 0xff, 0xfb, 0xf7, 0xf4, 0xff, 0xfb, 0xf7, 0xf4, 0xff,
    0xfb, 0xf7, 0xf4, 0xff, 0xfb, 0xf7, 0xf4, 0xff, 0xfb, 0xf7, 0xf4, 0xff,
    0xfb, 0xf7, 0xf4, 0xff, 0xfb, 0xf7, 0xf4, 0xff, 0xfb, 0xf7, 0xf4, 0xff,
    0xfb, 0xf7, 0xf4, 0xff, 0xfb, 0xf7, 0xf4, 0xff, 0xfb, 0xf7, 0xf4, 0xff,
    0xfb, 0xf7, 0xf4, 0xff, 0xfb, 0xf7, 0xf4, 0xff, 0xfb, 0xf7, 0xf4, 0xff,
    0xfb, 0xf7, 0xf4, 0xff, 0xfb, 0xf7, 0xf4, 0xff, 0xfb, 0xf7, 0xf4, 0xff,
    0xfb, 0xf7, 0xf4, 0xff, 0xfb, 0xf7, 0xf4, 0xff, 0xfb, 0xf7, 0xf4, 0xff,
    0xfb, 0xf7, 0xf4, 0xff, 0xfb, 0xf7, 0xf4, 0xff, 0xfb, 0xf7, 0xf4, 0xff,
    0xfb, 0xf7, 0xf4, 0xff, 0xfb, 0xf7, 0xf4, 0xff, 0xfb, 0xf7, 0xf4, 0xff,
    0xfb, 0xf7, 0xf4, 0xff, 0xfb, 0xf7, 0xf4, 0xff, 0xfb, 0xf7, 0xf4, 0xff,
    0xfb, 0xf7, 0xf4, 0xff, 0xfb, 0xf7, 0xf4, 0xff, 0xfb, 0xf7, 0xf4, 0xff,
    0xfb, 0xf7, 0xf4, 0xff, 0xfb, 0xf7, 0xf4, 0xff, 0xfb, 0xf7, 0xf4, 0xff,
    0xfb, 0xf7, 0xf4, 0xff, 0xfb, 0xf7, 0xf4, 0xff, 0xfb, 0xf7, 0xf4, 0xff,
    0xfb, 0xf7, 0xf4, 0xff, 0xfb, 0xf7, 0xf4, 0xff, 0xfb, 0xf7, 0xf4, 0xff,
    0xfb, 0xf7, 0xf4, 0xff, 0xfb, 0xf7, 0xf4, 0xff, 0xfb, 0xf7, 0xf4, 0xff,
    0xfb, 0xf7, 0xf4, 0xff, 0xfb, 0xf7, 0xf4, 0xff, 0xfb, 0xf7, 0xf4, 0xff,
    0xfb, 0xf7, 0xf4, 0xff, 0xfb, 0xf7, 0xf4, 0xff, 0xfb, 0xf7, 0xf4, 0xff,
    0xfb, 0xf7, 0xf4, 0xff, 0xfb, 0xf7, 0xf4, 0xff, 0xfb, 0xf7, 0xf4, 0xff,
    0xfb, 0xf7, 0xf4, 0xff, 0xfb, 0xf7, 0xf4, 0xff, 0xfb, 0xf7, 0xf4, 0xff,
    0xfb, 0xf7, 0xf4, 0xff, 0xfb, 0xf7, 0xf4, 0xff, 0xfb, 0xf7, 0xf4, 0xff,
    0xfb, 0xf7, 0xf4, 0xff, 0xfb, 0xf7, 0xf4, 0xff, 0xfb, 0xf7, 0xf4, 0xff,
    0xfb, 0xf7, 0xf4, 0xff, 0xfb, 0xf7, 0xf4, 0xff, 0xfb, 0xf7, 0xf4, 0xff,
    0xfb, 0xf7, 0xf4, 0xff, 0xfb, 0xf7, 0xf4, 0xff, 0xfb, 0xf7, 0xf4, 0xff,
    0xfb, 0xf7, 0xf4, 0xff, 0xfb, 0xf7, 0xf4, 0xff, 0xfb, 0xf7, 0xf4, 0xff,
    0xfb, 0xf7, 0xf4, 0xff, 0xfb, 0xf7, 0xf4, 0xff, 0xfb, 0xf7, 0xf4, 0xff,
    0xfb, 0xf7, 0xf4, 0xff, 0xfb, 0xf7, 0xf4, 0xff, 0xfb, 0xf7, 0xf4, 0xff,
    0xfb, 0xf7, 0xf4, 0xff, 0xfb, 0xf7, 0xf4, 0xff, 0xfb, 0xf7, 0xf4, 0xff,
    0xfb, 0xf7, 0xf4, 0xff, 0xfb, 0xf7, 0xf4, 0xff, 0xfb, 0xf7, 0xf4, 0xff,
    0xfb, 0xf7, 0xf4, 0xff, 0xfb, 0xf7, 0xf4, 0xff, 0xfb, 0xf7, 0xf4, 0xff,
    0xfb, 0xf7, 0xf4, 0xff, 0xfb, 0xf7, 0xf4, 0xff, 0xfb, 0xf7, 0xf4, 0xff,
    0xfb, 0xf7, 0xf4, 0xff, 0xfb, 0xf7, 0xf4, 0xff, 0xfb, 0xf7, 0xf4, 0xff,
    0xfb, 0xf7, 0xf4, 0xff, 0xfb, 0xf7, 0xf4, 0xff, 0xfb, 0xf7, 0xf4, 0xff,
    0xfb, 0xf7, 0xf4, 0xff, 0xfb, 0xf7, 0xf4, 0xff, 0xfb, 0xf7, 0xf4, 0xff,
    0xfb, 0xf7, 0xf4, 0xff, 0xfb, 0xf7, 0xf4, 0xff, 0xfb, 0xf7, 0xf4, 0xff,
    0xfb, 0xf7, 0xf4, 0xff, 0xfb, 0xf7, 0xf4, 0xff, 0xfb, 0xf7, 0xf4, 0xff,
    0xfb, 0xf7, 0xf4, 0xff, 0xfb, 0xf7, 0xf4, 0xff, 0xfb, 0xf7, 0xf4, 0xff,
    0xfb, 0xf7, 0xf4, 0xff, 0xfb, 0xf7, 0xf4, 0xff, 0xfb, 0xf7, 0xf4, 0xff,
    0xfb, 0xf7, 0xf4, 0xff, 0xfb, 0xf7, 0xf4, 0xff, 0xfb, 0xf7, 0xf4, 0xff,
    0xfb, 0xf7, 0xf4, 0xff, 0xfb, 0xf7, 0xf4, 0xff, 0xfb, 0xf7, 0xf4, 0xff,
    0xfb, 0xf7, 0xf4, 0xff, 0xfb, 0xf7, 0xf4, 0xff, 0xfb, 0xf7, 0xf4, 0xff,
    0xfb, 0xf7, 0xf4, 0xff, 0xfb, 0xf7, 0xf4, 0xff, 0xfb, 0xf7, 0xf4, 0xff,
    0xfb, 0xf7, 0xf4, 0xff, 0xfb, 0xf7, 0xf4, 0xff, 0xfb, 0xf7, 0xf4, 0xff,
    0xfb, 0xf7, 0xf4, 0xff, 0xfb, 0xf7, 0xf4, 0xff, 0xfb, 0xf7, 0xf4, 0xff,
    0xfb, 0xf7, 0xf4, 0xff, 0xfb, 0xf7, 0xf4, 0xff, 0xfb, 0xf7, 0xf4, 0xff,
    0xfb, 0xf7, 0xf4, 0xff, 0xfb, 0xf7, 0xf4, 0xff, 0xfb, 0xf7, 0xf4, 0xff,
    0xfb, 0xf7, 0xf4, 0xff, 0xfb, 0xf7, 0xf4, 0xff, 0xfb, 0xf7, 0xf4, 0xff,
    0xfb, 0xf7, 0xf4, 0xff, 0xfb, 0xf7, 0xf4, 0xff, 0xfb, 0xf7, 0xf4, 0xff,
    0xfb, 0xf7, 0xf4, 0xff, 0xfb, 0xf7, 0xf4, 0xff, 0xfb, 0xf7, 0xf4, 0xff,
    0xfb, 0xf7, 0xf4, 0xff, 0xfb, 0xf7, 0xf4, 0xff, 0xfb, 0xf7, 0xf4, 0xff,
    0xfb, 0xf7, 0xf4, 0xff, 0xfb, 0xf7, 0xf4, 0xff, 0xfb, 0xf7, 0xf4, 0xff,
    0xfb, 0xf7, 0xf4, 0xff, 0xfb, 0xf7, 0xf4, 0xff, 0xfb, 0xf7, 0xf4, 0xff,
    0xfb, 0xf7, 0xf4, 0xff, 0xfb, 0xf7, 0xf4, 0xff, 0xfb, 0xf7, 0xf4, 0xff,
    0xfb, 0xf7, 0xf4, 0xff, 0xfb, 0xf7, 0xf4, 0xff, 0xfb, 0xf7, 0xf4, 0xff,
    0xfb, 0xf7, 0xf4, 0xff, 0xfb, 0xf7, 0xf4, 0xff, 0xfb, 0xf7, 0xf4, 0xff,
    0xfb, 0xf7, 0xf4, 0xff, 0xfb, 0xf7, 0xf4, 0xff, 0xfb, 0xf7, 0xf4, 0xff,
    0xfb, 0xf7, 0xf4, 0xff, 0xfb, 0xf7, 0xf4, 0xff, 0xfb, 0xf7, 0xf4, 0xff,
    0xfb, 0xf7, 0xf4, 0xff, 0xfb, 0xf7, 0xf4, 0xff, 0xfb, 0xf7, 0xf4, 0xff,
    0xfb, 0xf7, 0xf4, 0xff, 0xfb, 0xf7, 0xf4, 0xff, 0xfb, 0xf7, 0xf4, 0xff,
    0xfb, 0xf7, 0xf4, 0xff, 0xfb, 0xf7, 0xf4, 0xff, 0xfb, 0xf7, 0xf4, 0xff,
    0xfb, 0xf7, 0xf4, 0xff, 0xfb, 0xf7, 0xf4, 0xff, 0xfb, 0xf7, 0xf4, 0xff,
    0xfb, 0xf7, 0xf4, 0xff, 0xfb, 0xf7, 0xf4, 0xff, 0xfb, 0xf7, 0xf4, 0xff,
    0xfb, 0xf7, 0xf4, 0xff, 0xfb, 0xf7, 0xf4, 0xff, 0xfb, 0xf7, 0xf4, 0xff,
    0xfb, 0xf7, 0xf4, 0xff, 0xfb, 0xf7, 0xf4, 0xff, 0xfb, 0xf7, 0xf4, 0xff,
    0xfb, 0xf7, 0xf4, 0xff, 0xfb, 0xf7, 0xf4, 0xff, 0xfb, 0xf7, 0xf4, 0xff,
    0xfb, 0xf7, 0xf4, 0xff, 0xfb, 0xf7, 0xf4, 0xff, 0xfb, 0xf7, 0xf4, 0xff,
    0xfb, 0xf7, 0xf4, 0xff, 0xfb, 0xf7, 0xf4, 0xff, 0xfb, 0xf7, 0xf4, 0xff,
    0xfb, 0xf7, 0xf4, 0xff, 0xfb, 0xf7, 0xf4, 0xff, 0xfb, 0xf7, 0xf4, 0xff,
    0xfb, 0xf7, 0xf4, 0xff, 0xfb, 0xf7, 0xf4, 0xff, 0xfb, 0xf7, 0xf4, 0xff,
    0xfb, 0xf7, 0xf4, 0xff, 0xfb, 0xf7, 0xf4, 0xff, 0xfb, 0xf7, 0xf4, 0xff,
    0xfb, 0xf7, 0xf4, 0xff, 0xfb, 0xf7, 0xf4, 0xff, 0xfb, 0xf7, 0xf4, 0xff,
    0xfb, 0xf7, 0xf4, 0xff, 0xfb, 0xf7, 0xf4, 0xff, 0xfb, 0xf7, 0xf4, 0xff,
    0xfb, 0xf7, 0xf4, 0xff, 0xfb, 0xf7, 0xf4, 0xff, 0xfb, 0xf7, 0xf4, 0xff,
    0xfb, 0xf7, 0xf4, 0xff, 0xfb, 0xf7, 0xf4, 0xff, 0xfb, 0xf7, 0xf4, 0xff,
    0xfb, 0xf7, 0xf4, 0xff, 0xfb, 0xf7, 0xf4, 0xff, 0xfb, 0xf7, 0xf4, 0xff,
    0xfb, 0xf7, 0xf4, 0xff, 0xfb, 0xf7, 0xf4, 0xff, 0xfb, 0xf7, 0xf4, 0xff,
    0xfb, 0xf7, 0xf4, 0xff, 0xfb, 0xf7, 0xf4, 0xff, 0xfb, 0xf7, 0xf4, 0xff,
    0xfb, 0xf7, 0xf4, 0xff, 0xfb, 0xf7, 0xf4, 0xff, 0xfb, 0xf7, 0xf4, 0xff,
    0xfb, 0xf7, 0xf4, 0xff, 0xfb, 0xf7, 0xf4, 0xff, 0xfb, 0xf7, 0xf4, 0xff,
    0xfb, 0xf7, 0xf4, 0xff, 0xfb, 0xf7, 0xf4, 0xff, 0xfb, 0xf7, 0xf4, 0xff,
    0xfb, 0xf7, 0xf4, 0xff, 0xfb, 0xf7, 0xf4, 0xff, 0xfb, 0xf7, 0xf4, 0xff,
    0xfb, 0xf7, 0xf4, 0xff, 0xfb, 0xf7, 0xf4, 0xff, 0xfb, 0xf7, 0xf4, 0xff,
    0xfb, 0xf7, 0xf4, 0xff, 0xfb, 0xf7, 0xf4, 0xff, 0xfb, 0xf7, 0xf4, 0xff,
    0xfb, 0xf7, 0xf4, 0xff, 0xfb, 0xf7, 0xf4, 0xff, 0xfb, 0xf7, 0xf4, 0xff,
    0xfb, 0xf7, 0xf4, 0xff, 0xfb, 0xf7, 0xf4, 0xff, 0xfb, 0xf7, 0xf4, 0xff,
    0xfb, 0xf7, 0xf4, 0xff, 0xfb, 0xf7, 0xf4, 0xff, 0xfb, 0xf7, 0xf4, 0xff,
    0xfb, 0xf7, 0xf4, 0xff, 0xfb, 0xf7, 0xf4, 0xff, 0xfb, 0xf7, 0xf4, 0xff,
    0xfb, 0xf7, 0xf4, 0xff, 0xfb, 0xf7, 0xf4, 0xff, 0xfb, 0xf7, 0xf4, 0xff,
    0xfb, 0xf7, 0xf4, 0xff, 0xfb, 0xf7, 0xf4, 0xff, 0xfb, 0xf7, 0xf4, 0xff,
    0xfb, 0xf7, 0xf4, 0xff, 0xfb, 0xf7, 0xf4, 0xff, 0xfb, 0xf7, 0xf4, 0xff,
    0xfb, 0xf7, 0xf4, 0xff, 0xfb, 0xf7, 0xf4, 0xff, 0xfb, 0xf7, 0xf4, 0xff,
    0xfb, 0xf7, 0xf4, 0xff, 0xfb, 0xf7, 0xf4, 0xff, 0xfb, 0xf7, 0xf4, 0xff,
    0xfb, 0xf7, 0xf4, 0xff, 0xfb, 0xf7, 0xf4, 0xff, 0xfb, 0xf7, 0xf4, 0xff,
    0xfb, 0xf7, 0xf4, 0xff, 0xfb, 0xf7, 0xf4, 0xff, 0xfb, 0xf7, 0xf4, 0xff,
    0xfb, 0xf7, 0xf4, 0xff, 0xfb, 0xf7, 0xf4, 0xff, 0xfb, 0xf7, 0xf4, 0xff,
    0xfb, 0xf7, 0xf4, 0xff, 0xfb, 0xf7, 0xf4, 0xff, 0xfb, 0xf7, 0xf4, 0xff,
    0xfb, 0xf7, 0xf4, 0xff, 0xfb, 0xf7, 0xf4, 0xff, 0xfb, 0xf7, 0xf4, 0xff,
    0xfb, 0xf7, 0xf4, 0xff, 0xfb, 0xf7, 0xf4, 0xff, 0xfb, 0xf7, 0xf4, 0xff,
    0xfb, 0xf7, 0xf4, 0xff, 0xfb, 0xf7, 0xf4, 0xff, 0xfb, 0xf7, 0xf4, 0xff,
    0xfb, 0xf7, 0xf4, 0xff, 0xfb, 0xf7, 0xf4, 0xff, 0xfb, 0xf7, 0xf4, 0xff,
    0xfb, 0xf7, 0xf4, 0xff, 0xfb, 0xf7, 0xf4, 0xff, 0xfb, 0xf7, 0xf4, 0xff,
    0xfb, 0xf7, 0xf4, 0xff, 0xfb, 0xf7, 0xf4, 0xff, 0xfb, 0xf7, 0xf4, 0xff,
    0xfb, 0xf7, 0xf4, 0xff, 0xfb, 0xf7, 0xf4, 0xff, 0xfb, 0xf7, 0xf4, 0xff,
    0xfb, 0xf7, 0xf4, 0xff, 0xfb, 0xf7, 0xf4, 0xff, 0xfb, 0xf7, 0xf4, 0xff,
    0xfb, 0xf7, 0xf4, 0xff, 0xfb, 0xf7, 0xf4, 0xff, 0xfb, 0xf7, 0xf4, 0xff,
    0xfb, 0xf7, 0xf4, 0xff, 0xfb, 0xf7, 0xf4, 0xff, 0xfb, 0xf7, 0xf4, 0xff,
    0xfb, 0xf7, 0xf4, 0xff, 0xfb, 0xf7, 0xf4, 0xff, 0xfb, 0xf7, 0xf4, 0xff,
    0xfb, 0xf7, 0xf4, 0xff, 0xfb, 0xf7, 0xf4, 0xff, 0xfb, 0xf7, 0xf4, 0xff,
    0xfb, 0xf7, 0xf4, 0xff, 0xfb, 0xf7, 0xf4, 0xff, 0xfb, 0xf7, 0xf4, 0xff,
    0xfb, 0xf7, 0xf4, 0xff, 0xfb, 0xf7, 0xf4, 0xff, 0xfb, 0xf7, 0xf4, 0xff,
    0xfb, 0xf7, 0xf4, 0xff, 0xfb, 0xf7, 0xf4, 0xff, 0xfb, 0xf7, 0xf4, 0xff,
    0xfb, 0xf7, 0xf4, 0xff, 0xfb, 0xf7, 0xf4, 0xff, 0xfb, 0xf7, 0xf4, 0xff,
    0xfb, 0xf7, 0xf4, 0xff, 0xfb, 0xf7, 0xf4, 0xff, 0xfb, 0xf7, 0xf4, 0xff,
    0xfb, 0xf7, 0xf4, 0xff, 0xfb, 0xf7, 0xf4, 0xff, 0xfb, 0xf7, 0xf4, 0xff,
    0xfb, 0xf7, 0xf4, 0xff, 0xfb, 0xf7, 0xf4, 0xff, 0xfb, 0xf7, 0xf4, 0xff,
    0xfb, 0xf7, 0xf4, 0xff, 0xfb, 0xf7, 0xf4, 0xff, 0xfb, 0xf7, 0xf4, 0xff,
    0xfb, 0xf7, 0xf4, 0xff, 0xfb, 0xf7, 0xf4, 0xff, 0xfb, 0xf7, 0xf4, 0xff,
    0xfb, 0xf7, 0xf4, 0xff, 0xfb, 0xf7, 0xf4, 0xff, 0xfb, 0xf7, 0xf4, 0xff,
    0xfb, 0xf7, 0xf4, 0xff, 0xfb, 0xf7, 0xf4, 0xff, 0xfb, 0xf7, 0xf4, 0xff,
    0xfb, 0xf7, 0xf4, 0xff, 0xfb, 0xf7, 0xf4, 0xff, 0xfb, 0xf7, 0xf4, 0xff,
    0xfb, 0xf7, 0xf4, 0xff, 0xfb, 0xf7, 0xf4, 0xff, 0xfb, 0xf7, 0xf4, 0xff,
    0xfb, 0xf7, 0xf4, 0xff, 0xfb, 0xf7, 0xf4, 0xff, 0xfb, 0xf7, 0xf4, 0xff,
    0xfb, 0xf7, 0xf4, 0xff, 0xfb, 0xf7, 0xf4, 0xff, 0xfb, 0xf7, 0xf4, 0xff,
    0xfb, 0xf7, 0xf4, 0xff, 0xfb, 0xf7, 0xf4, 0xff, 0xfb, 0xf7, 0xf4, 0xff,
    0xfb, 0xf7, 0xf4, 0xff, 0xfb, 0xf7, 0xf4, 0xff, 0xfb, 0xf7, 0xf4, 0xff,
    0xfb, 0xf7, 0xf4, 0xff, 0xfb, 0xf7, 0xf4, 0xff, 0xfb, 0xf7, 0xf4, 0xff,
    0xfb, 0xf7, 0xf4, 0xff, 0xfb, 0xf7, 0xf4, 0xff, 0xfb, 0xf7, 0xf4, 0xff,
    0xfb, 0xf7, 0xf4, 0xff, 0xfb, 0xf7, 0xf4, 0xff, 0xfb, 0xf7, 0xf4, 0xff,
    0xfb, 0xf7, 0xf4, 0xff, 0xfb, 0xf7, 0xf4, 0xff, 0xfb, 0xf7, 0xf4, 0xff,
    0xfb, 0xf7, 0xf4, 0xff, 0xfb, 0xf7, 0xf4, 0xff, 0xfb, 0xf7, 0xf4, 0xff,
    0xfb, 0xf7, 0xf4, 0xff, 0xfb, 0xf7, 0xf4, 0xff, 0xfb, 0xf7, 0xf4, 0xff,
    0xfb, 0xf7, 0xf4, 0xff, 0xfb, 0xf7, 0xf4, 0xff, 0xfb, 0xf7, 0xf4, 0xff,
    0xfb, 0xf7, 0xf4, 0xff, 0xfb, 0xf7, 0xf4, 0xff, 0xfb, 0xf7, 0xf4, 0xff,
    0xfb, 0xf7, 0xf4, 0xff, 0xfb, 0xf7, 0xf4, 0xff, 0xfb, 0xf7, 0xf4, 0xff,
    0xfb, 0xf7, 0xf4, 0xff, 0xfb, 0xf7, 0xf4, 0xff, 0xfb, 0xf7, 0xf4, 0xff,
    0xfb, 0xf7, 0xf4, 0xff, 0xfb, 0xf7, 0xf4, 0xff, 0xfb, 0xf7, 0xf4, 0xff,
    0xfb, 0xf7, 0xf4, 0xff, 0xfb, 0xf7, 0xf4, 0xff, 0xfb, 0xf7, 0xf4, 0xff,
    0xfb, 0xf7, 0xf4, 0xff, 0xfb, 0xf7, 0xf4, 0xff, 0xfb, 0xf7, 0xf4, 0xff,
    0xfb, 0xf7, 0xf4, 0xff, 0xfb, 0xf7, 0xf4, 0xff, 0xfb, 0xf7, 0xf4, 0xff,
    0xfb, 0xf7, 0xf4, 0xff, 0xfb, 0xf7, 0xf4, 0xff, 0xfb, 0xf7, 0xf4, 0xff,
    0xfb, 0xf7, 0xf4, 0xff, 0xfb, 0xf7, 0xf4, 0xff, 0xfb, 0xf7, 0xf4, 0xff,
    0xfb, 0xf7, 0xf4, 0xff, 0xfb, 0xf7, 0xf4, 0xff, 0xfb, 0xf7, 0xf4, 0xff,
    0xfb, 0xf7, 0xf4, 0xff, 0xfb, 0xf7, 0xf4, 0xff, 0xfb, 0xf7, 0xf4, 0xff,
    0xfb, 0xf7, 0xf4, 0xff, 0xfb, 0xf7, 0xf4, 0xff, 0xfb, 0xf7, 0xf4, 0xff,
    0xfb, 0xf7, 0xf4, 0xff, 0xfb, 0xf7, 0xf4, 0xff, 0xfb, 0xf7, 0xf4, 0xff,
    0xfb, 0xf7, 0xf4, 0xff, 0xfb, 0xf7, 0xf4, 0xff, 0xfb, 0xf7, 0xf4, 0xff,
    0xfb, 0xf7, 0xf4, 0xff, 0xfb, 0xf7, 0xf4, 0xff, 0xfb, 0xf7, 0xf4, 0xff,
    0xfb, 0xf7, 0xf4, 0xff, 0xfb, 0xf7, 0xf4, 0xff, 0xfb, 0xf7, 0xf4, 0xff,
    0xfb, 0xf7, 0xf4, 0xff, 0xfb, 0xf7, 0xf4, 0xff, 0xfb, 0xf7, 0xf4, 0xff,
    0xfb, 0xf7, 0xf4, 0xff, 0xfb, 0xf7, 0xf4, 0xff, 0xfb, 0xf7, 0xf4, 0xff,
    0xfb, 0xf7, 0xf4, 0xff, 0xfb, 0xf7, 0xf4, 0xff, 0xfb, 0xf7, 0xf4, 0xff,
    0xfb, 0xf7, 0xf4, 0xff, 0xfb, 0xf7, 0xf4, 0xff, 0xfb, 0xf7, 0xf4, 0xff,
    0xfb, 0xf7, 0xf4, 0xff, 0xfb, 0xf7, 0xf4, 0xff, 0xfb, 0xf7, 0xf4, 0xff,
    0xfb, 0xf7, 0xf4, 0xff, 0xfb, 0xf7, 0xf4, 0xff, 0xfb, 0xf7, 0xf4, 0xff,
    0xfb, 0xf7, 0xf4, 0xff, 0xfb, 0xf7, 0xf4, 0xff, 0xfb, 0xf7, 0xf4, 0xff,
    0xfb, 0xf7, 0xf4, 0xff, 0xfb, 0xf7, 0xf4, 0xff, 0xfb, 0xf7, 0xf4, 0xff,
    0xfb, 0xf7, 0xf4, 0xff, 0xfb, 0xf7, 0xf4, 0xff, 0xfb, 0xf7, 0xf4, 0xff,
    0xfb, 0xf7, 0xf4, 0xff, 0xfb, 0xf7, 0xf4, 0xff, 0xfb, 0xf7, 0xf4, 0xff,
    0xfb, 0xf7, 0xf4, 0xff, 0xfb, 0xf7, 0xf4, 0xff, 0xfb, 0xf7, 0xf4, 0xff,
    0xfb, 0xf7, 0xf4, 0xff, 0xfb, 0xf7, 0xf4, 0xff, 0xfb, 0xf7, 0xf4, 0xff,
    0xfb, 0xf7, 0xf4, 0xff, 0xfb, 0xf7, 0xf4, 0xff, 0xfb, 0xf7, 0xf4, 0xff,
    0xfb, 0xf7, 0xf4, 0xff, 0xfb, 0xf7, 0xf4, 0xff, 0xfb, 0xf7, 0xf4, 0xff,
    0xfb, 0xf7, 0xf4, 0xff, 0xfb, 0xf7, 0xf4, 0xff, 0xfb, 0xf7, 0xf4, 0xff,
    0xfb, 0xf7, 0xf4, 0xff, 0xfb, 0xf7, 0xf4, 0xff, 0xfb, 0xf7, 0xf4, 0xff,
    0xfb, 0xf7, 0xf4, 0xff, 0xfb, 0xf7, 0xf4, 0xff, 0xfb, 0xf7, 0xf4, 0xff,
    0xfb, 0xf7, 0xf4, 0xff, 0xfb, 0xf7, 0xf4, 0xff, 0xfb, 0xf7, 0xf4, 0xff,
    0xfb, 0xf7, 0xf4, 0xff, 0xfb, 0xf7, 0xf4, 0xff, 0xfb, 0xf7, 0xf4, 0xff,
    0xfb, 0xf7, 0xf4, 0xff, 0xfb, 0xf7, 0xf4, 0xff, 0xfb, 0xf7, 0xf4, 0xff,
    0xfb, 0xf7, 0xf4, 0xff, 0xfb, 0xf7, 0xf4, 0xff, 0xfb, 0xf7, 0xf4, 0xff,
    0xfb, 0xf7, 0xf4, 0xff, 0xfb, 0xf7, 0xf4, 0xff, 0xfb, 0xf7, 0xf4, 0xff,
    0xfb, 0xf7, 0xf4, 0xff, 0xfb, 0xf7, 0xf4, 0xff, 0xfb, 0xf7, 0xf4, 0xff,
    0xfb, 0xf7, 0xf4, 0xff, 0xfb, 0xf7, 0xf4, 0xff, 0xfb, 0xf7, 0xf4, 0xff,
    0xfb, 0xf7, 0xf4, 0xff, 0xfb, 0xf7, 0xf4, 0xff, 0xfb, 0xf7, 0xf4, 0xff,
    0xfb, 0xf7, 0xf4, 0xff, 0xfb, 0xf7, 0xf4, 0xff, 0xfb, 0xf7, 0xf4, 0xff,
    0xfb, 0xf7, 0xf4, 0xff, 0xfb, 0xf7, 0xf4, 0xff, 0xfb, 0xf7, 0xf4, 0xff,
    0xfb, 0xf7, 0xf4, 0xff, 0xfb, 0xf7, 0xf4, 0xff, 0xfb, 0xf7, 0xf4, 0xff,
    0xfb, 0xf7, 0xf4, 0xff, 0xfb, 0xf7, 0xf4, 0xff, 0xfb, 0xf7, 0xf4, 0xff,
    0xfb, 0xf7, 0xf4, 0xff, 0xfb, 0xf7, 0xf4, 0xff, 0xfb, 0xf7, 0xf4, 0xff,
    0xfb, 0xf7, 0xf4, 0xff, 0xfb, 0xf7, 0xf4, 0xff, 0xfb, 0xf7, 0xf4, 0xff,
    0xfb, 0xf7, 0xf4, 0xff, 0xfb, 0xf7, 0xf4, 0xff, 0xfb, 0xf7, 0xf4, 0xff,
    0xfb, 0xf7, 0xf4, 0xff, 0xfb, 0xf7, 0xf4, 0xff, 0xfb, 0xf7, 0xf4, 0xff,
    0xfb, 0xf7, 0xf4, 0xff, 0xfb, 0xf7, 0xf4, 0xff, 0xfb, 0xf7, 0xf4, 0xff,
    0xfb, 0xf7, 0xf4, 0xff, 0xfb, 0xf7, 0xf4, 0xff, 0xfb, 0xf7, 0xf4, 0xff,
    0xfb, 0xf7, 0xf4, 0xff, 0xfb, 0xf7, 0xf4, 0xff, 0xfb, 0xf7, 0xf4, 0xff,
    0xfb, 0xf7, 0xf4, 0xff, 0xfb, 0xf7, 0xf4, 0xff, 0xfb, 0xf7, 0xf4, 0xff,
    0xfb, 0xf7, 0xf4, 0xff, 0xfb, 0xf7, 0xf4, 0xff, 0xfb, 0xf7, 0xf4, 0xff,
    0xfb, 0xf7, 0xf4, 0xff, 0xfb, 0xf7, 0xf4, 0xff, 0xfb, 0xf7, 0xf4, 0xff,
    0xfb, 0xf7, 0xf4, 0xff, 0xfb, 0xf7, 0xf4, 0xff, 0xfb, 0xf7, 0xf4, 0xff,
    0xfb, 0xf7, 0xf4, 0xff, 0xfb, 0xf7, 0xf4, 0xff, 0xfb, 0xf7, 0xf4, 0xff,
    0xfb, 0xf7, 0xf4, 0xff, 0xfb, 0xf7, 0xf4, 0xff, 0xfb, 0xf7, 0xf4, 0xff,
    0xfb, 0xf7, 0xf4, 0xff, 0xfb, 0xf7, 0xf4, 0xff, 0xfb, 0xf7, 0xf4, 0xff,
    0xfb, 0xf7, 0xf4, 0xff, 0xfb, 0xf7, 0xf4, 0xff, 0xfb, 0xf7, 0xf4, 0xff,
    0xfb, 0xf7, 0xf4, 0xff, 0xfb, 0xf7, 0xf4, 0xff, 0xfb, 0xf7, 0xf4, 0xff,
    0xfb, 0xf7, 0xf4, 0xff, 0xfb, 0xf7, 0xf4, 0xff, 0xfb, 0xf7, 0xf4, 0xff,
    0xfb, 0xf7, 0xf4, 0xff, 0xfb, 0xf7, 0xf4, 0xff, 0xfb, 0xf7, 0xf4, 0xff,
    0xfb, 0xf7, 0xf4, 0xff, 0xfb, 0xf7, 0xf4, 0xff, 0xfb, 0xf7, 0xf4, 0xff,
    0xfb, 0xf7, 0xf4, 0xff, 0xfb, 0xf7, 0xf4, 0xff, 0xfb, 0xf7, 0xf4, 0xff,
    0xfb, 0xf7, 0xf4, 0xff, 0xfb, 0xf7, 0xf4, 0xff, 0xfb, 0xf7, 0xf4, 0xff,
    0xfb, 0xf7, 0xf4, 0xff, 0xfb, 0xf7, 0xf4, 0xff, 0xfb, 0xf7, 0xf4, 0xff,
    0xfb, 0xf7, 0xf4, 0xff, 0xfb, 0xf7, 0xf4, 0xff, 0xfb, 0xf7, 0xf4, 0xff,
    0xfb, 0xf7, 0xf4, 0xff, 0xfb, 0xf7, 0xf4, 0xff, 0xfb, 0xf7, 0xf4, 0xff,
    0xfb, 0xf7, 0xf4, 0xff, 0xfb, 0xf7, 0xf4, 0xff, 0xfb, 0xf7, 0xf4, 0xff,
    0xfb, 0xf7, 0xf4, 0xff, 0xfb, 0xf7, 0xf4, 0xff, 0xfb, 0xf7, 0xf4, 0xff,
    0xfb, 0xf7, 0xf4, 0xff, 0xfb, 0xf7, 0xf4, 0xff, 0xfb, 0xf7, 0xf4, 0xff,
    0xfb, 0xf7, 0xf4, 0xff, 0xfb, 0xf7, 0xf4, 0xff, 0xfb, 0xf7, 0xf4, 0xff,
    0xfb, 0xf7, 0xf4, 0xff, 0xfb, 0xf7, 0xf4, 0xff, 0xfb, 0xf7, 0xf4, 0xff,
    0xfb, 0xf7, 0xf4, 0xff, 0xfb, 0xf7, 0xf4, 0xff, 0xfb, 0xf7, 0xf4, 0xff,
    0xfb, 0xf7, 0xf4, 0xff, 0xfb, 0xf7, 0xf4, 0xff, 0xfb, 0xf7, 0xf4, 0xff,
    0xfb, 0xf7, 0xf4, 0xff, 0xfb, 0xf7, 0xf4, 0xff, 0xfb, 0xf7, 0xf4, 0xff,
    0xfb, 0xf7, 0xf4, 0xff, 0xfb, 0xf7, 0xf4, 0xff, 0xfb, 0xf7, 0xf4, 0xff,
    0xfb, 0xf7, 0xf4, 0xff, 0xfb, 0xf7, 0xf4, 0xff, 0xfb, 0xf7, 0xf4, 0xff,
    0xfb, 0xf7, 0xf4, 0xff, 0xfb, 0xf7, 0xf4, 0xff, 0xfb, 0xf7, 0xf4, 0xff,
    0xfb, 0xf7, 0xf4, 0xff, 0xfb, 0xf7, 0xf4, 0xff, 0xfb, 0xf7, 0xf4, 0xff,
    0xfb, 0xf7, 0xf4, 0xff, 0xfb, 0xf7, 0xf4, 0xff, 0xfb, 0xf7, 0xf4, 0xff,
    0xfb, 0xf7, 0xf4, 0xff, 0xfb, 0xf7, 0xf4, 0xff, 0xfb, 0xf7, 0xf4, 0xff,
    0xfb, 0xf7, 0xf4, 0xff, 0xfb, 0xf7, 0xf4, 0xff, 0xfb, 0xf7, 0xf4, 0xff,
    0xfb, 0xf7, 0xf4, 0xff, 0xfb, 0xf7, 0xf4, 0xff, 0xfb, 0xf7, 0xf4, 0xff,
    0xfb, 0xf7, 0xf4, 0xff, 0xfb, 0xf7, 0xf4, 0xff, 0xfb, 0xf7, 0xf4, 0xff,
    0xfb, 0xf7, 0xf4, 0xff, 0xfb, 0xf7, 0xf4, 0xff, 0xfb, 0xf7, 0xf4, 0xff,
    0xfb, 0xf7, 0xf4, 0xff, 0xfb, 0xf7, 0xf4, 0xff, 0xfb, 0xf7, 0xf4, 0xff,
    0xfb, 0xf7, 0xf4, 0xff, 0xfb, 0xf7, 0xf4, 0xff, 0xfb, 0xf7, 0xf4, 0xff,
    0xfb, 0xf7, 0xf4, 0xff, 0xfb, 0xf7, 0xf4, 0xff, 0xfb, 0xf7, 0xf4, 0xff,
    0xfb, 0xf7, 0xf4, 0xff, 0xfb, 0xf7, 0xf4, 0xff, 0xfb, 0xf7, 0xf4, 0xff,
    0xfb, 0xf7, 0xf4, 0xff, 0xfb, 0xf7, 0xf4, 0xff, 0xfb, 0xf7, 0xf4, 0xff,
    0xfb, 0xf7, 0xf4, 0xff, 0xfb, 0xf7, 0xf4, 0xff, 0xfb, 0xf7, 0xf4, 0xff,
    0xfb, 0xf7, 0xf4, 0xff, 0xfb, 0xf7, 0xf4, 0xff, 0xfb, 0xf7, 0xf4, 0xff,
    0xfb, 0xf7, 0xf4, 0xff, 0xfb, 0xf7, 0xf4, 0xff, 0xfb, 0xf7, 0xf4, 0xff,
    0xfb, 0xf7, 0xf4, 0xff, 0xfb, 0xf7, 0xf4, 0xff, 0xfb, 0xf7, 0xf4, 0xff,
    0xfb, 0xf7, 0xf4, 0xff, 0xfb, 0xf7, 0xf4, 0xff, 0xfb, 0xf7, 0xf4, 0xff,
    0xfb, 0xf7, 0xf4, 0xff, 0xfb, 0xf7, 0xf4, 0xff, 0xfb, 0xf7, 0xf4, 0xff,
    0xfb, 0xf7, 0xf4, 0xff, 0xfb, 0xf7, 0xf4, 0xff, 0xfb, 0xf7, 0xf4, 0xff,
    0xfb, 0xf7, 0xf4, 0xff, 0xfb, 0xf7, 0xf4, 0xff, 0xfb, 0xf7, 0xf4, 0xff,
    0xfb, 0xf7, 0xf4, 0xff, 0xfb, 0xf7, 0xf4, 0xff, 0xfb, 0xf7, 0xf4, 0xff,
    0xfb, 0xf7, 0xf4, 0xff, 0xfb, 0xf7, 0xf4, 0xff, 0xfb, 0xf7, 0xf4, 0xff,
    0xfb, 0xf7, 0xf4, 0xff, 0xfb, 0xf7, 0xf4, 0xff, 0xfb, 0xf7, 0xf4, 0xff,
    0xfb, 0xf7, 0xf4, 0xff, 0xfb, 0xf7, 0xf4, 0xff, 0xfb, 0xf7, 0xf4, 0xff,
    0xfb, 0xf7, 0xf4, 0xff, 0xfb, 0xf7, 0xf4, 0xff, 0xfb, 0xf7, 0xf4, 0xff,
    0xfb, 0xf7, 0xf4, 0xff, 0xfb, 0xf7, 0xf4, 0xff, 0xfb, 0xf7, 0xf4, 0xff,
    0xfb, 0xf7, 0xf4, 0xff, 0xfb, 0xf7, 0xf4, 0xff, 0xfb, 0xf7, 0xf4, 0xff,
    0xfb, 0xf7, 0xf4, 0xff, 0xfb, 0xf7, 0xf4, 0xff, 0xfb, 0xf7, 0xf4, 0xff,
    0xfb, 0xf7, 0xf4, 0xff, 0xfb, 0xf7, 0xf4, 0xff, 0xfb, 0xf7, 0xf4, 0xff,
    0xfb, 0xf7, 0xf4, 0xff, 0xfb, 0xf7, 0xf4, 0xff, 0xfb, 0xf7, 0xf4, 0xff,
    0xfb, 0xf7, 0xf4, 0xff, 0xfb, 0xf7, 0xf4, 0xff, 0xfb, 0xf7, 0xf4, 0xff,
    0xfb, 0xf7, 0xf4, 0xff, 0xfb, 0xf7, 0xf4, 0xff, 0xfb, 0xf7, 0xf4, 0xff,
    0xfb, 0xf7, 0xf4, 0xff, 0xfb, 0xf7, 0xf4, 0xff, 0xfb, 0xf7, 0xf4, 0xff,
    0xfb, 0xf7, 0xf4, 0xff, 0xfb, 0xf7, 0xf4, 0xff, 0xfb, 0xf7, 0xf4, 0xff,
    0xfb, 0xf7, 0xf4, 0xff, 0xfb, 0xf7, 0xf4, 0xff, 0xfb, 0xf7, 0xf4, 0xff,
    0xfb, 0xf7, 0xf4, 0xff, 0xfb, 0xf7, 0xf4, 0xff, 0xfb, 0xf7, 0xf4, 0xff,
    0xfb, 0xf7, 0xf4, 0xff, 0xfb, 0xf7, 0xf4, 0xff, 0xfb, 0xf7, 0xf4, 0xff,
    0xfb, 0xf7, 0xf4, 0xff, 0xfb, 0xf7, 0xf4, 0xff, 0xfb, 0xf7, 0xf4, 0xff,
    0xfb, 0xf7, 0xf4, 0xff, 0xfb, 0xf7, 0xf4, 0xff, 0xfb, 0xf7, 0xf4, 0xff,
    0xfb, 0xf7, 0xf4, 0xff, 0xfb, 0xf7, 0xf4, 0xff, 0xfb, 0xf7, 0xf4, 0xff,
    0xfb, 0xf7, 0xf4, 0xff, 0xfb, 0xf7, 0xf4, 0xff, 0xfb, 0xf7, 0xf4, 0xff,
    0xfb, 0xf7, 0xf4, 0xff, 0xfb, 0xf7, 0xf4, 0xff, 0xfb, 0xf7, 0xf4, 0xff,
    0xfb, 0xf7, 0xf4, 0xff, 0xfb, 0xf7, 0xf4, 0xff, 0xfb, 0xf7, 0xf4, 0xff,
    0xfb, 0xf7, 0xf4, 0xff, 0xfb, 0xf7, 0xf4, 0xff, 0xfb, 0xf7, 0xf4, 0xff,
    0xfb, 0xf7, 0xf4, 0xff, 0xfb, 0xf7, 0xf4, 0xff, 0xfb, 0xf7, 0xf4, 0xff,
    0xfb, 0xf7, 0xf4, 0xff, 0xfb, 0xf7, 0xf4, 0xff, 0xfb, 0xf7, 0xf4, 0xff,
    0xfb, 0xf7, 0xf4, 0xff, 0xfb, 0xf7, 0xf4, 0xff, 0xfb, 0xf7, 0xf4, 0xff,
    0xfb, 0xf7, 0xf4, 0xff, 0xfb, 0xf7, 0xf4, 0xff, 0xfb, 0xf7, 0xf4, 0xff,
    0xfb, 0xf7, 0xf4, 0xff, 0xfb, 0xf7, 0xf4, 0xff, 0xfb, 0xf7, 0xf4, 0xff,
    0xfb, 0xf7, 0xf4, 0xff, 0xfb, 0xf7, 0xf4, 0xff, 0xfb, 0xf7, 0xf4, 0xff,
    0xfb, 0xf7, 0xf4, 0xff, 0xfb, 0xf7, 0xf4, 0xff, 0xfb, 0xf7, 0xf4, 0xff,
    0xfb, 0xf7, 0xf4, 0xff, 0xfb, 0xf7, 0xf4, 0xff, 0xfb, 0xf7, 0xf4, 0xff,
    0xfb, 0xf7, 0xf4, 0xff, 0xfb, 0xf7, 0xf4, 0xff, 0xfb, 0xf7, 0xf4, 0xff,
    0xfb, 0xf7, 0xf4, 0xff, 0xfb, 0xf7, 0xf4, 0xff, 0xfb, 0xf7, 0xf4, 0xff,
    0xfb, 0xf7, 0xf4, 0xff, 0xfb, 0xf7, 0xf4, 0xff, 0xfb, 0xf7, 0xf4, 0xff,
    0xfb, 0xf7, 0xf4, 0xff, 0xfb, 0xf7, 0xf4, 0xff, 0xfb, 0xf7, 0xf4, 0xff,
    0xfb, 0xf7, 0xf4, 0xff, 0xfb, 0xf7, 0xf4, 0xff, 0xfb, 0xf7, 0xf4, 0xff,
    0xfb, 0xf7, 0xf4, 0xff, 0xfb, 0xf7, 0xf4, 0xff, 0xfb, 0xf7, 0xf4, 0xff,
    0xfb, 0xf7, 0xf4, 0xff, 0xfb, 0xf7, 0xf4, 0xff, 0xfb, 0xf7, 0xf4, 0xff,
    0xfb, 0xf7, 0xf4, 0xff, 0xfb, 0xf7, 0xf4, 0xff, 0xfb, 0xf7, 0xf4, 0xff,
    0xfb, 0xf7, 0xf4, 0xff, 0xfb, 0xf7, 0xf4, 0xff, 0xfb, 0xf7, 0xf4, 0xff,
    0xfb, 0xf7, 0xf4, 0xff, 0xfb, 0xf7, 0xf4, 0xff, 0xfb, 0xf7, 0xf4, 0xff,
    0xfb, 0xf7, 0xf4, 0xff, 0xfb, 0xf7, 0xf4, 0xff, 0xfb, 0xf7, 0xf4, 0xff,
    0xfb, 0xf7, 0xf4, 0xff, 0xfb, 0xf7, 0xf4, 0xff, 0xfb, 0xf7, 0xf4, 0xff,
    0xfb, 0xf7, 0xf4, 0xff, 0xfb, 0xf7, 0xf4, 0xff, 0xfb, 0xf7, 0xf4, 0xff,
    0xfb, 0xf7, 0xf4, 0xff, 0xfb, 0xf7, 0xf4, 0xff, 0xfb, 0xf7, 0xf4, 0xff,
    0xfb, 0xf7, 0xf4, 0xff, 0xfb, 0xf7, 0xf4, 0xff, 0xfb, 0xf7, 0xf4, 0xff,
    0xfb, 0xf7, 0xf4, 0xff, 0xfb, 0xf7, 0xf4, 0xff, 0xfb, 0xf7, 0xf4, 0xff,
    0xfb, 0xf7, 0xf4, 0xff, 0xfb, 0xf7, 0xf4, 0xff, 0xfb, 0xf7, 0xf4, 0xff,
    0xfb, 0xf7, 0xf4, 0xff, 0xfb, 0xf7, 0xf4, 0xff, 0xfb, 0xf7, 0xf4, 0xff,
    0xfb, 0xf7, 0xf4, 0xff, 0xfb, 0xf7, 0xf4, 0xff, 0xfb, 0xf7, 0xf4, 0xff,
    0xfb, 0xf7, 0xf4, 0xff, 0xfb, 0xf7, 0xf4, 0xff, 0xfb, 0xf7, 0xf4, 0xff,
    0xfb, 0xf7, 0xf4, 0xff, 0xfb, 0xf7, 0xf4, 0xff, 0xfb, 0xf7, 0xf4, 0xff,
    0xfb, 0xf7, 0xf4, 0xff, 0xfb, 0xf7, 0xf4, 0xff, 0xfb, 0xf7, 0xf4, 0xff,
    0xfb, 0xf7, 0xf4, 0xff, 0xfb, 0xf7, 0xf4, 0xff, 0xfb, 0xf7, 0xf4, 0xff,
    0xfb, 0xf7, 0xf4, 0xff, 0xfb, 0xf7, 0xf4, 0xff, 0xfb, 0xf7, 0xf4, 0xff,
    0xfb, 0xf7, 0xf4, 0xff, 0xfb, 0xf7, 0xf4, 0xff, 0xfb, 0xf7, 0xf4, 0xff,
    0xfb, 0xf7, 0xf4, 0xff, 0xfb, 0xf7, 0xf4, 0xff, 0xfb, 0xf7, 0xf4, 0xff,
    0xfb, 0xf7, 0xf4, 0xff, 0xfb, 0xf7, 0xf4, 0xff, 0xfb, 0xf7, 0xf4, 0xff,
    0xfb, 0xf7, 0xf4, 0xff, 0xfb, 0xf7, 0xf4, 0xff, 0xfb, 0xf7, 0xf4, 0xff,
    0xfb, 0xf7, 0xf4, 0xff, 0xfb, 0xf7, 0xf4, 0xff, 0xfb, 0xf7, 0xf4, 0xff,
    0xfb, 0xf7, 0xf4, 0xff, 0xfb, 0xf7, 0xf4, 0xff, 0xfb, 0xf7, 0xf4, 0xff,
    0xfb, 0xf7, 0xf4, 0xff, 0xfb, 0xf7, 0xf4, 0xff, 0xfb, 0xf7, 0xf4, 0xff,
    0xfb, 0xf7, 0xf4, 0xff, 0xfb, 0xf7, 0xf4, 0xff, 0xfb, 0xf7, 0xf4, 0xff,
    0xfb, 0xf7, 0xf4, 0xff, 0xfb, 0xf7, 0xf4, 0xff, 0xfb, 0xf7, 0xf4, 0xff,
    0xfb, 0xf7, 0xf4, 0xff, 0xfb, 0xf7, 0xf4, 0xff, 0xfb, 0xf7, 0xf4, 0xff,
    0xfb, 0xf7, 0xf4, 0xff, 0xfb, 0xf7, 0xf4, 0xff, 0xfb, 0xf7, 0xf4, 0xff,
    0xfb, 0xf7, 0xf4, 0xff, 0xfb, 0xf7, 0xf4, 0xff, 0xfb, 0xf7, 0xf4, 0xff,
    0xfb, 0xf7, 0xf4, 0xff, 0xfb, 0xf7, 0xf4, 0xff, 0xfb, 0xf7, 0xf4, 0xff,
    0xfb, 0xf7, 0xf4, 0xff, 0xfb, 0xf7, 0xf4, 0xff, 0xfb, 0xf7, 0xf4, 0xff,
    0xfb, 0xf7, 0xf4, 0xff, 0xfb, 0xf7, 0xf4, 0xff, 0xfb, 0xf7, 0xf4, 0xff,
    0xfb, 0xf7, 0xf4, 0xff, 0xfb, 0xf7, 0xf4, 0xff, 0xfb, 0xf7, 0xf4, 0xff,
    0xfb, 0xf7, 0xf4, 0xff, 0xfb, 0xf7, 0xf4, 0xff, 0xfb, 0xf7, 0xf4, 0xff,
    0xfb, 0xf7, 0xf4, 0xff, 0xfb, 0xf7, 0xf4, 0xff, 0xfb, 0xf7, 0xf4, 0xff,
    0xfb, 0xf7, 0xf4, 0xff, 0xfb, 0xf7, 0xf4, 0xff, 0xfb, 0xf7, 0xf4, 0xff,
    0xfb, 0xf7, 0xf4, 0xff, 0xfb, 0xf7, 0xf4, 0xff, 0xfb, 0xf7, 0xf4, 0xff,
    0xfb, 0xf7, 0xf4, 0xff, 0xfb, 0xf7, 0xf4, 0xff, 0xfb, 0xf7, 0xf4, 0xff,
    0xfb, 0xf7, 0xf4, 0xff, 0xfb, 0xf7, 0xf4, 0xff, 0xfb, 0xf7, 0xf4, 0xff,
    0xfb, 0xf7, 0xf4, 0xff, 0xfb, 0xf7, 0xf4, 0xff, 0xfb, 0xf7, 0xf4, 0xff,
    0xfb, 0xf7, 0xf4, 0xff, 0xfb, 0xf7, 0xf4, 0xff, 0xfb, 0xf7, 0xf4, 0xff,
    0xfb, 0xf7, 0xf4, 0xff, 0xfb, 0xf7, 0xf4, 0xff, 0xfb, 0xf7, 0xf4, 0xff,
    0xfb, 0xf7, 0xf4, 0xff, 0xfb, 0xf7, 0xf4, 0xff, 0xfb, 0xf7, 0xf4, 0xff,
    0xfb, 0xf7, 0xf4, 0xff, 0xfb, 0xf7, 0xf4, 0xff, 0xfb, 0xf7, 0xf4, 0xff,
    0xfb, 0xf7, 0xf4, 0xff, 0xfb, 0xf7, 0xf4, 0xff, 0xfb, 0xf7, 0xf4, 0xff,
    0xfb, 0xf7, 0xf4, 0xff, 0xfb, 0xf7, 0xf4, 0xff, 0xfb, 0xf7, 0xf4, 0xff,
    0xfb, 0xf7, 0xf4, 0xff, 0xfb, 0xf7, 0xf4, 0xff, 0xfb, 0xf7, 0xf4, 0xff,
    0xfb, 0xf7, 0xf4, 0xff, 0xfb, 0xf7, 0xf4, 0xff, 0xfb, 0xf7, 0xf4, 0xff,
    0xfb, 0xf7, 0xf4, 0xff, 0xfb, 0xf7, 0xf4, 0xff, 0xfb, 0xf7, 0xf4, 0xff,
    0xfb, 0xf7, 0xf4, 0xff, 0xfb, 0xf7, 0xf4, 0xff, 0xfb, 0xf7, 0xf4, 0xff,
    0xfb, 0xf7, 0xf4, 0xff, 0xfb, 0xf7, 0xf4, 0xff, 0xfb, 0xf7, 0xf4, 0xff,
    0xfb, 0xf7, 0xf4, 0xff, 0xfb, 0xf7, 0xf4, 0xff, 0xfb, 0xf7, 0xf4, 0xff,
    0xfb, 0xf7, 0xf4, 0xff, 0xfb, 0xf7, 0xf4, 0xff, 0xfb, 0xf7, 0xf4, 0xff,
    0xfb, 0xf7, 0xf4, 0xff, 0xfb, 0xf7, 0xf4, 0xff, 0xfb, 0xf7, 0xf4, 0xff,
    0xfb, 0xf7, 0xf4, 0xff, 0xfb, 0xf7, 0xf4, 0xff, 0xfb, 0xf7, 0xf4, 0xff,
    0xfb, 0xf7, 0xf4, 0xff, 0xfb, 0xf7, 0xf4, 0xff, 0xfb, 0xf7, 0xf4, 0xff,
    0xfb, 0xf7, 0xf4, 0xff, 0xfb, 0xf7, 0xf4, 0xff, 0xfb, 0xf7, 0xf4, 0xff,
    0xfb, 0xf7, 0xf4, 0xff, 0xfb, 0xf7, 0xf4, 0xff, 0xfb, 0xf7, 0xf4, 0xff,
    0xfb, 0xf7, 0xf4, 0xff, 0xfb, 0xf7, 0xf4, 0xff, 0xfb, 0xf7, 0xf4, 0xff,
    0xfb, 0xf7, 0xf4, 0xff, 0xfb, 0xf7, 0xf4, 0xff, 0xfb, 0xf7, 0xf4, 0xff,
    0xfb, 0xf7, 0xf4, 0xff, 0xfb, 0xf7, 0xf4, 0xff, 0xfb, 0xf7, 0xf4, 0xff,
    0xfb, 0xf7, 0xf4, 0xff, 0xfb, 0xf7, 0xf4, 0xff, 0xfb, 0xf7, 0xf4, 0xff,
    0xfb, 0xf7, 0xf4, 0xff, 0xfb, 0xf7, 0xf4, 0xff, 0xfb, 0xf7, 0xf4, 0xff,
    0xfb, 0xf7, 0xf4, 0xff, 0xfb, 0xf7, 0xf4, 0xff, 0xfb, 0xf7, 0xf4, 0xff,
    0xfb, 0xf7, 0xf4, 0xff, 0xfb, 0xf7, 0xf4, 0xff, 0xfb, 0xf7, 0xf4, 0xff,
    0xfb, 0xf7, 0xf4, 0xff, 0xfb, 0xf7, 0xf4, 0xff, 0xfb, 0xf7, 0xf4, 0xff,
    0xfb, 0xf7, 0xf4, 0xff, 0xfb, 0xf7, 0xf4, 0xff, 0xfb, 0xf7, 0xf4, 0xff,
    0xfb, 0xf7, 0xf4, 0xff, 0xfb, 0xf7, 0xf4, 0xff, 0xfb, 0xf7, 0xf4, 0xff,
    0xfb, 0xf7, 0xf4, 0xff, 0xfb, 0xf7, 0xf4, 0xff, 0xfb, 0xf7, 0xf4, 0xff,
    0xfb, 0xf7, 0xf4, 0xff, 0xfb, 0xf7, 0xf4, 0xff, 0xfb, 0xf7, 0xf4, 0xff,
    0xfb, 0xf7, 0xf4, 0xff, 0xfb, 0xf7, 0xf4, 0xff, 0xfb, 0xf7, 0xf4, 0xff,
    0xfb, 0xf7, 0xf4, 0xff, 0xfb, 0xf7, 0xf4, 0xff, 0xfb, 0xf7, 0xf4, 0xff,
    0xfb, 0xf7, 0xf4, 0xff, 0xfb, 0xf7, 0xf4, 0xff, 0xfb, 0xf7, 0xf4, 0xff,
    0xfb, 0xf7, 0xf4, 0xff, 0xfb, 0xf7, 0xf4, 0xff, 0xfb, 0xf7, 0xf4, 0xff,
    0xfb, 0xf7, 0xf4, 0xff, 0xfb, 0xf7, 0xf4, 0xff, 0xfb, 0xf7, 0xf4, 0xff,
    0xfb, 0xf7, 0xf4, 0xff, 0xfb, 0xf7, 0xf4, 0xff, 0xfb, 0xf7, 0xf4, 0xff,
    0xfb, 0xf7, 0xf4, 0xff, 0xfb, 0xf7, 0xf4, 0xff, 0xfb, 0xf7, 0xf4, 0xff,
    0xfb, 0xf7, 0xf4, 0xff, 0xfb, 0xf7, 0xf4, 0xff, 0xfb, 0xf7, 0xf4, 0xff,
    0xfb, 0xf7, 0xf4, 0xff, 0xfb, 0xf7, 0xf4, 0xff, 0xfb, 0xf7, 0xf4, 0xff,
    0xfb, 0xf7, 0xf4, 0xff, 0xfb, 0xf7, 0xf4, 0xff, 0xfb, 0xf7, 0xf4, 0xff,
    0xfb, 0xf7, 0xf4, 0xff, 0xfb, 0xf7, 0xf4, 0xff, 0xfb, 0xf7, 0xf4, 0xff,
    0xfb, 0xf7, 0xf4, 0xff, 0xfb, 0xf7, 0xf4, 0xff, 0xfb, 0xf7, 0xf4, 0xff,
    0xfb, 0xf7, 0xf4, 0xff, 0xfb, 0xf7, 0xf4, 0xff, 0xfb, 0xf7, 0xf4, 0xff,
    0xfb, 0xf7, 0xf4, 0xff, 0xfb, 0xf7, 0xf4, 0xff, 0xfb, 0xf7, 0xf4, 0xff,
    0xfb, 0xf7, 0xf4, 0xff, 0xfb, 0xf7, 0xf4, 0xff, 0xfb, 0xf7, 0xf4, 0xff,
    0xfb, 0xf7, 0xf4, 0xff, 0xfb, 0xf7, 0xf4, 0xff, 0xfb, 0xf7, 0xf4, 0xff,
    0xfb, 0xf7, 0xf4, 0xff, 0xfb, 0xf7, 0xf4, 0xff, 0xfb, 0xf7, 0xf4, 0xff,
    0xfb, 0xf7, 0xf4, 0xff, 0xfb, 0xf7, 0xf4, 0xff, 0xfb, 0xf7, 0xf4, 0xff,
    0xfb, 0xf7, 0xf4, 0xff, 0xfb, 0xf7, 0xf4, 0xff, 0xfb, 0xf7, 0xf4, 0xff,
    0xfb, 0xf7, 0xf4, 0xff, 0xfb, 0xf7, 0xf4, 0xff, 0xfb, 0xf7, 0xf4, 0xff,
    0xfb, 0xf7, 0xf4, 0xff, 0xfb, 0xf7, 0xf4, 0xff, 0xfb, 0xf7, 0xf4, 0xff,
    0xfb, 0xf7, 0xf4, 0xff, 0xfb, 0xf7, 0xf4, 0xff, 0xfb, 0xf7, 0xf4, 0xff,
    0xfb, 0xf7, 0xf4, 0xff, 0xfb, 0xf7, 0xf4, 0xff, 0xfb, 0xf7, 0xf4, 0xff,
    0xfb, 0xf7, 0xf4, 0xff, 0xfb, 0xf7, 0xf4, 0xff, 0xfb, 0xf7, 0xf4, 0xff,
    0xfb, 0xf7, 0xf4, 0xff, 0xfb, 0xf7, 0xf4, 0xff, 0xfb, 0xf7, 0xf4, 0xff,
    0xfb, 0xf7, 0xf4, 0xff, 0xfb, 0xf7, 0xf4, 0xff, 0xfb, 0xf7, 0xf4, 0xff,
    0xfb, 0xf7, 0xf4, 0xff, 0xfb, 0xf7, 0xf4, 0xff, 0xfb, 0xf7, 0xf4, 0xff,
    0xfb, 0xf7, 0xf4, 0xff, 0xfb, 0xf7, 0xf4, 0xff, 0xfb, 0xf7, 0xf4, 0xff,
    0xfb, 0xf7, 0xf4, 0xff, 0xfb, 0xf7, 0xf4, 0xff, 0xfb, 0xf7, 0xf4, 0xff,
    0xfb, 0xf7, 0xf4, 0xff, 0xfb, 0xf7, 0xf4, 0xff, 0xfb, 0xf7, 0xf4, 0xff,
    0xfb, 0xf7, 0xf4, 0xff, 0xfb, 0xf7, 0xf4, 0xff, 0xfb, 0xf7, 0xf4, 0xff,
    0xfb, 0xf7, 0xf4, 0xff, 0xfb, 0xf7, 0xf4, 0xff, 0xfb, 0xf7, 0xf4, 0xff,
    0xfb, 0xf7, 0xf4, 0xff, 0xfb, 0xf7, 0xf4, 0xff, 0xfb, 0xf7, 0xf4, 0xff,
    0xfb, 0xf7, 0xf4, 0xff, 0xfb, 0xf7, 0xf4, 0xff, 0xfb, 0xf7, 0xf4, 0xff,
    0xfb, 0xf7, 0xf4, 0xff, 0xfb, 0xf7, 0xf4, 0xff, 0xfb, 0xf7, 0xf4, 0xff,
    0xfb, 0xf7, 0xf4, 0xff, 0xfb, 0xf7, 0xf4, 0xff, 0xfb, 0xf7, 0xf4, 0xff,
    0xfb, 0xf7, 0xf4, 0xff, 0xfb, 0xf7, 0xf4, 0xff, 0xfb, 0xf7, 0xf4, 0xff,
    0xfb, 0xf7, 0xf4, 0xff, 0xfb, 0xf7, 0xf4, 0xff, 0xfb, 0xf7, 0xf4, 0xff,
    0xfb, 0xf7, 0xf4, 0xff, 0xfb, 0xf7, 0xf4, 0xff, 0xfb, 0xf7, 0xf4, 0xff,
    0xfb, 0xf7, 0xf4, 0xff, 0xfb, 0xf7, 0xf4, 0xff, 0xfb, 0xf7, 0xf4, 0xff,
    0xfb, 0xf7, 0xf4, 0xff, 0xfb, 0xf7, 0xf4, 0xff, 0xfb, 0xf7, 0xf4, 0xff,
    0xfb, 0xf7, 0xf4, 0xff, 0xfb, 0xf7, 0xf4, 0xff, 0xfb, 0xf7, 0xf4, 0xff,
    0xfb, 0xf7, 0xf4, 0xff, 0xfb, 0xf7, 0xf4, 0xff, 0xfb, 0xf7, 0xf4, 0xff,
    0xfb, 0xf7, 0xf4, 0xff, 0xfb, 0xf7, 0xf4, 0xff, 0xfb, 0xf7, 0xf4, 0xff,
    0xfb, 0xf7, 0xf4, 0xff, 0xfb, 0xf7, 0xf4, 0xff, 0xfb, 0xf7, 0xf4, 0xff,
    0xfb, 0xf7, 0xf4, 0xff, 0xfb, 0xf7, 0xf4, 0xff, 0xfb, 0xf7, 0xf4, 0xff,
    0xfb, 0xf7, 0xf4, 0xff, 0xfb, 0xf7, 0xf4, 0xff, 0xfb, 0xf7, 0xf4, 0xff,
    0xfb, 0xf7, 0xf4, 0xff, 0xfb, 0xf7, 0xf4, 0xff, 0xfb, 0xf7, 0xf4, 0xff,
    0xfb, 0xf7, 0xf4, 0xff, 0xfb, 0xf7, 0xf4, 0xff, 0xfb, 0xf7, 0xf4, 0xff,
    0xfb, 0xf7, 0xf4, 0xff, 0xfb, 0xf7, 0xf4, 0xff, 0xfb, 0xf7, 0xf4, 0xff,
    0xfb, 0xf7, 0xf4, 0xff, 0xfb, 0xf7, 0xf4, 0xff, 0xfb, 0xf7, 0xf4, 0xff,
    0xfb, 0xf7, 0xf4, 0xff, 0xfb, 0xf7, 0xf4, 0xff, 0xfb, 0xf7, 0xf4, 0xff,
    0xfb, 0xf7, 0xf4, 0xff, 0xfb, 0xf7, 0xf4, 0xff, 0xfb, 0xf7, 0xf4, 0xff,
    0xfb, 0xf7, 0xf4, 0xff, 0xfb, 0xf7, 0xf4, 0xff, 0xfb, 0xf7, 0xf4, 0xff,
    0xfb, 0xf7, 0xf4, 0xff, 0xfb, 0xf7, 0xf4, 0xff, 0xfb, 0xf7, 0xf4, 0xff,
    0xfb, 0xf7, 0xf4, 0xff, 0xfb, 0xf7, 0xf4, 0xff, 0xfb, 0xf7, 0xf4, 0xff,
    0xfb, 0xf7, 0xf4, 0xff, 0xfb, 0xf7, 0xf4, 0xff, 0xfb, 0xf7, 0xf4, 0xff,
    0xfb, 0xf7, 0xf4, 0xff, 0xfb, 0xf7, 0xf4, 0xff, 0xfb, 0xf7, 0xf4, 0xff,
    0xfb, 0xf7, 0xf4, 0xff, 0xfb, 0xf7, 0xf4, 0xff, 0xfb, 0xf7, 0xf4, 0xff,
    0xfb, 0xf7, 0xf4, 0xff, 0xfb, 0xf7, 0xf4, 0xff, 0xfb, 0xf7, 0xf4, 0xff,
    0xfb, 0xf7, 0xf4, 0xff, 0xfb, 0xf7, 0xf4, 0xff, 0xfb, 0xf7, 0xf4, 0xff,
    0xfb, 0xf7, 0xf4, 0xff, 0xfb, 0xf7, 0xf4, 0xff, 0xfb, 0xf7, 0xf4, 0xff,
    0xfb, 0xf7, 0xf4, 0xff, 0xfb, 0xf7, 0xf4, 0xff, 0xfb, 0xf7, 0xf4, 0xff,
    0xfb, 0xf7, 0xf4, 0xff, 0xfb, 0xf7, 0xf4, 0xff, 0xfb, 0xf7, 0xf4, 0xff,
    0xfb, 0xf7, 0xf4, 0xff, 0xfb, 0xf7, 0xf4, 0xff, 0xfb, 0xf7, 0xf4, 0xff,
    0xfb, 0xf7, 0xf4, 0xff, 0xfb, 0xf7, 0xf4, 0xff, 0xfb, 0xf7, 0xf4, 0xff,
    0xfb, 0xf7, 0xf4, 0xff, 0xfb, 0xf7, 0xf4, 0xff, 0xfb, 0xf7, 0xf4, 0xff,
    0xfb, 0xf7, 0xf4, 0xff, 0xfb, 0xf7, 0xf4, 0xff, 0xfb, 0xf7, 0xf4, 0xff,
    0xfb, 0xf7, 0xf4, 0xff, 0xfb, 0xf7, 0xf4, 0xff, 0xfb, 0xf7, 0xf4, 0xff,
    0xfb, 0xf7, 0xf4, 0xff, 0xfb, 0xf7, 0xf4, 0xff, 0xfb, 0xf7, 0xf4, 0xff,
    0xfb, 0xf7, 0xf4, 0xff, 0xfb, 0xf7, 0xf4, 0xff, 0xfb, 0xf7, 0xf4, 0xff,
    0xfb, 0xf7, 0xf4, 0xff, 0xfb, 0xf7, 0xf4, 0xff, 0xfb, 0xf7, 0xf4, 0xff,
    0xfb, 0xf7, 0xf4, 0xff, 0xfb, 0xf7, 0xf4, 0xff, 0xfb, 0xf7, 0xf4, 0xff,
    0xfb, 0xf7, 0xf4, 0xff, 0xfb, 0xf7, 0xf4, 0xff, 0xfb, 0xf7, 0xf4, 0xff,
    0xfb, 0xf7, 0xf4, 0xff, 0xfb, 0xf7, 0xf4, 0xff, 0xfb, 0xf7, 0xf4, 0xff,
    0xfb, 0xf7, 0xf4, 0xff, 0xfb, 0xf7, 0xf4, 0xff, 0xfb, 0xf7, 0xf4, 0xff,
    0xfb, 0xf7, 0xf4, 0xff, 0xfb, 0xf7, 0xf4, 0xff, 0xfb, 0xf7, 0xf4, 0xff,
    0xfb, 0xf7, 0xf4, 0xff, 0xfb, 0xf7, 0xf4, 0xff, 0xfb, 0xf7, 0xf4, 0xff,
    0xfb, 0xf7, 0xf4, 0xff, 0xfb, 0xf7, 0xf4, 0xff, 0xfb, 0xf7, 0xf4, 0xff,
    0xfb, 0xf7, 0xf4, 0xff, 0xfb, 0xf7, 0xf4, 0xff, 0xfb, 0xf7, 0xf4, 0xff,
    0xfb, 0xf7, 0xf4, 0xff, 0xfb, 0xf7, 0xf4, 0xff, 0xfb, 0xf7, 0xf4, 0xff,
    0xfb, 0xf7, 0xf4, 0xff, 0xfb, 0xf7, 0xf4, 0xff, 0xfb, 0xf7, 0xf4, 0xff,
    0xfb, 0xf7, 0xf4, 0xff, 0xfb, 0xf7, 0xf4, 0xff, 0xfb, 0xf7, 0xf4, 0xff,
    0xfb, 0xf7, 0xf4, 0xff, 0xfb, 0xf7, 0xf4, 0xff, 0xfb, 0xf7, 0xf4, 0xff,
    0xfb, 0xf7, 0xf4, 0xff, 0xfb, 0xf7, 0xf4, 0xff, 0xfb, 0xf7, 0xf4, 0xff,
    0xfb, 0xf7, 0xf4, 0xff, 0xfb, 0xf7, 0xf4, 0xff, 0xfb, 0xf7, 0xf4, 0xff,
    0xfb, 0xf7, 0xf4, 0xff, 0xfb, 0xf7, 0xf4, 0xff, 0xfb, 0xf7, 0xf4, 0xff,
    0xfb, 0xf7, 0xf4, 0xff, 0xfb, 0xf7, 0xf4, 0xff, 0xfb, 0xf7, 0xf4, 0xff,
    0xfb, 0xf7, 0xf4, 0xff, 0xfb, 0xf7, 0xf4, 0xff, 0xfb, 0xf7, 0xf4, 0xff,
    0xfb, 0xf7, 0xf4, 0xff, 0xfb, 0xf7, 0xf4, 0xff, 0xfb, 0xf7, 0xf4, 0xff,
    0xfb, 0xf7, 0xf4, 0xff, 0xfb, 0xf7, 0xf4, 0xff, 0xfb, 0xf7, 0xf4, 0xff,
    0xfb, 0xf7, 0xf4, 0xff, 0xfb, 0xf7, 0xf4, 0xff, 0xfb, 0xf7, 0xf4, 0xff,
    0xfb, 0xf7, 0xf4, 0xff, 0xfb, 0xf7, 0xf4, 0xff, 0xfb, 0xf7, 0xf4, 0xff,
    0xfb, 0xf7, 0xf4, 0xff, 0xfb, 0xf7, 0xf4, 0xff, 0xfb, 0xf7, 0xf4, 0xff,
    0xfb, 0xf7, 0xf4, 0xff, 0xfb, 0xf7, 0xf4, 0xff, 0xfb, 0xf7, 0xf4, 0xff,
    0xfb, 0xf7, 0xf4, 0xff, 0xfb, 0xf7, 0xf4, 0xff, 0xfb, 0xf7, 0xf4, 0xff,
    0xfb, 0xf7, 0xf4, 0xff, 0xfb, 0xf7, 0xf4, 0xff, 0xfb, 0xf7, 0xf4, 0xff,
    0xfb, 0xf7, 0xf4, 0xff, 0xfb, 0xf7, 0xf4, 0xff, 0xfb, 0xf7, 0xf4, 0xff,
    0xfb, 0xf7, 0xf4, 0xff, 0xfb, 0xf7, 0xf4, 0xff, 0xfb, 0xf7, 0xf4, 0xff,
    0xfb, 0xf7, 0xf4, 0xff, 0xfb, 0xf7, 0xf4, 0xff, 0xfb, 0xf7, 0xf4, 0xff,
    0xfb, 0xf7, 0xf4, 0xff, 0xfb, 0xf7, 0xf4, 0xff, 0xfb, 0xf7, 0xf4, 0xff,
    0xfb, 0xf7, 0xf4, 0xff, 0xfb, 0xf7, 0xf4, 0xff, 0xfb, 0xf7, 0xf4, 0xff,
    0xfb, 0xf7, 0xf4, 0xff, 0xfb, 0xf7, 0xf4, 0xff, 0xfb, 0xf7, 0xf4, 0xff,
    0xfb, 0xf7, 0xf4, 0xff, 0xfb, 0xf7, 0xf4, 0xff, 0xfb, 0xf7, 0xf4, 0xff,
    0xfb, 0xf7, 0xf4, 0xff, 0xfb, 0xf7, 0xf4, 0xff, 0xfb, 0xf7, 0xf4, 0xff,
    0xfb, 0xf7, 0xf4, 0xff, 0xfb, 0xf7, 0xf4, 0xff, 0xfb, 0xf7, 0xf4, 0xff,
    0xfb, 0xf7, 0xf4, 0xff, 0xfb, 0xf7, 0xf4, 0xff, 0xfb, 0xf7, 0xf4, 0xff,
    0xfb, 0xf7, 0xf4, 0xff, 0xfb, 0xf7, 0xf4, 0xff, 0xfb, 0xf7, 0xf4, 0xff,
    0xfb, 0xf7, 0xf4, 0xff, 0xfb, 0xf7, 0xf4, 0xff, 0xfb, 0xf7, 0xf4, 0xff,
    0xfb, 0xf7, 0xf4, 0xff, 0xfb, 0xf7, 0xf4, 0xff, 0xfb, 0xf7, 0xf4, 0xff,
    0xfb, 0xf7, 0xf4, 0xff, 0xfb, 0xf7, 0xf4, 0xff, 0xfb, 0xf7, 0xf4, 0xff,
    0xfb, 0xf7, 0xf4, 0xff, 0xfb, 0xf7, 0xf4, 0xff, 0xfb, 0xf7, 0xf4, 0xff,
    0xfb, 0xf7, 0xf4, 0xff, 0xfb, 0xf7, 0xf4, 0xff, 0xfb, 0xf7, 0xf4, 0xff,
    0xfb, 0xf7, 0xf4, 0xff, 0xfb, 0xf7, 0xf4, 0xff, 0xfb, 0xf7, 0xf4, 0xff,
    0xfb, 0xf7, 0xf4, 0xff, 0xfb, 0xf7, 0xf4, 0xff, 0xfb, 0xf7, 0xf4, 0xff,
    0xfb, 0xf7, 0xf4, 0xff, 0xfb, 0xf7, 0xf4, 0xff, 0xfb, 0xf7, 0xf4, 0xff,
    0xfb, 0xf7, 0xf4, 0xff, 0xfb, 0xf7, 0xf4, 0xff, 0xfb, 0xf7, 0xf4, 0xff,
    0xfb, 0xf7, 0xf4, 0xff, 0xfb, 0xf7, 0xf4, 0xff, 0xfb, 0xf7, 0xf4, 0xff,
    0xfb, 0xf7, 0xf4, 0xff, 0xfb, 0xf7, 0xf4, 0xff, 0xfb, 0xf7, 0xf4, 0xff,
    0xfb, 0xf7, 0xf4, 0xff, 0xfb, 0xf7, 0xf4, 0xff, 0xfb, 0xf7, 0xf4, 0xff,
    0xfb, 0xf7, 0xf4, 0xff, 0xfb, 0xf7, 0xf4, 0xff, 0xfb, 0xf7, 0xf4, 0xff,
    0xfb, 0xf7, 0xf4, 0xff, 0xfb, 0xf7, 0xf4, 0xff, 0xfb, 0xf7, 0xf4, 0xff,
    0xfb, 0xf7, 0xf4, 0xff, 0xfb, 0xf7, 0xf4, 0xff, 0xfb, 0xf7, 0xf4, 0xff,
    0xfb, 0xf7, 0xf4, 0xff, 0xfb, 0xf7, 0xf4, 0xff, 0xfb, 0xf7, 0xf4, 0xff,
    0xfb, 0xf7, 0xf4, 0xff, 0xfb, 0xf7, 0xf4, 0xff, 0xfb, 0xf7, 0xf4, 0xff,
    0xfb, 0xf7, 0xf4, 0xff, 0xfb, 0xf7, 0xf4, 0xff, 0xfb, 0xf7, 0xf4, 0xff,
    0xfb, 0xf7, 0xf4, 0xff, 0xfb, 0xf7, 0xf4, 0xff, 0xfb, 0xf7, 0xf4, 0xff,
    0xfb, 0xf7, 0xf4, 0xff, 0xfb, 0xf7, 0xf4, 0xff, 0xfb, 0xf7, 0xf4, 0xff,
    0xfb, 0xf7, 0xf4, 0xff, 0xfb, 0xf7, 0xf4, 0xff, 0xfb, 0xf7, 0xf4, 0xff,
    0xfb, 0xf7, 0xf4, 0xff, 0xfb, 0xf7, 0xf4, 0xff, 0xfb, 0xf7, 0xf4, 0xff,
    0xfb, 0xf7, 0xf4, 0xff, 0xfb, 0xf7, 0xf4, 0xff, 0xfb, 0xf7, 0xf4, 0xff,
    0xfb, 0xf7, 0xf4, 0xff, 0xfb, 0xf7, 0xf4, 0xff, 0xfb, 0xf7, 0xf4, 0xff,
    0xfb, 0xf7, 0xf4, 0xff, 0xfb, 0xf7, 0xf4, 0xff, 0xfb, 0xf7, 0xf4, 0xff,
    0xfb, 0xf7, 0xf4, 0xff, 0xfb, 0xf7, 0xf4, 0xff, 0xfb, 0xf7, 0xf4, 0xff,
    0xfb, 0xf7, 0xf4, 0xff, 0xfb, 0xf7, 0xf4, 0xff, 0xfb, 0xf7, 0xf4, 0xff,
    0xfb, 0xf7, 0xf4, 0xff, 0xfb, 0xf7, 0xf4, 0xff, 0xfb, 0xf7, 0xf4, 0xff,
    0xfb, 0xf7, 0xf4, 0xff, 0xfb, 0xf7, 0xf4, 0xff, 0xfb, 0xf7, 0xf4, 0xff,
    0xfb, 0xf7, 0xf4, 0xff, 0xfb, 0xf7, 0xf4, 0xff, 0xfb, 0xf7, 0xf4, 0xff,
    0xfb, 0xf7, 0xf4, 0xff, 0xfb, 0xf7, 0xf4, 0xff, 0xfb, 0xf7, 0xf4, 0xff,
    0xfb, 0xf7, 0xf4, 0xff, 0xfb, 0xf7, 0xf4, 0xff, 0xfb, 0xf7, 0xf4, 0xff,
    0xfb, 0xf7, 0xf4, 0xff, 0xfb, 0xf7, 0xf4, 0xff, 0xfb, 0xf7, 0xf4, 0xff,
    0xfb, 0xf7, 0xf4, 0xff, 0xfb, 0xf7, 0xf4, 0xff, 0xfb, 0xf7, 0xf4, 0xff,
    0xfb, 0xf7, 0xf4, 0xff, 0xfb, 0xf7, 0xf4, 0xff, 0xfb, 0xf7, 0xf4, 0xff,
    0xfb, 0xf7, 0xf4, 0xff, 0xfb, 0xf7, 0xf4, 0xff, 0xfb, 0xf7, 0xf4, 0xff,
    0xfb, 0xf7, 0xf4, 0xff, 0xfb, 0xf7, 0xf4, 0xff, 0xfb, 0xf7, 0xf4, 0xff,
    0xfb, 0xf7, 0xf4, 0xff, 0xfb, 0xf7, 0xf4, 0xff, 0xfb, 0xf7, 0xf4, 0xff,
    0xfb, 0xf7, 0xf4, 0xff, 0xfb, 0xf7, 0xf4, 0xff, 0xfb, 0xf7, 0xf4, 0xff,
    0xfb, 0xf7, 0xf4, 0xff, 0xfb, 0xf7, 0xf4, 0xff, 0xfb, 0xf7, 0xf4, 0xff,
    0xfb, 0xf7, 0xf4, 0xff, 0xfb, 0xf7, 0xf4, 0xff, 0xfb, 0xf7, 0xf4, 0xff,
    0xfb, 0xf7, 0xf4, 0xff, 0xfb, 0xf7, 0xf4, 0xff, 0xfb, 0xf7, 0xf4, 0xff,
    0xfb, 0xf7, 0xf4, 0xff, 0xfb, 0xf7, 0xf4, 0xff, 0xfb, 0xf7, 0xf4, 0xff,
    0xfb, 0xf7, 0xf4, 0xff, 0xfb, 0xf7, 0xf4, 0xff, 0xfb, 0xf7, 0xf4, 0xff,
    0xfb, 0xf7, 0xf4, 0xff, 0xfb, 0xf7, 0xf4, 0xff, 0xfb, 0xf7, 0xf4, 0xff,
    0xfb, 0xf7, 0xf4, 0xff, 0xfb, 0xf7, 0xf4, 0xff, 0xfb, 0xf7, 0xf4, 0xff,
    0xfb, 0xf7, 0xf4, 0xff, 0xfb, 0xf7, 0xf4, 0xff, 0xfb, 0xf7, 0xf4, 0xff,
    0xfb, 0xf7, 0xf4, 0xff, 0xfb, 0xf7, 0xf4, 0xff, 0xfb, 0xf7, 0xf4, 0xff,
    0xfb, 0xf7, 0xf4, 0xff, 0xfb, 0xf7, 0xf4, 0xff, 0xfb, 0xf7, 0xf4, 0xff,
    0xfb, 0xf7, 0xf4, 0xff, 0xfb, 0xf7, 0xf4, 0xff, 0xfb, 0xf7, 0xf4, 0xff,
    0xfb, 0xf7, 0xf4, 0xff, 0xfb, 0xf7, 0xf4, 0xff, 0xfb, 0xf7, 0xf4, 0xff,
    0xfb, 0xf7, 0xf4, 0xff, 0xfb, 0xf7, 0xf4, 0xff, 0xfb, 0xf7, 0xf4, 0xff,
    0xfb, 0xf7, 0xf4, 0xff, 0xfb, 0xf7, 0xf4, 0xff, 0xfb, 0xf7, 0xf4, 0xff,
    0xfb, 0xf7, 0xf4, 0xff, 0xfb, 0xf7, 0xf4, 0xff, 0xfb, 0xf7, 0xf4, 0xff,
    0xfb, 0xf7, 0xf4, 0xff, 0xfb, 0xf7, 0xf4, 0xff, 0xfb, 0xf7, 0xf4, 0xff,
    0xfb, 0xf7, 0xf4, 0xff, 0xfb, 0xf7, 0xf4, 0xff, 0xfb, 0xf7, 0xf4, 0xff,
    0xfb, 0xf7, 0xf4, 0xff, 0xfb, 0xf7, 0xf4, 0xff, 0xfb, 0xf7, 0xf4, 0xff,
    0xfb, 0xf7, 0xf4, 0xff, 0xfb, 0xf7, 0xf4, 0xff, 0xfb, 0xf7, 0xf4, 0xff,
    0xfb, 0xf7, 0xf4, 0xff, 0xfb, 0xf7, 0xf4, 0xff, 0xfb, 0xf7, 0xf4, 0xff,
    0xfb, 0xf7, 0xf4, 0xff, 0xfb, 0xf7, 0xf4, 0xff, 0xfb, 0xf7, 0xf4, 0xff,
    0xfb, 0xf7, 0xf4, 0xff, 0xfb, 0xf7, 0xf4, 0xff, 0xfb, 0xf7, 0xf4, 0xff,
    0xfb, 0xf7, 0xf4, 0xff, 0xfb, 0xf7, 0xf4, 0xff, 0xfb, 0xf7, 0xf4, 0xff,
    0xfb, 0xf7, 0xf4, 0xff, 0xfb, 0xf7, 0xf4, 0xff, 0xfb, 0xf7, 0xf4, 0xff,
    0xfb, 0xf7, 0xf4, 0xff, 0xfb, 0xf7, 0xf4, 0xff, 0xfb, 0xf7, 0xf4, 0xff,
    0xfb, 0xf7, 0xf4, 0xff, 0xfb, 0xf7, 0xf4, 0xff, 0xfb, 0xf7, 0xf4, 0xff,
    0xfb, 0xf7, 0xf4, 0xff, 0xfb, 0xf7, 0xf4, 0xff, 0xfb, 0xf7, 0xf4, 0xff,
    0xfb, 0xf7, 0xf4, 0xff, 0xfb, 0xf7, 0xf4, 0xff, 0xfb, 0xf7, 0xf4, 0xff,
    0xfb, 0xf7, 0xf4, 0xff, 0xfb, 0xf7, 0xf4, 0xff, 0xfb, 0xf7, 0xf4, 0xff,
    0xfb, 0xf7, 0xf4, 0xff, 0xfb, 0xf7, 0xf4, 0xff, 0xfb, 0xf7, 0xf4, 0xff,
    0xfb, 0xf7, 0xf4, 0xff, 0xfb, 0xf7, 0xf4, 0xff, 0xfb, 0xf7, 0xf4, 0xff,
    0xfb, 0xf7, 0xf4, 0xff, 0xfb, 0xf7, 0xf4, 0xff, 0xfb, 0xf7, 0xf4, 0xff,
    0xfb, 0xf7, 0xf4, 0xff, 0xfb, 0xf7, 0xf4, 0xff, 0xfb, 0xf7, 0xf4, 0xff,
    0xfb, 0xf7, 0xf4, 0xff, 0xfb, 0xf7, 0xf4, 0xff, 0xfb, 0xf7, 0xf4, 0xff,
    0xfb, 0xf7, 0xf4, 0xff, 0xfb, 0xf7, 0xf4, 0xff, 0xfb, 0xf7, 0xf4, 0xff,
    0xfb, 0xf7, 0xf4, 0xff, 0xfb, 0xf7, 0xf4, 0xff, 0xfb, 0xf7, 0xf4, 0xff,
    0xfb, 0xf7, 0xf4, 0xff, 0xfb, 0xf7, 0xf4, 0xff, 0xfb, 0xf7, 0xf4, 0xff,
    0xfb, 0xf7, 0xf4, 0xff, 0xfb, 0xf7, 0xf4, 0xff, 0xfb, 0xf7, 0xf4, 0xff,
    0xfb, 0xf7, 0xf4, 0xff, 0xfb, 0xf7, 0xf4, 0xff, 0xfb, 0xf7, 0xf4, 0xff,
    0xfb, 0xf7, 0xf4, 0xff, 0xfb, 0xf7, 0xf4, 0xff, 0xfb, 0xf7, 0xf4, 0xff,
    0xfb, 0xf7, 0xf4, 0xff, 0xfb, 0xf7, 0xf4, 0xff, 0xfb, 0xf7, 0xf4, 0xff,
    0xfb, 0xf7, 0xf4, 0xff, 0xfb, 0xf7, 0xf4, 0xff, 0xfb, 0xf7, 0xf4, 0xff,
    0xfb, 0xf7, 0xf4, 0xff, 0xfb, 0xf7, 0xf4, 0xff, 0xfb, 0xf7, 0xf4, 0xff,
    0xfb, 0xf7, 0xf4, 0xff, 0xfb, 0xf7, 0xf4, 0xff, 0xfb, 0xf7, 0xf4, 0xff,
    0xfb, 0xf7, 0xf4, 0xff, 0xfb, 0xf7, 0xf4, 0xff, 0xfb, 0xf7, 0xf4, 0xff,
    0xfb, 0xf7, 0xf4, 0xff, 0xfb, 0xf7, 0xf4, 0xff, 0xfb, 0xf7, 0xf4, 0xff,
    0xfb, 0xf7, 0xf4, 0xff, 0xfb, 0xf7, 0xf4, 0xff, 0xfb, 0xf7, 0xf4, 0xff,
    0xfb, 0xf7, 0xf4, 0xff, 0xfb, 0xf7, 0xf4, 0xff, 0xfb, 0xf7, 0xf4, 0xff,
    0xfb, 0xf7, 0xf4, 0xff, 0xfb, 0xf7, 0xf4, 0xff, 0xfb, 0xf7, 0xf4, 0xff,
    0xfb, 0xf7, 0xf4, 0xff, 0xfb, 0xf7, 0xf4, 0xff, 0xfb, 0xf7, 0xf4, 0xff,
    0xfb, 0xf7, 0xf4, 0xff, 0xfb, 0xf7, 0xf4, 0xff, 0xfb, 0xf7, 0xf4, 0xff,
    0xfb, 0xf7, 0xf4, 0xff, 0xfb, 0xf7, 0xf4, 0xff, 0xfb, 0xf7, 0xf4, 0xff,
    0xfb, 0xf7, 0xf4, 0xff, 0xfb, 0xf7, 0xf4, 0xff, 0xfb, 0xf7, 0xf4, 0xff,
    0xfb, 0xf7, 0xf4, 0xff, 0xfb, 0xf7, 0xf4, 0xff, 0xfb, 0xf7, 0xf4, 0xff,
    0xfb, 0xf7, 0xf4, 0xff, 0xfb, 0xf7, 0xf4, 0xff, 0xfb, 0xf7, 0xf4, 0xff,
    0xfb, 0xf7, 0xf4, 0xff, 0xfb, 0xf7, 0xf4, 0xff, 0xfb, 0xf7, 0xf4, 0xff,
    0xfb, 0xf7, 0xf4, 0xff, 0xfb, 0xf7, 0xf4, 0xff, 0xfb, 0xf7, 0xf4, 0xff,
    0xfb, 0xf7, 0xf4, 0xff, 0xfb, 0xf7, 0xf4, 0xff, 0xfb, 0xf7, 0xf4, 0xff,
    0xfb, 0xf7, 0xf4, 0xff, 0xfb, 0xf7, 0xf4, 0xff, 0xfb, 0xf7, 0xf4, 0xff,
    0xfb, 0xf7, 0xf4, 0xff, 0xfb, 0xf7, 0xf4, 0xff, 0xeb, 0xa0, 0x82, 0xff,
    0xfb, 0xf7, 0xf4, 0xff, 0xfb, 0xf7, 0xf4, 0xff, 0xfb, 0xf7, 0xf4, 0xff,
    0xfb, 0xf7, 0xf4, 0xff, 0xfb, 0xf7, 0xf4, 0xff, 0xfb, 0xf7, 0xf4, 0xff,
    0xfb, 0xf7, 0xf4, 0xff, 0xfb, 0xf7, 0xf4, 0xff, 0xfb, 0xf7, 0xf4, 0xff,
    0xfb, 0xf7, 0xf4, 0xff, 0xfb, 0xf7, 0xf4, 0xff, 0xfb, 0xf7, 0xf4, 0xff,
    0xfb, 0xf7, 0xf4, 0xff, 0xfb, 0xf7, 0xf4, 0xff, 0xfb, 0xf7, 0xf4, 0xff,
    0xfb, 0xf7, 0xf4, 0xff, 0xfb, 0xf7, 0xf4, 0xff, 0xfb, 0xf7, 0xf4, 0xff,
    0xfb, 0xf7, 0xf4, 0xff, 0xfb, 0xf7, 0xf4, 0xff, 0xfb, 0xf7, 0xf4, 0xff,
    0xfb, 0xf7, 0xf4, 0xff, 0xfb, 0xf7, 0xf4, 0xff, 0xfb, 0xf7, 0xf4, 0xff,
    0xfb, 0xf7, 0xf4, 0xff, 0xfb, 0xf7, 0xf4, 0xff, 0xfb, 0xf7, 0xf4, 0xff,
    0xfb, 0xf7, 0xf4, 0xff, 0xfb, 0xf7, 0xf4, 0xff, 0xfb, 0xf7, 0xf4, 0xff,
    0xfb, 0xf7, 0xf4, 0xff, 0xfb, 0xf7, 0xf4, 0xff, 0xfb, 0xf7, 0xf4, 0xff,
    0xfb, 0xf7, 0xf4, 0xff, 0xfb, 0xf7, 0xf4, 0xff, 0xfb, 0xf7, 0xf4, 0xff,
    0xfb, 0xf7, 0xf4, 0xff, 0xfb, 0xf7, 0xf4, 0xff, 0xfb, 0xf7, 0xf4, 0xff,
    0xfb, 0xf7, 0xf4, 0xff, 0xfb, 0xf7, 0xf4, 0xff, 0xfb, 0xf7, 0xf4, 0xff,
    0xfb, 0xf7, 0xf4, 0xff, 0xfb, 0xf7, 0xf4, 0xff, 0xfb, 0xf7, 0xf4, 0xff,
    0xfb, 0xf7, 0xf4, 0xff, 0xfb, 0xf7, 0xf4, 0xff, 0xfb, 0xf7, 0xf4, 0xff,
    0xfb, 0xf7, 0xf4, 0xff, 0xfb, 0xf7, 0xf4, 0xff, 0xfb, 0xf7, 0xf4, 0xff,
    0xfb, 0xf7, 0xf4, 0xff, 0xfb, 0xf7, 0xf4, 0xff, 0xfb, 0xf7, 0xf4, 0xff,
    0xfb, 0xf7, 0xf4, 0xff, 0xfb, 0xf7, 0xf4, 0xff, 0xfb, 0xf7, 0xf4, 0xff,
    0xfb, 0xf7, 0xf4, 0xff, 0xfb, 0xf7, 0xf4, 0xff, 0xfb, 0xf7, 0xf4, 0xff,
    0xfb, 0xf7, 0xf4, 0xff, 0xfb, 0xf7, 0xf4, 0xff, 0xfb, 0xf7, 0xf4, 0xff,
    0xfb, 0xf7, 0xf4, 0xff, 0xfb, 0xf7, 0xf4, 0xff, 0xfb, 0xf7, 0xf4, 0xff,
    0xfb, 0xf7, 0xf4, 0xff, 0xfb, 0xf7, 0xf4, 0xff, 0xfb, 0xf7, 0xf4, 0xff,
    0xfb, 0xf7, 0xf4, 0xff, 0xfb, 0xf7, 0xf4, 0xff, 0xfb, 0xf7, 0xf4, 0xff,
    0xfb, 0xf7, 0xf4, 0xff, 0xfb, 0xf7, 0xf4, 0xff, 0xfb, 0xf7, 0xf4, 0xff,
    0xfb, 0xf7, 0xf4, 0xff, 0xfb, 0xf7, 0xf4, 0xff, 0xfb, 0xf7, 0xf4, 0xff,
    0xeb, 0xa0, 0x82, 0xff, 0xdb, 0x48, 0x0f, 0xff, 0xfb, 0xf7, 0xf4, 0xff,
    0xfb, 0xf7, 0xf4, 0xff, 0xfb, 0xf7, 0xf4, 0xff, 0xfb, 0xf7, 0xf4, 0xff,
    0xfb, 0xf7, 0xf4, 0xff, 0xfb, 0xf7, 0xf4, 0xff, 0xfb, 0xf7, 0xf4, 0xff,
    0xfb, 0xf7, 0xf4, 0xff, 0xfb, 0xf7, 0xf4, 0xff, 0xfb, 0xf7, 0xf4, 0xff,
    0xfb, 0xf7, 0xf4, 0xff, 0xfb, 0xf7, 0xf4, 0xff, 0xfb, 0xf7, 0xf4, 0xff,
    0xfb, 0xf7, 0xf4, 0xff, 0xfb, 0xf7, 0xf4, 0xff, 0xfb, 0xf7, 0xf4, 0xff,
    0xfb, 0xf7, 0xf4, 0xff, 0xfb, 0xf7, 0xf4, 0xff, 0xfb, 0xf7, 0xf4, 0xff,
    0xfb, 0xf7, 0xf4, 0xff, 0xfb, 0xf7, 0xf4, 0xff, 0xfb, 0xf7, 0xf4, 0xff,
    0xfb, 0xf7, 0xf4, 0xff, 0xfb, 0xf7, 0xf4, 0xff, 0xfb, 0xf7, 0xf4, 0xff,
    0xfb, 0xf7, 0xf4, 0xff, 0xfb, 0xf7, 0xf4, 0xff, 0xfb, 0xf7, 0xf4, 0xff,
    0xfb, 0xf7, 0xf4, 0xff, 0xfb, 0xf7, 0xf4, 0xff, 0xfb, 0xf7, 0xf4, 0xff,
    0xfb, 0xf7, 0xf4, 0xff, 0xfb, 0xf7, 0xf4, 0xff, 0xfb, 0xf7, 0xf4, 0xff,
    0xfb, 0xf7, 0xf4, 0xff, 0xfb, 0xf7, 0xf4, 0xff, 0xfb, 0xf7, 0xf4, 0xff,
    0xfb, 0xf7, 0xf4, 0xff, 0xfb, 0xf7, 0xf4, 0xff, 0xfb, 0xf7, 0xf4, 0xff,
    0xfb, 0xf7, 0xf4, 0xff, 0xfb, 0xf7, 0xf4, 0xff, 0xfb, 0xf7, 0xf4, 0xff,
    0xfb, 0xf7, 0xf4, 0xff, 0xfb, 0xf7, 0xf4, 0xff, 0xfb, 0xf7, 0xf4, 0xff,
    0xfb, 0xf7, 0xf4, 0xff, 0xfb, 0xf7, 0xf4, 0xff, 0xfb, 0xf7, 0xf4, 0xff,
    0xfb, 0xf7, 0xf4, 0xff, 0xfb, 0xf7, 0xf4, 0xff, 0xfb, 0xf7, 0xf4, 0xff,
    0xfb, 0xf7, 0xf4, 0xff, 0xfb, 0xf7, 0xf4, 0xff, 0xfb, 0xf7, 0xf4, 0xff,
    0xfb, 0xf7, 0xf4, 0xff, 0xfb, 0xf7, 0xf4, 0xff, 0xfb, 0xf7, 0xf4, 0xff,
    0xfb, 0xf7, 0xf4, 0xff, 0xfb, 0xf7, 0xf4, 0xff, 0xfb, 0xf7, 0xf4, 0xff,
    0xfb, 0xf7, 0xf4, 0xff, 0xfb, 0xf7, 0xf4, 0xff, 0xfb, 0xf7, 0xf4, 0xff,
    0xfb, 0xf7, 0xf4, 0xff, 0xfb, 0xf7, 0xf4, 0xff, 0xfb, 0xf7, 0xf4, 0xff,
    0xfb, 0xf7, 0xf4, 0xff, 0xfb, 0xf7, 0xf4, 0xff, 0xfb, 0xf7, 0xf4, 0xff,
    0xfb, 0xf7, 0xf4, 0xff, 0xfb, 0xf7, 0xf4, 0xff, 0xfb, 0xf7, 0xf4, 0xff,
    0xfb, 0xf7, 0xf4, 0xff, 0xfb, 0xf7, 0xf4, 0xff, 0xfb, 0xf7, 0xf4, 0xff,
    0xfb, 0xf7, 0xf4, 0xff, 0xeb, 0xa0, 0x82, 0xff, 0xdb, 0x48, 0x0f, 0xff,
    0xdc, 0x48, 0x0f, 0xff, 0xfb, 0xf7, 0xf4, 0xff, 0xfb, 0xf7, 0xf4, 0xff,
    0xfb, 0xf7, 0xf4, 0xff, 0xfb, 0xf7, 0xf4, 0xff, 0xfb, 0xf7, 0xf4, 0xff,
    0xfb, 0xf7, 0xf4, 0xff, 0xfb, 0xf7, 0xf4, 0xff, 0xfb, 0xf7, 0xf4, 0xff,
    0xfb, 0xf7, 0xf4, 0xff, 0xfb, 0xf7, 0xf4, 0xff, 0xfb, 0xf7, 0xf4, 0xff,
    0xfb, 0xf7, 0xf4, 0xff, 0xfb, 0xf7, 0xf4, 0xff, 0xfb, 0xf7, 0xf4, 0xff,
    0xfb, 0xf7, 0xf4, 0xff, 0xfb, 0xf7, 0xf4, 0xff, 0xfb, 0xf7, 0xf4, 0xff,
    0xfb, 0xf7, 0xf4, 0xff, 0xfb, 0xf7, 0xf4, 0xff, 0xfb, 0xf7, 0xf4, 0xff,
    0xfb, 0xf7, 0xf4, 0xff, 0xfb, 0xf7, 0xf4, 0xff, 0xfb, 0xf7, 0xf4, 0xff,
    0xfb, 0xf7, 0xf4, 0xff, 0xfb, 0xf7, 0xf4, 0xff, 0xfb, 0xf7, 0xf4, 0xff,
    0xfb, 0xf7, 0xf4, 0xff, 0xfb, 0xf7, 0xf4, 0xff, 0xfb, 0xf7, 0xf4, 0xff,
    0xfb, 0xf7, 0xf4, 0xff, 0xfb, 0xf7, 0xf4, 0xff, 0xfb, 0xf7, 0xf4, 0xff,
    0xfb, 0xf7, 0xf4, 0xff, 0xfb, 0xf7, 0xf4, 0xff, 0xfb, 0xf7, 0xf4, 0xff,
    0xfb, 0xf7, 0xf4, 0xff, 0xfb, 0xf7, 0xf4, 0xff, 0xfb, 0xf7, 0xf4, 0xff,
    0xfb, 0xf7, 0xf4, 0xff, 0xfb, 0xf7, 0xf4, 0xff, 0xfb, 0xf7, 0xf4, 0xff,
    0xfb, 0xf7, 0xf4, 0xff, 0xfb, 0xf7, 0xf4, 0xff, 0xfb, 0xf7, 0xf4, 0xff,
    0xfb, 0xf7, 0xf4, 0xff, 0xfb, 0xf7, 0xf4, 0xff, 0xfb, 0xf7, 0xf4, 0xff,
    0xfb, 0xf7, 0xf4, 0xff, 0xfb, 0xf7, 0xf4, 0xff, 0xfb, 0xf7, 0xf4, 0xff,
    0xfb, 0xf7, 0xf4, 0xff, 0xfb, 0xf7, 0xf4, 0xff, 0xfb, 0xf7, 0xf4, 0xff,
    0xfb, 0xf7, 0xf4, 0xff, 0xfb, 0xf7, 0xf4, 0xff, 0xfb, 0xf7, 0xf4, 0xff,
    0xfb, 0xf7, 0xf4, 0xff, 0xfb, 0xf7, 0xf4, 0xff, 0xfb, 0xf7, 0xf4, 0xff,
    0xfb, 0xf7, 0xf4, 0xff, 0xfb, 0xf7, 0xf4, 0xff, 0xfb, 0xf7, 0xf4, 0xff,
    0xfb, 0xf7, 0xf4, 0xff, 0xfb, 0xf7, 0xf4, 0xff, 0xfb, 0xf7, 0xf4, 0xff,
    0xfb, 0xf7, 0xf4, 0xff, 0xfb, 0xf7, 0xf4, 0xff, 0xfb, 0xf7, 0xf4, 0xff,
    0xfb, 0xf7, 0xf4, 0xff, 0xfb, 0xf7, 0xf4, 0xff, 0xfb, 0xf7, 0xf4, 0xff,
    0xfb, 0xf7, 0xf4, 0xff, 0xfb, 0xf7, 0xf4, 0xff, 0xfb, 0xf7, 0xf4, 0xff,
    0xfb, 0xf7, 0xf4, 0xff, 0xfb, 0xf7, 0xf4, 0xff, 0xeb, 0xa0, 0x82, 0xff,
    0xdb, 0x48, 0x0f, 0xff, 0xdc, 0x48, 0x0f, 0xff, 0xdc, 0x48, 0x0f, 0xff,
    0xfb, 0xf7, 0xf4, 0xff, 0xfb, 0xf7, 0xf4, 0xff, 0xfb, 0xf7, 0xf4, 0xff,
    0xfb, 0xf7, 0xf4, 0xff, 0xfb, 0xf7, 0xf4, 0xff, 0xfb, 0xf7, 0xf4, 0xff,
    0xfb, 0xf7, 0xf4, 0xff, 0xfb, 0xf7, 0xf4, 0xff, 0xfb, 0xf7, 0xf4, 0xff,
    0xfb, 0xf7, 0xf4, 0xff, 0xfb, 0xf7, 0xf4, 0xff, 0xfb, 0xf7, 0xf4, 0xff,
    0xfb, 0xf7, 0xf4, 0xff, 0xfb, 0xf7, 0xf4, 0xff, 0xfb, 0xf7, 0xf4, 0xff,
    0xfb, 0xf7, 0xf4, 0xff, 0xfb, 0xf7, 0xf4, 0xff, 0xfb, 0xf7, 0xf4, 0xff,
    0xfb, 0xf7, 0xf4, 0xff, 0xfb, 0xf7, 0xf4, 0xff, 0xfb, 0xf7, 0xf4, 0xff,
    0xfb, 0xf7, 0xf4, 0xff, 0xfb, 0xf7, 0xf4, 0xff, 0xfb, 0xf7, 0xf4, 0xff,
    0xfb, 0xf7, 0xf4, 0xff, 0xfb, 0xf7, 0xf4, 0xff, 0xfb, 0xf7, 0xf4, 0xff,
    0xfb, 0xf7, 0xf4, 0xff, 0xfb, 0xf7, 0xf4, 0xff, 0xfb, 0xf7, 0xf4, 0xff,
    0xfb, 0xf7, 0xf4, 0xff, 0xfb, 0xf7, 0xf4, 0xff, 0xfb, 0xf7, 0xf4, 0xff,
    0xfb, 0xf7, 0xf4, 0xff, 0xfb, 0xf7, 0xf4, 0xff, 0xfb, 0xf7, 0xf4, 0xff,
    0xfb, 0xf7, 0xf4, 0xff, 0xfb, 0xf7, 0xf4, 0xff, 0xfb, 0xf7, 0xf4, 0xff,
    0xfb, 0xf7, 0xf4, 0xff, 0xfb, 0xf7, 0xf4, 0xff, 0xfb, 0xf7, 0xf4, 0xff,
    0xfb, 0xf7, 0xf4, 0xff, 0xfb, 0xf7, 0xf4, 0xff, 0xfb, 0xf7, 0xf4, 0xff,
    0xfb, 0xf7, 0xf4, 0xff, 0xfb, 0xf7, 0xf4, 0xff, 0xfb, 0xf7, 0xf4, 0xff,
    0xfb, 0xf7, 0xf4, 0xff, 0xfb, 0xf7, 0xf4, 0xff, 0xfb, 0xf7, 0xf4, 0xff,
    0xfb, 0xf7, 0xf4, 0xff, 0xfb, 0xf7, 0xf4, 0xff, 0xfb, 0xf7, 0xf4, 0xff,
    0xfb, 0xf7, 0xf4, 0xff, 0xfb, 0xf7, 0xf4, 0xff, 0xfb, 0xf7, 0xf4, 0xff,
    0xfb, 0xf7, 0xf4, 0xff, 0xfb, 0xf7, 0xf4, 0xff, 0xfb, 0xf7, 0xf4, 0xff,
    0xfb, 0xf7, 0xf4, 0xff, 0xfb, 0xf7, 0xf4, 0xff, 0xfb, 0xf7, 0xf4, 0xff,
    0xfb, 0xf7, 0xf4, 0xff, 0xfb, 0xf7, 0xf4, 0xff, 0xfb, 0xf7, 0xf4, 0xff,
    0xfb, 0xf7, 0xf4, 0xff, 0xfb, 0xf7, 0xf4, 0xff, 0xfb, 0xf7, 0xf4, 0xff,
    0xfb, 0xf7, 0xf4, 0xff, 0xfb, 0xf7, 0xf4, 0xff, 0xfb, 0xf7, 0xf4, 0xff,
    0xfb, 0xf7, 0xf4, 0xff, 0xfb, 0xf7, 0xf4, 0xff, 0xfb, 0xf7, 0xf4, 0xff,
    0xeb, 0xa0, 0x82, 0xff, 0xdb, 0x48, 0x0f, 0xff, 0xdc, 0x48, 0x0f, 0xff,
    0xdc, 0x48, 0x0f, 0xff, 0xdd, 0x48, 0x0f, 0xff, 0xfb, 0xf7, 0xf4, 0xff,
    0xfb, 0xf7, 0xf4, 0xff, 0xfb, 0xf7, 0xf4, 0xff, 0xfb, 0xf7, 0xf4, 0xff,
    0xfb, 0xf7, 0xf4, 0xff, 0xfb, 0xf7, 0xf4, 0xff, 0xfb, 0xf7, 0xf4, 0xff,
    0xfb, 0xf7, 0xf4, 0xff, 0xfb, 0xf7, 0xf4, 0xff, 0xfb, 0xf7, 0xf4, 0xff,
    0xfb, 0xf7, 0xf4, 0xff, 0xfb, 0xf7, 0xf4, 0xff, 0xfb, 0xf7, 0xf4, 0xff,
    0xfb, 0xf7, 0xf4, 0xff, 0xfb, 0xf7, 0xf4, 0xff, 0xfb, 0xf7, 0xf4, 0xff,
    0xfb, 0xf7, 0xf4, 0xff, 0xfb, 0xf7, 0xf4, 0xff, 0xfb, 0xf7, 0xf4, 0xff,
    0xfb, 0xf7, 0xf4, 0xff, 0xfb, 0xf7, 0xf4, 0xff, 0xfb, 0xf7, 0xf4, 0xff,
    0xfb, 0xf7, 0xf4, 0xff, 0xfb, 0xf7, 0xf4, 0xff, 0xfb, 0xf7, 0xf4, 0xff,
    0xfb, 0xf7, 0xf4, 0xff, 0xfb, 0xf7, 0xf4, 0xff, 0xfb, 0xf7, 0xf4, 0xff,
    0xfb, 0xf7, 0xf4, 0xff, 0xfb, 0xf7, 0xf4, 0xff, 0xfb, 0xf7, 0xf4, 0xff,
    0xfb, 0xf7, 0xf4, 0xff, 0xfb, 0xf7, 0xf4, 0xff, 0xfb, 0xf7, 0xf4, 0xff,
    0xfb, 0xf7, 0xf4, 0xff, 0xfb, 0xf7, 0xf4, 0xff, 0xfb, 0xf7, 0xf4, 0xff,
    0xfb, 0xf7, 0xf4, 0xff, 0xfb, 0xf7, 0xf4, 0xff, 0xfb, 0xf7, 0xf4, 0xff,
    0xfb, 0xf7, 0xf4, 0xff, 0xfb, 0xf7, 0xf4, 0xff, 0xfb, 0xf7, 0xf4, 0xff,
    0xfb, 0xf7, 0xf4, 0xff, 0xfb, 0xf7, 0xf4, 0xff, 0xfb, 0xf7, 0xf4, 0xff,
    0xfb, 0xf7, 0xf4, 0xff, 0xfb, 0xf7, 0xf4, 0xff, 0xfb, 0xf7, 0xf4, 0xff,
    0xfb, 0xf7, 0xf4, 0xff, 0xfb, 0xf7, 0xf4, 0xff, 0xfb, 0xf7, 0xf4, 0xff,
    0xfb, 0xf7, 0xf4, 0xff, 0xfb, 0xf7, 0xf4, 0xff, 0xfb, 0xf7, 0xf4, 0xff,
    0xfb, 0xf7, 0xf4, 0xff, 0xfb, 0xf7, 0xf4, 0xff, 0xfb, 0xf7, 0xf4, 0xff,
    0xfb, 0xf7, 0xf4, 0xff, 0xfb, 0xf7, 0xf4, 0xff, 0xfb, 0xf7, 0xf4, 0xff,
    0xfb, 0xf7, 0xf4, 0xff, 0xfb, 0xf7, 0xf4, 0xff, 0xfb, 0xf7, 0xf4, 0xff,
    0xfb, 0xf7, 0xf4, 0xff, 0xfb, 0xf7, 0xf4, 0xff, 0xfb, 0xf7, 0xf4, 0xff,
    0xfb, 0xf7, 0xf4, 0xff, 0xfb, 0xf7, 0xf4, 0xff, 0xfb, 0xf7, 0xf4, 0xff,
    0xfb, 0xf7, 0xf4, 0xff, 0xfb, 0xf7, 0xf4, 0xff, 0xfb, 0xf7, 0xf4, 0xff,
    0xfb, 0xf7, 0xf4, 0xff, 0xeb, 0xa0, 0x82, 0xff, 0xdb, 0x48, 0x0f, 0xff,
    0xdc, 0x48, 0x0f, 0xff, 0xdc, 0x48, 0x0f, 0xff, 0xdd, 0x48, 0x0f, 0xff,
    0xdd, 0x48, 0x0e, 0xff, 0xfb, 0xf7, 0xf4, 0xff, 0xfb, 0xf7, 0xf4, 0xff,
    0xfb, 0xf7, 0xf4, 0xff, 0xfb, 0xf7, 0xf4, 0xff, 0xfb, 0xf7, 0xf4, 0xff,
    0xfb, 0xf7, 0xf4, 0xff, 0xfb, 0xf7, 0xf4, 0xff, 0xfb, 0xf7, 0xf4, 0xff,
    0xfb, 0xf7, 0xf4, 0xff, 0xfb, 0xf7, 0xf4, 0xff, 0xfb, 0xf7, 0xf4, 0xff,
    0xfb, 0xf7, 0xf4, 0xff, 0xfb, 0xf7, 0xf4, 0xff, 0xfb, 0xf7, 0xf4, 0xff,
    0xfb, 0xf7, 0xf4, 0xff, 0xfb, 0xf7, 0xf4, 0xff, 0xfb, 0xf7, 0xf4, 0xff,
    0xfb, 0xf7, 0xf4, 0xff, 0xfb, 0xf7, 0xf4, 0xff, 0xfb, 0xf7, 0xf4, 0xff,
    0xfb, 0xf7, 0xf4, 0xff, 0xfb, 0xf7, 0xf4, 0xff, 0xfb, 0xf7, 0xf4, 0xff,
    0xfb, 0xf7, 0xf4, 0xff, 0xfb, 0xf7, 0xf4, 0xff, 0xfb, 0xf7, 0xf4, 0xff,
    0xfb, 0xf7, 0xf4, 0xff, 0xfb, 0xf7, 0xf4, 0xff, 0xfb, 0xf7, 0xf4, 0xff,
    0xfb, 0xf7, 0xf4, 0xff, 0xfb, 0xf7, 0xf4, 0xff, 0xfb, 0xf7, 0xf4, 0xff,
    0xfb, 0xf7, 0xf4, 0xff, 0xfb, 0xf7, 0xf4, 0xff, 0xfb, 0xf7, 0xf4, 0xff,
    0xfb, 0xf7, 0xf4, 0xff, 0xfb, 0xf7, 0xf4, 0xff, 0xfb, 0xf7, 0xf4, 0xff,
    0xfb, 0xf7, 0xf4, 0xff, 0xfb, 0xf7, 0xf4, 0xff, 0xfb, 0xf7, 0xf4, 0xff,
    0xfb, 0xf7, 0xf4, 0xff, 0xfb, 0xf7, 0xf4, 0xff, 0xfb, 0xf7, 0xf4, 0xff,
    0xfb, 0xf7, 0xf4, 0xff, 0xfb, 0xf7, 0xf4, 0xff, 0xfb, 0xf7, 0xf4, 0xff,
    0xfb, 0xf7, 0xf4, 0xff, 0xfb, 0xf7, 0xf4, 0xff, 0xfb, 0xf7, 0xf4, 0xff,
    0xfb, 0xf7, 0xf4, 0xff, 0xfb, 0xf7, 0xf4, 0xff, 0xfb, 0xf7, 0xf4, 0xff,
    0xfb, 0xf7, 0xf4, 0xff, 0xfb, 0xf7, 0xf4, 0xff, 0xfb, 0xf7, 0xf4, 0xff,
    0xfb, 0xf7, 0xf4, 0xff, 0xfb, 0xf7, 0xf4, 0xff, 0xfb, 0xf7, 0xf4, 0xff,
    0xfb, 0xf7, 0xf4, 0xff, 0xfb, 0xf7, 0xf4, 0xff, 0xfb, 0xf7, 0xf4, 0xff,
    0xfb, 0xf7, 0xf4, 0xff, 0xfb, 0xf7, 0xf4, 0xff, 0xfb, 0xf7, 0xf4, 0xff,
    0xfb, 0xf7, 0xf4, 0xff, 0xfb, 0xf7, 0xf4, 0xff, 0xfb, 0xf7, 0xf4, 0xff,
    0xfb, 0xf7, 0xf4, 0xff, 0xfb, 0xf7, 0xf4, 0xff, 0xfb, 0xf7, 0xf4, 0xff,
    0xfb, 0xf7, 0xf4, 0xff, 0xfb, 0xf7, 0xf4, 0xff, 0xeb, 0xa0, 0x82, 0xff,
    0xdb, 0x48, 0x0f, 0xff, 0xdc, 0x48, 0x0f, 0xff, 0xdc, 0x48, 0x0f, 0xff,
    0xdd, 0x48, 0x0f, 0xff, 0xdd, 0x48, 0x0e, 0xff, 0xde, 0x48, 0x0e, 0xff,
    0xfb, 0xf7, 0xf4, 0xff, 0xfb, 0xf7, 0xf4, 0xff, 0xfb, 0xf7, 0xf4, 0xff,
    0xfb, 0xf7, 0xf4, 0xff, 0xfb, 0xf7, 0xf4, 0xff, 0xfb, 0xf7, 0xf4, 0xff,
    0xfb, 0xf7, 0xf4, 0xff, 0xfb, 0xf7, 0xf4, 0xff, 0xfb, 0xf7, 0xf4, 0xff,
    0xfb, 0xf7, 0xf4, 0xff, 0xfb, 0xf7, 0xf4, 0xff, 0xfb, 0xf7, 0xf4, 0xff,
    0xfb, 0xf7, 0xf4, 0xff, 0xfb, 0xf7, 0xf4, 0xff, 0xfb, 0xf7, 0xf4, 0xff,
    0xfb, 0xf7, 0xf4, 0xff, 0xfb, 0xf7, 0xf4, 0xff, 0xfb, 0xf7, 0xf4, 0xff,
    0xfb, 0xf7, 0xf4, 0xff, 0xfb, 0xf7, 0xf4, 0xff, 0xfb, 0xf7, 0xf4, 0xff,
    0xfb, 0xf7, 0xf4, 0xff, 0xfb, 0xf7, 0xf4, 0xff, 0xfb, 0xf7, 0xf4, 0xff,
    0xfb, 0xf7, 0xf4, 0xff, 0xfb, 0xf7, 0xf4, 0xff, 0xfb, 0xf7, 0xf4, 0xff,
    0xfb, 0xf7, 0xf4, 0xff, 0xfb, 0xf7, 0xf4, 0xff, 0xfb, 0xf7, 0xf4, 0xff,
    0xfb, 0xf7, 0xf4, 0xff, 0xfb, 0xf7, 0xf4, 0xff, 0xfb, 0xf7, 0xf4, 0xff,
    0xfb, 0xf7, 0xf4, 0xff, 0xfb, 0xf7, 0xf4, 0xff, 0xfb, 0xf7, 0xf4, 0xff,
    0xfb, 0xf7, 0xf4, 0xff, 0xfb, 0xf7, 0xf4, 0xff, 0xfb, 0xf7, 0xf4, 0xff,
    0xfb, 0xf7, 0xf4, 0xff, 0xfb, 0xf7, 0xf4, 0xff, 0xfb, 0xf7, 0xf4, 0xff,
    0xfb, 0xf7, 0xf4, 0xff, 0xfb, 0xf7, 0xf4, 0xff, 0xfb, 0xf7, 0xf4, 0xff,
    0xfb, 0xf7, 0xf4, 0xff, 0xfb, 0xf7, 0xf4, 0xff, 0xfb, 0xf7, 0xf4, 0xff,
    0xfb, 0xf7, 0xf4, 0xff, 0xfb, 0xf7, 0xf4, 0xff, 0xfb, 0xf7, 0xf4, 0xff,
    0xfb, 0xf7, 0xf4, 0xff, 0xfb, 0xf7, 0xf4, 0xff, 0xfb, 0xf7, 0xf4, 0xff,
    0xfb, 0xf7, 0xf4, 0xff, 0xfb, 0xf7, 0xf4, 0xff, 0xfb, 0xf7, 0xf4, 0xff,
    0xfb, 0xf7, 0xf4, 0xff, 0xfb, 0xf7, 0xf4, 0xff, 0xfb, 0xf7, 0xf4, 0xff,
    0xfb, 0xf7, 0xf4, 0xff, 0xfb, 0xf7, 0xf4, 0xff, 0xfb, 0xf7, 0xf4, 0xff,
    0xfb, 0xf7, 0xf4, 0xff, 0xfb, 0xf7, 0xf4, 0xff, 0xfb, 0xf7, 0xf4, 0xff,
    0xfb, 0xf7, 0xf4, 0xff, 0xfb, 0xf7, 0xf4, 0xff, 0xfb, 0xf7, 0xf4, 0xff,
    0xfb, 0xf7, 0xf4, 0xff, 0xfb, 0xf7, 0xf4, 0xff, 0xfb, 0xf7, 0xf4, 0xff,
    0xeb, 0xa0, 0x82, 0xff, 0xdb, 0x48, 0x0f, 0xff, 0xdc, 0x48, 0x0f, 0xff,
    0xdc, 0x48, 0x0f, 0xff, 0xdd, 0x48, 0x0f, 0xff, 0xdd, 0x48, 0x0e, 0xff,
    0xde, 0x48, 0x0e, 0xff, 0xde, 0x48, 0x0e, 0xff, 0xfb, 0xf7, 0xf4, 0xff,
    0xfb, 0xf7, 0xf4, 0xff, 0xfb, 0xf7, 0xf4, 0xff, 0xfb, 0xf7, 0xf4, 0xff,
    0xfb, 0xf7, 0xf4, 0xff, 0xfb, 0xf7, 0xf4, 0xff, 0xfb, 0xf7, 0xf4, 0xff,
    0xfb, 0xf7, 0xf4, 0xff, 0xfb, 0xf7, 0xf4, 0xff, 0xfb, 0xf7, 0xf4, 0xff,
    0xfb, 0xf7, 0xf4, 0xff, 0xfb, 0xf7, 0xf4, 0xff, 0xfb, 0xf7, 0xf4, 0xff,
    0xfb, 0xf7, 0xf4, 0xff, 0xfb, 0xf7, 0xf4, 0xff, 0xfb, 0xf7, 0xf4, 0xff,
    0xfb, 0xf7, 0xf4, 0xff, 0xfb, 0xf7, 0xf4, 0xff, 0xfb, 0xf7, 0xf4, 0xff,
    0xfb, 0xf7, 0xf4, 0xff, 0xfb, 0xf7, 0xf4, 0xff, 0xfb, 0xf7, 0xf4, 0xff,
    0xfb, 0xf7, 0xf4, 0xff, 0xfb, 0xf7, 0xf4, 0xff, 0xfb, 0xf7, 0xf4, 0xff,
    0xfb, 0xf7, 0xf4, 0xff, 0xfb, 0xf7, 0xf4, 0xff, 0xfb, 0xf7, 0xf4, 0xff,
    0xfb, 0xf7, 0xf4, 0xff, 0xfb, 0xf7, 0xf4, 0xff, 0xfb, 0xf7, 0xf4, 0xff,
    0xfb, 0xf7, 0xf4, 0xff, 0xfb, 0xf7, 0xf4, 0xff, 0xfb, 0xf7, 0xf4, 0xff,
    0xfb, 0xf7, 0xf4, 0xff, 0xfb, 0xf7, 0xf4, 0xff, 0xfb, 0xf7, 0xf4, 0xff,
    0xfb, 0xf7, 0xf4, 0xff, 0xfb, 0xf7, 0xf4, 0xff, 0xfb, 0xf7, 0xf4, 0xff,
    0xfb, 0xf7, 0xf4, 0xff, 0xfb, 0xf7, 0xf4, 0xff, 0xfb, 0xf7, 0xf4, 0xff,
    0xfb, 0xf7, 0xf4, 0xff, 0xfb, 0xf7, 0xf4, 0xff, 0xfb, 0xf7, 0xf4, 0xff,
    0xfb, 0xf7, 0xf4, 0xff, 0xfb, 0xf7, 0xf4, 0xff, 0xfb, 0xf7, 0xf4, 0xff,
    0xfb, 0xf7, 0xf4, 0xff, 0xfb, 0xf7, 0xf4, 0xff, 0xfb, 0xf7, 0xf4, 0xff,
    0xfb, 0xf7, 0xf4, 0xff, 0xfb, 0xf7, 0xf4, 0xff, 0xfb, 0xf7, 0xf4, 0xff,
    0xfb, 0xf7, 0xf4, 0xff, 0xfb, 0xf7, 0xf4, 0xff, 0xfb, 0xf7, 0xf4, 0xff,
    0xfb, 0xf7, 0xf4, 0xff, 0xfb, 0xf7, 0xf4, 0xff, 0xfb, 0xf7, 0xf4, 0xff,
    0xfb, 0xf7, 0xf4, 0xff, 0xfb, 0xf7, 0xf4, 0xff, 0xfb, 0xf7, 0xf4, 0xff,
    0xfb, 0xf7, 0xf4, 0xff, 0xfb, 0xf7, 0xf4, 0xff, 0xfb, 0xf7, 0xf4, 0xff,
    0xfb, 0xf7, 0xf4, 0xff, 0xfb, 0xf7, 0xf4, 0xff, 0xfb, 0xf7, 0xf4, 0xff,
    0xfb, 0xf7, 0xf4, 0xff, 0xeb, 0xa0, 0x82, 0xff, 0xdb, 0x48, 0x0f, 0xff,
    0xdc, 0x48, 0x0f, 0xff, 0xdc, 0x48, 0x0f, 0xff, 0xdd, 0x48, 0x0f, 0xff,
    0xdd, 0x48, 0x0e, 0xff, 0xde, 0x48, 0x0e, 0xff, 0xde, 0x48, 0x0e, 0xff,
    0xdf, 0x48, 0x0e, 0xff, 0xfb, 0xf7, 0xf4, 0xff, 0xfb, 0xf7, 0xf4, 0xff,
    0xfb, 0xf7, 0xf4, 0xff, 0xfb, 0xf7, 0xf4, 0xff, 0xfb, 0xf7, 0xf4, 0xff,
    0xfb, 0xf7, 0xf4, 0xff, 0xfb, 0xf7, 0xf4, 0xff, 0xfb, 0xf7, 0xf4, 0xff,
    0xfb, 0xf7, 0xf4, 0xff, 0xfb, 0xf7, 0xf4, 0xff, 0xfb, 0xf7, 0xf4, 0xff,
    0xfb, 0xf7, 0xf4, 0xff, 0xfb, 0xf7, 0xf4, 0xff, 0xfb, 0xf7, 0xf4, 0xff,
    0xfb, 0xf7, 0xf4, 0xff, 0xfb, 0xf7, 0xf4, 0xff, 0xfb, 0xf7, 0xf4, 0xff,
    0xfb, 0xf7, 0xf4, 0xff, 0xfb, 0xf7, 0xf4, 0xff, 0xfb, 0xf7, 0xf4, 0xff,
    0xfb, 0xf7, 0xf4, 0xff, 0xfb, 0xf7, 0xf4, 0xff, 0xfb, 0xf7, 0xf4, 0xff,
    0xfb, 0xf7, 0xf4, 0xff, 0xfb, 0xf7, 0xf4, 0xff, 0xfb, 0xf7, 0xf4, 0xff,
    0xfb, 0xf7, 0xf4, 0xff, 0xfb, 0xf7, 0xf4, 0xff, 0xfb, 0xf7, 0xf4, 0xff,
    0xfb, 0xf7, 0xf4, 0xff, 0xfb, 0xf7, 0xf4, 0xff, 0xfb, 0xf7, 0xf4, 0xff,
    0xfb, 0xf7, 0xf4, 0xff, 0xfb, 0xf7, 0xf4, 0xff, 0xfb, 0xf7, 0xf4, 0xff,
    0xfb, 0xf7, 0xf4, 0xff, 0xfb, 0xf7, 0xf4, 0xff, 0xfb, 0xf7, 0xf4, 0xff,
    0xfb, 0xf7, 0xf4, 0xff, 0xfb, 0xf7, 0xf4, 0xff, 0xfb, 0xf7, 0xf4, 0xff,
    0xfb, 0xf7, 0xf4, 0xff, 0xfb, 0xf7, 0xf4, 0xff, 0xfb, 0xf7, 0xf4, 0xff,
    0xfb, 0xf7, 0xf4, 0xff, 0xfb, 0xf7, 0xf4, 0xff, 0xfb, 0xf7, 0xf4, 0xff,
    0xfb, 0xf7, 0xf4, 0xff, 0xfb, 0xf7, 0xf4, 0xff, 0xfb, 0xf7, 0xf4, 0xff,
    0xfb, 0xf7, 0xf4, 0xff, 0xfb, 0xf7, 0xf4, 0xff, 0xfb, 0xf7, 0xf4, 0xff,
    0xfb, 0xf7, 0xf4, 0xff, 0xfb, 0xf7, 0xf4, 0xff, 0xfb, 0xf7, 0xf4, 0xff,
    0xfb, 0xf7, 0xf4, 0xff, 0xfb, 0xf7, 0xf4, 0xff, 0xfb, 0xf7, 0xf4, 0xff,
    0xfb, 0xf7, 0xf4, 0xff, 0xfb, 0xf7, 0xf4, 0xff, 0xfb, 0xf7, 0xf4, 0xff,
    0xfb, 0xf7, 0xf4, 0xff, 0xfb, 0xf7, 0xf4, 0xff, 0xfb, 0xf7, 0xf4, 0xff,
    0xfb, 0xf7, 0xf4, 0xff, 0xfb, 0xf7, 0xf4, 0xff, 0xfb, 0xf7, 0xf4, 0xff,
    0xfb, 0xf7, 0xf4, 0xff, 0xfb, 0xf7, 0xf4, 0xff, 0xeb, 0xa0, 0x82, 0xff,
    0xdb, 0x48, 0x0f, 0xff, 0xdc, 0x48, 0x0f, 0xff, 0xdc, 0x48, 0x0f, 0xff,
    0xdd, 0x48, 0x0f, 0xff, 0xdd, 0x48, 0x0e, 0xff, 0xde, 0x48, 0x0e, 0xff,
    0xde, 0x48, 0x0e, 0xff, 0xdf, 0x48, 0x0e, 0xff, 0xdf, 0x48, 0x0e, 0xff,
    0xfb, 0xf7, 0xf4, 0xff, 0xfb, 0xf7, 0xf4, 0xff, 0xfb, 0xf7, 0xf4, 0xff,
    0xfb, 0xf7, 0xf4, 0xff, 0xfb, 0xf7, 0xf4, 0xff, 0xfb, 0xf7, 0xf4, 0xff,
    0xfb, 0xf7, 0xf4, 0xff, 0xfb, 0xf7, 0xf4, 0xff, 0xfb, 0xf7, 0xf4, 0xff,
    0xfb, 0xf7, 0xf4, 0xff, 0xfb, 0xf7, 0xf4, 0xff, 0xfb, 0xf7, 0xf4, 0xff,
    0xfb, 0xf7, 0xf4, 0xff, 0xfb, 0xf7, 0xf4, 0xff, 0xfb, 0xf7, 0xf4, 0xff,
    0xfb, 0xf7, 0xf4, 0xff, 0xfb, 0xf7, 0xf4, 0xff, 0xfb, 0xf7, 0xf4, 0xff,
    0xfb, 0xf7, 0xf4, 0xff, 0xfb, 0xf7, 0xf4, 0xff, 0xfb, 0xf7, 0xf4, 0xff,
    0xfb, 0xf7, 0xf4, 0xff, 0xfb, 0xf7, 0xf4, 0xff, 0xfb, 0xf7, 0xf4, 0xff,
    0xfb, 0xf7, 0xf4, 0xff, 0xfb, 0xf7, 0xf4, 0xff, 0xfb, 0xf7, 0xf4, 0xff,
    0xfb, 0xf7, 0xf4, 0xff, 0xfb, 0xf7, 0xf4, 0xff, 0xfb, 0xf7, 0xf4, 0xff,
    0xfb, 0xf7, 0xf4, 0xff, 0xfb, 0xf7, 0xf4, 0xff, 0xfb, 0xf7, 0xf4, 0xff,
    0xfb, 0xf7, 0xf4, 0xff, 0xfb, 0xf7, 0xf4, 0xff, 0xfb, 0xf7, 0xf4, 0xff,
    0xfb, 0xf7, 0xf4, 0xff, 0xfb, 0xf7, 0xf4, 0xff, 0xfb, 0xf7, 0xf4, 0xff,
    0xfb, 0xf7, 0xf4, 0xff, 0xfb, 0xf7, 0xf4, 0xff, 0xfb, 0xf7, 0xf4, 0xff,
    0xfb, 0xf7, 0xf4, 0xff, 0xfb, 0xf7, 0xf4, 0xff, 0xfb, 0xf7, 0xf4, 0xff,
    0xfb, 0xf7, 0xf4, 0xff, 0xfb, 0xf7, 0xf4, 0xff, 0xfb, 0xf7, 0xf4, 0xff,
    0xfb, 0xf7, 0xf4, 0xff, 0xfb, 0xf7, 0xf4, 0xff, 0xfb, 0xf7, 0xf4, 0xff,
    0xfb, 0xf7, 0xf4, 0xff, 0xfb, 0xf7, 0xf4, 0xff, 0xfb, 0xf7, 0xf4, 0xff,
    0xfb, 0xf7, 0xf4, 0xff, 0xfb, 0xf7, 0xf4, 0xff, 0xfb, 0xf7, 0xf4, 0xff,
    0xfb, 0xf7, 0xf4, 0xff, 0xfb, 0xf7, 0xf4, 0xff, 0xfb, 0xf7, 0xf4, 0xff,
    0xfb, 0xf7, 0xf4, 0xff, 0xfb, 0xf7, 0xf4, 0xff, 0xfb, 0xf7, 0xf4, 0xff,
    0xfb, 0xf7, 0xf4, 0xff, 0xfb, 0xf7, 0xf4, 0xff, 0xfb, 0xf7, 0xf4, 0xff,
    0xfb, 0xf7, 0xf4, 0xff, 0xfb, 0xf7, 0xf4, 0xff, 0xfb, 0xf7, 0xf4, 0xff,
    0xeb, 0xa0, 0x82, 0xff, 0xdb, 0x48, 0x0f, 0xff, 0xdc, 0x48, 0x0f, 0xff,
    0xdc, 0x48, 0x0f, 0xff, 0xdd, 0x48, 0x0f, 0xff, 0xdd, 0x48, 0x0e, 0xff,
    0xde, 0x48, 0x0e, 0xff, 0xde, 0x48, 0x0e, 0xff, 0xdf, 0x48, 0x0e, 0xff,
    0xdf, 0x48, 0x0e, 0xff, 0xe0, 0x48, 0x0e, 0xff, 0xfb, 0xf7, 0xf4, 0xff,
    0xfb, 0xf7, 0xf4, 0xff, 0xfb, 0xf7, 0xf4, 0xff, 0xfb, 0xf7, 0xf4, 0xff,
    0xfb, 0xf7, 0xf4, 0xff, 0xfb, 0xf7, 0xf4, 0xff, 0xfb, 0xf7, 0xf4, 0xff,
    0xfb, 0xf7, 0xf4, 0xff, 0xfb, 0xf7, 0xf4, 0xff, 0xfb, 0xf7, 0xf4, 0xff,
    0xfb, 0xf7, 0xf4, 0xff, 0xfb, 0xf7, 0xf4, 0xff, 0xfb, 0xf7, 0xf4, 0xff,
    0xfb, 0xf7, 0xf4, 0xff, 0xfb, 0xf7, 0xf4, 0xff, 0xfb, 0xf7, 0xf4, 0xff,
    0xfb, 0xf7, 0xf4, 0xff, 0xfb, 0xf7, 0xf4, 0xff, 0xfb, 0xf7, 0xf4, 0xff,
    0xfb, 0xf7, 0xf4, 0xff, 0xfb, 0xf7, 0xf4, 0xff, 0xfb, 0xf7, 0xf4, 0xff,
    0xfb, 0xf7, 0xf4, 0xff, 0xfb, 0xf7, 0xf4, 0xff, 0xfb, 0xf7, 0xf4, 0xff,
    0xfb, 0xf7, 0xf4, 0xff, 0xfb, 0xf7, 0xf4, 0xff, 0xfb, 0xf7, 0xf4, 0xff,
    0xfb, 0xf7, 0xf4, 0xff, 0xfb, 0xf7, 0xf4, 0xff, 0xfb, 0xf7, 0xf4, 0xff,
    0xfb, 0xf7, 0xf4, 0xff, 0xfb, 0xf7, 0xf4, 0xff, 0xfb, 0xf7, 0xf4, 0xff,
    0xfb, 0xf7, 0xf4, 0xff, 0xfb, 0xf7, 0xf4, 0xff, 0xfb, 0xf7, 0xf4, 0xff,
    0xfb, 0xf7, 0xf4, 0xff, 0xfb, 0xf7, 0xf4, 0xff, 0xfb, 0xf7, 0xf4, 0xff,
    0xfb, 0xf7, 0xf4, 0xff, 0xfb, 0xf7, 0xf4, 0xff, 0xfb, 0xf7, 0xf4, 0xff,
    0xfb, 0xf7, 0xf4, 0xff, 0xfb, 0xf7, 0xf4, 0xff, 0xfb, 0xf7, 0xf4, 0xff,
    0xfb, 0xf7, 0xf4, 0xff, 0xfb, 0xf7, 0xf4, 0xff, 0xfb, 0xf7, 0xf4, 0xff,
    0xfb, 0xf7, 0xf4, 0xff, 0xfb, 0xf7, 0xf4, 0xff, 0xfb, 0xf7, 0xf4, 0xff,
    0xfb, 0xf7, 0xf4, 0xff, 0xfb, 0xf7, 0xf4, 0xff, 0xfb, 0xf7, 0xf4, 0xff,
    0xfb, 0xf7, 0xf4, 0xff, 0xfb, 0xf7, 0xf4, 0xff, 0xfb, 0xf7, 0xf4, 0xff,
    0xfb, 0xf7, 0xf4, 0xff, 0xfb, 0xf7, 0xf4, 0xff, 0xfb, 0xf7, 0xf4, 0xff,
    0xfb, 0xf7, 0xf4, 0xff, 0xfb, 0xf7, 0xf4, 0xff, 0xfb, 0xf7, 0xf4, 0xff,
    0xfb, 0xf7, 0xf4, 0xff, 0xfb, 0xf7, 0xf4, 0xff, 0xfb, 0xf7, 0xf4, 0xff,
    0xfb, 0xf7, 0xf4, 0xff, 0xeb, 0xa0, 0x82, 0xff, 0xdb, 0x48, 0x0f, 0xff,
    0xdc, 0x48, 0x0f, 0xff, 0xdc, 0x48, 0x0f, 0xff, 0xdd, 0x48, 0x0f, 0xff,
    0xdd, 0x48, 0x0e, 0xff, 0xde, 0x48, 0x0e, 0xff, 0xde, 0x48, 0x0e, 0xff,
    0xdf, 0x48, 0x0e, 0xff, 0xdf, 0x48, 0x0e, 0xff, 0xe0, 0x48, 0x0e, 0xff,
    0xe1, 0x48, 0x0d, 0xff, 0xfb, 0xf7, 0xf4, 0xff, 0xfb, 0xf7, 0xf4, 0xff,
    0xfb, 0xf7, 0xf4, 0xff, 0xfb, 0xf7, 0xf4, 0xff, 0xfb, 0xf7, 0xf4, 0xff,
    0xfb, 0xf7, 0xf4, 0xff, 0xfb, 0xf7, 0xf4, 0xff, 0xfb, 0xf7, 0xf4, 0xff,
    0xfb, 0xf7, 0xf4, 0xff, 0xfb, 0xf7, 0xf4, 0xff, 0xfb, 0xf7, 0xf4, 0xff,
    0xfb, 0xf7, 0xf4, 0xff, 0xfb, 0xf7, 0xf4, 0xff, 0xfb, 0xf7, 0xf4, 0xff,
    0xfb, 0xf7, 0xf4, 0xff, 0xfb, 0xf7, 0xf4, 0xff, 0xfb, 0xf7, 0xf4, 0xff,
    0xfb, 0xf7, 0xf4, 0xff, 0xfb, 0xf7, 0xf4, 0xff, 0xfb, 0xf7, 0xf4, 0xff,
    0xfb, 0xf7, 0xf4, 0xff, 0xfb, 0xf7, 0xf4, 0xff, 0xfb, 0xf7, 0xf4, 0xff,
    0xfb, 0xf7, 0xf4, 0xff, 0xfb, 0xf7, 0xf4, 0xff, 0xfb, 0xf7, 0xf4, 0xff,
    0xfb, 0xf7, 0xf4, 0xff, 0xfb, 0xf7, 0xf4, 0xff, 0xfb, 0xf7, 0xf4, 0xff,
    0xfb, 0xf7, 0xf4, 0xff, 0xfb, 0xf7, 0xf4, 0xff, 0xfb, 0xf7, 0xf4, 0xff,
    0xfb, 0xf7, 0xf4, 0xff, 0xfb, 0xf7, 0xf4, 0xff, 0xfb, 0xf7, 0xf4, 0xff,
    0xfb, 0xf7, 0xf4, 0xff, 0xfb, 0xf7, 0xf4, 0xff, 0xfb, 0xf7, 0xf4, 0xff,
    0xfb, 0xf7, 0xf4, 0xff, 0xfb, 0xf7, 0xf4, 0xff, 0xfb, 0xf7, 0xf4, 0xff,
    0xfb, 0xf7, 0xf4, 0xff, 0xfb, 0xf7, 0xf4, 0xff, 0xfb, 0xf7, 0xf4, 0xff,
    0xfb, 0xf7, 0xf4, 0xff, 0xfb, 0xf7, 0xf4, 0xff, 0xfb, 0xf7, 0xf4, 0xff,
    0xfb, 0xf7, 0xf4, 0xff, 0xfb, 0xf7, 0xf4, 0xff, 0xfb, 0xf7, 0xf4, 0xff,
    0xfb, 0xf7, 0xf4, 0xff, 0xfb, 0xf7, 0xf4, 0xff, 0xfb, 0xf7, 0xf4, 0xff,
    0xfb, 0xf7, 0xf4, 0xff, 0xfb, 0xf7, 0xf4, 0xff, 0xfb, 0xf7, 0xf4, 0xff,
    0xfb, 0xf7, 0xf4, 0xff, 0xfb, 0xf7, 0xf4, 0xff, 0xfb, 0xf7, 0xf4, 0xff,
    0xfb, 0xf7, 0xf4, 0xff, 0xfb, 0xf7, 0xf4, 0xff, 0xfb, 0xf7, 0xf4, 0xff,
    0xfb, 0xf7, 0xf4, 0xff, 0xfb, 0xf7, 0xf4, 0xff, 0xfb, 0xf7, 0xf4, 0xff,
    0xfb, 0xf7, 0xf4, 0xff, 0xfb, 0xf7, 0xf4, 0xff, 0xeb, 0xa0, 0x82, 0xff,
    0xdb, 0x48, 0x0f, 0xff, 0xdc, 0x48, 0x0f, 0xff, 0xdc, 0x48, 0x0f, 0xff,
    0xdd, 0x48, 0x0f, 0xff, 0xdd, 0x48, 0x0e, 0xff, 0xde, 0x48, 0x0e, 0xff,
    0xde, 0x48, 0x0e, 0xff, 0xdf, 0x48, 0x0e, 0xff, 0xdf, 0x48, 0x0e, 0xff,
    0xe0, 0x48, 0x0e, 0xff, 0xe1, 0x48, 0x0d, 0xff, 0xe1, 0x48, 0x0d, 0xff,
    0xfb, 0xf7, 0xf4, 0xff, 0xfb, 0xf7, 0xf4, 0xff, 0xfb, 0xf7, 0xf4, 0xff,
    0xfb, 0xf7, 0xf4, 0xff, 0xfb, 0xf7, 0xf4, 0xff, 0xfb, 0xf7, 0xf4, 0xff,
    0xfb, 0xf7, 0xf4, 0xff, 0xfb, 0xf7, 0xf4, 0xff, 0xfb, 0xf7, 0xf4, 0xff,
    0xfb, 0xf7, 0xf4, 0xff, 0xfb, 0xf7, 0xf4, 0xff, 0xfb, 0xf7, 0xf4, 0xff,
    0xfb, 0xf7, 0xf4, 0xff, 0xfb, 0xf7, 0xf4, 0xff, 0xfb, 0xf7, 0xf4, 0xff,
    0xfb, 0xf7, 0xf4, 0xff, 0xfb, 0xf7, 0xf4, 0xff, 0xfb, 0xf7, 0xf4, 0xff,
    0xfb, 0xf7, 0xf4, 0xff, 0xfb, 0xf7, 0xf4, 0xff, 0xfb, 0xf7, 0xf4, 0xff,
    0xfb, 0xf7, 0xf4, 0xff, 0xfb, 0xf7, 0xf4, 0xff, 0xfb, 0xf7, 0xf4, 0xff,
    0xfb, 0xf7, 0xf4, 0xff, 0xfb, 0xf7, 0xf4, 0xff, 0xfb, 0xf7, 0xf4, 0xff,
    0xfb, 0xf7, 0xf4, 0xff, 0xfb, 0xf7, 0xf4, 0xff, 0xfb, 0xf7, 0xf4, 0xff,
    0xfb, 0xf7, 0xf4, 0xff, 0xfb, 0xf7, 0xf4, 0xff, 0xfb, 0xf7, 0xf4, 0xff,
    0xfb, 0xf7, 0xf4, 0xff, 0xfb, 0xf7, 0xf4, 0xff, 0xfb, 0xf7, 0xf4, 0xff,
    0xfb, 0xf7, 0xf4, 0xff, 0xfb, 0xf7, 0xf4, 0xff, 0xfb, 0xf7, 0xf4, 0xff,
    0xfb, 0xf7, 0xf4, 0xff, 0xfb, 0xf7, 0xf4, 0xff, 0xfb, 0xf7, 0xf4, 0xff,
    0xfb, 0xf7, 0xf4, 0xff, 0xfb, 0xf7, 0xf4, 0xff, 0xfb, 0xf7, 0xf4, 0xff,
    0xfb, 0xf7, 0xf4, 0xff, 0xfb, 0xf7, 0xf4, 0xff, 0xfb, 0xf7, 0xf4, 0xff,
    0xfb, 0xf7, 0xf4, 0xff, 0xfb, 0xf7, 0xf4, 0xff, 0xfb, 0xf7, 0xf4, 0xff,
    0xfb, 0xf7, 0xf4, 0xff, 0xfb, 0xf7, 0xf4, 0xff, 0xfb, 0xf7, 0xf4, 0xff,
    0xfb, 0xf7, 0xf4, 0xff, 0xfb, 0xf7, 0xf4, 0xff, 0xfb, 0xf7, 0xf4, 0xff,
    0xfb, 0xf7, 0xf4, 0xff, 0xfb, 0xf7, 0xf4, 0xff, 0xfb, 0xf7, 0xf4, 0xff,
    0xfb, 0xf7, 0xf4, 0xff, 0xfb, 0xf7, 0xf4, 0xff, 0xfb, 0xf7, 0xf4, 0xff,
    0xfb, 0xf7, 0xf4, 0xff, 0xfb, 0xf7, 0xf4, 0xff, 0xfb, 0xf7, 0xf4, 0xff,
    0xeb, 0xa0, 0x82, 0xff, 0xdb, 0x48, 0x0f, 0xff, 0xdc, 0x48, 0x0f, 0xff,
    0xdc, 0x48, 0x0f, 0xff, 0xdd, 0x48, 0x0f, 0xff, 0xdd, 0x48, 0x0e, 0xff,
    0xde, 0x48, 0x0e, 0xff, 0xde, 0x48, 0x0e, 0xff, 0xdf, 0x48, 0x0e, 0xff,
    0xdf, 0x48, 0x0e, 0xff, 0xe0, 0x48, 0x0e, 0xff, 0xe1, 0x48, 0x0d, 0xff,
    0xe1, 0x48, 0x0d, 0xff, 0xe2, 0x48, 0x0d, 0xff, 0xfb, 0xf7, 0xf4, 0xff,
    0xfb, 0xf7, 0xf4, 0xff, 0xfb, 0xf7, 0xf4, 0xff, 0xfb, 0xf7, 0xf4, 0xff,
    0xfb, 0xf7, 0xf4, 0xff, 0xfb, 0xf7, 0xf4, 0xff, 0xfb, 0xf7, 0xf4, 0xff,
    0xfb, 0xf7, 0xf4, 0xff, 0xfb, 0xf7, 0xf4, 0xff, 0xfb, 0xf7, 0xf4, 0xff,
    0xfb, 0xf7, 0xf4, 0xff, 0xfb, 0xf7, 0xf4, 0xff, 0xfb, 0xf7, 0xf4, 0xff,
    0xfb, 0xf7, 0xf4, 0xff, 0xfb, 0xf7, 0xf4, 0xff, 0xfb, 0xf7, 0xf4, 0xff,
    0xfb, 0xf7, 0xf4, 0xff, 0xfb, 0xf7, 0xf4, 0xff, 0xfb, 0xf7, 0xf4, 0xff,
    0xfb, 0xf7, 0xf4, 0xff, 0xfb, 0xf7, 0xf4, 0xff, 0xfb, 0xf7, 0xf4, 0xff,
    0xfb, 0xf7, 0xf4, 0xff, 0xfb, 0xf7, 0xf4, 0xff, 0xfb, 0xf7, 0xf4, 0xff,
    0xfb, 0xf7, 0xf4, 0xff, 0xfb, 0xf7, 0xf4, 0xff, 0xfb, 0xf7, 0xf4, 0xff,
    0xfb, 0xf7, 0xf4, 0xff, 0xfb, 0xf7, 0xf4, 0xff, 0xfb, 0xf7, 0xf4, 0xff,
    0xfb, 0xf7, 0xf4, 0xff, 0xfb, 0xf7, 0xf4, 0xff, 0xfb, 0xf7, 0xf4, 0xff,
    0xfb, 0xf7, 0xf4, 0xff, 0xfb, 0xf7, 0xf4, 0xff, 0xfb, 0xf7, 0xf4, 0xff,
    0xfb, 0xf7, 0xf4, 0xff, 0xfb, 0xf7, 0xf4, 0xff, 0xfb, 0xf7, 0xf4, 0xff,
    0xfb, 0xf7, 0xf4, 0xff, 0xfb, 0xf7, 0xf4, 0xff, 0xfb, 0xf7, 0xf4, 0xff,
    0xfb, 0xf7, 0xf4, 0xff, 0xfb, 0xf7, 0xf4, 0xff, 0xfb, 0xf7, 0xf4, 0xff,
    0xfb, 0xf7, 0xf4, 0xff, 0xfb, 0xf7, 0xf4, 0xff, 0xfb, 0xf7, 0xf4, 0xff,
    0xfb, 0xf7, 0xf4, 0xff, 0xfb, 0xf7, 0xf4, 0xff, 0xfb, 0xf7, 0xf4, 0xff,
    0xfb, 0xf7, 0xf4, 0xff, 0xfb, 0xf7, 0xf4, 0xff, 0xfb, 0xf7, 0xf4, 0xff,
    0xfb, 0xf7, 0xf4, 0xff, 0xfb, 0xf7, 0xf4, 0xff, 0xfb, 0xf7, 0xf4, 0xff,
    0xfb, 0xf7, 0xf4, 0xff, 0xfb, 0xf7, 0xf4, 0xff, 0xfb, 0xf7, 0xf4, 0xff,
    0xfb, 0xf7, 0xf4, 0xff, 0xfb, 0xf7, 0xf4, 0xff, 0xfb, 0xf7, 0xf4, 0xff,
    0xfb, 0xf7, 0xf4, 0xff, 0xeb, 0xa0, 0x82, 0xff, 0xdb, 0x48, 0x0f, 0xff,
    0xdc, 0x48, 0x0f, 0xff, 0xdc, 0x48, 0x0f, 0xff, 0xdd, 0x48, 0x0f, 0xff,
    0xdd, 0x48, 0x0e, 0xff, 0xde, 0x48, 0x0e, 0xff, 0xde, 0x48, 0x0e, 0xff,
    0xdf, 0x48, 0x0e, 0xff, 0xdf, 0x48, 0x0e, 0xff, 0xe0, 0x48, 0x0e, 0xff,
    0xe1, 0x48, 0x0d, 0xff, 0xe1, 0x48, 0x0d, 0xff, 0xe2, 0x48, 0x0d, 0xff,
    0xe2, 0x48, 0x0d, 0xff, 0xfb, 0xf7, 0xf4, 0xff, 0xfb, 0xf7, 0xf4, 0xff,
    0xfb, 0xf7, 0xf4, 0xff, 0xfb, 0xf7, 0xf4, 0xff, 0xfb, 0xf7, 0xf4, 0xff,
    0xfb, 0xf7, 0xf4, 0xff, 0xfb, 0xf7, 0xf4, 0xff, 0xfb, 0xf7, 0xf4, 0xff,
    0xfb, 0xf7, 0xf4, 0xff, 0xfb, 0xf7, 0xf4, 0xff, 0xfb, 0xf7, 0xf4, 0xff,
    0xfb, 0xf7, 0xf4, 0xff, 0xfb, 0xf7, 0xf4, 0xff, 0xfb, 0xf7, 0xf4, 0xff,
    0xfb, 0xf7, 0xf4, 0xff, 0xfb, 0xf7, 0xf4, 0xff, 0xfb, 0xf7, 0xf4, 0xff,
    0xfb, 0xf7, 0xf4, 0xff, 0xfb, 0xf7, 0xf4, 0xff, 0xfb, 0xf7, 0xf4, 0xff,
    0xfb, 0xf7, 0xf4, 0xff, 0xfb, 0xf7, 0xf4, 0xff, 0xfb, 0xf7, 0xf4, 0xff,
    0xfb, 0xf7, 0xf4, 0xff, 0xfb, 0xf7, 0xf4, 0xff, 0xfb, 0xf7, 0xf4, 0xff,
    0xfb, 0xf7, 0xf4, 0xff, 0xfb, 0xf7, 0xf4, 0xff, 0xfb, 0xf7, 0xf4, 0xff,
    0xfb, 0xf7, 0xf4, 0xff, 0xfb, 0xf7, 0xf4, 0xff, 0xfb, 0xf7, 0xf4, 0xff,
    0xfb, 0xf7, 0xf4, 0xff, 0xfb, 0xf7, 0xf4, 0xff, 0xfb, 0xf7, 0xf4, 0xff,
    0xfb, 0xf7, 0xf4, 0xff, 0xfb, 0xf7, 0xf4, 0xff, 0xfb, 0xf7, 0xf4, 0xff,
    0xfb, 0xf7, 0xf4, 0xff, 0xfb, 0xf7, 0xf4, 0xff, 0xfb, 0xf7, 0xf4, 0xff,
    0xfb, 0xf7, 0xf4, 0xff, 0xfb, 0xf7, 0xf4, 0xff, 0xfb, 0xf7, 0xf4, 0xff,
    0xfb, 0xf7, 0xf4, 0xff, 0xfb, 0xf7, 0xf4, 0xff, 0xfb, 0xf7, 0xf4, 0xff,
    0xfb, 0xf7, 0xf4, 0xff, 0xfb, 0xf7, 0xf4, 0xff, 0xfb, 0xf7, 0xf4, 0xff,
    0xfb, 0xf7, 0xf4, 0xff, 0xfb, 0xf7, 0xf4, 0xff, 0xfb, 0xf7, 0xf4, 0xff,
    0xfb, 0xf7, 0xf4, 0xff, 0xfb, 0xf7, 0xf4, 0xff, 0xfb, 0xf7, 0xf4, 0xff,
    0xfb, 0xf7, 0xf4, 0xff, 0xfb, 0xf7, 0xf4, 0xff, 0xfb, 0xf7, 0xf4, 0xff,
    0xfb, 0xf7, 0xf4, 0xff, 0xfb, 0xf7, 0xf4, 0xff, 0xfb, 0xf7, 0xf4, 0xff,
    0xfb, 0xf7, 0xf4, 0xff, 0xfb, 0xf7, 0xf4, 0xff, 0xeb, 0xa0, 0x82, 0xff,
    0xdb, 0x48, 0x0f, 0xff, 0xdc, 0x48, 0x0f, 0xff, 0xdc, 0x48, 0x0f, 0xff,
    0xdd, 0x48, 0x0f, 0xff, 0xdd, 0x48, 0x0e, 0xff, 0xde, 0x48, 0x0e, 0xff,
    0xde, 0x48, 0x0e, 0xff, 0xdf, 0x48, 0x0e, 0xff, 0xdf, 0x48, 0x0e, 0xff,
    0xe0, 0x48, 0x0e, 0xff, 0xe1, 0x48, 0x0d, 0xff, 0xe1, 0x48, 0x0d, 0xff,
    0xe2, 0x48, 0x0d, 0xff, 0xe2, 0x48, 0x0d, 0xff, 0xe3, 0x48, 0x0c, 0xff,
    0xfb, 0xf7, 0xf4, 0xff, 0xfb, 0xf7, 0xf4, 0xff, 0xfb, 0xf7, 0xf4, 0xff,
    0xfb, 0xf7, 0xf4, 0xff, 0xfb, 0xf7, 0xf4, 0xff, 0xfb, 0xf7, 0xf4, 0xff,
    0xfb, 0xf7, 0xf4, 0xff, 0xfb, 0xf7, 0xf4, 0xff, 0xfb, 0xf7, 0xf4, 0xff,
    0xfb, 0xf7, 0xf4, 0xff, 0xfb, 0xf7, 0xf4, 0xff, 0xfb, 0xf7, 0xf4, 0xff,
    0xfb, 0xf7, 0xf4, 0xff, 0xfb, 0xf7, 0xf4, 0xff, 0xfb, 0xf7, 0xf4, 0xff,
    0xfb, 0xf7, 0xf4, 0xff, 0xfb, 0xf7, 0xf4, 0xff, 0xfb, 0xf7, 0xf4, 0xff,
    0xfb, 0xf7, 0xf4, 0xff, 0xfb, 0xf7, 0xf4, 0xff, 0xfb, 0xf7, 0xf4, 0xff,
    0xfb, 0xf7, 0xf4, 0xff, 0xfb, 0xf7, 0xf4, 0xff, 0xfb, 0xf7, 0xf4, 0xff,
    0xfb, 0xf7, 0xf4, 0xff, 0xfb, 0xf7, 0xf4, 0xff, 0xfb, 0xf7, 0xf4, 0xff,
    0xfb, 0xf7, 0xf4, 0xff, 0xfb, 0xf7, 0xf4, 0xff, 0xfb, 0xf7, 0xf4, 0xff,
    0xfb, 0xf7, 0xf4, 0xff, 0xfb, 0xf7, 0xf4, 0xff, 0xfb, 0xf7, 0xf4, 0xff,
    0xfb, 0xf7, 0xf4, 0xff, 0xfb, 0xf7, 0xf4, 0xff, 0xfb, 0xf7, 0xf4, 0xff,
    0xfb, 0xf7, 0xf4, 0xff, 0xfb, 0xf7, 0xf4, 0xff, 0xfb, 0xf7, 0xf4, 0xff,
    0xfb, 0xf7, 0xf4, 0xff, 0xfb, 0xf7, 0xf4, 0xff, 0xfb, 0xf7, 0xf4, 0xff,
    0xfb, 0xf7, 0xf4, 0xff, 0xfb, 0xf7, 0xf4, 0xff, 0xfb, 0xf7, 0xf4, 0xff,
    0xfb, 0xf7, 0xf4, 0xff, 0xfb, 0xf7, 0xf4, 0xff, 0xfb, 0xf7, 0xf4, 0xff,
    0xfb, 0xf7, 0xf4, 0xff, 0xfb, 0xf7, 0xf4, 0xff, 0xfb, 0xf7, 0xf4, 0xff,
    0xfb, 0xf7, 0xf4, 0xff, 0xfb, 0xf7, 0xf4, 0xff, 0xfb, 0xf7, 0xf4, 0xff,
    0xfb, 0xf7, 0xf4, 0xff, 0xfb, 0xf7, 0xf4, 0xff, 0xfb, 0xf7, 0xf4, 0xff,
    0xfb, 0xf7, 0xf4, 0xff, 0xfb, 0xf7, 0xf4, 0xff, 0xfb, 0xf7, 0xf4, 0xff,
    0xfb, 0xf7, 0xf4, 0xff, 0xfb, 0xf7, 0xf4, 0xff, 0xfb, 0xf7, 0xf4, 0xff,
    0xeb, 0xa0, 0x82, 0xff, 0xdb, 0x48, 0x0f, 0xff, 0xdc, 0x48, 0x0f, 0xff,
    0xdc, 0x48, 0x0f, 0xff, 0xdd, 0x48, 0x0f, 0xff, 0xdd, 0x48, 0x0e, 0xff,
    0xde, 0x48, 0x0e, 0xff, 0xde, 0x48, 0x0e, 0xff, 0xdf, 0x48, 0x0e, 0xff,
    0xdf, 0x48, 0x0e, 0xff, 0xe0, 0x48, 0x0e, 0xff, 0xe1, 0x48, 0x0d, 0xff,
    0xe1, 0x48, 0x0d, 0xff, 0xe2, 0x48, 0x0d, 0xff, 0xe2, 0x48, 0x0d, 0xff,
    0xe3, 0x48, 0x0c, 0xff, 0xe3, 0x48, 0x0c, 0xff, 0xfb, 0xf7, 0xf4, 0xff,
    0xfb, 0xf7, 0xf4, 0xff, 0xfb, 0xf7, 0xf4, 0xff, 0xfb, 0xf7, 0xf4, 0xff,
    0xfb, 0xf7, 0xf4, 0xff, 0xfb, 0xf7, 0xf4, 0xff, 0xfb, 0xf7, 0xf4, 0xff,
    0xfb, 0xf7, 0xf4, 0xff, 0xfb, 0xf7, 0xf4, 0xff, 0xfb, 0xf7, 0xf4, 0xff,
    0xfb, 0xf7, 0xf4, 0xff, 0xfb, 0xf7, 0xf4, 0xff, 0xfb, 0xf7, 0xf4, 0xff,
    0xfb, 0xf7, 0xf4, 0xff, 0xfb, 0xf7, 0xf4, 0xff, 0xfb, 0xf7, 0xf4, 0xff,
    0xfb, 0xf7, 0xf4, 0xff, 0xfb, 0xf7, 0xf4, 0xff, 0xfb, 0xf7, 0xf4, 0xff,
    0xfb, 0xf7, 0xf4, 0xff, 0xfb, 0xf7, 0xf4, 0xff, 0xfb, 0xf7, 0xf4, 0xff,
    0xfb, 0xf7, 0xf4, 0xff, 0xfb, 0xf7, 0xf4, 0xff, 0xfb, 0xf7, 0xf4, 0xff,
    0xfb, 0xf7, 0xf4, 0xff, 0xfb, 0xf7, 0xf4, 0xff, 0xfb, 0xf7, 0xf4, 0xff,
    0xfb, 0xf7, 0xf4, 0xff, 0xfb, 0xf7, 0xf4, 0xff, 0xfb, 0xf7, 0xf4, 0xff,
    0xfb, 0xf7, 0xf4, 0xff, 0xfb, 0xf7, 0xf4, 0xff, 0xfb, 0xf7, 0xf4, 0xff,
    0xfb, 0xf7, 0xf4, 0xff, 0xfb, 0xf7, 0xf4, 0xff, 0xfb, 0xf7, 0xf4, 0xff,
    0xfb, 0xf7, 0xf4, 0xff, 0xfb, 0xf7, 0xf4, 0xff, 0xfb, 0xf7, 0xf4, 0xff,
    0xfb, 0xf7, 0xf4, 0xff, 0xfb, 0xf7, 0xf4, 0xff, 0xfb, 0xf7, 0xf4, 0xff,
    0xfb, 0xf7, 0xf4, 0xff, 0xfb, 0xf7, 0xf4, 0xff, 0xfb, 0xf7, 0xf4, 0xff,
    0xfb, 0xf7, 0xf4, 0xff, 0xfb, 0xf7, 0xf4, 0xff, 0xfb, 0xf7, 0xf4, 0xff,
    0xfb, 0xf7, 0xf4, 0xff, 0xfb, 0xf7, 0xf4, 0xff, 0xfb, 0xf7, 0xf4, 0xff,
    0xfb, 0xf7, 0xf4, 0xff, 0xfb, 0xf7, 0xf4, 0xff, 0xfb, 0xf7, 0xf4, 0xff,
    0xfb, 0xf7, 0xf4, 0xff, 0xfb, 0xf7, 0xf4, 0xff, 0xfb, 0xf7, 0xf4, 0xff,
    0xfb, 0xf7, 0xf4, 0xff, 0xfb, 0xf7, 0xf4, 0xff, 0xfb, 0xf7, 0xf4, 0xff,
    0xfb, 0xf7, 0xf4, 0xff, 0xeb, 0xa0, 0x82, 0xff, 0xdb, 0x48, 0x0f, 0xff,
    0xdc, 0x48, 0x0f, 0xff, 0xdc, 0x48, 0x0f, 0xff, 0xdd, 0x48, 0x0f, 0xff,
    0xdd, 0x48, 0x0e, 0xff, 0xde, 0x48, 0x0e, 0xff, 0xde, 0x48, 0x0e, 0xff,
    0xdf, 0x48, 0x0e, 0xff, 0xdf, 0x48, 0x0e, 0xff, 0xe0, 0x48, 0x0e, 0xff,
    0xe1, 0x48, 0x0d, 0xff, 0xe1, 0x48, 0x0d, 0xff, 0xe2, 0x48, 0x0d, 0xff,
    0xe2, 0x48, 0x0d, 0xff, 0xe3, 0x48, 0x0c, 0xff, 0xe3, 0x48, 0x0c, 0xff,
    0xe4, 0x48, 0x0c, 0xff, 0xfb, 0xf7, 0xf4, 0xff, 0xfb, 0xf7, 0xf4, 0xff,
    0xfb, 0xf7, 0xf4, 0xff, 0xfb, 0xf7, 0xf4, 0xff, 0xfb, 0xf7, 0xf4, 0xff,
    0xfb, 0xf7, 0xf4, 0xff, 0xfb, 0xf7, 0xf4, 0xff, 0xfb, 0xf7, 0xf4, 0xff,
    0xfb, 0xf7, 0xf4, 0xff, 0xfb, 0xf7, 0xf4, 0xff, 0xfb, 0xf7, 0xf4, 0xff,
    0xfb, 0xf7, 0xf4, 0xff, 0xfb, 0xf7, 0xf4, 0xff, 0xfb, 0xf7, 0xf4, 0xff,
    0xfb, 0xf7, 0xf4, 0xff, 0xfb, 0xf7, 0xf4, 0xff, 0xfb, 0xf7, 0xf4, 0xff,
    0xfb, 0xf7, 0xf4, 0xff, 0xfb, 0xf7, 0xf4, 0xff, 0xfb, 0xf7, 0xf4, 0xff,
    0xfb, 0xf7, 0xf4, 0xff, 0xfb, 0xf7, 0xf4, 0xff, 0xfb, 0xf7, 0xf4, 0xff,
    0xfb, 0xf7, 0xf4, 0xff, 0xfb, 0xf7, 0xf4, 0xff, 0xfb, 0xf7, 0xf4, 0xff,
    0xfb, 0xf7, 0xf4, 0xff, 0xfb, 0xf7, 0xf4, 0xff, 0xfb, 0xf7, 0xf4, 0xff,
    0xfb, 0xf7, 0xf4, 0xff, 0xfb, 0xf7, 0xf4, 0xff, 0xfb, 0xf7, 0xf4, 0xff,
    0xfb, 0xf7, 0xf4, 0xff, 0xfb, 0xf7, 0xf4, 0xff, 0xfb, 0xf7, 0xf4, 0xff,
    0xfb, 0xf7, 0xf4, 0xff, 0xfb, 0xf7, 0xf4, 0xff, 0xfb, 0xf7, 0xf4, 0xff,
    0xfb, 0xf7, 0xf4, 0xff, 0xfb, 0xf7, 0xf4, 0xff, 0xfb, 0xf7, 0xf4, 0xff,
    0xfb, 0xf7, 0xf4, 0xff, 0xfb, 0xf7, 0xf4, 0xff, 0xfb, 0xf7, 0xf4, 0xff,
    0xfb, 0xf7, 0xf4, 0xff, 0xfb, 0xf7, 0xf4, 0xff, 0xfb, 0xf7, 0xf4, 0xff,
    0xfb, 0xf7, 0xf4, 0xff, 0xfb, 0xf7, 0xf4, 0xff, 0xfb, 0xf7, 0xf4, 0xff,
    0xfb, 0xf7, 0xf4, 0xff, 0xfb, 0xf7, 0xf4, 0xff, 0xfb, 0xf7, 0xf4, 0xff,
    0xfb, 0xf7, 0xf4, 0xff, 0xfb, 0xf7, 0xf4, 0xff, 0xfb, 0xf7, 0xf4, 0xff,
    0xfb, 0xf7, 0xf4, 0xff, 0xfb, 0xf7, 0xf4, 0xff, 0xfb, 0xf7, 0xf4, 0xff,
    0xfb, 0xf7, 0xf4, 0xff, 0xfb, 0xf7, 0xf4, 0xff, 0xeb, 0xa0, 0x82, 0xff,
    0xdb, 0x48, 0x0f, 0xff, 0xdc, 0x48, 0x0f, 0xff, 0xdc, 0x48, 0x0f, 0xff,
    0xdd, 0x48, 0x0f, 0xff, 0xdd, 0x48, 0x0e, 0xff, 0xde, 0x48, 0x0e, 0xff,
    0xde, 0x48, 0x0e, 0xff, 0xdf, 0x48, 0x0e, 0xff, 0xdf, 0x48, 0x0e, 0xff,
    0xe0, 0x48, 0x0e, 0xff, 0xe1, 0x48, 0x0d, 0xff, 0xe1, 0x48, 0x0d, 0xff,
    0xe2, 0x48, 0x0d, 0xff, 0xe2, 0x48, 0x0d, 0xff, 0xe3, 0x48, 0x0c, 0xff,
    0xe3, 0x48, 0x0c, 0xff, 0xe4, 0x48, 0x0c, 0xff, 0xe4, 0x48, 0x0c, 0xff,
    0xfb, 0xf7, 0xf4, 0xff, 0xfb, 0xf7, 0xf4, 0xff, 0xfb, 0xf7, 0xf4, 0xff,
    0xfb, 0xf7, 0xf4, 0xff, 0xfb, 0xf7, 0xf4, 0xff, 0xfb, 0xf7, 0xf4, 0xff,
    0xfb, 0xf7, 0xf4, 0xff, 0xfb, 0xf7, 0xf4, 0xff, 0xfb, 0xf7, 0xf4, 0xff,
    0xfb, 0xf7, 0xf4, 0xff, 0xfb, 0xf7, 0xf4, 0xff, 0xfb, 0xf7, 0xf4, 0xff,
    0xfb, 0xf7, 0xf4, 0xff, 0xfb, 0xf7, 0xf4, 0xff, 0xfb, 0xf7, 0xf4, 0xff,
    0xfb, 0xf7, 0xf4, 0xff, 0xfb, 0xf7, 0xf4, 0xff, 0xfb, 0xf7, 0xf4, 0xff,
    0xfb, 0xf7, 0xf4, 0xff, 0xfb, 0xf7, 0xf4, 0xff, 0xfb, 0xf7, 0xf4, 0xff,
    0xfb, 0xf7, 0xf4, 0xff, 0xfb, 0xf7, 0xf4, 0xff, 0xfb, 0xf7, 0xf4, 0xff,
    0xfb, 0xf7, 0xf4, 0xff, 0xfb, 0xf7, 0xf4, 0xff, 0xfb, 0xf7, 0xf4, 0xff,
    0xfb, 0xf7, 0xf4, 0xff, 0xfb, 0xf7, 0xf4, 0xff, 0xfb, 0xf7, 0xf4, 0xff,
    0xfb, 0xf7, 0xf4, 0xff, 0xfb, 0xf7, 0xf4, 0xff, 0xfb, 0xf7, 0xf4, 0xff,
    0xfb, 0xf7, 0xf4, 0xff, 0xfb, 0xf7, 0xf4, 0xff, 0xfb, 0xf7, 0xf4, 0xff,
    0xfb, 0xf7, 0xf4, 0xff, 0xfb, 0xf7, 0xf4, 0xff, 0xfb, 0xf7, 0xf4, 0xff,
    0xfb, 0xf7, 0xf4, 0xff, 0xfb, 0xf7, 0xf4, 0xff, 0xfb, 0xf7, 0xf4, 0xff,
    0xfb, 0xf7, 0xf4, 0xff, 0xfb, 0xf7, 0xf4, 0xff, 0xfb, 0xf7, 0xf4, 0xff,
    0xfb, 0xf7, 0xf4, 0xff, 0xfb, 0xf7, 0xf4, 0xff, 0xfb, 0xf7, 0xf4, 0xff,
    0xfb, 0xf7, 0xf4, 0xff, 0xfb, 0xf7, 0xf4, 0xff, 0xfb, 0xf7, 0xf4, 0xff,
    0xfb, 0xf7, 0xf4, 0xff, 0xfb, 0xf7, 0xf4, 0xff, 0xfb, 0xf7, 0xf4, 0xff,
    0xfb, 0xf7, 0xf4, 0xff, 0xfb, 0xf7, 0xf4, 0xff, 0xfb, 0xf7, 0xf4, 0xff,
    0xfb, 0xf7, 0xf4, 0xff, 0xfb, 0xf7, 0xf4, 0xff, 0xfb, 0xf7, 0xf4, 0xff,
    0xeb, 0xa0, 0x82, 0xff, 0xdb, 0x48, 0x0f, 0xff, 0xdc, 0x48, 0x0f, 0xff,
    0xdc, 0x48, 0x0f, 0xff, 0xdd, 0x48, 0x0f, 0xff, 0xdd, 0x48, 0x0e, 0xff,
    0xde, 0x48, 0x0e, 0xff, 0xde, 0x48, 0x0e, 0xff, 0xdf, 0x48, 0x0e, 0xff,
    0xdf, 0x48, 0x0e, 0xff, 0xe0, 0x48, 0x0e, 0xff, 0xe1, 0x48, 0x0d, 0xff,
    0xe1, 0x48, 0x0d, 0xff, 0xe2, 0x48, 0x0d, 0xff, 0xe2, 0x48, 0x0d, 0xff,
    0xe3, 0x48, 0x0c, 0xff, 0xe3, 0x48, 0x0c, 0xff, 0xe4, 0x48, 0x0c, 0xff,
    0xe4, 0x48, 0x0c, 0xff, 0xe5, 0x48, 0x0b, 0xff, 0xfb, 0xf7, 0xf4, 0xff,
    0xfb, 0xf7, 0xf4, 0xff, 0xfb, 0xf7, 0xf4, 0xff, 0xfb, 0xf7, 0xf4, 0xff,
    0xfb, 0xf7, 0xf4, 0xff, 0xfb, 0xf7, 0xf4, 0xff, 0xfb, 0xf7, 0xf4, 0xff,
    0xfb, 0xf7, 0xf4, 0xff, 0xfb, 0xf7, 0xf4, 0xff, 0xfb, 0xf7, 0xf4, 0xff,
    0xfb, 0xf7, 0xf4, 0xff, 0xfb, 0xf7, 0xf4, 0xff, 0xfb, 0xf7, 0xf4, 0xff,
    0xfb, 0xf7, 0xf4, 0xff, 0xfb, 0xf7, 0xf4, 0xff, 0xfb, 0xf7, 0xf4, 0xff,
    0xfb, 0xf7, 0xf4, 0xff, 0xfb, 0xf7, 0xf4, 0xff, 0xfb, 0xf7, 0xf4, 0xff,
    0xfb, 0xf7, 0xf4, 0xff, 0xfb, 0xf7, 0xf4, 0xff, 0xfb, 0xf7, 0xf4, 0xff,
    0xfb, 0xf7, 0xf4, 0xff, 0xfb, 0xf7, 0xf4, 0xff, 0xfb, 0xf7, 0xf4, 0xff,
    0xfb, 0xf7, 0xf4, 0xff, 0xfb, 0xf7, 0xf4, 0xff, 0xfb, 0xf7, 0xf4, 0xff,
    0xfb, 0xf7, 0xf4, 0xff, 0xfb, 0xf7, 0xf4, 0xff, 0xfb, 0xf7, 0xf4, 0xff,
    0xfb, 0xf7, 0xf4, 0xff, 0xfb, 0xf7, 0xf4, 0xff, 0xfb, 0xf7, 0xf4, 0xff,
    0xfb, 0xf7, 0xf4, 0xff, 0xfb, 0xf7, 0xf4, 0xff, 0xfb, 0xf7, 0xf4, 0xff,
    0xfb, 0xf7, 0xf4, 0xff, 0xfb, 0xf7, 0xf4, 0xff, 0xfb, 0xf7, 0xf4, 0xff,
    0xfb, 0xf7, 0xf4, 0xff, 0xfb, 0xf7, 0xf4, 0xff, 0xfb, 0xf7, 0xf4, 0xff,
    0xfb, 0xf7, 0xf4, 0xff, 0xfb, 0xf7, 0xf4, 0xff, 0xfb, 0xf7, 0xf4, 0xff,
    0xfb, 0xf7, 0xf4, 0xff, 0xfb, 0xf7, 0xf4, 0xff, 0xfb, 0xf7, 0xf4, 0xff,
    0xfb, 0xf7, 0xf4, 0xff, 0xfb, 0xf7, 0xf4, 0xff, 0xfb, 0xf7, 0xf4, 0xff,
    0xfb, 0xf7, 0xf4, 0xff, 0xfb, 0xf7, 0xf4, 0xff, 0xfb, 0xf7, 0xf4, 0xff,
    0xfb, 0xf7, 0xf4, 0xff, 0xfb, 0xf7, 0xf4, 0xff, 0xfb, 0xf7, 0xf4, 0xff,
    0xfb, 0xf7, 0xf4, 0xff, 0xeb, 0xa0, 0x82, 0xff, 0xdb, 0x48, 0x0f, 0xff,
    0xdc, 0x48, 0x0f, 0xff, 0xdc, 0x48, 0x0f, 0xff, 0xdd, 0x48, 0x0f, 0xff,
    0xdd, 0x48, 0x0e, 0xff, 0xde, 0x48, 0x0e, 0xff, 0xde, 0x48, 0x0e, 0xff,
    0xdf, 0x48, 0x0e, 0xff, 0xdf, 0x48, 0x0e, 0xff, 0xe0, 0x48, 0x0e, 0xff,
    0xe1, 0x48, 0x0d, 0xff, 0xe1, 0x48, 0x0d, 0xff, 0xe2, 0x48, 0x0d, 0xff,
    0xe2, 0x48, 0x0d, 0xff, 0xe3, 0x48, 0x0c, 0xff, 0xe3, 0x48, 0x0c, 0xff,
    0xe4, 0x48, 0x0c, 0xff, 0xe4, 0x48, 0x0c, 0xff, 0xe5, 0x48, 0x0b, 0xff,
    0xe5, 0x48, 0x0b, 0xfa, 0xfb, 0xf7, 0xf4, 0xff, 0xfb, 0xf7, 0xf4, 0xff,
    0xfb, 0xf7, 0xf4, 0xff, 0xfb, 0xf7, 0xf4, 0xff, 0xfb, 0xf7, 0xf4, 0xff,
    0xfb, 0xf7, 0xf4, 0xff, 0xfb, 0xf7, 0xf4, 0xff, 0xfb, 0xf7, 0xf4, 0xff,
    0xfb, 0xf7, 0xf4, 0xff, 0xfb, 0xf7, 0xf4, 0xff, 0xfb, 0xf7, 0xf4, 0xff,
    0xfb, 0xf7, 0xf4, 0xff, 0xfb, 0xf7, 0xf4, 0xff, 0xfb, 0xf7, 0xf4, 0xff,
    0xfb, 0xf7, 0xf4, 0xff, 0xfb, 0xf7, 0xf4, 0xff, 0xfb, 0xf7, 0xf4, 0xff,
    0xfb, 0xf7, 0xf4, 0xff, 0xfb, 0xf7, 0xf4, 0xff, 0xfb, 0xf7, 0xf4, 0xff,
    0xfb, 0xf7, 0xf4, 0xff, 0xfb, 0xf7, 0xf4, 0xff, 0xfb, 0xf7, 0xf4, 0xff,
    0xfb, 0xf7, 0xf4, 0xff, 0xfb, 0xf7, 0xf4, 0xff, 0xfb, 0xf7, 0xf4, 0xff,
    0xfb, 0xf7, 0xf4, 0xff, 0xfb, 0xf7, 0xf4, 0xff, 0xfb, 0xf7, 0xf4, 0xff,
    0xfb, 0xf7, 0xf4, 0xff, 0xfb, 0xf7, 0xf4, 0xff, 0xfb, 0xf7, 0xf4, 0xff,
    0xfb, 0xf7, 0xf4, 0xff, 0xfb, 0xf7, 0xf4, 0xff, 0xfb, 0xf7, 0xf4, 0xff,
    0xfb, 0xf7, 0xf4, 0xff, 0xfb, 0xf7, 0xf4, 0xff, 0xfb, 0xf7, 0xf4, 0xff,
    0xfb, 0xf7, 0xf4, 0xff, 0xfb, 0xf7, 0xf4, 0xff, 0xfb, 0xf7, 0xf4, 0xff,
    0xfb, 0xf7, 0xf4, 0xff, 0xfb, 0xf7, 0xf4, 0xff, 0xfb, 0xf7, 0xf4, 0xff,
    0xfb, 0xf7, 0xf4, 0xff, 0xfb, 0xf7, 0xf4, 0xff, 0xfb, 0xf7, 0xf4, 0xff,
    0xfb, 0xf7, 0xf4, 0xff, 0xfb, 0xf7, 0xf4, 0xff, 0xfb, 0xf7, 0xf4, 0xff,
    0xfb, 0xf7, 0xf4, 0xff, 0xfb, 0xf7, 0xf4, 0xff, 0xfb, 0xf7, 0xf4, 0xff,
    0xfb, 0xf7, 0xf4, 0xff, 0xfb, 0xf7, 0xf4, 0xff, 0xfb, 0xf7, 0xf4, 0xff,
    0xfb, 0xf7, 0xf4, 0xff, 0xfb, 0xf7, 0xf4, 0xff, 0xeb, 0xa0, 0x82, 0xff,
    0xdb, 0x48, 0x0f, 0xff, 0xdc, 0x48, 0x0f, 0xff, 0xdc, 0x48, 0x0f, 0xff,
    0xdd, 0x48, 0x0f, 0xff, 0xdd, 0x48, 0x0e, 0xff, 0xde, 0x48, 0x0e, 0xff,
    0xde, 0x48, 0x0e, 0xff, 0xdf, 0x48, 0x0e, 0xff, 0xdf, 0x48, 0x0e, 0xff,
    0xe0, 0x48, 0x0e, 0xff, 0xe1, 0x48, 0x0d, 0xff, 0xe1, 0x48, 0x0d, 0xff,
    0xe2, 0x48, 0x0d, 0xff, 0xe2, 0x48, 0x0d, 0xff, 0xe3, 0x48, 0x0c, 0xff,
    0xe3, 0x48, 0x0c, 0xff, 0xe4, 0x48, 0x0c, 0xff, 0xe4, 0x48, 0x0c, 0xff,
    0xe5, 0x48, 0x0b, 0xff, 0xe5, 0x48, 0x0b, 0xff, 0xe5, 0x48, 0x0c, 0xe4,
    0xfb, 0xf7, 0xf4, 0xff, 0xfb, 0xf7, 0xf4, 0xff, 0xfb, 0xf7, 0xf4, 0xff,
    0xfb, 0xf7, 0xf4, 0xff, 0xfb, 0xf7, 0xf4, 0xff, 0xfb, 0xf7, 0xf4, 0xff,
    0xfb, 0xf7, 0xf4, 0xff, 0xfb, 0xf7, 0xf4, 0xff, 0xfb, 0xf7, 0xf4, 0xff,
    0xfb, 0xf7, 0xf4, 0xff, 0xfb, 0xf7, 0xf4, 0xff, 0xfb, 0xf7, 0xf4, 0xff,
    0xfb, 0xf7, 0xf4, 0xff, 0xfb, 0xf7, 0xf4, 0xff, 0xfb, 0xf7, 0xf4, 0xff,
    0xfb, 0xf7, 0xf4, 0xff, 0xfb, 0xf7, 0xf4, 0xff, 0xfb, 0xf7, 0xf4, 0xff,
    0xfb, 0xf7, 0xf4, 0xff, 0xfb, 0xf7, 0xf4, 0xff, 0xfb, 0xf7, 0xf4, 0xff,
    0xfb, 0xf7, 0xf4, 0xff, 0xfb, 0xf7, 0xf4, 0xff, 0xfb, 0xf7, 0xf4, 0xff,
    0xfb, 0xf7, 0xf4, 0xff, 0xfb, 0xf7, 0xf4, 0xff, 0xfb, 0xf7, 0xf4, 0xff,
    0xfb, 0xf7, 0xf4, 0xff, 0xfb, 0xf7, 0xf4, 0xff, 0xfb, 0xf7, 0xf4, 0xff,
    0xfb, 0xf7, 0xf4, 0xff, 0xfb, 0xf7, 0xf4, 0xff, 0xfb, 0xf7, 0xf4, 0xff,
    0xfb, 0xf7, 0xf4, 0xff, 0xfb, 0xf7, 0xf4, 0xff, 0xfb, 0xf7, 0xf4, 0xff,
    0xfb, 0xf7, 0xf4, 0xff, 0xfb, 0xf7, 0xf4, 0xff, 0xfb, 0xf7, 0xf4, 0xff,
    0xfb, 0xf7, 0xf4, 0xff, 0xfb, 0xf7, 0xf4, 0xff, 0xfb, 0xf7, 0xf4, 0xff,
    0xfb, 0xf7, 0xf4, 0xff, 0xfb, 0xf7, 0xf4, 0xff, 0xfb, 0xf7, 0xf4, 0xff,
    0xfb, 0xf7, 0xf4, 0xff, 0xfb, 0xf7, 0xf4, 0xff, 0xfb, 0xf7, 0xf4, 0xff,
    0xfb, 0xf7, 0xf4, 0xff, 0xfb, 0xf7, 0xf4, 0xff, 0xfb, 0xf7, 0xf4, 0xff,
    0xfb, 0xf7, 0xf4, 0xff, 0xfb, 0xf7, 0xf4, 0xff, 0xfb, 0xf7, 0xf4, 0xff,
    0xfb, 0xf7, 0xf4, 0xff, 0xfb, 0xf7, 0xf4, 0xff, 0xfb, 0xf7, 0xf4, 0xff,
    0xeb, 0xa0, 0x82, 0xff, 0xdb, 0x48, 0x0f, 0xff, 0xdc, 0x48, 0x0f, 0xff,
    0xdc, 0x48, 0x0f, 0xff, 0xdd, 0x48, 0x0f, 0xff, 0xdd, 0x48, 0x0e, 0xff,
    0xde, 0x48, 0x0e, 0xff, 0xde, 0x48, 0x0e, 0xff, 0xdf, 0x48, 0x0e, 0xff,
    0xdf, 0x48, 0x0e, 0xff, 0xe0, 0x48, 0x0e, 0xff, 0xe1, 0x48, 0x0d, 0xff,
    0xe1, 0x48, 0x0d, 0xff, 0xe2, 0x48, 0x0d, 0xff, 0xe2, 0x48, 0x0d, 0xff,
    0xe3, 0x48, 0x0c, 0xff, 0xe3, 0x48, 0x0c, 0xff, 0xe4, 0x48, 0x0c, 0xff,
    0xe4, 0x48, 0x0c, 0xff, 0xe5, 0x48, 0x0b, 0xff, 0xe5, 0x48, 0x0b, 0xff,
    0xe6, 0x48, 0x0b, 0xff, 0xe3, 0x48, 0x0d, 0xb5, 0xfb, 0xf7, 0xf4, 0xff,
    0xfb, 0xf7, 0xf4, 0xff, 0xfb, 0xf7, 0xf4, 0xff, 0xfb, 0xf7, 0xf4, 0xff,
    0xfb, 0xf7, 0xf4, 0xff, 0xfb, 0xf7, 0xf4, 0xff, 0xfb, 0xf7, 0xf4, 0xff,
    0xfb, 0xf7, 0xf4, 0xff, 0xfb, 0xf7, 0xf4, 0xff, 0xfb, 0xf7, 0xf4, 0xff,
    0xfb, 0xf7, 0xf4, 0xff, 0xfb, 0xf7, 0xf4, 0xff, 0xfb, 0xf7, 0xf4, 0xff,
    0xfb, 0xf7, 0xf4, 0xff, 0xfb, 0xf7, 0xf4, 0xff, 0xfb, 0xf7, 0xf4, 0xff,
    0xfb, 0xf7, 0xf4, 0xff, 0xfb, 0xf7, 0xf4, 0xff, 0xfb, 0xf7, 0xf4, 0xff,
    0xfb, 0xf7, 0xf4, 0xff, 0xfb, 0xf7, 0xf4, 0xff, 0xfb, 0xf7, 0xf4, 0xff,
    0xfb, 0xf7, 0xf4, 0xff, 0xfb, 0xf7, 0xf4, 0xff, 0xfb, 0xf7, 0xf4, 0xff,
    0xfb, 0xf7, 0xf4, 0xff, 0xfb, 0xf7, 0xf4, 0xff, 0xfb, 0xf7, 0xf4, 0xff,
    0xfb, 0xf7, 0xf4, 0xff, 0xfb, 0xf7, 0xf4, 0xff, 0xfb, 0xf7, 0xf4, 0xff,
    0xfb, 0xf7, 0xf4, 0xff, 0xfb, 0xf7, 0xf4, 0xff, 0xfb, 0xf7, 0xf4, 0xff,
    0xfb, 0xf7, 0xf4, 0xff, 0xfb, 0xf7, 0xf4, 0xff, 0xfb, 0xf7, 0xf4, 0xff,
    0xfb, 0xf7, 0xf4, 0xff, 0xfb, 0xf7, 0xf4, 0xff, 0xfb, 0xf7, 0xf4, 0xff,
    0xfb, 0xf7, 0xf4, 0xff, 0xfb, 0xf7, 0xf4, 0xff, 0xfb, 0xf7, 0xf4, 0xff,
    0xfb, 0xf7, 0xf4, 0xff, 0xfb, 0xf7, 0xf4, 0xff, 0xfb, 0xf7, 0xf4, 0xff,
    0xfb, 0xf7, 0xf4, 0xff, 0xfb, 0xf7, 0xf4, 0xff, 0xfb, 0xf7, 0xf4, 0xff,
    0xfb, 0xf7, 0xf4, 0xff, 0xfb, 0xf7, 0xf4, 0xff, 0xfb, 0xf7, 0xf4, 0xff,
    0xfb, 0xf7, 0xf4, 0xff, 0xfb, 0xf7, 0xf4, 0xff, 0xfb, 0xf7, 0xf4, 0xff,
    0xfb, 0xf7, 0xf4, 0xff, 0xeb, 0xa0, 0x82, 0xff, 0xdb, 0x48, 0x0f, 0xff,
    0xdc, 0x48, 0x0f, 0xff, 0xdc, 0x48, 0x0f, 0xff, 0xdd, 0x48, 0x0f, 0xff,
    0xdd, 0x48, 0x0e, 0xff, 0xde, 0x48, 0x0e, 0xff, 0xde, 0x48, 0x0e, 0xff,
    0xdf, 0x48, 0x0e, 0xff, 0xdf, 0x48, 0x0e, 0xff, 0xe0, 0x48, 0x0e, 0xff,
    0xe1, 0x48, 0x0d, 0xff, 0xe1, 0x48, 0x0d, 0xff, 0xe2, 0x48, 0x0d, 0xff,
    0xe2, 0x48, 0x0d, 0xff, 0xe3, 0x48, 0x0c, 0xff, 0xe3, 0x48, 0x0c, 0xff,
    0xe4, 0x48, 0x0c, 0xff, 0xe4, 0x48, 0x0c, 0xff, 0xe5, 0x48, 0x0b, 0xff,
    0xe5, 0x48, 0x0b, 0xff, 0xe6, 0x48, 0x0b, 0xff, 0xe7, 0x48, 0x0b, 0xff,
    0xd8, 0x49, 0x12, 0x6f, 0xfb, 0xf7, 0xf4, 0xff, 0xfb, 0xf7, 0xf4, 0xff,
    0xfb, 0xf7, 0xf4, 0xff, 0xfb, 0xf7, 0xf4, 0xff, 0xfb, 0xf7, 0xf4, 0xff,
    0xfb, 0xf7, 0xf4, 0xff, 0xfb, 0xf7, 0xf4, 0xff, 0xfb, 0xf7, 0xf4, 0xff,
    0xfb, 0xf7, 0xf4, 0xff, 0xfb, 0xf7, 0xf4, 0xff, 0xfb, 0xf7, 0xf4, 0xff,
    0xfb, 0xf7, 0xf4, 0xff, 0xfb, 0xf7, 0xf4, 0xff, 0xfb, 0xf7, 0xf4, 0xff,
    0xfb, 0xf7, 0xf4, 0xff, 0xfb, 0xf7, 0xf4, 0xff, 0xfb, 0xf7, 0xf4, 0xff,
    0xfb, 0xf7, 0xf4, 0xff, 0xfb, 0xf7, 0xf4, 0xff, 0xfb, 0xf7, 0xf4, 0xff,
    0xfb, 0xf7, 0xf4, 0xff, 0xfb, 0xf7, 0xf4, 0xff, 0xfb, 0xf7, 0xf4, 0xff,
    0xfb, 0xf7, 0xf4, 0xff, 0xfb, 0xf7, 0xf4, 0xff, 0xfb, 0xf7, 0xf4, 0xff,
    0xfb, 0xf7, 0xf4, 0xff, 0xfb, 0xf7, 0xf4, 0xff, 0xfb, 0xf7, 0xf4, 0xff,
    0xfb, 0xf7, 0xf4, 0xff, 0xfb, 0xf7, 0xf4, 0xff, 0xfb, 0xf7, 0xf4, 0xff,
    0xfb, 0xf7, 0xf4, 0xff, 0xfb, 0xf7, 0xf4, 0xff, 0xfb, 0xf7, 0xf4, 0xff,
    0xfb, 0xf7, 0xf4, 0xff, 0xfb, 0xf7, 0xf4, 0xff, 0xfb, 0xf7, 0xf4, 0xff,
    0xfb, 0xf7, 0xf4, 0xff, 0xfb, 0xf7, 0xf4, 0xff, 0xfb, 0xf7, 0xf4, 0xff,
    0xfb, 0xf7, 0xf4, 0xff, 0xfb, 0xf7, 0xf4, 0xff, 0xfb, 0xf7, 0xf4, 0xff,
    0xfb, 0xf7, 0xf4, 0xff, 0xfb, 0xf7, 0xf4, 0xff, 0xfb, 0xf7, 0xf4, 0xff,
    0xfb, 0xf7, 0xf4, 0xff, 0xfb, 0xf7, 0xf4, 0xff, 0xfb, 0xf7, 0xf4, 0xff,
    0xfb, 0xf7, 0xf4, 0xff, 0xfb, 0xf7, 0xf4, 0xff, 0xfb, 0xf7, 0xf4, 0xff,
    0xfb, 0xf7, 0xf4, 0xff, 0xfb, 0xf7, 0xf4, 0xff, 0xeb, 0xa0, 0x82, 0xff,
    0xdb, 0x48, 0x0f, 0xff, 0xdc, 0x48, 0x0f, 0xff, 0xdc, 0x48, 0x0f, 0xff,
    0xdd, 0x48, 0x0f, 0xff, 0xdd, 0x48, 0x0e, 0xff, 0xde, 0x48, 0x0e, 0xff,
    0xde, 0x48, 0x0e, 0xff, 0xdf, 0x48, 0x0e, 0xff, 0xdf, 0x48, 0x0e, 0xff,
    0xe0, 0x48, 0x0e, 0xff, 0xe1, 0x48, 0x0d, 0xff, 0xe1, 0x48, 0x0d, 0xff,
    0xe2, 0x48, 0x0d, 0xff, 0xe2, 0x48, 0x0d, 0xff, 0xe3, 0x48, 0x0c, 0xff,
    0xe3, 0x48, 0x0c, 0xff, 0xe4, 0x48, 0x0c, 0xff, 0xe4, 0x48, 0x0c, 0xff,
    0xe5, 0x48, 0x0b, 0xff, 0xe5, 0x48, 0x0b, 0xff, 0xe6, 0x48, 0x0b, 0xff,
    0xe7, 0x48, 0x0b, 0xff, 0xe6, 0x48, 0x0b, 0xe7, 0xaa, 0x4d, 0x27, 0x21,
    0xfb, 0xf7, 0xf4, 0xff, 0xfb, 0xf7, 0xf4, 0xff, 0xfb, 0xf7, 0xf4, 0xff,
    0xfb, 0xf7, 0xf4, 0xff, 0xfb, 0xf7, 0xf4, 0xff, 0xfb, 0xf7, 0xf4, 0xff,
    0xfb, 0xf7, 0xf4, 0xff, 0xfb, 0xf7, 0xf4, 0xff, 0xfb, 0xf7, 0xf4, 0xff,
    0xfb, 0xf7, 0xf4, 0xff, 0xfb, 0xf7, 0xf4, 0xff, 0xfb, 0xf7, 0xf4, 0xff,
    0xfb, 0xf7, 0xf4, 0xff, 0xfb, 0xf7, 0xf4, 0xff, 0xfb, 0xf7, 0xf4, 0xff,
    0xfb, 0xf7, 0xf4, 0xff, 0xfb, 0xf7, 0xf4, 0xff, 0xfb, 0xf7, 0xf4, 0xff,
    0xfb, 0xf7, 0xf4, 0xff, 0xfb, 0xf7, 0xf4, 0xff, 0xfb, 0xf7, 0xf4, 0xff,
    0xfb, 0xf7, 0xf4, 0xff, 0xfb, 0xf7, 0xf4, 0xff, 0xfb, 0xf7, 0xf4, 0xff,
    0xfb, 0xf7, 0xf4, 0xff, 0xfb, 0xf7, 0xf4, 0xff, 0xfb, 0xf7, 0xf4, 0xff,
    0xfb, 0xf7, 0xf4, 0xff, 0xfb, 0xf7, 0xf4, 0xff, 0xfb, 0xf7, 0xf4, 0xff,
    0xfb, 0xf7, 0xf4, 0xff, 0xfb, 0xf7, 0xf4, 0xff, 0xfb, 0xf7, 0xf4, 0xff,
    0xfb, 0xf7, 0xf4, 0xff, 0xfb, 0xf7, 0xf4, 0xff, 0xfb, 0xf7, 0xf4, 0xff,
    0xfb, 0xf7, 0xf4, 0xff, 0xfb, 0xf7, 0xf4, 0xff, 0xfb, 0xf7, 0xf4, 0xff,
    0xfb, 0xf7, 0xf4, 0xff, 0xfb, 0xf7, 0xf4, 0xff, 0xfb, 0xf7, 0xf4, 0xff,
    0xfb, 0xf7, 0xf4, 0xff, 0xfb, 0xf7, 0xf4, 0xff, 0xfb, 0xf7, 0xf4, 0xff,
    0xfb, 0xf7, 0xf4, 0xff, 0xfb, 0xf7, 0xf4, 0xff, 0xfb, 0xf7, 0xf4, 0xff,
    0xfb, 0xf7, 0xf4, 0xff, 0xfb, 0xf7, 0xf4, 0xff, 0xfb, 0xf7, 0xf4, 0xff,
    0xfb, 0xf7, 0xf4, 0xff, 0xfb, 0xf7, 0xf4, 0xff, 0xfb, 0xf7, 0xf4, 0xff,
    0xeb, 0xa0, 0x82, 0xff, 0xdb, 0x48, 0x0f, 0xff, 0xdc, 0x48, 0x0f, 0xff,
    0xdc, 0x48, 0x0f, 0xff, 0xdd, 0x48, 0x0f, 0xff, 0xdd, 0x48, 0x0e, 0xff,
    0xde, 0x48, 0x0e, 0xff, 0xde, 0x48, 0x0e, 0xff, 0xdf, 0x48, 0x0e, 0xff,
    0xdf, 0x48, 0x0e, 0xff, 0xe0, 0x48, 0x0e, 0xff, 0xe1, 0x48, 0x0d, 0xff,
    0xe1, 0x48, 0x0d, 0xff, 0xe2, 0x48, 0x0d, 0xff, 0xe2, 0x48, 0x0d, 0xff,
    0xe3, 0x48, 0x0c, 0xff, 0xe3, 0x48, 0x0c, 0xff, 0xe4, 0x48, 0x0c, 0xff,
    0xe4, 0x48, 0x0c, 0xff, 0xe5, 0x48, 0x0b, 0xff, 0xe5, 0x48, 0x0b, 0xff,
    0xe6, 0x48, 0x0b, 0xff, 0xe7, 0x48, 0x0b, 0xff, 0xe7, 0x48, 0x0b, 0xff,
    0xd8, 0x4a, 0x11, 0x68, 0x99, 0x52, 0x33, 0x19, 0xfb, 0xf7, 0xf4, 0xff,
    0xfb, 0xf7, 0xf4, 0xff, 0xfb, 0xf7, 0xf4, 0xff, 0xfb, 0xf7, 0xf4, 0xff,
    0xfb, 0xf7, 0xf4, 0xff, 0xfb, 0xf7, 0xf4, 0xff, 0xfb, 0xf7, 0xf4, 0xff,
    0xfb, 0xf7, 0xf4, 0xff, 0xfb, 0xf7, 0xf4, 0xff, 0xfb, 0xf7, 0xf4, 0xff,
    0xfb, 0xf7, 0xf4, 0xff, 0xfb, 0xf7, 0xf4, 0xff, 0xfb, 0xf7, 0xf4, 0xff,
    0xfb, 0xf7, 0xf4, 0xff, 0xfb, 0xf7, 0xf4, 0xff, 0xfb, 0xf7, 0xf4, 0xff,
    0xfb, 0xf7, 0xf4, 0xff, 0xfb, 0xf7, 0xf4, 0xff, 0xfb, 0xf7, 0xf4, 0xff,
    0xfb, 0xf7, 0xf4, 0xff, 0xfb, 0xf7, 0xf4, 0xff, 0xfb, 0xf7, 0xf4, 0xff,
    0xfb, 0xf7, 0xf4, 0xff, 0xfb, 0xf7, 0xf4, 0xff, 0xfb, 0xf7, 0xf4, 0xff,
    0xfb, 0xf7, 0xf4, 0xff, 0xfb, 0xf7, 0xf4, 0xff, 0xfb, 0xf7, 0xf4, 0xff,
    0xfb, 0xf7, 0xf4, 0xff, 0xfb, 0xf7, 0xf4, 0xff, 0xfb, 0xf7, 0xf4, 0xff,
    0xfb, 0xf7, 0xf4, 0xff, 0xfb, 0xf7, 0xf4, 0xff, 0xfb, 0xf7, 0xf4, 0xff,
    0xfb, 0xf7, 0xf4, 0xff, 0xfb, 0xf7, 0xf4, 0xff, 0xfb, 0xf7, 0xf4, 0xff,
    0xfb, 0xf7, 0xf4, 0xff, 0xfb, 0xf7, 0xf4, 0xff, 0xfb, 0xf7, 0xf4, 0xff,
    0xfb, 0xf7, 0xf4, 0xff, 0xfb, 0xf7, 0xf4, 0xff, 0xfb, 0xf7, 0xf4, 0xff,
    0xfb, 0xf7, 0xf4, 0xff, 0xfb, 0xf7, 0xf4, 0xff, 0xfb, 0xf7, 0xf4, 0xff,
    0xfb, 0xf7, 0xf4, 0xff, 0xfb, 0xf7, 0xf4, 0xff, 0xfb, 0xf7, 0xf4, 0xff,
    0xfb, 0xf7, 0xf4, 0xff, 0xfb, 0xf7, 0xf4, 0xff, 0xfb, 0xf7, 0xf4, 0xff,
    0xfb, 0xf7, 0xf4, 0xff, 0xeb, 0xa0, 0x82, 0xff, 0xdb, 0x48, 0x0f, 0xff,
    0xdc, 0x48, 0x0f, 0xff, 0xdc, 0x48, 0x0f, 0xff, 0xdd, 0x48, 0x0f, 0xff,
    0xdd, 0x48, 0x0e, 0xff, 0xde, 0x48, 0x0e, 0xff, 0xde, 0x48, 0x0e, 0xff,
    0xdf, 0x48, 0x0e, 0xff, 0xdf, 0x48, 0x0e, 0xff, 0xe0, 0x48, 0x0e, 0xff,
    0xe1, 0x48, 0x0d, 0xff, 0xe1, 0x48, 0x0d, 0xff, 0xe2, 0x48, 0x0d, 0xff,
    0xe2, 0x48, 0x0d, 0xff, 0xe3, 0x48, 0x0c, 0xff, 0xe3, 0x48, 0x0c, 0xff,
    0xe4, 0x48, 0x0c, 0xff, 0xe4, 0x48, 0x0c, 0xff, 0xe5, 0x48, 0x0b, 0xff,
    0xe5, 0x48, 0x0b, 0xff, 0xe6, 0x48, 0x0b, 0xff, 0xe7, 0x48, 0x0b, 0xff,
    0xe7, 0x48, 0x0b, 0xff, 0xe1, 0x48, 0x0d, 0x98, 0x93, 0x4e, 0x27, 0x1a,
    0x90, 0x4e, 0x2c, 0x17, 0xfb, 0xf7, 0xf4, 0xff, 0xfb, 0xf7, 0xf4, 0xff,
    0xfb, 0xf7, 0xf4, 0xff, 0xfb, 0xf7, 0xf4, 0xff, 0xfb, 0xf7, 0xf4, 0xff,
    0xfb, 0xf7, 0xf4, 0xff, 0xfb, 0xf7, 0xf4, 0xff, 0xfb, 0xf7, 0xf4, 0xff,
    0xfb, 0xf7, 0xf4, 0xff, 0xfb, 0xf7, 0xf4, 0xff, 0xfb, 0xf7, 0xf4, 0xff,
    0xfb, 0xf7, 0xf4, 0xff, 0xfb, 0xf7, 0xf4, 0xff, 0xfb, 0xf7, 0xf4, 0xff,
    0xfb, 0xf7, 0xf4, 0xff, 0xfb, 0xf7, 0xf4, 0xff, 0xfb, 0xf7, 0xf4, 0xff,
    0xfb, 0xf7, 0xf4, 0xff, 0xfb, 0xf7, 0xf4, 0xff, 0xfb, 0xf7, 0xf4, 0xff,
    0xfb, 0xf7, 0xf4, 0xff, 0xfb, 0xf7, 0xf4, 0xff, 0xfb, 0xf7, 0xf4, 0xff,
    0xfb, 0xf7, 0xf4, 0xff, 0xfb, 0xf7, 0xf4, 0xff, 0xfb, 0xf7, 0xf4, 0xff,
    0xfb, 0xf7, 0xf4, 0xff, 0xfb, 0xf7, 0xf4, 0xff, 0xfb, 0xf7, 0xf4, 0xff,
    0xfb, 0xf7, 0xf4, 0xff, 0xfb, 0xf7, 0xf4, 0xff, 0xfb, 0xf7, 0xf4, 0xff,
    0xfb, 0xf7, 0xf4, 0xff, 0xfb, 0xf7, 0xf4, 0xff, 0xfb, 0xf7, 0xf4, 0xff,
    0xfb, 0xf7, 0xf4, 0xff, 0xfb, 0xf7, 0xf4, 0xff, 0xfb, 0xf7, 0xf4, 0xff,
    0xfb, 0xf7, 0xf4, 0xff, 0xfb, 0xf7, 0xf4, 0xff, 0xfb, 0xf7, 0xf4, 0xff,
    0xfb, 0xf7, 0xf4, 0xff, 0xfb, 0xf7, 0xf4, 0xff, 0xfb, 0xf7, 0xf4, 0xff,
    0xfb, 0xf7, 0xf4, 0xff, 0xfb, 0xf7, 0xf4, 0xff, 0xfb, 0xf7, 0xf4, 0xff,
    0xfb, 0xf7, 0xf4, 0xff, 0xfb, 0xf7, 0xf4, 0xff, 0xfb, 0xf7, 0xf4, 0xff,
    0xfb, 0xf7, 0xf4, 0xff, 0xfb, 0xf7, 0xf4, 0xff, 0xeb, 0xa0, 0x82, 0xff,
    0xdb, 0x48, 0x0f, 0xff, 0xdc, 0x48, 0x0f, 0xff, 0xdc, 0x48, 0x0f, 0xff,
    0xdd, 0x48, 0x0f, 0xff, 0xdd, 0x48, 0x0e, 0xff, 0xde, 0x48, 0x0e, 0xff,
    0xde, 0x48, 0x0e, 0xff, 0xdf, 0x48, 0x0e, 0xff, 0xdf, 0x48, 0x0e, 0xff,
    0xe0, 0x48, 0x0e, 0xff, 0xe1, 0x48, 0x0d, 0xff, 0xe1, 0x48, 0x0d, 0xff,
    0xe2, 0x48, 0x0d, 0xff, 0xe2, 0x48, 0x0d, 0xff, 0xe3, 0x48, 0x0c, 0xff,
    0xe3, 0x48, 0x0c, 0xff, 0xe4, 0x48, 0x0c, 0xff, 0xe4, 0x48, 0x0c, 0xff,
    0xe5, 0x48, 0x0b, 0xff, 0xe5, 0x48, 0x0b, 0xff, 0xe6, 0x48, 0x0b, 0xff,
    0xe7, 0x48, 0x0b, 0xff, 0xe7, 0x48, 0x0b, 0xff, 0xe1, 0x47, 0x0d, 0xa1,
    0x95, 0x46, 0x23, 0x1d, 0x95, 0x4a, 0x2a, 0x18, 0x97, 0x51, 0x3a, 0x16,
    0xfb, 0xf7, 0xf4, 0xff, 0xfb, 0xf7, 0xf4, 0xff, 0xfb, 0xf7, 0xf4, 0xff,
    0xfb, 0xf7, 0xf4, 0xff, 0xfb, 0xf7, 0xf4, 0xff, 0xfb, 0xf7, 0xf4, 0xff,
    0xfb, 0xf7, 0xf4, 0xff, 0xfb, 0xf7, 0xf4, 0xff, 0xfb, 0xf7, 0xf4, 0xff,
    0xfb, 0xf7, 0xf4, 0xff, 0xfb, 0xf7, 0xf4, 0xff, 0xfb, 0xf7, 0xf4, 0xff,
    0xfb, 0xf7, 0xf4, 0xff, 0xfb, 0xf7, 0xf4, 0xff, 0xfb, 0xf7, 0xf4, 0xff,
    0xfb, 0xf7, 0xf4, 0xff, 0xfb, 0xf7, 0xf4, 0xff, 0xfb, 0xf7, 0xf4, 0xff,
    0xfb, 0xf7, 0xf4, 0xff, 0xfb, 0xf7, 0xf4, 0xff, 0xfb, 0xf7, 0xf4, 0xff,
    0xfb, 0xf7, 0xf4, 0xff, 0xfb, 0xf7, 0xf4, 0xff, 0xfb, 0xf7, 0xf4, 0xff,
    0xfb, 0xf7, 0xf4, 0xff, 0xfb, 0xf7, 0xf4, 0xff, 0xfb, 0xf7, 0xf4, 0xff,
    0xfb, 0xf7, 0xf4, 0xff, 0xfb, 0xf7, 0xf4, 0xff, 0xfb, 0xf7, 0xf4, 0xff,
    0xfb, 0xf7, 0xf4, 0xff, 0xfb, 0xf7, 0xf4, 0xff, 0xfb, 0xf7, 0xf4, 0xff,
    0xfb, 0xf7, 0xf4, 0xff, 0xfb, 0xf7, 0xf4, 0xff, 0xfb, 0xf7, 0xf4, 0xff,
    0xfb, 0xf7, 0xf4, 0xff, 0xfb, 0xf7, 0xf4, 0xff, 0xfb, 0xf7, 0xf4, 0xff,
    0xfb, 0xf7, 0xf4, 0xff, 0xfb, 0xf7, 0xf4, 0xff, 0xfb, 0xf7, 0xf4, 0xff,
    0xfb, 0xf7, 0xf4, 0xff, 0xfb, 0xf7, 0xf4, 0xff, 0xfb, 0xf7, 0xf4, 0xff,
    0xfb, 0xf7, 0xf4, 0xff, 0xfb, 0xf7, 0xf4, 0xff, 0xfb, 0xf7, 0xf4, 0xff,
    0xfb, 0xf7, 0xf4, 0xff, 0xfb, 0xf7, 0xf4, 0xff, 0xfb, 0xf7, 0xf4, 0xff,
    0xeb, 0xa0, 0x82, 0xff, 0xdb, 0x48, 0x0f, 0xff, 0xdc, 0x48, 0x0f, 0xff,
    0xdc, 0x48, 0x0f, 0xff, 0xdd, 0x48, 0x0f, 0xff, 0xdd, 0x48, 0x0e, 0xff,
    0xde, 0x48, 0x0e, 0xff, 0xde, 0x48, 0x0e, 0xff, 0xdf, 0x48, 0x0e, 0xff,
    0xdf, 0x48, 0x0e, 0xff, 0xe0, 0x48, 0x0e, 0xff, 0xe1, 0x48, 0x0d, 0xff,
    0xe1, 0x48, 0x0d, 0xff, 0xe2, 0x48, 0x0d, 0xff, 0xe2, 0x48, 0x0d, 0xff,
    0xe3, 0x48, 0x0c, 0xff, 0xe3, 0x48, 0x0c, 0xff, 0xe4, 0x48, 0x0c, 0xff,
    0xe4, 0x48, 0x0c, 0xff, 0xe5, 0x48, 0x0b, 0xff, 0xe5, 0x48, 0x0b, 0xff,
    0xe6, 0x48, 0x0b, 0xff, 0xe7, 0x48, 0x0b, 0xff, 0xe5, 0x48, 0x0b, 0xdf,
    0xd8, 0x47, 0x0f, 0x68, 0x8e, 0x42, 0x26, 0x1b, 0x95, 0x4a, 0x2a, 0x18,
    0x90, 0x4e, 0x2c, 0x17, 0x99, 0x59, 0x33, 0x14, 0xfb, 0xf7, 0xf4, 0xff,
    0xfb, 0xf7, 0xf4, 0xff, 0xfb, 0xf7, 0xf4, 0xff, 0xfb, 0xf7, 0xf4, 0xff,
    0xfb, 0xf7, 0xf4, 0xff, 0xfb, 0xf7, 0xf4, 0xff, 0xfb, 0xf7, 0xf4, 0xff,
    0xfb, 0xf7, 0xf4, 0xff, 0xfb, 0xf7, 0xf4, 0xff, 0xfb, 0xf7, 0xf4, 0xff,
    0xfb, 0xf7, 0xf4, 0xff, 0xfb, 0xf7, 0xf4, 0xff, 0xfb, 0xf7, 0xf4, 0xff,
    0xfb, 0xf7, 0xf4, 0xff, 0xfb, 0xf7, 0xf4, 0xff, 0xfb, 0xf7, 0xf4, 0xff,
    0xfb, 0xf7, 0xf4, 0xff, 0xfb, 0xf7, 0xf4, 0xff, 0xfb, 0xf7, 0xf4, 0xff,
    0xfb, 0xf7, 0xf4, 0xff, 0xfb, 0xf7, 0xf4, 0xff, 0xfb, 0xf7, 0xf4, 0xff,
    0xfb, 0xf7, 0xf4, 0xff, 0xfb, 0xf7, 0xf4, 0xff, 0xfb, 0xf7, 0xf4, 0xff,
    0xfb, 0xf7, 0xf4, 0xff, 0xfb, 0xf7, 0xf4, 0xff, 0xfb, 0xf7, 0xf4, 0xff,
    0xfb, 0xf7, 0xf4, 0xff, 0xfb, 0xf7, 0xf4, 0xff, 0xfb, 0xf7, 0xf4, 0xff,
    0xfb, 0xf7, 0xf4, 0xff, 0xfb, 0xf7, 0xf4, 0xff, 0xfb, 0xf7, 0xf4, 0xff,
    0xfb, 0xf7, 0xf4, 0xff, 0xfb, 0xf7, 0xf4, 0xff, 0xfb, 0xf7, 0xf4, 0xff,
    0xfb, 0xf7, 0xf4, 0xff, 0xfb, 0xf7, 0xf4, 0xff, 0xfb, 0xf7, 0xf4, 0xff,
    0xfb, 0xf7, 0xf4, 0xff, 0xfb, 0xf7, 0xf4, 0xff, 0xfb, 0xf7, 0xf4, 0xff,
    0xfb, 0xf7, 0xf4, 0xff, 0xfb, 0xf7, 0xf4, 0xff, 0xfb, 0xf7, 0xf4, 0xff,
    0xfb, 0xf7, 0xf4, 0xff, 0xfb, 0xf7, 0xf4, 0xff, 0xfb, 0xf7, 0xf4, 0xff,
    0xfb, 0xf7, 0xf4, 0xff, 0xeb, 0xa0, 0x82, 0xff, 0xdb, 0x48, 0x0f, 0xff,
    0xdc, 0x48, 0x0f, 0xff, 0xdc, 0x48, 0x0f, 0xff, 0xdd, 0x48, 0x0f, 0xff,
    0xdd, 0x48, 0x0e, 0xff, 0xde, 0x48, 0x0e, 0xff, 0xde, 0x48, 0x0e, 0xff,
    0xdf, 0x48, 0x0e, 0xff, 0xdf, 0x48, 0x0e, 0xff, 0xe0, 0x48, 0x0e, 0xff,
    0xe1, 0x48, 0x0d, 0xff, 0xe1, 0x48, 0x0d, 0xff, 0xe2, 0x48, 0x0d, 0xff,
    0xe2, 0x48, 0x0d, 0xff, 0xe3, 0x48, 0x0c, 0xff, 0xe3, 0x48, 0x0c, 0xff,
    0xe4, 0x48, 0x0c, 0xff, 0xe4, 0x48, 0x0c, 0xff, 0xe5, 0x48, 0x0b, 0xff,
    0xe5, 0x48, 0x0b, 0xfb, 0xe5, 0x48, 0x0b, 0xe3, 0xe2, 0x47, 0x0d, 0xb6,
    0xd8, 0x48, 0x0e, 0x6e, 0x9b, 0x3e, 0x17, 0x21, 0x89, 0x45, 0x1d, 0x1a,
    0x8a, 0x40, 0x20, 0x18, 0x97, 0x51, 0x2e, 0x16, 0x92, 0x55, 0x31, 0x15,
    0x96, 0x5a, 0x3c, 0x11
};
