// 4.26.1 0x634445d8 D0 AN R0 FARGB8888 U888 N0 SExtFlashSection
// Generated by imageconverter. Please, do not edit!

#include <touchgfx/hal/Config.hpp>

LOCATION_PRAGMA("ExtFlashSection")
KEEP extern const unsigned char image_fan_corner_07[] LOCATION_ATTRIBUTE("ExtFlashSection") = { // 80x80 ARGB8888 pixels.
    0xfb, 0xf8, 0xf5, 0xff, 0xfb, 0xf8, 0xf5, 0xff, 0xfb, 0xf8, 0xf5, 0xff,
    0xfb, 0xf8, 0xf5, 0xff, 0xfb, 0xf8, 0xf5, 0xff, 0xfb, 0xf8, 0xf5, 0xff,
    0xfb, 0xf8, 0xf5, 0xff, 0xfb, 0xf8, 0xf5, 0xff, 0xfb, 0xf8, 0xf5, 0xff,
    0xfb, 0xf8, 0xf5, 0xff, 0xfb, 0xf8, 0xf5, 0xff, 0xfb, 0xf8, 0xf5, 0xff,
    0xfb, 0xf8, 0xf5, 0xff, 0xfb, 0xf7, 0xf5, 0xff, 0xfb, 0xf7, 0xf5, 0xff,
    0xfb, 0xf7, 0xf5, 0xff, 0xfb, 0xf7, 0xf5, 0xff, 0xfb, 0xf7, 0xf5, 0xff,
    0xfb, 0xf7, 0xf5, 0xff, 0xfb, 0xf7, 0xf4, 0xff, 0xfb, 0xf7, 0xf4, 0xff,
    0xfb, 0xf7, 0xf4, 0xff, 0xfb, 0xf7, 0xf4, 0xff, 0xfb, 0xf7, 0xf4, 0xff,
    0xfb, 0xf7, 0xf4, 0xff, 0xfb, 0xf7, 0xf4, 0xff, 0xfb, 0xf7, 0xf4, 0xff,
    0xfb, 0xf7, 0xf4, 0xff, 0xfb, 0xf7, 0xf4, 0xff, 0xfb, 0xf7, 0xf4, 0xff,
    0xfb, 0xf7, 0xf4, 0xff, 0xfb, 0xf7, 0xf4, 0xff, 0xfb, 0xf7, 0xf4, 0xff,
    0xfb, 0xf7, 0xf4, 0xff, 0xfb, 0xf7, 0xf4, 0xff, 0xfb, 0xf7, 0xf4, 0xff,
    0xfb, 0xf7, 0xf4, 0xff, 0xfb, 0xf7, 0xf4, 0xff, 0xfb, 0xf7, 0xf4, 0xff,
    0xfb, 0xf7, 0xf4, 0xff, 0xfb, 0xf7, 0xf4, 0xff, 0xfb, 0xf7, 0xf4, 0xff,
    0xfb, 0xf7, 0xf4, 0xff, 0xfb, 0xf7, 0xf4, 0xff, 0xfb, 0xf7, 0xf4, 0xff,
    0xfb, 0xf7, 0xf4, 0xff, 0xfb, 0xf7, 0xf4, 0xff, 0xfb, 0xf7, 0xf4, 0xff,
    0xfb, 0xf7, 0xf4, 0xff, 0xfb, 0xf7, 0xf4, 0xff, 0xfb, 0xf7, 0xf4, 0xff,
    0xfb, 0xf7, 0xf4, 0xff, 0xfb, 0xf7, 0xf4, 0xff, 0xfb, 0xf7, 0xf4, 0xff,
    0xfb, 0xf7, 0xf4, 0xff, 0xfb, 0xf7, 0xf4, 0xff, 0xfb, 0xf7, 0xf4, 0xff,
    0xfb, 0xf7, 0xf4, 0xff, 0xfb, 0xf7, 0xf4, 0xff, 0xfb, 0xf7, 0xf4, 0xff,
    0xfb, 0xf7, 0xf4, 0xff, 0xfb, 0xf7, 0xf4, 0xff, 0xfb, 0xf7, 0xf4, 0xff,
    0xfb, 0xf7, 0xf4, 0xff, 0xfb, 0xf7, 0xf4, 0xff, 0xfb, 0xf7, 0xf4, 0xff,
    0xfb, 0xf7, 0xf4, 0xff, 0xfb, 0xf7, 0xf4, 0xff, 0xfb, 0xf7, 0xf4, 0xff,
    0xfb, 0xf7, 0xf4, 0xff, 0xfb, 0xf7, 0xf4, 0xff, 0xfb, 0xf7, 0xf4, 0xff,
    0xfb, 0xf7, 0xf4, 0xff, 0xfb, 0xf7, 0xf4, 0xff, 0xfb, 0xf7, 0xf4, 0xff,
    0xfb, 0xf7, 0xf4, 0xff, 0xfb, 0xf7, 0xf4, 0xff, 0xfb, 0xf7, 0xf4, 0xff,
    0xfb, 0xf7, 0xf4, 0xff, 0xeb, 0xa0, 0x82, 0xff, 0xfb, 0xf8, 0xf5, 0xff,
    0xfb, 0xf8, 0xf5, 0xff, 0xfb, 0xf8, 0xf5, 0xff, 0xfb, 0xf8, 0xf5, 0xff,
    0xfb, 0xf8, 0xf5, 0xff, 0xfb, 0xf8, 0xf5, 0xff, 0xfb, 0xf8, 0xf5, 0xff,
    0xfb, 0xf8, 0xf5, 0xff, 0xfb, 0xf8, 0xf5, 0xff, 0xfb, 0xf8, 0xf5, 0xff,
    0xfb, 0xf8, 0xf5, 0xff, 0xfb, 0xf7, 0xf5, 0xff, 0xfb, 0xf7, 0xf5, 0xff,
    0xfb, 0xf7, 0xf5, 0xff, 0xfb, 0xf7, 0xf5, 0xff, 0xfb, 0xf7, 0xf5, 0xff,
    0xfb, 0xf7, 0xf5, 0xff, 0xfb, 0xf7, 0xf5, 0xff, 0xfb, 0xf7, 0xf4, 0xff,
    0xfb, 0xf7, 0xf4, 0xff, 0xfb, 0xf7, 0xf4, 0xff, 0xfb, 0xf7, 0xf4, 0xff,
    0xfb, 0xf7, 0xf4, 0xff, 0xfb, 0xf7, 0xf4, 0xff, 0xfb, 0xf7, 0xf4, 0xff,
    0xfb, 0xf7, 0xf4, 0xff, 0xfb, 0xf7, 0xf4, 0xff, 0xfb, 0xf7, 0xf4, 0xff,
    0xfb, 0xf7, 0xf4, 0xff, 0xfb, 0xf7, 0xf4, 0xff, 0xfb, 0xf7, 0xf4, 0xff,
    0xfb, 0xf7, 0xf4, 0xff, 0xfb, 0xf7, 0xf4, 0xff, 0xfb, 0xf7, 0xf4, 0xff,
    0xfb, 0xf7, 0xf4, 0xff, 0xfb, 0xf7, 0xf4, 0xff, 0xfb, 0xf7, 0xf4, 0xff,
    0xfb, 0xf7, 0xf4, 0xff, 0xfb, 0xf7, 0xf4, 0xff, 0xfb, 0xf7, 0xf4, 0xff,
    0xfb, 0xf7, 0xf4, 0xff, 0xfb, 0xf7, 0xf4, 0xff, 0xfb, 0xf7, 0xf4, 0xff,
    0xfb, 0xf7, 0xf4, 0xff, 0xfb, 0xf7, 0xf4, 0xff, 0xfb, 0xf7, 0xf4, 0xff,
    0xfb, 0xf7, 0xf4, 0xff, 0xfb, 0xf7, 0xf4, 0xff, 0xfb, 0xf7, 0xf4, 0xff,
    0xfb, 0xf7, 0xf4, 0xff, 0xfb, 0xf7, 0xf4, 0xff, 0xfb, 0xf7, 0xf4, 0xff,
    0xfb, 0xf7, 0xf4, 0xff, 0xfb, 0xf7, 0xf4, 0xff, 0xfb, 0xf7, 0xf4, 0xff,
    0xfb, 0xf7, 0xf4, 0xff, 0xfb, 0xf7, 0xf4, 0xff, 0xfb, 0xf7, 0xf4, 0xff,
    0xfb, 0xf7, 0xf4, 0xff, 0xfb, 0xf7, 0xf4, 0xff, 0xfb, 0xf7, 0xf4, 0xff,
    0xfb, 0xf7, 0xf4, 0xff, 0xfb, 0xf7, 0xf4, 0xff, 0xfb, 0xf7, 0xf4, 0xff,
    0xfb, 0xf7, 0xf4, 0xff, 0xfb, 0xf7, 0xf4, 0xff, 0xfb, 0xf7, 0xf4, 0xff,
    0xfb, 0xf7, 0xf4, 0xff, 0xfb, 0xf7, 0xf4, 0xff, 0xfb, 0xf7, 0xf4, 0xff,
    0xfb, 0xf7, 0xf4, 0xff, 0xfb, 0xf7, 0xf4, 0xff, 0xfb, 0xf7, 0xf4, 0xff,
    0xfb, 0xf7, 0xf4, 0xff, 0xfb, 0xf7, 0xf4, 0xff, 0xfb, 0xf7, 0xf4, 0xff,
    0xfb, 0xf7, 0xf4, 0xff, 0xfb, 0xf7, 0xf4, 0xff, 0xeb, 0xa0, 0x82, 0xff,
    0xdb, 0x48, 0x0f, 0xff, 0xfb, 0xf8, 0xf5, 0xff, 0xfb, 0xf8, 0xf5, 0xff,
    0xfb, 0xf8, 0xf5, 0xff, 0xfb, 0xf8, 0xf5, 0xff, 0xfb, 0xf8, 0xf5, 0xff,
    0xfb, 0xf8, 0xf5, 0xff, 0xfb, 0xf8, 0xf5, 0xff, 0xfb, 0xf8, 0xf5, 0xff,
    0xfb, 0xf8, 0xf5, 0xff, 0xfb, 0xf8, 0xf5, 0xff, 0xfb, 0xf7, 0xf5, 0xff,
    0xfb, 0xf7, 0xf5, 0xff, 0xfb, 0xf7, 0xf5, 0xff, 0xfb, 0xf7, 0xf5, 0xff,
    0xfb, 0xf7, 0xf5, 0xff, 0xfb, 0xf7, 0xf5, 0xff, 0xfb, 0xf7, 0xf5, 0xff,
    0xfb, 0xf7, 0xf4, 0xff, 0xfb, 0xf7, 0xf4, 0xff, 0xfb, 0xf7, 0xf4, 0xff,
    0xfb, 0xf7, 0xf4, 0xff, 0xfb, 0xf7, 0xf4, 0xff, 0xfb, 0xf7, 0xf4, 0xff,
    0xfb, 0xf7, 0xf4, 0xff, 0xfb, 0xf7, 0xf4, 0xff, 0xfb, 0xf7, 0xf4, 0xff,
    0xfb, 0xf7, 0xf4, 0xff, 0xfb, 0xf7, 0xf4, 0xff, 0xfb, 0xf7, 0xf4, 0xff,
    0xfb, 0xf7, 0xf4, 0xff, 0xfb, 0xf7, 0xf4, 0xff, 0xfb, 0xf7, 0xf4, 0xff,
    0xfb, 0xf7, 0xf4, 0xff, 0xfb, 0xf7, 0xf4, 0xff, 0xfb, 0xf7, 0xf4, 0xff,
    0xfb, 0xf7, 0xf4, 0xff, 0xfb, 0xf7, 0xf4, 0xff, 0xfb, 0xf7, 0xf4, 0xff,
    0xfb, 0xf7, 0xf4, 0xff, 0xfb, 0xf7, 0xf4, 0xff, 0xfb, 0xf7, 0xf4, 0xff,
    0xfb, 0xf7, 0xf4, 0xff, 0xfb, 0xf7, 0xf4, 0xff, 0xfb, 0xf7, 0xf4, 0xff,
    0xfb, 0xf7, 0xf4, 0xff, 0xfb, 0xf7, 0xf4, 0xff, 0xfb, 0xf7, 0xf4, 0xff,
    0xfb, 0xf7, 0xf4, 0xff, 0xfb, 0xf7, 0xf4, 0xff, 0xfb, 0xf7, 0xf4, 0xff,
    0xfb, 0xf7, 0xf4, 0xff, 0xfb, 0xf7, 0xf4, 0xff, 0xfb, 0xf7, 0xf4, 0xff,
    0xfb, 0xf7, 0xf4, 0xff, 0xfb, 0xf7, 0xf4, 0xff, 0xfb, 0xf7, 0xf4, 0xff,
    0xfb, 0xf7, 0xf4, 0xff, 0xfb, 0xf7, 0xf4, 0xff, 0xfb, 0xf7, 0xf4, 0xff,
    0xfb, 0xf7, 0xf4, 0xff, 0xfb, 0xf7, 0xf4, 0xff, 0xfb, 0xf7, 0xf4, 0xff,
    0xfb, 0xf7, 0xf4, 0xff, 0xfb, 0xf7, 0xf4, 0xff, 0xfb, 0xf7, 0xf4, 0xff,
    0xfb, 0xf7, 0xf4, 0xff, 0xfb, 0xf7, 0xf4, 0xff, 0xfb, 0xf7, 0xf4, 0xff,
    0xfb, 0xf7, 0xf4, 0xff, 0xfb, 0xf7, 0xf4, 0xff, 0xfb, 0xf7, 0xf4, 0xff,
    0xfb, 0xf7, 0xf4, 0xff, 0xfb, 0xf7, 0xf4, 0xff, 0xfb, 0xf7, 0xf4, 0xff,
    0xfb, 0xf7, 0xf4, 0xff, 0xfb, 0xf7, 0xf4, 0xff, 0xfb, 0xf7, 0xf4, 0xff,
    0xeb, 0xa0, 0x82, 0xff, 0xdb, 0x48, 0x0f, 0xff, 0xdc, 0x48, 0x0f, 0xff,
    0xfb, 0xf8, 0xf5, 0xff, 0xfb, 0xf8, 0xf5, 0xff, 0xfb, 0xf8, 0xf5, 0xff,
    0xfb, 0xf8, 0xf5, 0xff, 0xfb, 0xf8, 0xf5, 0xff, 0xfb, 0xf8, 0xf5, 0xff,
    0xfb, 0xf8, 0xf5, 0xff, 0xfb, 0xf8, 0xf5, 0xff, 0xfb, 0xf8, 0xf5, 0xff,
    0xfb, 0xf7, 0xf5, 0xff, 0xfb, 0xf7, 0xf5, 0xff, 0xfb, 0xf7, 0xf5, 0xff,
    0xfb, 0xf7, 0xf5, 0xff, 0xfb, 0xf7, 0xf5, 0xff, 0xfb, 0xf7, 0xf5, 0xff,
    0xfb, 0xf7, 0xf5, 0xff, 0xfb, 0xf7, 0xf4, 0xff, 0xfb, 0xf7, 0xf4, 0xff,
    0xfb, 0xf7, 0xf4, 0xff, 0xfb, 0xf7, 0xf4, 0xff, 0xfb, 0xf7, 0xf4, 0xff,
    0xfb, 0xf7, 0xf4, 0xff, 0xfb, 0xf7, 0xf4, 0xff, 0xfb, 0xf7, 0xf4, 0xff,
    0xfb, 0xf7, 0xf4, 0xff, 0xfb, 0xf7, 0xf4, 0xff, 0xfb, 0xf7, 0xf4, 0xff,
    0xfb, 0xf7, 0xf4, 0xff, 0xfb, 0xf7, 0xf4, 0xff, 0xfb, 0xf7, 0xf4, 0xff,
    0xfb, 0xf7, 0xf4, 0xff, 0xfb, 0xf7, 0xf4, 0xff, 0xfb, 0xf7, 0xf4, 0xff,
    0xfb, 0xf7, 0xf4, 0xff, 0xfb, 0xf7, 0xf4, 0xff, 0xfb, 0xf7, 0xf4, 0xff,
    0xfb, 0xf7, 0xf4, 0xff, 0xfb, 0xf7, 0xf4, 0xff, 0xfb, 0xf7, 0xf4, 0xff,
    0xfb, 0xf7, 0xf4, 0xff, 0xfb, 0xf7, 0xf4, 0xff, 0xfb, 0xf7, 0xf4, 0xff,
    0xfb, 0xf7, 0xf4, 0xff, 0xfb, 0xf7, 0xf4, 0xff, 0xfb, 0xf7, 0xf4, 0xff,
    0xfb, 0xf7, 0xf4, 0xff, 0xfb, 0xf7, 0xf4, 0xff, 0xfb, 0xf7, 0xf4, 0xff,
    0xfb, 0xf7, 0xf4, 0xff, 0xfb, 0xf7, 0xf4, 0xff, 0xfb, 0xf7, 0xf4, 0xff,
    0xfb, 0xf7, 0xf4, 0xff, 0xfb, 0xf7, 0xf4, 0xff, 0xfb, 0xf7, 0xf4, 0xff,
    0xfb, 0xf7, 0xf4, 0xff, 0xfb, 0xf7, 0xf4, 0xff, 0xfb, 0xf7, 0xf4, 0xff,
    0xfb, 0xf7, 0xf4, 0xff, 0xfb, 0xf7, 0xf4, 0xff, 0xfb, 0xf7, 0xf4, 0xff,
    0xfb, 0xf7, 0xf4, 0xff, 0xfb, 0xf7, 0xf4, 0xff, 0xfb, 0xf7, 0xf4, 0xff,
    0xfb, 0xf7, 0xf4, 0xff, 0xfb, 0xf7, 0xf4, 0xff, 0xfb, 0xf7, 0xf4, 0xff,
    0xfb, 0xf7, 0xf4, 0xff, 0xfb, 0xf7, 0xf4, 0xff, 0xfb, 0xf7, 0xf4, 0xff,
    0xfb, 0xf7, 0xf4, 0xff, 0xfb, 0xf7, 0xf4, 0xff, 0xfb, 0xf7, 0xf4, 0xff,
    0xfb, 0xf7, 0xf4, 0xff, 0xfb, 0xf7, 0xf4, 0xff, 0xfb, 0xf7, 0xf4, 0xff,
    0xfb, 0xf7, 0xf4, 0xff, 0xeb, 0xa0, 0x82, 0xff, 0xdb, 0x48, 0x0f, 0xff,
    0xdc, 0x48, 0x0f, 0xff, 0xdc, 0x48, 0x0f, 0xff, 0xfb, 0xf8, 0xf5, 0xff,
    0xfb, 0xf8, 0xf5, 0xff, 0xfb, 0xf8, 0xf5, 0xff, 0xfb, 0xf8, 0xf5, 0xff,
    0xfb, 0xf8, 0xf5, 0xff, 0xfb, 0xf8, 0xf5, 0xff, 0xfb, 0xf8, 0xf5, 0xff,
    0xfb, 0xf8, 0xf5, 0xff, 0xfb, 0xf7, 0xf5, 0xff, 0xfb, 0xf7, 0xf5, 0xff,
    0xfb, 0xf7, 0xf5, 0xff, 0xfb, 0xf7, 0xf5, 0xff, 0xfb, 0xf7, 0xf5, 0xff,
    0xfb, 0xf7, 0xf5, 0xff, 0xfb, 0xf7, 0xf5, 0xff, 0xfb, 0xf7, 0xf4, 0xff,
    0xfb, 0xf7, 0xf4, 0xff, 0xfb, 0xf7, 0xf4, 0xff, 0xfb, 0xf7, 0xf4, 0xff,
    0xfb, 0xf7, 0xf4, 0xff, 0xfb, 0xf7, 0xf4, 0xff, 0xfb, 0xf7, 0xf4, 0xff,
    0xfb, 0xf7, 0xf4, 0xff, 0xfb, 0xf7, 0xf4, 0xff, 0xfb, 0xf7, 0xf4, 0xff,
    0xfb, 0xf7, 0xf4, 0xff, 0xfb, 0xf7, 0xf4, 0xff, 0xfb, 0xf7, 0xf4, 0xff,
    0xfb, 0xf7, 0xf4, 0xff, 0xfb, 0xf7, 0xf4, 0xff, 0xfb, 0xf7, 0xf4, 0xff,
    0xfb, 0xf7, 0xf4, 0xff, 0xfb, 0xf7, 0xf4, 0xff, 0xfb, 0xf7, 0xf4, 0xff,
    0xfb, 0xf7, 0xf4, 0xff, 0xfb, 0xf7, 0xf4, 0xff, 0xfb, 0xf7, 0xf4, 0xff,
    0xfb, 0xf7, 0xf4, 0xff, 0xfb, 0xf7, 0xf4, 0xff, 0xfb, 0xf7, 0xf4, 0xff,
    0xfb, 0xf7, 0xf4, 0xff, 0xfb, 0xf7, 0xf4, 0xff, 0xfb, 0xf7, 0xf4, 0xff,
    0xfb, 0xf7, 0xf4, 0xff, 0xfb, 0xf7, 0xf4, 0xff, 0xfb, 0xf7, 0xf4, 0xff,
    0xfb, 0xf7, 0xf4, 0xff, 0xfb, 0xf7, 0xf4, 0xff, 0xfb, 0xf7, 0xf4, 0xff,
    0xfb, 0xf7, 0xf4, 0xff, 0xfb, 0xf7, 0xf4, 0xff, 0xfb, 0xf7, 0xf4, 0xff,
    0xfb, 0xf7, 0xf4, 0xff, 0xfb, 0xf7, 0xf4, 0xff, 0xfb, 0xf7, 0xf4, 0xff,
    0xfb, 0xf7, 0xf4, 0xff, 0xfb, 0xf7, 0xf4, 0xff, 0xfb, 0xf7, 0xf4, 0xff,
    0xfb, 0xf7, 0xf4, 0xff, 0xfb, 0xf7, 0xf4, 0xff, 0xfb, 0xf7, 0xf4, 0xff,
    0xfb, 0xf7, 0xf4, 0xff, 0xfb, 0xf7, 0xf4, 0xff, 0xfb, 0xf7, 0xf4, 0xff,
    0xfb, 0xf7, 0xf4, 0xff, 0xfb, 0xf7, 0xf4, 0xff, 0xfb, 0xf7, 0xf4, 0xff,
    0xfb, 0xf7, 0xf4, 0xff, 0xfb, 0xf7, 0xf4, 0xff, 0xfb, 0xf7, 0xf4, 0xff,
    0xfb, 0xf7, 0xf4, 0xff, 0xfb, 0xf7, 0xf4, 0xff, 0xfb, 0xf7, 0xf4, 0xff,
    0xfb, 0xf7, 0xf4, 0xff, 0xfb, 0xf7, 0xf4, 0xff, 0xeb, 0xa0, 0x82, 0xff,
    0xdb, 0x48, 0x0f, 0xff, 0xdc, 0x48, 0x0f, 0xff, 0xdc, 0x48, 0x0f, 0xff,
    0xdd, 0x48, 0x0f, 0xff, 0xfb, 0xf8, 0xf5, 0xff, 0xfb, 0xf8, 0xf5, 0xff,
    0xfb, 0xf8, 0xf5, 0xff, 0xfb, 0xf8, 0xf5, 0xff, 0xfb, 0xf8, 0xf5, 0xff,
    0xfb, 0xf8, 0xf5, 0xff, 0xfb, 0xf8, 0xf5, 0xff, 0xfb, 0xf7, 0xf5, 0xff,
    0xfb, 0xf7, 0xf5, 0xff, 0xfb, 0xf7, 0xf5, 0xff, 0xfb, 0xf7, 0xf5, 0xff,
    0xfb, 0xf7, 0xf5, 0xff, 0xfb, 0xf7, 0xf5, 0xff, 0xfb, 0xf7, 0xf5, 0xff,
    0xfb, 0xf7, 0xf4, 0xff, 0xfb, 0xf7, 0xf4, 0xff, 0xfb, 0xf7, 0xf4, 0xff,
    0xfb, 0xf7, 0xf4, 0xff, 0xfb, 0xf7, 0xf4, 0xff, 0xfb, 0xf7, 0xf4, 0xff,
    0xfb, 0xf7, 0xf4, 0xff, 0xfb, 0xf7, 0xf4, 0xff, 0xfb, 0xf7, 0xf4, 0xff,
    0xfb, 0xf7, 0xf4, 0xff, 0xfb, 0xf7, 0xf4, 0xff, 0xfb, 0xf7, 0xf4, 0xff,
    0xfb, 0xf7, 0xf4, 0xff, 0xfb, 0xf7, 0xf4, 0xff, 0xfb, 0xf7, 0xf4, 0xff,
    0xfb, 0xf7, 0xf4, 0xff, 0xfb, 0xf7, 0xf4, 0xff, 0xfb, 0xf7, 0xf4, 0xff,
    0xfb, 0xf7, 0xf4, 0xff, 0xfb, 0xf7, 0xf4, 0xff, 0xfb, 0xf7, 0xf4, 0xff,
    0xfb, 0xf7, 0xf4, 0xff, 0xfb, 0xf7, 0xf4, 0xff, 0xfb, 0xf7, 0xf4, 0xff,
    0xfb, 0xf7, 0xf4, 0xff, 0xfb, 0xf7, 0xf4, 0xff, 0xfb, 0xf7, 0xf4, 0xff,
    0xfb, 0xf7, 0xf4, 0xff, 0xfb, 0xf7, 0xf4, 0xff, 0xfb, 0xf7, 0xf4, 0xff,
    0xfb, 0xf7, 0xf4, 0xff, 0xfb, 0xf7, 0xf4, 0xff, 0xfb, 0xf7, 0xf4, 0xff,
    0xfb, 0xf7, 0xf4, 0xff, 0xfb, 0xf7, 0xf4, 0xff, 0xfb, 0xf7, 0xf4, 0xff,
    0xfb, 0xf7, 0xf4, 0xff, 0xfb, 0xf7, 0xf4, 0xff, 0xfb, 0xf7, 0xf4, 0xff,
    0xfb, 0xf7, 0xf4, 0xff, 0xfb, 0xf7, 0xf4, 0xff, 0xfb, 0xf7, 0xf4, 0xff,
    0xfb, 0xf7, 0xf4, 0xff, 0xfb, 0xf7, 0xf4, 0xff, 0xfb, 0xf7, 0xf4, 0xff,
    0xfb, 0xf7, 0xf4, 0xff, 0xfb, 0xf7, 0xf4, 0xff, 0xfb, 0xf7, 0xf4, 0xff,
    0xfb, 0xf7, 0xf4, 0xff, 0xfb, 0xf7, 0xf4, 0xff, 0xfb, 0xf7, 0xf4, 0xff,
    0xfb, 0xf7, 0xf4, 0xff, 0xfb, 0xf7, 0xf4, 0xff, 0xfb, 0xf7, 0xf4, 0xff,
    0xfb, 0xf7, 0xf4, 0xff, 0xfb, 0xf7, 0xf4, 0xff, 0xfb, 0xf7, 0xf4, 0xff,
    0xfb, 0xf7, 0xf4, 0xff, 0xfb, 0xf7, 0xf4, 0xff, 0xfb, 0xf7, 0xf4, 0xff,
    0xeb, 0xa0, 0x82, 0xff, 0xdb, 0x48, 0x0f, 0xff, 0xdc, 0x48, 0x0f, 0xff,
    0xdc, 0x48, 0x0f, 0xff, 0xdd, 0x48, 0x0f, 0xff, 0xdd, 0x48, 0x0e, 0xff,
    0xfb, 0xf8, 0xf5, 0xff, 0xfb, 0xf8, 0xf5, 0xff, 0xfb, 0xf8, 0xf5, 0xff,
    0xfb, 0xf8, 0xf5, 0xff, 0xfb, 0xf8, 0xf5, 0xff, 0xfb, 0xf8, 0xf5, 0xff,
    0xfb, 0xf7, 0xf5, 0xff, 0xfb, 0xf7, 0xf5, 0xff, 0xfb, 0xf7, 0xf5, 0xff,
    0xfb, 0xf7, 0xf5, 0xff, 0xfb, 0xf7, 0xf5, 0xff, 0xfb, 0xf7, 0xf5, 0xff,
    0xfb, 0xf7, 0xf5, 0xff, 0xfb, 0xf7, 0xf4, 0xff, 0xfb, 0xf7, 0xf4, 0xff,
    0xfb, 0xf7, 0xf4, 0xff, 0xfb, 0xf7, 0xf4, 0xff, 0xfb, 0xf7, 0xf4, 0xff,
    0xfb, 0xf7, 0xf4, 0xff, 0xfb, 0xf7, 0xf4, 0xff, 0xfb, 0xf7, 0xf4, 0xff,
    0xfb, 0xf7, 0xf4, 0xff, 0xfb, 0xf7, 0xf4, 0xff, 0xfb, 0xf7, 0xf4, 0xff,
    0xfb, 0xf7, 0xf4, 0xff, 0xfb, 0xf7, 0xf4, 0xff, 0xfb, 0xf7, 0xf4, 0xff,
    0xfb, 0xf7, 0xf4, 0xff, 0xfb, 0xf7, 0xf4, 0xff, 0xfb, 0xf7, 0xf4, 0xff,
    0xfb, 0xf7, 0xf4, 0xff, 0xfb, 0xf7, 0xf4, 0xff, 0xfb, 0xf7, 0xf4, 0xff,
    0xfb, 0xf7, 0xf4, 0xff, 0xfb, 0xf7, 0xf4, 0xff, 0xfb, 0xf7, 0xf4, 0xff,
    0xfb, 0xf7, 0xf4, 0xff, 0xfb, 0xf7, 0xf4, 0xff, 0xfb, 0xf7, 0xf4, 0xff,
    0xfb, 0xf7, 0xf4, 0xff, 0xfb, 0xf7, 0xf4, 0xff, 0xfb, 0xf7, 0xf4, 0xff,
    0xfb, 0xf7, 0xf4, 0xff, 0xfb, 0xf7, 0xf4, 0xff, 0xfb, 0xf7, 0xf4, 0xff,
    0xfb, 0xf7, 0xf4, 0xff, 0xfb, 0xf7, 0xf4, 0xff, 0xfb, 0xf7, 0xf4, 0xff,
    0xfb, 0xf7, 0xf4, 0xff, 0xfb, 0xf7, 0xf4, 0xff, 0xfb, 0xf7, 0xf4, 0xff,
    0xfb, 0xf7, 0xf4, 0xff, 0xfb, 0xf7, 0xf4, 0xff, 0xfb, 0xf7, 0xf4, 0xff,
    0xfb, 0xf7, 0xf4, 0xff, 0xfb, 0xf7, 0xf4, 0xff, 0xfb, 0xf7, 0xf4, 0xff,
    0xfb, 0xf7, 0xf4, 0xff, 0xfb, 0xf7, 0xf4, 0xff, 0xfb, 0xf7, 0xf4, 0xff,
    0xfb, 0xf7, 0xf4, 0xff, 0xfb, 0xf7, 0xf4, 0xff, 0xfb, 0xf7, 0xf4, 0xff,
    0xfb, 0xf7, 0xf4, 0xff, 0xfb, 0xf7, 0xf4, 0xff, 0xfb, 0xf7, 0xf4, 0xff,
    0xfb, 0xf7, 0xf4, 0xff, 0xfb, 0xf7, 0xf4, 0xff, 0xfb, 0xf7, 0xf4, 0xff,
    0xfb, 0xf7, 0xf4, 0xff, 0xfb, 0xf7, 0xf4, 0xff, 0xfb, 0xf7, 0xf4, 0xff,
    0xfb, 0xf7, 0xf4, 0xff, 0xeb, 0xa0, 0x82, 0xff, 0xdb, 0x48, 0x0f, 0xff,
    0xdc, 0x48, 0x0f, 0xff, 0xdc, 0x48, 0x0f, 0xff, 0xdd, 0x48, 0x0f, 0xff,
    0xdd, 0x48, 0x0e, 0xff, 0xde, 0x48, 0x0e, 0xff, 0xfb, 0xf8, 0xf5, 0xff,
    0xfb, 0xf8, 0xf5, 0xff, 0xfb, 0xf8, 0xf5, 0xff, 0xfb, 0xf8, 0xf5, 0xff,
    0xfb, 0xf8, 0xf5, 0xff, 0xfb, 0xf7, 0xf5, 0xff, 0xfb, 0xf7, 0xf5, 0xff,
    0xfb, 0xf7, 0xf5, 0xff, 0xfb, 0xf7, 0xf5, 0xff, 0xfb, 0xf7, 0xf5, 0xff,
    0xfb, 0xf7, 0xf5, 0xff, 0xfb, 0xf7, 0xf5, 0xff, 0xfb, 0xf7, 0xf4, 0xff,
    0xfb, 0xf7, 0xf4, 0xff, 0xfb, 0xf7, 0xf4, 0xff, 0xfb, 0xf7, 0xf4, 0xff,
    0xfb, 0xf7, 0xf4, 0xff, 0xfb, 0xf7, 0xf4, 0xff, 0xfb, 0xf7, 0xf4, 0xff,
    0xfb, 0xf7, 0xf4, 0xff, 0xfb, 0xf7, 0xf4, 0xff, 0xfb, 0xf7, 0xf4, 0xff,
    0xfb, 0xf7, 0xf4, 0xff, 0xfb, 0xf7, 0xf4, 0xff, 0xfb, 0xf7, 0xf4, 0xff,
    0xfb, 0xf7, 0xf4, 0xff, 0xfb, 0xf7, 0xf4, 0xff, 0xfb, 0xf7, 0xf4, 0xff,
    0xfb, 0xf7, 0xf4, 0xff, 0xfb, 0xf7, 0xf4, 0xff, 0xfb, 0xf7, 0xf4, 0xff,
    0xfb, 0xf7, 0xf4, 0xff, 0xfb, 0xf7, 0xf4, 0xff, 0xfb, 0xf7, 0xf4, 0xff,
    0xfb, 0xf7, 0xf4, 0xff, 0xfb, 0xf7, 0xf4, 0xff, 0xfb, 0xf7, 0xf4, 0xff,
    0xfb, 0xf7, 0xf4, 0xff, 0xfb, 0xf7, 0xf4, 0xff, 0xfb, 0xf7, 0xf4, 0xff,
    0xfb, 0xf7, 0xf4, 0xff, 0xfb, 0xf7, 0xf4, 0xff, 0xfb, 0xf7, 0xf4, 0xff,
    0xfb, 0xf7, 0xf4, 0xff, 0xfb, 0xf7, 0xf4, 0xff, 0xfb, 0xf7, 0xf4, 0xff,
    0xfb, 0xf7, 0xf4, 0xff, 0xfb, 0xf7, 0xf4, 0xff, 0xfb, 0xf7, 0xf4, 0xff,
    0xfb, 0xf7, 0xf4, 0xff, 0xfb, 0xf7, 0xf4, 0xff, 0xfb, 0xf7, 0xf4, 0xff,
    0xfb, 0xf7, 0xf4, 0xff, 0xfb, 0xf7, 0xf4, 0xff, 0xfb, 0xf7, 0xf4, 0xff,
    0xfb, 0xf7, 0xf4, 0xff, 0xfb, 0xf7, 0xf4, 0xff, 0xfb, 0xf7, 0xf4, 0xff,
    0xfb, 0xf7, 0xf4, 0xff, 0xfb, 0xf7, 0xf4, 0xff, 0xfb, 0xf7, 0xf4, 0xff,
    0xfb, 0xf7, 0xf4, 0xff, 0xfb, 0xf7, 0xf4, 0xff, 0xfb, 0xf7, 0xf4, 0xff,
    0xfb, 0xf7, 0xf4, 0xff, 0xfb, 0xf7, 0xf4, 0xff, 0xfb, 0xf7, 0xf4, 0xff,
    0xfb, 0xf7, 0xf4, 0xff, 0xfb, 0xf7, 0xf4, 0xff, 0xfb, 0xf7, 0xf4, 0xff,
    0xfb, 0xf7, 0xf4, 0xff, 0xfb, 0xf7, 0xf4, 0xff, 0xeb, 0xa0, 0x82, 0xff,
    0xdb, 0x48, 0x0f, 0xff, 0xdc, 0x48, 0x0f, 0xff, 0xdc, 0x48, 0x0f, 0xff,
    0xdd, 0x48, 0x0f, 0xff, 0xdd, 0x48, 0x0e, 0xff, 0xde, 0x48, 0x0e, 0xff,
    0xde, 0x48, 0x0e, 0xff, 0xfb, 0xf8, 0xf5, 0xff, 0xfb, 0xf8, 0xf5, 0xff,
    0xfb, 0xf8, 0xf5, 0xff, 0xfb, 0xf8, 0xf5, 0xff, 0xfb, 0xf7, 0xf5, 0xff,
    0xfb, 0xf7, 0xf5, 0xff, 0xfb, 0xf7, 0xf5, 0xff, 0xfb, 0xf7, 0xf5, 0xff,
    0xfb, 0xf7, 0xf5, 0xff, 0xfb, 0xf7, 0xf5, 0xff, 0xfb, 0xf7, 0xf5, 0xff,
    0xfb, 0xf7, 0xf4, 0xff, 0xfb, 0xf7, 0xf4, 0xff, 0xfb, 0xf7, 0xf4, 0xff,
    0xfb, 0xf7, 0xf4, 0xff, 0xfb, 0xf7, 0xf4, 0xff, 0xfb, 0xf7, 0xf4, 0xff,
    0xfb, 0xf7, 0xf4, 0xff, 0xfb, 0xf7, 0xf4, 0xff, 0xfb, 0xf7, 0xf4, 0xff,
    0xfb, 0xf7, 0xf4, 0xff, 0xfb, 0xf7, 0xf4, 0xff, 0xfb, 0xf7, 0xf4, 0xff,
    0xfb, 0xf7, 0xf4, 0xff, 0xfb, 0xf7, 0xf4, 0xff, 0xfb, 0xf7, 0xf4, 0xff,
    0xfb, 0xf7, 0xf4, 0xff, 0xfb, 0xf7, 0xf4, 0xff, 0xfb, 0xf7, 0xf4, 0xff,
    0xfb, 0xf7, 0xf4, 0xff, 0xfb, 0xf7, 0xf4, 0xff, 0xfb, 0xf7, 0xf4, 0xff,
    0xfb, 0xf7, 0xf4, 0xff, 0xfb, 0xf7, 0xf4, 0xff, 0xfb, 0xf7, 0xf4, 0xff,
    0xfb, 0xf7, 0xf4, 0xff, 0xfb, 0xf7, 0xf4, 0xff, 0xfb, 0xf7, 0xf4, 0xff,
    0xfb, 0xf7, 0xf4, 0xff, 0xfb, 0xf7, 0xf4, 0xff, 0xfb, 0xf7, 0xf4, 0xff,
    0xfb, 0xf7, 0xf4, 0xff, 0xfb, 0xf7, 0xf4, 0xff, 0xfb, 0xf7, 0xf4, 0xff,
    0xfb, 0xf7, 0xf4, 0xff, 0xfb, 0xf7, 0xf4, 0xff, 0xfb, 0xf7, 0xf4, 0xff,
    0xfb, 0xf7, 0xf4, 0xff, 0xfb, 0xf7, 0xf4, 0xff, 0xfb, 0xf7, 0xf4, 0xff,
    0xfb, 0xf7, 0xf4, 0xff, 0xfb, 0xf7, 0xf4, 0xff, 0xfb, 0xf7, 0xf4, 0xff,
    0xfb, 0xf7, 0xf4, 0xff, 0xfb, 0xf7, 0xf4, 0xff, 0xfb, 0xf7, 0xf4, 0xff,
    0xfb, 0xf7, 0xf4, 0xff, 0xfb, 0xf7, 0xf4, 0xff, 0xfb, 0xf7, 0xf4, 0xff,
    0xfb, 0xf7, 0xf4, 0xff, 0xfb, 0xf7, 0xf4, 0xff, 0xfb, 0xf7, 0xf4, 0xff,
    0xfb, 0xf7, 0xf4, 0xff, 0xfb, 0xf7, 0xf4, 0xff, 0xfb, 0xf7, 0xf4, 0xff,
    0xfb, 0xf7, 0xf4, 0xff, 0xfb, 0xf7, 0xf4, 0xff, 0xfb, 0xf7, 0xf4, 0xff,
    0xfb, 0xf7, 0xf4, 0xff, 0xfb, 0xf7, 0xf4, 0xff, 0xfb, 0xf7, 0xf4, 0xff,
    0xeb, 0xa0, 0x82, 0xff, 0xdb, 0x48, 0x0f, 0xff, 0xdc, 0x48, 0x0f, 0xff,
    0xdc, 0x48, 0x0f, 0xff, 0xdd, 0x48, 0x0f, 0xff, 0xdd, 0x48, 0x0e, 0xff,
    0xde, 0x48, 0x0e, 0xff, 0xde, 0x48, 0x0e, 0xff, 0xdf, 0x48, 0x0e, 0xff,
    0xfb, 0xf8, 0xf5, 0xff, 0xfb, 0xf8, 0xf5, 0xff, 0xfb, 0xf8, 0xf5, 0xff,
    0xfb, 0xf7, 0xf5, 0xff, 0xfb, 0xf7, 0xf5, 0xff, 0xfb, 0xf7, 0xf5, 0xff,
    0xfb, 0xf7, 0xf5, 0xff, 0xfb, 0xf7, 0xf5, 0xff, 0xfb, 0xf7, 0xf5, 0xff,
    0xfb, 0xf7, 0xf5, 0xff, 0xfb, 0xf7, 0xf4, 0xff, 0xfb, 0xf7, 0xf4, 0xff,
    0xfb, 0xf7, 0xf4, 0xff, 0xfb, 0xf7, 0xf4, 0xff, 0xfb, 0xf7, 0xf4, 0xff,
    0xfb, 0xf7, 0xf4, 0xff, 0xfb, 0xf7, 0xf4, 0xff, 0xfb, 0xf7, 0xf4, 0xff,
    0xfb, 0xf7, 0xf4, 0xff, 0xfb, 0xf7, 0xf4, 0xff, 0xfb, 0xf7, 0xf4, 0xff,
    0xfb, 0xf7, 0xf4, 0xff, 0xfb, 0xf7, 0xf4, 0xff, 0xfb, 0xf7, 0xf4, 0xff,
    0xfb, 0xf7, 0xf4, 0xff, 0xfb, 0xf7, 0xf4, 0xff, 0xfb, 0xf7, 0xf4, 0xff,
    0xfb, 0xf7, 0xf4, 0xff, 0xfb, 0xf7, 0xf4, 0xff, 0xfb, 0xf7, 0xf4, 0xff,
    0xfb, 0xf7, 0xf4, 0xff, 0xfb, 0xf7, 0xf4, 0xff, 0xfb, 0xf7, 0xf4, 0xff,
    0xfb, 0xf7, 0xf4, 0xff, 0xfb, 0xf7, 0xf4, 0xff, 0xfb, 0xf7, 0xf4, 0xff,
    0xfb, 0xf7, 0xf4, 0xff, 0xfb, 0xf7, 0xf4, 0xff, 0xfb, 0xf7, 0xf4, 0xff,
    0xfb, 0xf7, 0xf4, 0xff, 0xfb, 0xf7, 0xf4, 0xff, 0xfb, 0xf7, 0xf4, 0xff,
    0xfb, 0xf7, 0xf4, 0xff, 0xfb, 0xf7, 0xf4, 0xff, 0xfb, 0xf7, 0xf4, 0xff,
    0xfb, 0xf7, 0xf4, 0xff, 0xfb, 0xf7, 0xf4, 0xff, 0xfb, 0xf7, 0xf4, 0xff,
    0xfb, 0xf7, 0xf4, 0xff, 0xfb, 0xf7, 0xf4, 0xff, 0xfb, 0xf7, 0xf4, 0xff,
    0xfb, 0xf7, 0xf4, 0xff, 0xfb, 0xf7, 0xf4, 0xff, 0xfb, 0xf7, 0xf4, 0xff,
    0xfb, 0xf7, 0xf4, 0xff, 0xfb, 0xf7, 0xf4, 0xff, 0xfb, 0xf7, 0xf4, 0xff,
    0xfb, 0xf7, 0xf4, 0xff, 0xfb, 0xf7, 0xf4, 0xff, 0xfb, 0xf7, 0xf4, 0xff,
    0xfb, 0xf7, 0xf4, 0xff, 0xfb, 0xf7, 0xf4, 0xff, 0xfb, 0xf7, 0xf4, 0xff,
    0xfb, 0xf7, 0xf4, 0xff, 0xfb, 0xf7, 0xf4, 0xff, 0xfb, 0xf7, 0xf4, 0xff,
    0xfb, 0xf7, 0xf4, 0xff, 0xfb, 0xf7, 0xf4, 0xff, 0xfb, 0xf7, 0xf4, 0xff,
    0xfb, 0xf7, 0xf4, 0xff, 0xeb, 0xa0, 0x82, 0xff, 0xdb, 0x48, 0x0f, 0xff,
    0xdc, 0x48, 0x0f, 0xff, 0xdc, 0x48, 0x0f, 0xff, 0xdd, 0x48, 0x0f, 0xff,
    0xdd, 0x48, 0x0e, 0xff, 0xde, 0x48, 0x0e, 0xff, 0xde, 0x48, 0x0e, 0xff,
    0xdf, 0x48, 0x0e, 0xff, 0xdf, 0x48, 0x0e, 0xff, 0xfb, 0xf8, 0xf5, 0xff,
    0xfb, 0xf8, 0xf5, 0xff, 0xfb, 0xf7, 0xf5, 0xff, 0xfb, 0xf7, 0xf5, 0xff,
    0xfb, 0xf7, 0xf5, 0xff, 0xfb, 0xf7, 0xf5, 0xff, 0xfb, 0xf7, 0xf5, 0xff,
    0xfb, 0xf7, 0xf5, 0xff, 0xfb, 0xf7, 0xf5, 0xff, 0xfb, 0xf7, 0xf4, 0xff,
    0xfb, 0xf7, 0xf4, 0xff, 0xfb, 0xf7, 0xf4, 0xff, 0xfb, 0xf7, 0xf4, 0xff,
    0xfb, 0xf7, 0xf4, 0xff, 0xfb, 0xf7, 0xf4, 0xff, 0xfb, 0xf7, 0xf4, 0xff,
    0xfb, 0xf7, 0xf4, 0xff, 0xfb, 0xf7, 0xf4, 0xff, 0xfb, 0xf7, 0xf4, 0xff,
    0xfb, 0xf7, 0xf4, 0xff, 0xfb, 0xf7, 0xf4, 0xff, 0xfb, 0xf7, 0xf4, 0xff,
    0xfb, 0xf7, 0xf4, 0xff, 0xfb, 0xf7, 0xf4, 0xff, 0xfb, 0xf7, 0xf4, 0xff,
    0xfb, 0xf7, 0xf4, 0xff, 0xfb, 0xf7, 0xf4, 0xff, 0xfb, 0xf7, 0xf4, 0xff,
    0xfb, 0xf7, 0xf4, 0xff, 0xfb, 0xf7, 0xf4, 0xff, 0xfb, 0xf7, 0xf4, 0xff,
    0xfb, 0xf7, 0xf4, 0xff, 0xfb, 0xf7, 0xf4, 0xff, 0xfb, 0xf7, 0xf4, 0xff,
    0xfb, 0xf7, 0xf4, 0xff, 0xfb, 0xf7, 0xf4, 0xff, 0xfb, 0xf7, 0xf4, 0xff,
    0xfb, 0xf7, 0xf4, 0xff, 0xfb, 0xf7, 0xf4, 0xff, 0xfb, 0xf7, 0xf4, 0xff,
    0xfb, 0xf7, 0xf4, 0xff, 0xfb, 0xf7, 0xf4, 0xff, 0xfb, 0xf7, 0xf4, 0xff,
    0xfb, 0xf7, 0xf4, 0xff, 0xfb, 0xf7, 0xf4, 0xff, 0xfb, 0xf7, 0xf4, 0xff,
    0xfb, 0xf7, 0xf4, 0xff, 0xfb, 0xf7, 0xf4, 0xff, 0xfb, 0xf7, 0xf4, 0xff,
    0xfb, 0xf7, 0xf4, 0xff, 0xfb, 0xf7, 0xf4, 0xff, 0xfb, 0xf7, 0xf4, 0xff,
    0xfb, 0xf7, 0xf4, 0xff, 0xfb, 0xf7, 0xf4, 0xff, 0xfb, 0xf7, 0xf4, 0xff,
    0xfb, 0xf7, 0xf4, 0xff, 0xfb, 0xf7, 0xf4, 0xff, 0xfb, 0xf7, 0xf4, 0xff,
    0xfb, 0xf7, 0xf4, 0xff, 0xfb, 0xf7, 0xf4, 0xff, 0xfb, 0xf7, 0xf4, 0xff,
    0xfb, 0xf7, 0xf4, 0xff, 0xfb, 0xf7, 0xf4, 0xff, 0xfb, 0xf7, 0xf4, 0xff,
    0xfb, 0xf7, 0xf4, 0xff, 0xfb, 0xf7, 0xf4, 0xff, 0xfb, 0xf7, 0xf4, 0xff,
    0xfb, 0xf7, 0xf4, 0xff, 0xfb, 0xf7, 0xf4, 0xff, 0xeb, 0xa0, 0x82, 0xff,
    0xdb, 0x48, 0x0f, 0xff, 0xdc, 0x48, 0x0f, 0xff, 0xdc, 0x48, 0x0f, 0xff,
    0xdd, 0x48, 0x0f, 0xff, 0xdd, 0x48, 0x0e, 0xff, 0xde, 0x48, 0x0e, 0xff,
    0xde, 0x48, 0x0e, 0xff, 0xdf, 0x48, 0x0e, 0xff, 0xdf, 0x48, 0x0e, 0xff,
    0xe0, 0x48, 0x0e, 0xff, 0xfb, 0xf8, 0xf5, 0xff, 0xfb, 0xf7, 0xf5, 0xff,
    0xfb, 0xf7, 0xf5, 0xff, 0xfb, 0xf7, 0xf5, 0xff, 0xfb, 0xf7, 0xf5, 0xff,
    0xfb, 0xf7, 0xf5, 0xff, 0xfb, 0xf7, 0xf5, 0xff, 0xfb, 0xf7, 0xf5, 0xff,
    0xfb, 0xf7, 0xf4, 0xff, 0xfb, 0xf7, 0xf4, 0xff, 0xfb, 0xf7, 0xf4, 0xff,
    0xfb, 0xf7, 0xf4, 0xff, 0xfb, 0xf7, 0xf4, 0xff, 0xfb, 0xf7, 0xf4, 0xff,
    0xfb, 0xf7, 0xf4, 0xff, 0xfb, 0xf7, 0xf4, 0xff, 0xfb, 0xf7, 0xf4, 0xff,
    0xfb, 0xf7, 0xf4, 0xff, 0xfb, 0xf7, 0xf4, 0xff, 0xfb, 0xf7, 0xf4, 0xff,
    0xfb, 0xf7, 0xf4, 0xff, 0xfb, 0xf7, 0xf4, 0xff, 0xfb, 0xf7, 0xf4, 0xff,
    0xfb, 0xf7, 0xf4, 0xff, 0xfb, 0xf7, 0xf4, 0xff, 0xfb, 0xf7, 0xf4, 0xff,
    0xfb, 0xf7, 0xf4, 0xff, 0xfb, 0xf7, 0xf4, 0xff, 0xfb, 0xf7, 0xf4, 0xff,
    0xfb, 0xf7, 0xf4, 0xff, 0xfb, 0xf7, 0xf4, 0xff, 0xfb, 0xf7, 0xf4, 0xff,
    0xfb, 0xf7, 0xf4, 0xff, 0xfb, 0xf7, 0xf4, 0xff, 0xfb, 0xf7, 0xf4, 0xff,
    0xfb, 0xf7, 0xf4, 0xff, 0xfb, 0xf7, 0xf4, 0xff, 0xfb, 0xf7, 0xf4, 0xff,
    0xfb, 0xf7, 0xf4, 0xff, 0xfb, 0xf7, 0xf4, 0xff, 0xfb, 0xf7, 0xf4, 0xff,
    0xfb, 0xf7, 0xf4, 0xff, 0xfb, 0xf7, 0xf4, 0xff, 0xfb, 0xf7, 0xf4, 0xff,
    0xfb, 0xf7, 0xf4, 0xff, 0xfb, 0xf7, 0xf4, 0xff, 0xfb, 0xf7, 0xf4, 0xff,
    0xfb, 0xf7, 0xf4, 0xff, 0xfb, 0xf7, 0xf4, 0xff, 0xfb, 0xf7, 0xf4, 0xff,
    0xfb, 0xf7, 0xf4, 0xff, 0xfb, 0xf7, 0xf4, 0xff, 0xfb, 0xf7, 0xf4, 0xff,
    0xfb, 0xf7, 0xf4, 0xff, 0xfb, 0xf7, 0xf4, 0xff, 0xfb, 0xf7, 0xf4, 0xff,
    0xfb, 0xf7, 0xf4, 0xff, 0xfb, 0xf7, 0xf4, 0xff, 0xfb, 0xf7, 0xf4, 0xff,
    0xfb, 0xf7, 0xf4, 0xff, 0xfb, 0xf7, 0xf4, 0xff, 0xfb, 0xf7, 0xf4, 0xff,
    0xfb, 0xf7, 0xf4, 0xff, 0xfb, 0xf7, 0xf4, 0xff, 0xfb, 0xf7, 0xf4, 0xff,
    0xfb, 0xf7, 0xf4, 0xff, 0xfb, 0xf7, 0xf4, 0xff, 0xfb, 0xf7, 0xf4, 0xff,
    0xeb, 0xa0, 0x82, 0xff, 0xdb, 0x48, 0x0f, 0xff, 0xdc, 0x48, 0x0f, 0xff,
    0xdc, 0x48, 0x0f, 0xff, 0xdd, 0x48, 0x0f, 0xff, 0xdd, 0x48, 0x0e, 0xff,
    0xde, 0x48, 0x0e, 0xff, 0xde, 0x48, 0x0e, 0xff, 0xdf, 0x48, 0x0e, 0xff,
    0xdf, 0x48, 0x0e, 0xff, 0xe0, 0x48, 0x0e, 0xff, 0xe1, 0x48, 0x0d, 0xff,
    0xfb, 0xf7, 0xf5, 0xff, 0xfb, 0xf7, 0xf5, 0xff, 0xfb, 0xf7, 0xf5, 0xff,
    0xfb, 0xf7, 0xf5, 0xff, 0xfb, 0xf7, 0xf5, 0xff, 0xfb, 0xf7, 0xf5, 0xff,
    0xfb, 0xf7, 0xf5, 0xff, 0xfb, 0xf7, 0xf4, 0xff, 0xfb, 0xf7, 0xf4, 0xff,
    0xfb, 0xf7, 0xf4, 0xff, 0xfb, 0xf7, 0xf4, 0xff, 0xfb, 0xf7, 0xf4, 0xff,
    0xfb, 0xf7, 0xf4, 0xff, 0xfb, 0xf7, 0xf4, 0xff, 0xfb, 0xf7, 0xf4, 0xff,
    0xfb, 0xf7, 0xf4, 0xff, 0xfb, 0xf7, 0xf4, 0xff, 0xfb, 0xf7, 0xf4, 0xff,
    0xfb, 0xf7, 0xf4, 0xff, 0xfb, 0xf7, 0xf4, 0xff, 0xfb, 0xf7, 0xf4, 0xff,
    0xfb, 0xf7, 0xf4, 0xff, 0xfb, 0xf7, 0xf4, 0xff, 0xfb, 0xf7, 0xf4, 0xff,
    0xfb, 0xf7, 0xf4, 0xff, 0xfb, 0xf7, 0xf4, 0xff, 0xfb, 0xf7, 0xf4, 0xff,
    0xfb, 0xf7, 0xf4, 0xff, 0xfb, 0xf7, 0xf4, 0xff, 0xfb, 0xf7, 0xf4, 0xff,
    0xfb, 0xf7, 0xf4, 0xff, 0xfb, 0xf7, 0xf4, 0xff, 0xfb, 0xf7, 0xf4, 0xff,
    0xfb, 0xf7, 0xf4, 0xff, 0xfb, 0xf7, 0xf4, 0xff, 0xfb, 0xf7, 0xf4, 0xff,
    0xfb, 0xf7, 0xf4, 0xff, 0xfb, 0xf7, 0xf4, 0xff, 0xfb, 0xf7, 0xf4, 0xff,
    0xfb, 0xf7, 0xf4, 0xff, 0xfb, 0xf7, 0xf4, 0xff, 0xfb, 0xf7, 0xf4, 0xff,
    0xfb, 0xf7, 0xf4, 0xff, 0xfb, 0xf7, 0xf4, 0xff, 0xfb, 0xf7, 0xf4, 0xff,
    0xfb, 0xf7, 0xf4, 0xff, 0xfb, 0xf7, 0xf4, 0xff, 0xfb, 0xf7, 0xf4, 0xff,
    0xfb, 0xf7, 0xf4, 0xff, 0xfb, 0xf7, 0xf4, 0xff, 0xfb, 0xf7, 0xf4, 0xff,
    0xfb, 0xf7, 0xf4, 0xff, 0xfb, 0xf7, 0xf4, 0xff, 0xfb, 0xf7, 0xf4, 0xff,
    0xfb, 0xf7, 0xf4, 0xff, 0xfb, 0xf7, 0xf4, 0xff, 0xfb, 0xf7, 0xf4, 0xff,
    0xfb, 0xf7, 0xf4, 0xff, 0xfb, 0xf7, 0xf4, 0xff, 0xfb, 0xf7, 0xf4, 0xff,
    0xfb, 0xf7, 0xf4, 0xff, 0xfb, 0xf7, 0xf4, 0xff, 0xfb, 0xf7, 0xf4, 0xff,
    0xfb, 0xf7, 0xf4, 0xff, 0xfb, 0xf7, 0xf4, 0xff, 0xfb, 0xf7, 0xf4, 0xff,
    0xfb, 0xf7, 0xf4, 0xff, 0xeb, 0xa0, 0x82, 0xff, 0xdb, 0x48, 0x0f, 0xff,
    0xdc, 0x48, 0x0f, 0xff, 0xdc, 0x48, 0x0f, 0xff, 0xdd, 0x48, 0x0f, 0xff,
    0xdd, 0x48, 0x0e, 0xff, 0xde, 0x48, 0x0e, 0xff, 0xde, 0x48, 0x0e, 0xff,
    0xdf, 0x48, 0x0e, 0xff, 0xdf, 0x48, 0x0e, 0xff, 0xe0, 0x48, 0x0e, 0xff,
    0xe1, 0x48, 0x0d, 0xff, 0xe1, 0x48, 0x0d, 0xff, 0xfb, 0xf7, 0xf5, 0xff,
    0xfb, 0xf7, 0xf5, 0xff, 0xfb, 0xf7, 0xf5, 0xff, 0xfb, 0xf7, 0xf5, 0xff,
    0xfb, 0xf7, 0xf5, 0xff, 0xfb, 0xf7, 0xf5, 0xff, 0xfb, 0xf7, 0xf4, 0xff,
    0xfb, 0xf7, 0xf4, 0xff, 0xfb, 0xf7, 0xf4, 0xff, 0xfb, 0xf7, 0xf4, 0xff,
    0xfb, 0xf7, 0xf4, 0xff, 0xfb, 0xf7, 0xf4, 0xff, 0xfb, 0xf7, 0xf4, 0xff,
    0xfb, 0xf7, 0xf4, 0xff, 0xfb, 0xf7, 0xf4, 0xff, 0xfb, 0xf7, 0xf4, 0xff,
    0xfb, 0xf7, 0xf4, 0xff, 0xfb, 0xf7, 0xf4, 0xff, 0xfb, 0xf7, 0xf4, 0xff,
    0xfb, 0xf7, 0xf4, 0xff, 0xfb, 0xf7, 0xf4, 0xff, 0xfb, 0xf7, 0xf4, 0xff,
    0xfb, 0xf7, 0xf4, 0xff, 0xfb, 0xf7, 0xf4, 0xff, 0xfb, 0xf7, 0xf4, 0xff,
    0xfb, 0xf7, 0xf4, 0xff, 0xfb, 0xf7, 0xf4, 0xff, 0xfb, 0xf7, 0xf4, 0xff,
    0xfb, 0xf7, 0xf4, 0xff, 0xfb, 0xf7, 0xf4, 0xff, 0xfb, 0xf7, 0xf4, 0xff,
    0xfb, 0xf7, 0xf4, 0xff, 0xfb, 0xf7, 0xf4, 0xff, 0xfb, 0xf7, 0xf4, 0xff,
    0xfb, 0xf7, 0xf4, 0xff, 0xfb, 0xf7, 0xf4, 0xff, 0xfb, 0xf7, 0xf4, 0xff,
    0xfb, 0xf7, 0xf4, 0xff, 0xfb, 0xf7, 0xf4, 0xff, 0xfb, 0xf7, 0xf4, 0xff,
    0xfb, 0xf7, 0xf4, 0xff, 0xfb, 0xf7, 0xf4, 0xff, 0xfb, 0xf7, 0xf4, 0xff,
    0xfb, 0xf7, 0xf4, 0xff, 0xfb, 0xf7, 0xf4, 0xff, 0xfb, 0xf7, 0xf4, 0xff,
    0xfb, 0xf7, 0xf4, 0xff, 0xfb, 0xf7, 0xf4, 0xff, 0xfb, 0xf7, 0xf4, 0xff,
    0xfb, 0xf7, 0xf4, 0xff, 0xfb, 0xf7, 0xf4, 0xff, 0xfb, 0xf7, 0xf4, 0xff,
    0xfb, 0xf7, 0xf4, 0xff, 0xfb, 0xf7, 0xf4, 0xff, 0xfb, 0xf7, 0xf4, 0xff,
    0xfb, 0xf7, 0xf4, 0xff, 0xfb, 0xf7, 0xf4, 0xff, 0xfb, 0xf7, 0xf4, 0xff,
    0xfb, 0xf7, 0xf4, 0xff, 0xfb, 0xf7, 0xf4, 0xff, 0xfb, 0xf7, 0xf4, 0xff,
    0xfb, 0xf7, 0xf4, 0xff, 0xfb, 0xf7, 0xf4, 0xff, 0xfb, 0xf7, 0xf4, 0xff,
    0xfb, 0xf7, 0xf4, 0xff, 0xfb, 0xf7, 0xf4, 0xff, 0xeb, 0xa0, 0x82, 0xff,
    0xdb, 0x48, 0x0f, 0xff, 0xdc, 0x48, 0x0f, 0xff, 0xdc, 0x48, 0x0f, 0xff,
    0xdd, 0x48, 0x0f, 0xff, 0xdd, 0x48, 0x0e, 0xff, 0xde, 0x48, 0x0e, 0xff,
    0xde, 0x48, 0x0e, 0xff, 0xdf, 0x48, 0x0e, 0xff, 0xdf, 0x48, 0x0e, 0xff,
    0xe0, 0x48, 0x0e, 0xff, 0xe1, 0x48, 0x0d, 0xff, 0xe1, 0x48, 0x0d, 0xff,
    0xe2, 0x48, 0x0d, 0xff, 0xfb, 0xf7, 0xf5, 0xff, 0xfb, 0xf7, 0xf5, 0xff,
    0xfb, 0xf7, 0xf5, 0xff, 0xfb, 0xf7, 0xf5, 0xff, 0xfb, 0xf7, 0xf5, 0xff,
    0xfb, 0xf7, 0xf4, 0xff, 0xfb, 0xf7, 0xf4, 0xff, 0xfb, 0xf7, 0xf4, 0xff,
    0xfb, 0xf7, 0xf4, 0xff, 0xfb, 0xf7, 0xf4, 0xff, 0xfb, 0xf7, 0xf4, 0xff,
    0xfb, 0xf7, 0xf4, 0xff, 0xfb, 0xf7, 0xf4, 0xff, 0xfb, 0xf7, 0xf4, 0xff,
    0xfb, 0xf7, 0xf4, 0xff, 0xfb, 0xf7, 0xf4, 0xff, 0xfb, 0xf7, 0xf4, 0xff,
    0xfb, 0xf7, 0xf4, 0xff, 0xfb, 0xf7, 0xf4, 0xff, 0xfb, 0xf7, 0xf4, 0xff,
    0xfb, 0xf7, 0xf4, 0xff, 0xfb, 0xf7, 0xf4, 0xff, 0xfb, 0xf7, 0xf4, 0xff,
    0xfb, 0xf7, 0xf4, 0xff, 0xfb, 0xf7, 0xf4, 0xff, 0xfb, 0xf7, 0xf4, 0xff,
    0xfb, 0xf7, 0xf4, 0xff, 0xfb, 0xf7, 0xf4, 0xff, 0xfb, 0xf7, 0xf4, 0xff,
    0xfb, 0xf7, 0xf4, 0xff, 0xfb, 0xf7, 0xf4, 0xff, 0xfb, 0xf7, 0xf4, 0xff,
    0xfb, 0xf7, 0xf4, 0xff, 0xfb, 0xf7, 0xf4, 0xff, 0xfb, 0xf7, 0xf4, 0xff,
    0xfb, 0xf7, 0xf4, 0xff, 0xfb, 0xf7, 0xf4, 0xff, 0xfb, 0xf7, 0xf4, 0xff,
    0xfb, 0xf7, 0xf4, 0xff, 0xfb, 0xf7, 0xf4, 0xff, 0xfb, 0xf7, 0xf4, 0xff,
    0xfb, 0xf7, 0xf4, 0xff, 0xfb, 0xf7, 0xf4, 0xff, 0xfb, 0xf7, 0xf4, 0xff,
    0xfb, 0xf7, 0xf4, 0xff, 0xfb, 0xf7, 0xf4, 0xff, 0xfb, 0xf7, 0xf4, 0xff,
    0xfb, 0xf7, 0xf4, 0xff, 0xfb, 0xf7, 0xf4, 0xff, 0xfb, 0xf7, 0xf4, 0xff,
    0xfb, 0xf7, 0xf4, 0xff, 0xfb, 0xf7, 0xf4, 0xff, 0xfb, 0xf7, 0xf4, 0xff,
    0xfb, 0xf7, 0xf4, 0xff, 0xfb, 0xf7, 0xf4, 0xff, 0xfb, 0xf7, 0xf4, 0xff,
    0xfb, 0xf7, 0xf4, 0xff, 0xfb, 0xf7, 0xf4, 0xff, 0xfb, 0xf7, 0xf4, 0xff,
    0xfb, 0xf7, 0xf4, 0xff, 0xfb, 0xf7, 0xf4, 0xff, 0xfb, 0xf7, 0xf4, 0xff,
    0xfb, 0xf7, 0xf4, 0xff, 0xfb, 0xf7, 0xf4, 0xff, 0xfb, 0xf7, 0xf4, 0xff,
    0xeb, 0xa0, 0x82, 0xff, 0xdb, 0x48, 0x0f, 0xff, 0xdc, 0x48, 0x0f, 0xff,
    0xdc, 0x48, 0x0f, 0xff, 0xdd, 0x48, 0x0f, 0xff, 0xdd, 0x48, 0x0e, 0xff,
    0xde, 0x48, 0x0e, 0xff, 0xde, 0x48, 0x0e, 0xff, 0xdf, 0x48, 0x0e, 0xff,
    0xdf, 0x48, 0x0e, 0xff, 0xe0, 0x48, 0x0e, 0xff, 0xe1, 0x48, 0x0d, 0xff,
    0xe1, 0x48, 0x0d, 0xff, 0xe2, 0x48, 0x0d, 0xff, 0xe2, 0x48, 0x0d, 0xff,
    0xfb, 0xf7, 0xf5, 0xff, 0xfb, 0xf7, 0xf5, 0xff, 0xfb, 0xf7, 0xf5, 0xff,
    0xfb, 0xf7, 0xf5, 0xff, 0xfb, 0xf7, 0xf4, 0xff, 0xfb, 0xf7, 0xf4, 0xff,
    0xfb, 0xf7, 0xf4, 0xff, 0xfb, 0xf7, 0xf4, 0xff, 0xfb, 0xf7, 0xf4, 0xff,
    0xfb, 0xf7, 0xf4, 0xff, 0xfb, 0xf7, 0xf4, 0xff, 0xfb, 0xf7, 0xf4, 0xff,
    0xfb, 0xf7, 0xf4, 0xff, 0xfb, 0xf7, 0xf4, 0xff, 0xfb, 0xf7, 0xf4, 0xff,
    0xfb, 0xf7, 0xf4, 0xff, 0xfb, 0xf7, 0xf4, 0xff, 0xfb, 0xf7, 0xf4, 0xff,
    0xfb, 0xf7, 0xf4, 0xff, 0xfb, 0xf7, 0xf4, 0xff, 0xfb, 0xf7, 0xf4, 0xff,
    0xfb, 0xf7, 0xf4, 0xff, 0xfb, 0xf7, 0xf4, 0xff, 0xfb, 0xf7, 0xf4, 0xff,
    0xfb, 0xf7, 0xf4, 0xff, 0xfb, 0xf7, 0xf4, 0xff, 0xfb, 0xf7, 0xf4, 0xff,
    0xfb, 0xf7, 0xf4, 0xff, 0xfb, 0xf7, 0xf4, 0xff, 0xfb, 0xf7, 0xf4, 0xff,
    0xfb, 0xf7, 0xf4, 0xff, 0xfb, 0xf7, 0xf4, 0xff, 0xfb, 0xf7, 0xf4, 0xff,
    0xfb, 0xf7, 0xf4, 0xff, 0xfb, 0xf7, 0xf4, 0xff, 0xfb, 0xf7, 0xf4, 0xff,
    0xfb, 0xf7, 0xf4, 0xff, 0xfb, 0xf7, 0xf4, 0xff, 0xfb, 0xf7, 0xf4, 0xff,
    0xfb, 0xf7, 0xf4, 0xff, 0xfb, 0xf7, 0xf4, 0xff, 0xfb, 0xf7, 0xf4, 0xff,
    0xfb, 0xf7, 0xf4, 0xff, 0xfb, 0xf7, 0xf4, 0xff, 0xfb, 0xf7, 0xf4, 0xff,
    0xfb, 0xf7, 0xf4, 0xff, 0xfb, 0xf7, 0xf4, 0xff, 0xfb, 0xf7, 0xf4, 0xff,
    0xfb, 0xf7, 0xf4, 0xff, 0xfb, 0xf7, 0xf4, 0xff, 0xfb, 0xf7, 0xf4, 0xff,
    0xfb, 0xf7, 0xf4, 0xff, 0xfb, 0xf7, 0xf4, 0xff, 0xfb, 0xf7, 0xf4, 0xff,
    0xfb, 0xf7, 0xf4, 0xff, 0xfb, 0xf7, 0xf4, 0xff, 0xfb, 0xf7, 0xf4, 0xff,
    0xfb, 0xf7, 0xf4, 0xff, 0xfb, 0xf7, 0xf4, 0xff, 0xfb, 0xf7, 0xf4, 0xff,
    0xfb, 0xf7, 0xf4, 0xff, 0xfb, 0xf7, 0xf4, 0xff, 0xfb, 0xf7, 0xf4, 0xff,
    0xfb, 0xf7, 0xf4, 0xff, 0xeb, 0xa0, 0x82, 0xff, 0xdb, 0x48, 0x0f, 0xff,
    0xdc, 0x48, 0x0f, 0xff, 0xdc, 0x48, 0x0f, 0xff, 0xdd, 0x48, 0x0f, 0xff,
    0xdd, 0x48, 0x0e, 0xff, 0xde, 0x48, 0x0e, 0xff, 0xde, 0x48, 0x0e, 0xff,
    0xdf, 0x48, 0x0e, 0xff, 0xdf, 0x48, 0x0e, 0xff, 0xe0, 0x48, 0x0e, 0xff,
    0xe1, 0x48, 0x0d, 0xff, 0xe1, 0x48, 0x0d, 0xff, 0xe2, 0x48, 0x0d, 0xff,
    0xe2, 0x48, 0x0d, 0xff, 0xe3, 0x48, 0x0c, 0xff, 0xfb, 0xf7, 0xf5, 0xff,
    0xfb, 0xf7, 0xf5, 0xff, 0xfb, 0xf7, 0xf5, 0xff, 0xfb, 0xf7, 0xf4, 0xff,
    0xfb, 0xf7, 0xf4, 0xff, 0xfb, 0xf7, 0xf4, 0xff, 0xfb, 0xf7, 0xf4, 0xff,
    0xfb, 0xf7, 0xf4, 0xff, 0xfb, 0xf7, 0xf4, 0xff, 0xfb, 0xf7, 0xf4, 0xff,
    0xfb, 0xf7, 0xf4, 0xff, 0xfb, 0xf7, 0xf4, 0xff, 0xfb, 0xf7, 0xf4, 0xff,
    0xfb, 0xf7, 0xf4, 0xff, 0xfb, 0xf7, 0xf4, 0xff, 0xfb, 0xf7, 0xf4, 0xff,
    0xfb, 0xf7, 0xf4, 0xff, 0xfb, 0xf7, 0xf4, 0xff, 0xfb, 0xf7, 0xf4, 0xff,
    0xfb, 0xf7, 0xf4, 0xff, 0xfb, 0xf7, 0xf4, 0xff, 0xfb, 0xf7, 0xf4, 0xff,
    0xfb, 0xf7, 0xf4, 0xff, 0xfb, 0xf7, 0xf4, 0xff, 0xfb, 0xf7, 0xf4, 0xff,
    0xfb, 0xf7, 0xf4, 0xff, 0xfb, 0xf7, 0xf4, 0xff, 0xfb, 0xf7, 0xf4, 0xff,
    0xfb, 0xf7, 0xf4, 0xff, 0xfb, 0xf7, 0xf4, 0xff, 0xfb, 0xf7, 0xf4, 0xff,
    0xfb, 0xf7, 0xf4, 0xff, 0xfb, 0xf7, 0xf4, 0xff, 0xfb, 0xf7, 0xf4, 0xff,
    0xfb, 0xf7, 0xf4, 0xff, 0xfb, 0xf7, 0xf4, 0xff, 0xfb, 0xf7, 0xf4, 0xff,
    0xfb, 0xf7, 0xf4, 0xff, 0xfb, 0xf7, 0xf4, 0xff, 0xfb, 0xf7, 0xf4, 0xff,
    0xfb, 0xf7, 0xf4, 0xff, 0xfb, 0xf7, 0xf4, 0xff, 0xfb, 0xf7, 0xf4, 0xff,
    0xfb, 0xf7, 0xf4, 0xff, 0xfb, 0xf7, 0xf4, 0xff, 0xfb, 0xf7, 0xf4, 0xff,
    0xfb, 0xf7, 0xf4, 0xff, 0xfb, 0xf7, 0xf4, 0xff, 0xfb, 0xf7, 0xf4, 0xff,
    0xfb, 0xf7, 0xf4, 0xff, 0xfb, 0xf7, 0xf4, 0xff, 0xfb, 0xf7, 0xf4, 0xff,
    0xfb, 0xf7, 0xf4, 0xff, 0xfb, 0xf7, 0xf4, 0xff, 0xfb, 0xf7, 0xf4, 0xff,
    0xfb, 0xf7, 0xf4, 0xff, 0xfb, 0xf7, 0xf4, 0xff, 0xfb, 0xf7, 0xf4, 0xff,
    0xfb, 0xf7, 0xf4, 0xff, 0xfb, 0xf7, 0xf4, 0xff, 0xfb, 0xf7, 0xf4, 0xff,
    0xfb, 0xf7, 0xf4, 0xff, 0xfb, 0xf7, 0xf4, 0xff, 0xeb, 0xa0, 0x82, 0xff,
    0xdb, 0x48, 0x0f, 0xff, 0xdc, 0x48, 0x0f, 0xff, 0xdc, 0x48, 0x0f, 0xff,
    0xdd, 0x48, 0x0f, 0xff, 0xdd, 0x48, 0x0e, 0xff, 0xde, 0x48, 0x0e, 0xff,
    0xde, 0x48, 0x0e, 0xff, 0xdf, 0x48, 0x0e, 0xff, 0xdf, 0x48, 0x0e, 0xff,
    0xe0, 0x48, 0x0e, 0xff, 0xe1, 0x48, 0x0d, 0xff, 0xe1, 0x48, 0x0d, 0xff,
    0xe2, 0x48, 0x0d, 0xff, 0xe2, 0x48, 0x0d, 0xff, 0xe3, 0x48, 0x0c, 0xff,
    0xe3, 0x48, 0x0c, 0xff, 0xfb, 0xf7, 0xf5, 0xff, 0xfb, 0xf7, 0xf5, 0xff,
    0xfb, 0xf7, 0xf4, 0xff, 0xfb, 0xf7, 0xf4, 0xff, 0xfb, 0xf7, 0xf4, 0xff,
    0xfb, 0xf7, 0xf4, 0xff, 0xfb, 0xf7, 0xf4, 0xff, 0xfb, 0xf7, 0xf4, 0xff,
    0xfb, 0xf7, 0xf4, 0xff, 0xfb, 0xf7, 0xf4, 0xff, 0xfb, 0xf7, 0xf4, 0xff,
    0xfb, 0xf7, 0xf4, 0xff, 0xfb, 0xf7, 0xf4, 0xff, 0xfb, 0xf7, 0xf4, 0xff,
    0xfb, 0xf7, 0xf4, 0xff, 0xfb, 0xf7, 0xf4, 0xff, 0xfb, 0xf7, 0xf4, 0xff,
    0xfb, 0xf7, 0xf4, 0xff, 0xfb, 0xf7, 0xf4, 0xff, 0xfb, 0xf7, 0xf4, 0xff,
    0xfb, 0xf7, 0xf4, 0xff, 0xfb, 0xf7, 0xf4, 0xff, 0xfb, 0xf7, 0xf4, 0xff,
    0xfb, 0xf7, 0xf4, 0xff, 0xfb, 0xf7, 0xf4, 0xff, 0xfb, 0xf7, 0xf4, 0xff,
    0xfb, 0xf7, 0xf4, 0xff, 0xfb, 0xf7, 0xf4, 0xff, 0xfb, 0xf7, 0xf4, 0xff,
    0xfb, 0xf7, 0xf4, 0xff, 0xfb, 0xf7, 0xf4, 0xff, 0xfb, 0xf7, 0xf4, 0xff,
    0xfb, 0xf7, 0xf4, 0xff, 0xfb, 0xf7, 0xf4, 0xff, 0xfb, 0xf7, 0xf4, 0xff,
    0xfb, 0xf7, 0xf4, 0xff, 0xfb, 0xf7, 0xf4, 0xff, 0xfb, 0xf7, 0xf4, 0xff,
    0xfb, 0xf7, 0xf4, 0xff, 0xfb, 0xf7, 0xf4, 0xff, 0xfb, 0xf7, 0xf4, 0xff,
    0xfb, 0xf7, 0xf4, 0xff, 0xfb, 0xf7, 0xf4, 0xff, 0xfb, 0xf7, 0xf4, 0xff,
    0xfb, 0xf7, 0xf4, 0xff, 0xfb, 0xf7, 0xf4, 0xff, 0xfb, 0xf7, 0xf4, 0xff,
    0xfb, 0xf7, 0xf4, 0xff, 0xfb, 0xf7, 0xf4, 0xff, 0xfb, 0xf7, 0xf4, 0xff,
    0xfb, 0xf7, 0xf4, 0xff, 0xfb, 0xf7, 0xf4, 0xff, 0xfb, 0xf7, 0xf4, 0xff,
    0xfb, 0xf7, 0xf4, 0xff, 0xfb, 0xf7, 0xf4, 0xff, 0xfb, 0xf7, 0xf4, 0xff,
    0xfb, 0xf7, 0xf4, 0xff, 0xfb, 0xf7, 0xf4, 0xff, 0xfb, 0xf7, 0xf4, 0xff,
    0xfb, 0xf7, 0xf4, 0xff, 0xfb, 0xf7, 0xf4, 0xff, 0xfb, 0xf7, 0xf4, 0xff,
    0xeb, 0xa0, 0x82, 0xff, 0xdb, 0x48, 0x0f, 0xff, 0xdc, 0x48, 0x0f, 0xff,
    0xdc, 0x48, 0x0f, 0xff, 0xdd, 0x48, 0x0f, 0xff, 0xdd, 0x48, 0x0e, 0xff,
    0xde, 0x48, 0x0e, 0xff, 0xde, 0x48, 0x0e, 0xff, 0xdf, 0x48, 0x0e, 0xff,
    0xdf, 0x48, 0x0e, 0xff, 0xe0, 0x48, 0x0e, 0xff, 0xe1, 0x48, 0x0d, 0xff,
    0xe1, 0x48, 0x0d, 0xff, 0xe2, 0x48, 0x0d, 0xff, 0xe2, 0x48, 0x0d, 0xff,
    0xe3, 0x48, 0x0c, 0xff, 0xe3, 0x48, 0x0c, 0xff, 0xe4, 0x48, 0x0c, 0xff,
    0xfb, 0xf7, 0xf5, 0xff, 0xfb, 0xf7, 0xf4, 0xff, 0xfb, 0xf7, 0xf4, 0xff,
    0xfb, 0xf7, 0xf4, 0xff, 0xfb, 0xf7, 0xf4, 0xff, 0xfb, 0xf7, 0xf4, 0xff,
    0xfb, 0xf7, 0xf4, 0xff, 0xfb, 0xf7, 0xf4, 0xff, 0xfb, 0xf7, 0xf4, 0xff,
    0xfb, 0xf7, 0xf4, 0xff, 0xfb, 0xf7, 0xf4, 0xff, 0xfb, 0xf7, 0xf4, 0xff,
    0xfb, 0xf7, 0xf4, 0xff, 0xfb, 0xf7, 0xf4, 0xff, 0xfb, 0xf7, 0xf4, 0xff,
    0xfb, 0xf7, 0xf4, 0xff, 0xfb, 0xf7, 0xf4, 0xff, 0xfb, 0xf7, 0xf4, 0xff,
    0xfb, 0xf7, 0xf4, 0xff, 0xfb, 0xf7, 0xf4, 0xff, 0xfb, 0xf7, 0xf4, 0xff,
    0xfb, 0xf7, 0xf4, 0xff, 0xfb, 0xf7, 0xf4, 0xff, 0xfb, 0xf7, 0xf4, 0xff,
    0xfb, 0xf7, 0xf4, 0xff, 0xfb, 0xf7, 0xf4, 0xff, 0xfb, 0xf7, 0xf4, 0xff,
    0xfb, 0xf7, 0xf4, 0xff, 0xfb, 0xf7, 0xf4, 0xff, 0xfb, 0xf7, 0xf4, 0xff,
    0xfb, 0xf7, 0xf4, 0xff, 0xfb, 0xf7, 0xf4, 0xff, 0xfb, 0xf7, 0xf4, 0xff,
    0xfb, 0xf7, 0xf4, 0xff, 0xfb, 0xf7, 0xf4, 0xff, 0xfb, 0xf7, 0xf4, 0xff,
    0xfb, 0xf7, 0xf4, 0xff, 0xfb, 0xf7, 0xf4, 0xff, 0xfb, 0xf7, 0xf4, 0xff,
    0xfb, 0xf7, 0xf4, 0xff, 0xfb, 0xf7, 0xf4, 0xff, 0xfb, 0xf7, 0xf4, 0xff,
    0xfb, 0xf7, 0xf4, 0xff, 0xfb, 0xf7, 0xf4, 0xff, 0xfb, 0xf7, 0xf4, 0xff,
    0xfb, 0xf7, 0xf4, 0xff, 0xfb, 0xf7, 0xf4, 0xff, 0xfb, 0xf7, 0xf4, 0xff,
    0xfb, 0xf7, 0xf4, 0xff, 0xfb, 0xf7, 0xf4, 0xff, 0xfb, 0xf7, 0xf4, 0xff,
    0xfb, 0xf7, 0xf4, 0xff, 0xfb, 0xf7, 0xf4, 0xff, 0xfb, 0xf7, 0xf4, 0xff,
    0xfb, 0xf7, 0xf4, 0xff, 0xfb, 0xf7, 0xf4, 0xff, 0xfb, 0xf7, 0xf4, 0xff,
    0xfb, 0xf7, 0xf4, 0xff, 0xfb, 0xf7, 0xf4, 0xff, 0xfb, 0xf7, 0xf4, 0xff,
    0xfb, 0xf7, 0xf4, 0xff, 0xeb, 0xa0, 0x82, 0xff, 0xdb, 0x48, 0x0f, 0xff,
    0xdc, 0x48, 0x0f, 0xff, 0xdc, 0x48, 0x0f, 0xff, 0xdd, 0x48, 0x0f, 0xff,
    0xdd, 0x48, 0x0e, 0xff, 0xde, 0x48, 0x0e, 0xff, 0xde, 0x48, 0x0e, 0xff,
    0xdf, 0x48, 0x0e, 0xff, 0xdf, 0x48, 0x0e, 0xff, 0xe0, 0x48, 0x0e, 0xff,
    0xe1, 0x48, 0x0d, 0xff, 0xe1, 0x48, 0x0d, 0xff, 0xe2, 0x48, 0x0d, 0xff,
    0xe2, 0x48, 0x0d, 0xff, 0xe3, 0x48, 0x0c, 0xff, 0xe3, 0x48, 0x0c, 0xff,
    0xe4, 0x48, 0x0c, 0xff, 0xe4, 0x48, 0x0c, 0xff, 0xfb, 0xf7, 0xf4, 0xff,
    0xfb, 0xf7, 0xf4, 0xff, 0xfb, 0xf7, 0xf4, 0xff, 0xfb, 0xf7, 0xf4, 0xff,
    0xfb, 0xf7, 0xf4, 0xff, 0xfb, 0xf7, 0xf4, 0xff, 0xfb, 0xf7, 0xf4, 0xff,
    0xfb, 0xf7, 0xf4, 0xff, 0xfb, 0xf7, 0xf4, 0xff, 0xfb, 0xf7, 0xf4, 0xff,
    0xfb, 0xf7, 0xf4, 0xff, 0xfb, 0xf7, 0xf4, 0xff, 0xfb, 0xf7, 0xf4, 0xff,
    0xfb, 0xf7, 0xf4, 0xff, 0xfb, 0xf7, 0xf4, 0xff, 0xfb, 0xf7, 0xf4, 0xff,
    0xfb, 0xf7, 0xf4, 0xff, 0xfb, 0xf7, 0xf4, 0xff, 0xfb, 0xf7, 0xf4, 0xff,
    0xfb, 0xf7, 0xf4, 0xff, 0xfb, 0xf7, 0xf4, 0xff, 0xfb, 0xf7, 0xf4, 0xff,
    0xfb, 0xf7, 0xf4, 0xff, 0xfb, 0xf7, 0xf4, 0xff, 0xfb, 0xf7, 0xf4, 0xff,
    0xfb, 0xf7, 0xf4, 0xff, 0xfb, 0xf7, 0xf4, 0xff, 0xfb, 0xf7, 0xf4, 0xff,
    0xfb, 0xf7, 0xf4, 0xff, 0xfb, 0xf7, 0xf4, 0xff, 0xfb, 0xf7, 0xf4, 0xff,
    0xfb, 0xf7, 0xf4, 0xff, 0xfb, 0xf7, 0xf4, 0xff, 0xfb, 0xf7, 0xf4, 0xff,
    0xfb, 0xf7, 0xf4, 0xff, 0xfb, 0xf7, 0xf4, 0xff, 0xfb, 0xf7, 0xf4, 0xff,
    0xfb, 0xf7, 0xf4, 0xff, 0xfb, 0xf7, 0xf4, 0xff, 0xfb, 0xf7, 0xf4, 0xff,
    0xfb, 0xf7, 0xf4, 0xff, 0xfb, 0xf7, 0xf4, 0xff, 0xfb, 0xf7, 0xf4, 0xff,
    0xfb, 0xf7, 0xf4, 0xff, 0xfb, 0xf7, 0xf4, 0xff, 0xfb, 0xf7, 0xf4, 0xff,
    0xfb, 0xf7, 0xf4, 0xff, 0xfb, 0xf7, 0xf4, 0xff, 0xfb, 0xf7, 0xf4, 0xff,
    0xfb, 0xf7, 0xf4, 0xff, 0xfb, 0xf7, 0xf4, 0xff, 0xfb, 0xf7, 0xf4, 0xff,
    0xfb, 0xf7, 0xf4, 0xff, 0xfb, 0xf7, 0xf4, 0xff, 0xfb, 0xf7, 0xf4, 0xff,
    0xfb, 0xf7, 0xf4, 0xff, 0xfb, 0xf7, 0xf4, 0xff, 0xfb, 0xf7, 0xf4, 0xff,
    0xfb, 0xf7, 0xf4, 0xff, 0xfb, 0xf7, 0xf4, 0xff, 0xeb, 0xa0, 0x82, 0xff,
    0xdb, 0x48, 0x0f, 0xff, 0xdc, 0x48, 0x0f, 0xff, 0xdc, 0x48, 0x0f, 0xff,
    0xdd, 0x48, 0x0f, 0xff, 0xdd, 0x48, 0x0e, 0xff, 0xde, 0x48, 0x0e, 0xff,
    0xde, 0x48, 0x0e, 0xff, 0xdf, 0x48, 0x0e, 0xff, 0xdf, 0x48, 0x0e, 0xff,
    0xe0, 0x48, 0x0e, 0xff, 0xe1, 0x48, 0x0d, 0xff, 0xe1, 0x48, 0x0d, 0xff,
    0xe2, 0x48, 0x0d, 0xff, 0xe2, 0x48, 0x0d, 0xff, 0xe3, 0x48, 0x0c, 0xff,
    0xe3, 0x48, 0x0c, 0xff, 0xe4, 0x48, 0x0c, 0xff, 0xe4, 0x48, 0x0c, 0xff,
    0xe5, 0x48, 0x0b, 0xff, 0xfb, 0xf7, 0xf4, 0xff, 0xfb, 0xf7, 0xf4, 0xff,
    0xfb, 0xf7, 0xf4, 0xff, 0xfb, 0xf7, 0xf4, 0xff, 0xfb, 0xf7, 0xf4, 0xff,
    0xfb, 0xf7, 0xf4, 0xff, 0xfb, 0xf7, 0xf4, 0xff, 0xfb, 0xf7, 0xf4, 0xff,
    0xfb, 0xf7, 0xf4, 0xff, 0xfb, 0xf7, 0xf4, 0xff, 0xfb, 0xf7, 0xf4, 0xff,
    0xfb, 0xf7, 0xf4, 0xff, 0xfb, 0xf7, 0xf4, 0xff, 0xfb, 0xf7, 0xf4, 0xff,
    0xfb, 0xf7, 0xf4, 0xff, 0xfb, 0xf7, 0xf4, 0xff, 0xfb, 0xf7, 0xf4, 0xff,
    0xfb, 0xf7, 0xf4, 0xff, 0xfb, 0xf7, 0xf4, 0xff, 0xfb, 0xf7, 0xf4, 0xff,
    0xfb, 0xf7, 0xf4, 0xff, 0xfb, 0xf7, 0xf4, 0xff, 0xfb, 0xf7, 0xf4, 0xff,
    0xfb, 0xf7, 0xf4, 0xff, 0xfb, 0xf7, 0xf4, 0xff, 0xfb, 0xf7, 0xf4, 0xff,
    0xfb, 0xf7, 0xf4, 0xff, 0xfb, 0xf7, 0xf4, 0xff, 0xfb, 0xf7, 0xf4, 0xff,
    0xfb, 0xf7, 0xf4, 0xff, 0xfb, 0xf7, 0xf4, 0xff, 0xfb, 0xf7, 0xf4, 0xff,
    0xfb, 0xf7, 0xf4, 0xff, 0xfb, 0xf7, 0xf4, 0xff, 0xfb, 0xf7, 0xf4, 0xff,
    0xfb, 0xf7, 0xf4, 0xff, 0xfb, 0xf7, 0xf4, 0xff, 0xfb, 0xf7, 0xf4, 0xff,
    0xfb, 0xf7, 0xf4, 0xff, 0xfb, 0xf7, 0xf4, 0xff, 0xfb, 0xf7, 0xf4, 0xff,
    0xfb, 0xf7, 0xf4, 0xff, 0xfb, 0xf7, 0xf4, 0xff, 0xfb, 0xf7, 0xf4, 0xff,
    0xfb, 0xf7, 0xf4, 0xff, 0xfb, 0xf7, 0xf4, 0xff, 0xfb, 0xf7, 0xf4, 0xff,
    0xfb, 0xf7, 0xf4, 0xff, 0xfb, 0xf7, 0xf4, 0xff, 0xfb, 0xf7, 0xf4, 0xff,
    0xfb, 0xf7, 0xf4, 0xff, 0xfb, 0xf7, 0xf4, 0xff, 0xfb, 0xf7, 0xf4, 0xff,
    0xfb, 0xf7, 0xf4, 0xff, 0xfb, 0xf7, 0xf4, 0xff, 0xfb, 0xf7, 0xf4, 0xff,
    0xfb, 0xf7, 0xf4, 0xff, 0xfb, 0xf7, 0xf4, 0xff, 0xfb, 0xf7, 0xf4, 0xff,
    0xeb, 0xa0, 0x82, 0xff, 0xdb, 0x48, 0x0f, 0xff, 0xdc, 0x48, 0x0f, 0xff,
    0xdc, 0x48, 0x0f, 0xff, 0xdd, 0x48, 0x0f, 0xff, 0xdd, 0x48, 0x0e, 0xff,
    0xde, 0x48, 0x0e, 0xff, 0xde, 0x48, 0x0e, 0xff, 0xdf, 0x48, 0x0e, 0xff,
    0xdf, 0x48, 0x0e, 0xff, 0xe0, 0x48, 0x0e, 0xff, 0xe1, 0x48, 0x0d, 0xff,
    0xe1, 0x48, 0x0d, 0xff, 0xe2, 0x48, 0x0d, 0xff, 0xe2, 0x48, 0x0d, 0xff,
    0xe3, 0x48, 0x0c, 0xff, 0xe3, 0x48, 0x0c, 0xff, 0xe4, 0x48, 0x0c, 0xff,
    0xe4, 0x48, 0x0c, 0xff, 0xe5, 0x48, 0x0b, 0xff, 0xe5, 0x48, 0x0b, 0xff,
    0xfb, 0xf7, 0xf4, 0xff, 0xfb, 0xf7, 0xf4, 0xff, 0xfb, 0xf7, 0xf4, 0xff,
    0xfb, 0xf7, 0xf4, 0xff, 0xfb, 0xf7, 0xf4, 0xff, 0xfb, 0xf7, 0xf4, 0xff,
    0xfb, 0xf7, 0xf4, 0xff, 0xfb, 0xf7, 0xf4, 0xff, 0xfb, 0xf7, 0xf4, 0xff,
    0xfb, 0xf7, 0xf4, 0xff, 0xfb, 0xf7, 0xf4, 0xff, 0xfb, 0xf7, 0xf4, 0xff,
    0xfb, 0xf7, 0xf4, 0xff, 0xfb, 0xf7, 0xf4, 0xff, 0xfb, 0xf7, 0xf4, 0xff,
    0xfb, 0xf7, 0xf4, 0xff, 0xfb, 0xf7, 0xf4, 0xff, 0xfb, 0xf7, 0xf4, 0xff,
    0xfb, 0xf7, 0xf4, 0xff, 0xfb, 0xf7, 0xf4, 0xff, 0xfb, 0xf7, 0xf4, 0xff,
    0xfb, 0xf7, 0xf4, 0xff, 0xfb, 0xf7, 0xf4, 0xff, 0xfb, 0xf7, 0xf4, 0xff,
    0xfb, 0xf7, 0xf4, 0xff, 0xfb, 0xf7, 0xf4, 0xff, 0xfb, 0xf7, 0xf4, 0xff,
    0xfb, 0xf7, 0xf4, 0xff, 0xfb, 0xf7, 0xf4, 0xff, 0xfb, 0xf7, 0xf4, 0xff,
    0xfb, 0xf7, 0xf4, 0xff, 0xfb, 0xf7, 0xf4, 0xff, 0xfb, 0xf7, 0xf4, 0xff,
    0xfb, 0xf7, 0xf4, 0xff, 0xfb, 0xf7, 0xf4, 0xff, 0xfb, 0xf7, 0xf4, 0xff,
    0xfb, 0xf7, 0xf4, 0xff, 0xfb, 0xf7, 0xf4, 0xff, 0xfb, 0xf7, 0xf4, 0xff,
    0xfb, 0xf7, 0xf4, 0xff, 0xfb, 0xf7, 0xf4, 0xff, 0xfb, 0xf7, 0xf4, 0xff,
    0xfb, 0xf7, 0xf4, 0xff, 0xfb, 0xf7, 0xf4, 0xff, 0xfb, 0xf7, 0xf4, 0xff,
    0xfb, 0xf7, 0xf4, 0xff, 0xfb, 0xf7, 0xf4, 0xff, 0xfb, 0xf7, 0xf4, 0xff,
    0xfb, 0xf7, 0xf4, 0xff, 0xfb, 0xf7, 0xf4, 0xff, 0xfb, 0xf7, 0xf4, 0xff,
    0xfb, 0xf7, 0xf4, 0xff, 0xfb, 0xf7, 0xf4, 0xff, 0xfb, 0xf7, 0xf4, 0xff,
    0xfb, 0xf7, 0xf4, 0xff, 0xfb, 0xf7, 0xf4, 0xff, 0xfb, 0xf7, 0xf4, 0xff,
    0xfb, 0xf7, 0xf4, 0xff, 0xeb, 0xa0, 0x82, 0xff, 0xdb, 0x48, 0x0f, 0xff,
    0xdc, 0x48, 0x0f, 0xff, 0xdc, 0x48, 0x0f, 0xff, 0xdd, 0x48, 0x0f, 0xff,
    0xdd, 0x48, 0x0e, 0xff, 0xde, 0x48, 0x0e, 0xff, 0xde, 0x48, 0x0e, 0xff,
    0xdf, 0x48, 0x0e, 0xff, 0xdf, 0x48, 0x0e, 0xff, 0xe0, 0x48, 0x0e, 0xff,
    0xe1, 0x48, 0x0d, 0xff, 0xe1, 0x48, 0x0d, 0xff, 0xe2, 0x48, 0x0d, 0xff,
    0xe2, 0x48, 0x0d, 0xff, 0xe3, 0x48, 0x0c, 0xff, 0xe3, 0x48, 0x0c, 0xff,
    0xe4, 0x48, 0x0c, 0xff, 0xe4, 0x48, 0x0c, 0xff, 0xe5, 0x48, 0x0b, 0xff,
    0xe5, 0x48, 0x0b, 0xff, 0xe6, 0x48, 0x0b, 0xff, 0xfb, 0xf7, 0xf4, 0xff,
    0xfb, 0xf7, 0xf4, 0xff, 0xfb, 0xf7, 0xf4, 0xff, 0xfb, 0xf7, 0xf4, 0xff,
    0xfb, 0xf7, 0xf4, 0xff, 0xfb, 0xf7, 0xf4, 0xff, 0xfb, 0xf7, 0xf4, 0xff,
    0xfb, 0xf7, 0xf4, 0xff, 0xfb, 0xf7, 0xf4, 0xff, 0xfb, 0xf7, 0xf4, 0xff,
    0xfb, 0xf7, 0xf4, 0xff, 0xfb, 0xf7, 0xf4, 0xff, 0xfb, 0xf7, 0xf4, 0xff,
    0xfb, 0xf7, 0xf4, 0xff, 0xfb, 0xf7, 0xf4, 0xff, 0xfb, 0xf7, 0xf4, 0xff,
    0xfb, 0xf7, 0xf4, 0xff, 0xfb, 0xf7, 0xf4, 0xff, 0xfb, 0xf7, 0xf4, 0xff,
    0xfb, 0xf7, 0xf4, 0xff, 0xfb, 0xf7, 0xf4, 0xff, 0xfb, 0xf7, 0xf4, 0xff,
    0xfb, 0xf7, 0xf4, 0xff, 0xfb, 0xf7, 0xf4, 0xff, 0xfb, 0xf7, 0xf4, 0xff,
    0xfb, 0xf7, 0xf4, 0xff, 0xfb, 0xf7, 0xf4, 0xff, 0xfb, 0xf7, 0xf4, 0xff,
    0xfb, 0xf7, 0xf4, 0xff, 0xfb, 0xf7, 0xf4, 0xff, 0xfb, 0xf7, 0xf4, 0xff,
    0xfb, 0xf7, 0xf4, 0xff, 0xfb, 0xf7, 0xf4, 0xff, 0xfb, 0xf7, 0xf4, 0xff,
    0xfb, 0xf7, 0xf4, 0xff, 0xfb, 0xf7, 0xf4, 0xff, 0xfb, 0xf7, 0xf4, 0xff,
    0xfb, 0xf7, 0xf4, 0xff, 0xfb, 0xf7, 0xf4, 0xff, 0xfb, 0xf7, 0xf4, 0xff,
    0xfb, 0xf7, 0xf4, 0xff, 0xfb, 0xf7, 0xf4, 0xff, 0xfb, 0xf7, 0xf4, 0xff,
    0xfb, 0xf7, 0xf4, 0xff, 0xfb, 0xf7, 0xf4, 0xff, 0xfb, 0xf7, 0xf4, 0xff,
    0xfb, 0xf7, 0xf4, 0xff, 0xfb, 0xf7, 0xf4, 0xff, 0xfb, 0xf7, 0xf4, 0xff,
    0xfb, 0xf7, 0xf4, 0xff, 0xfb, 0xf7, 0xf4, 0xff, 0xfb, 0xf7, 0xf4, 0xff,
    0xfb, 0xf7, 0xf4, 0xff, 0xfb, 0xf7, 0xf4, 0xff, 0xfb, 0xf7, 0xf4, 0xff,
    0xfb, 0xf7, 0xf4, 0xff, 0xfb, 0xf7, 0xf4, 0xff, 0xeb, 0xa0, 0x82, 0xff,
    0xdb, 0x48, 0x0f, 0xff, 0xdc, 0x48, 0x0f, 0xff, 0xdc, 0x48, 0x0f, 0xff,
    0xdd, 0x48, 0x0f, 0xff, 0xdd, 0x48, 0x0e, 0xff, 0xde, 0x48, 0x0e, 0xff,
    0xde, 0x48, 0x0e, 0xff, 0xdf, 0x48, 0x0e, 0xff, 0xdf, 0x48, 0x0e, 0xff,
    0xe0, 0x48, 0x0e, 0xff, 0xe1, 0x48, 0x0d, 0xff, 0xe1, 0x48, 0x0d, 0xff,
    0xe2, 0x48, 0x0d, 0xff, 0xe2, 0x48, 0x0d, 0xff, 0xe3, 0x48, 0x0c, 0xff,
    0xe3, 0x48, 0x0c, 0xff, 0xe4, 0x48, 0x0c, 0xff, 0xe4, 0x48, 0x0c, 0xff,
    0xe5, 0x48, 0x0b, 0xff, 0xe5, 0x48, 0x0b, 0xff, 0xe6, 0x48, 0x0b, 0xff,
    0xe7, 0x48, 0x0b, 0xff, 0xfb, 0xf7, 0xf4, 0xff, 0xfb, 0xf7, 0xf4, 0xff,
    0xfb, 0xf7, 0xf4, 0xff, 0xfb, 0xf7, 0xf4, 0xff, 0xfb, 0xf7, 0xf4, 0xff,
    0xfb, 0xf7, 0xf4, 0xff, 0xfb, 0xf7, 0xf4, 0xff, 0xfb, 0xf7, 0xf4, 0xff,
    0xfb, 0xf7, 0xf4, 0xff, 0xfb, 0xf7, 0xf4, 0xff, 0xfb, 0xf7, 0xf4, 0xff,
    0xfb, 0xf7, 0xf4, 0xff, 0xfb, 0xf7, 0xf4, 0xff, 0xfb, 0xf7, 0xf4, 0xff,
    0xfb, 0xf7, 0xf4, 0xff, 0xfb, 0xf7, 0xf4, 0xff, 0xfb, 0xf7, 0xf4, 0xff,
    0xfb, 0xf7, 0xf4, 0xff, 0xfb, 0xf7, 0xf4, 0xff, 0xfb, 0xf7, 0xf4, 0xff,
    0xfb, 0xf7, 0xf4, 0xff, 0xfb, 0xf7, 0xf4, 0xff, 0xfb, 0xf7, 0xf4, 0xff,
    0xfb, 0xf7, 0xf4, 0xff, 0xfb, 0xf7, 0xf4, 0xff, 0xfb, 0xf7, 0xf4, 0xff,
    0xfb, 0xf7, 0xf4, 0xff, 0xfb, 0xf7, 0xf4, 0xff, 0xfb, 0xf7, 0xf4, 0xff,
    0xfb, 0xf7, 0xf4, 0xff, 0xfb, 0xf7, 0xf4, 0xff, 0xfb, 0xf7, 0xf4, 0xff,
    0xfb, 0xf7, 0xf4, 0xff, 0xfb, 0xf7, 0xf4, 0xff, 0xfb, 0xf7, 0xf4, 0xff,
    0xfb, 0xf7, 0xf4, 0xff, 0xfb, 0xf7, 0xf4, 0xff, 0xfb, 0xf7, 0xf4, 0xff,
    0xfb, 0xf7, 0xf4, 0xff, 0xfb, 0xf7, 0xf4, 0xff, 0xfb, 0xf7, 0xf4, 0xff,
    0xfb, 0xf7, 0xf4, 0xff, 0xfb, 0xf7, 0xf4, 0xff, 0xfb, 0xf7, 0xf4, 0xff,
    0xfb, 0xf7, 0xf4, 0xff, 0xfb, 0xf7, 0xf4, 0xff, 0xfb, 0xf7, 0xf4, 0xff,
    0xfb, 0xf7, 0xf4, 0xff, 0xfb, 0xf7, 0xf4, 0xff, 0xfb, 0xf7, 0xf4, 0xff,
    0xfb, 0xf7, 0xf4, 0xff, 0xfb, 0xf7, 0xf4, 0xff, 0xfb, 0xf7, 0xf4, 0xff,
    0xfb, 0xf7, 0xf4, 0xff, 0xfb, 0xf7, 0xf4, 0xff, 0xfb, 0xf7, 0xf4, 0xff,
    0xeb, 0xa0, 0x82, 0xff, 0xdb, 0x48, 0x0f, 0xff, 0xdc, 0x48, 0x0f, 0xff,
    0xdc, 0x48, 0x0f, 0xff, 0xdd, 0x48, 0x0f, 0xff, 0xdd, 0x48, 0x0e, 0xff,
    0xde, 0x48, 0x0e, 0xff, 0xde, 0x48, 0x0e, 0xff, 0xdf, 0x48, 0x0e, 0xff,
    0xdf, 0x48, 0x0e, 0xff, 0xe0, 0x48, 0x0e, 0xff, 0xe1, 0x48, 0x0d, 0xff,
    0xe1, 0x48, 0x0d, 0xff, 0xe2, 0x48, 0x0d, 0xff, 0xe2, 0x48, 0x0d, 0xff,
    0xe3, 0x48, 0x0c, 0xff, 0xe3, 0x48, 0x0c, 0xff, 0xe4, 0x48, 0x0c, 0xff,
    0xe4, 0x48, 0x0c, 0xff, 0xe5, 0x48, 0x0b, 0xff, 0xe5, 0x48, 0x0b, 0xff,
    0xe6, 0x48, 0x0b, 0xff, 0xe7, 0x48, 0x0b, 0xff, 0xe7, 0x48, 0x0b, 0xff,
    0xfb, 0xf7, 0xf4, 0xff, 0xfb, 0xf7, 0xf4, 0xff, 0xfb, 0xf7, 0xf4, 0xff,
    0xfb, 0xf7, 0xf4, 0xff, 0xfb, 0xf7, 0xf4, 0xff, 0xfb, 0xf7, 0xf4, 0xff,
    0xfb, 0xf7, 0xf4, 0xff, 0xfb, 0xf7, 0xf4, 0xff, 0xfb, 0xf7, 0xf4, 0xff,
    0xfb, 0xf7, 0xf4, 0xff, 0xfb, 0xf7, 0xf4, 0xff, 0xfb, 0xf7, 0xf4, 0xff,
    0xfb, 0xf7, 0xf4, 0xff, 0xfb, 0xf7, 0xf4, 0xff, 0xfb, 0xf7, 0xf4, 0xff,
    0xfb, 0xf7, 0xf4, 0xff, 0xfb, 0xf7, 0xf4, 0xff, 0xfb, 0xf7, 0xf4, 0xff,
    0xfb, 0xf7, 0xf4, 0xff, 0xfb, 0xf7, 0xf4, 0xff, 0xfb, 0xf7, 0xf4, 0xff,
    0xfb, 0xf7, 0xf4, 0xff, 0xfb, 0xf7, 0xf4, 0xff, 0xfb, 0xf7, 0xf4, 0xff,
    0xfb, 0xf7, 0xf4, 0xff, 0xfb, 0xf7, 0xf4, 0xff, 0xfb, 0xf7, 0xf4, 0xff,
    0xfb, 0xf7, 0xf4, 0xff, 0xfb, 0xf7, 0xf4, 0xff, 0xfb, 0xf7, 0xf4, 0xff,
    0xfb, 0xf7, 0xf4, 0xff, 0xfb, 0xf7, 0xf4, 0xff, 0xfb, 0xf7, 0xf4, 0xff,
    0xfb, 0xf7, 0xf4, 0xff, 0xfb, 0xf7, 0xf4, 0xff, 0xfb, 0xf7, 0xf4, 0xff,
    0xfb, 0xf7, 0xf4, 0xff, 0xfb, 0xf7, 0xf4, 0xff, 0xfb, 0xf7, 0xf4, 0xff,
    0xfb, 0xf7, 0xf4, 0xff, 0xfb, 0xf7, 0xf4, 0xff, 0xfb, 0xf7, 0xf4, 0xff,
    0xfb, 0xf7, 0xf4, 0xff, 0xfb, 0xf7, 0xf4, 0xff, 0xfb, 0xf7, 0xf4, 0xff,
    0xfb, 0xf7, 0xf4, 0xff, 0xfb, 0xf7, 0xf4, 0xff, 0xfb, 0xf7, 0xf4, 0xff,
    0xfb, 0xf7, 0xf4, 0xff, 0xfb, 0xf7, 0xf4, 0xff, 0xfb, 0xf7, 0xf4, 0xff,
    0xfb, 0xf7, 0xf4, 0xff, 0xfb, 0xf7, 0xf4, 0xff, 0xfb, 0xf7, 0xf4, 0xff,
    0xfb, 0xf7, 0xf4, 0xff, 0xeb, 0xa0, 0x82, 0xff, 0xdb, 0x48, 0x0f, 0xff,
    0xdc, 0x48, 0x0f, 0xff, 0xdc, 0x48, 0x0f, 0xff, 0xdd, 0x48, 0x0f, 0xff,
    0xdd, 0x48, 0x0e, 0xff, 0xde, 0x48, 0x0e, 0xff, 0xde, 0x48, 0x0e, 0xff,
    0xdf, 0x48, 0x0e, 0xff, 0xdf, 0x48, 0x0e, 0xff, 0xe0, 0x48, 0x0e, 0xff,
    0xe1, 0x48, 0x0d, 0xff, 0xe1, 0x48, 0x0d, 0xff, 0xe2, 0x48, 0x0d, 0xff,
    0xe2, 0x48, 0x0d, 0xff, 0xe3, 0x48, 0x0c, 0xff, 0xe3, 0x48, 0x0c, 0xff,
    0xe4, 0x48, 0x0c, 0xff, 0xe4, 0x48, 0x0c, 0xff, 0xe5, 0x48, 0x0b, 0xff,
    0xe5, 0x48, 0x0b, 0xff, 0xe6, 0x48, 0x0b, 0xff, 0xe7, 0x48, 0x0b, 0xff,
    0xe7, 0x48, 0x0b, 0xff, 0xe8, 0x48, 0x0a, 0xff, 0xfb, 0xf7, 0xf4, 0xff,
    0xfb, 0xf7, 0xf4, 0xff, 0xfb, 0xf7, 0xf4, 0xff, 0xfb, 0xf7, 0xf4, 0xff,
    0xfb, 0xf7, 0xf4, 0xff, 0xfb, 0xf7, 0xf4, 0xff, 0xfb, 0xf7, 0xf4, 0xff,
    0xfb, 0xf7, 0xf4, 0xff, 0xfb, 0xf7, 0xf4, 0xff, 0xfb, 0xf7, 0xf4, 0xff,
    0xfb, 0xf7, 0xf4, 0xff, 0xfb, 0xf7, 0xf4, 0xff, 0xfb, 0xf7, 0xf4, 0xff,
    0xfb, 0xf7, 0xf4, 0xff, 0xfb, 0xf7, 0xf4, 0xff, 0xfb, 0xf7, 0xf4, 0xff,
    0xfb, 0xf7, 0xf4, 0xff, 0xfb, 0xf7, 0xf4, 0xff, 0xfb, 0xf7, 0xf4, 0xff,
    0xfb, 0xf7, 0xf4, 0xff, 0xfb, 0xf7, 0xf4, 0xff, 0xfb, 0xf7, 0xf4, 0xff,
    0xfb, 0xf7, 0xf4, 0xff, 0xfb, 0xf7, 0xf4, 0xff, 0xfb, 0xf7, 0xf4, 0xff,
    0xfb, 0xf7, 0xf4, 0xff, 0xfb, 0xf7, 0xf4, 0xff, 0xfb, 0xf7, 0xf4, 0xff,
    0xfb, 0xf7, 0xf4, 0xff, 0xfb, 0xf7, 0xf4, 0xff, 0xfb, 0xf7, 0xf4, 0xff,
    0xfb, 0xf7, 0xf4, 0xff, 0xfb, 0xf7, 0xf4, 0xff, 0xfb, 0xf7, 0xf4, 0xff,
    0xfb, 0xf7, 0xf4, 0xff, 0xfb, 0xf7, 0xf4, 0xff, 0xfb, 0xf7, 0xf4, 0xff,
    0xfb, 0xf7, 0xf4, 0xff, 0xfb, 0xf7, 0xf4, 0xff, 0xfb, 0xf7, 0xf4, 0xff,
    0xfb, 0xf7, 0xf4, 0xff, 0xfb, 0xf7, 0xf4, 0xff, 0xfb, 0xf7, 0xf4, 0xff,
    0xfb, 0xf7, 0xf4, 0xff, 0xfb, 0xf7, 0xf4, 0xff, 0xfb, 0xf7, 0xf4, 0xff,
    0xfb, 0xf7, 0xf4, 0xff, 0xfb, 0xf7, 0xf4, 0xff, 0xfb, 0xf7, 0xf4, 0xff,
    0xfb, 0xf7, 0xf4, 0xff, 0xfb, 0xf7, 0xf4, 0xff, 0xfb, 0xf7, 0xf4, 0xff,
    0xfb, 0xf7, 0xf4, 0xff, 0xfb, 0xf7, 0xf4, 0xff, 0xeb, 0xa0, 0x82, 0xff,
    0xdb, 0x48, 0x0f, 0xff, 0xdc, 0x48, 0x0f, 0xff, 0xdc, 0x48, 0x0f, 0xff,
    0xdd, 0x48, 0x0f, 0xff, 0xdd, 0x48, 0x0e, 0xff, 0xde, 0x48, 0x0e, 0xff,
    0xde, 0x48, 0x0e, 0xff, 0xdf, 0x48, 0x0e, 0xff, 0xdf, 0x48, 0x0e, 0xff,
    0xe0, 0x48, 0x0e, 0xff, 0xe1, 0x48, 0x0d, 0xff, 0xe1, 0x48, 0x0d, 0xff,
    0xe2, 0x48, 0x0d, 0xff, 0xe2, 0x48, 0x0d, 0xff, 0xe3, 0x48, 0x0c, 0xff,
    0xe3, 0x48, 0x0c, 0xff, 0xe4, 0x48, 0x0c, 0xff, 0xe4, 0x48, 0x0c, 0xff,
    0xe5, 0x48, 0x0b, 0xff, 0xe5, 0x48, 0x0b, 0xff, 0xe6, 0x48, 0x0b, 0xff,
    0xe7, 0x48, 0x0b, 0xff, 0xe7, 0x48, 0x0b, 0xff, 0xe8, 0x48, 0x0a, 0xff,
    0xe8, 0x48, 0x0a, 0xff, 0xfb, 0xf7, 0xf4, 0xff, 0xfb, 0xf7, 0xf4, 0xff,
    0xfb, 0xf7, 0xf4, 0xff, 0xfb, 0xf7, 0xf4, 0xff, 0xfb, 0xf7, 0xf4, 0xff,
    0xfb, 0xf7, 0xf4, 0xff, 0xfb, 0xf7, 0xf4, 0xff, 0xfb, 0xf7, 0xf4, 0xff,
    0xfb, 0xf7, 0xf4, 0xff, 0xfb, 0xf7, 0xf4, 0xff, 0xfb, 0xf7, 0xf4, 0xff,
    0xfb, 0xf7, 0xf4, 0xff, 0xfb, 0xf7, 0xf4, 0xff, 0xfb, 0xf7, 0xf4, 0xff,
    0xfb, 0xf7, 0xf4, 0xff, 0xfb, 0xf7, 0xf4, 0xff, 0xfb, 0xf7, 0xf4, 0xff,
    0xfb, 0xf7, 0xf4, 0xff, 0xfb, 0xf7, 0xf4, 0xff, 0xfb, 0xf7, 0xf4, 0xff,
    0xfb, 0xf7, 0xf4, 0xff, 0xfb, 0xf7, 0xf4, 0xff, 0xfb, 0xf7, 0xf4, 0xff,
    0xfb, 0xf7, 0xf4, 0xff, 0xfb, 0xf7, 0xf4, 0xff, 0xfb, 0xf7, 0xf4, 0xff,
    0xfb, 0xf7, 0xf4, 0xff, 0xfb, 0xf7, 0xf4, 0xff, 0xfb, 0xf7, 0xf4, 0xff,
    0xfb, 0xf7, 0xf4, 0xff, 0xfb, 0xf7, 0xf4, 0xff, 0xfb, 0xf7, 0xf4, 0xff,
    0xfb, 0xf7, 0xf4, 0xff, 0xfb, 0xf7, 0xf4, 0xff, 0xfb, 0xf7, 0xf4, 0xff,
    0xfb, 0xf7, 0xf4, 0xff, 0xfb, 0xf7, 0xf4, 0xff, 0xfb, 0xf7, 0xf4, 0xff,
    0xfb, 0xf7, 0xf4, 0xff, 0xfb, 0xf7, 0xf4, 0xff, 0xfb, 0xf7, 0xf4, 0xff,
    0xfb, 0xf7, 0xf4, 0xff, 0xfb, 0xf7, 0xf4, 0xff, 0xfb, 0xf7, 0xf4, 0xff,
    0xfb, 0xf7, 0xf4, 0xff, 0xfb, 0xf7, 0xf4, 0xff, 0xfb, 0xf7, 0xf4, 0xff,
    0xfb, 0xf7, 0xf4, 0xff, 0xfb, 0xf7, 0xf4, 0xff, 0xfb, 0xf7, 0xf4, 0xff,
    0xfb, 0xf7, 0xf4, 0xff, 0xfb, 0xf7, 0xf4, 0xff, 0xfb, 0xf7, 0xf4, 0xff,
    0xeb, 0xa0, 0x82, 0xff, 0xdb, 0x48, 0x0f, 0xff, 0xdc, 0x48, 0x0f, 0xff,
    0xdc, 0x48, 0x0f, 0xff, 0xdd, 0x48, 0x0f, 0xff, 0xdd, 0x48, 0x0e, 0xff,
    0xde, 0x48, 0x0e, 0xff, 0xde, 0x48, 0x0e, 0xff, 0xdf, 0x48, 0x0e, 0xff,
    0xdf, 0x48, 0x0e, 0xff, 0xe0, 0x48, 0x0e, 0xff, 0xe1, 0x48, 0x0d, 0xff,
    0xe1, 0x48, 0x0d, 0xff, 0xe2, 0x48, 0x0d, 0xff, 0xe2, 0x48, 0x0d, 0xff,
    0xe3, 0x48, 0x0c, 0xff, 0xe3, 0x48, 0x0c, 0xff, 0xe4, 0x48, 0x0c, 0xff,
    0xe4, 0x48, 0x0c, 0xff, 0xe5, 0x48, 0x0b, 0xff, 0xe5, 0x48, 0x0b, 0xff,
    0xe6, 0x48, 0x0b, 0xff, 0xe7, 0x48, 0x0b, 0xff, 0xe7, 0x48, 0x0b, 0xff,
    0xe8, 0x48, 0x0a, 0xff, 0xe8, 0x48, 0x0a, 0xff, 0xe9, 0x48, 0x0a, 0xff,
    0xfb, 0xf7, 0xf4, 0xff, 0xfb, 0xf7, 0xf4, 0xff, 0xfb, 0xf7, 0xf4, 0xff,
    0xfb, 0xf7, 0xf4, 0xff, 0xfb, 0xf7, 0xf4, 0xff, 0xfb, 0xf7, 0xf4, 0xff,
    0xfb, 0xf7, 0xf4, 0xff, 0xfb, 0xf7, 0xf4, 0xff, 0xfb, 0xf7, 0xf4, 0xff,
    0xfb, 0xf7, 0xf4, 0xff, 0xfb, 0xf7, 0xf4, 0xff, 0xfb, 0xf7, 0xf4, 0xff,
    0xfb, 0xf7, 0xf4, 0xff, 0xfb, 0xf7, 0xf4, 0xff, 0xfb, 0xf7, 0xf4, 0xff,
    0xfb, 0xf7, 0xf4, 0xff, 0xfb, 0xf7, 0xf4, 0xff, 0xfb, 0xf7, 0xf4, 0xff,
    0xfb, 0xf7, 0xf4, 0xff, 0xfb, 0xf7, 0xf4, 0xff, 0xfb, 0xf7, 0xf4, 0xff,
    0xfb, 0xf7, 0xf4, 0xff, 0xfb, 0xf7, 0xf4, 0xff, 0xfb, 0xf7, 0xf4, 0xff,
    0xfb, 0xf7, 0xf4, 0xff, 0xfb, 0xf7, 0xf4, 0xff, 0xfb, 0xf7, 0xf4, 0xff,
    0xfb, 0xf7, 0xf4, 0xff, 0xfb, 0xf7, 0xf4, 0xff, 0xfb, 0xf7, 0xf4, 0xff,
    0xfb, 0xf7, 0xf4, 0xff, 0xfb, 0xf7, 0xf4, 0xff, 0xfb, 0xf7, 0xf4, 0xff,
    0xfb, 0xf7, 0xf4, 0xff, 0xfb, 0xf7, 0xf4, 0xff, 0xfb, 0xf7, 0xf4, 0xff,
    0xfb, 0xf7, 0xf4, 0xff, 0xfb, 0xf7, 0xf4, 0xff, 0xfb, 0xf7, 0xf4, 0xff,
    0xfb, 0xf7, 0xf4, 0xff, 0xfb, 0xf7, 0xf4, 0xff, 0xfb, 0xf7, 0xf4, 0xff,
    0xfb, 0xf7, 0xf4, 0xff, 0xfb, 0xf7, 0xf4, 0xff, 0xfb, 0xf7, 0xf4, 0xff,
    0xfb, 0xf7, 0xf4, 0xff, 0xfb, 0xf7, 0xf4, 0xff, 0xfb, 0xf7, 0xf4, 0xff,
    0xfb, 0xf7, 0xf4, 0xff, 0xfb, 0xf7, 0xf4, 0xff, 0xfb, 0xf7, 0xf4, 0xff,
    0xfb, 0xf7, 0xf4, 0xff, 0xeb, 0xa0, 0x82, 0xff, 0xdb, 0x48, 0x0f, 0xff,
    0xdc, 0x48, 0x0f, 0xff, 0xdc, 0x48, 0x0f, 0xff, 0xdd, 0x48, 0x0f, 0xff,
    0xdd, 0x48, 0x0e, 0xff, 0xde, 0x48, 0x0e, 0xff, 0xde, 0x48, 0x0e, 0xff,
    0xdf, 0x48, 0x0e, 0xff, 0xdf, 0x48, 0x0e, 0xff, 0xe0, 0x48, 0x0e, 0xff,
    0xe1, 0x48, 0x0d, 0xff, 0xe1, 0x48, 0x0d, 0xff, 0xe2, 0x48, 0x0d, 0xff,
    0xe2, 0x48, 0x0d, 0xff, 0xe3, 0x48, 0x0c, 0xff, 0xe3, 0x48, 0x0c, 0xff,
    0xe4, 0x48, 0x0c, 0xff, 0xe4, 0x48, 0x0c, 0xff, 0xe5, 0x48, 0x0b, 0xff,
    0xe5, 0x48, 0x0b, 0xff, 0xe6, 0x48, 0x0b, 0xff, 0xe7, 0x48, 0x0b, 0xff,
    0xe7, 0x48, 0x0b, 0xff, 0xe8, 0x48, 0x0a, 0xff, 0xe8, 0x48, 0x0a, 0xff,
    0xe9, 0x48, 0x0a, 0xff, 0xe9, 0x48, 0x0a, 0xff, 0xfb, 0xf7, 0xf4, 0xff,
    0xfb, 0xf7, 0xf4, 0xff, 0xfb, 0xf7, 0xf4, 0xff, 0xfb, 0xf7, 0xf4, 0xff,
    0xfb, 0xf7, 0xf4, 0xff, 0xfb, 0xf7, 0xf4, 0xff, 0xfb, 0xf7, 0xf4, 0xff,
    0xfb, 0xf7, 0xf4, 0xff, 0xfb, 0xf7, 0xf4, 0xff, 0xfb, 0xf7, 0xf4, 0xff,
    0xfb, 0xf7, 0xf4, 0xff, 0xfb, 0xf7, 0xf4, 0xff, 0xfb, 0xf7, 0xf4, 0xff,
    0xfb, 0xf7, 0xf4, 0xff, 0xfb, 0xf7, 0xf4, 0xff, 0xfb, 0xf7, 0xf4, 0xff,
    0xfb, 0xf7, 0xf4, 0xff, 0xfb, 0xf7, 0xf4, 0xff, 0xfb, 0xf7, 0xf4, 0xff,
    0xfb, 0xf7, 0xf4, 0xff, 0xfb, 0xf7, 0xf4, 0xff, 0xfb, 0xf7, 0xf4, 0xff,
    0xfb, 0xf7, 0xf4, 0xff, 0xfb, 0xf7, 0xf4, 0xff, 0xfb, 0xf7, 0xf4, 0xff,
    0xfb, 0xf7, 0xf4, 0xff, 0xfb, 0xf7, 0xf4, 0xff, 0xfb, 0xf7, 0xf4, 0xff,
    0xfb, 0xf7, 0xf4, 0xff, 0xfb, 0xf7, 0xf4, 0xff, 0xfb, 0xf7, 0xf4, 0xff,
    0xfb, 0xf7, 0xf4, 0xff, 0xfb, 0xf7, 0xf4, 0xff, 0xfb, 0xf7, 0xf4, 0xff,
    0xfb, 0xf7, 0xf4, 0xff, 0xfb, 0xf7, 0xf4, 0xff, 0xfb, 0xf7, 0xf4, 0xff,
    0xfb, 0xf7, 0xf4, 0xff, 0xfb, 0xf7, 0xf4, 0xff, 0xfb, 0xf7, 0xf4, 0xff,
    0xfb, 0xf7, 0xf4, 0xff, 0xfb, 0xf7, 0xf4, 0xff, 0xfb, 0xf7, 0xf4, 0xff,
    0xfb, 0xf7, 0xf4, 0xff, 0xfb, 0xf7, 0xf4, 0xff, 0xfb, 0xf7, 0xf4, 0xff,
    0xfb, 0xf7, 0xf4, 0xff, 0xfb, 0xf7, 0xf4, 0xff, 0xfb, 0xf7, 0xf4, 0xff,
    0xfb, 0xf7, 0xf4, 0xff, 0xfb, 0xf7, 0xf4, 0xff, 0xeb, 0xa0, 0x82, 0xff,
    0xdb, 0x48, 0x0f, 0xff, 0xdc, 0x48, 0x0f, 0xff, 0xdc, 0x48, 0x0f, 0xff,
    0xdd, 0x48, 0x0f, 0xff, 0xdd, 0x48, 0x0e, 0xff, 0xde, 0x48, 0x0e, 0xff,
    0xde, 0x48, 0x0e, 0xff, 0xdf, 0x48, 0x0e, 0xff, 0xdf, 0x48, 0x0e, 0xff,
    0xe0, 0x48, 0x0e, 0xff, 0xe1, 0x48, 0x0d, 0xff, 0xe1, 0x48, 0x0d, 0xff,
    0xe2, 0x48, 0x0d, 0xff, 0xe2, 0x48, 0x0d, 0xff, 0xe3, 0x48, 0x0c, 0xff,
    0xe3, 0x48, 0x0c, 0xff, 0xe4, 0x48, 0x0c, 0xff, 0xe4, 0x48, 0x0c, 0xff,
    0xe5, 0x48, 0x0b, 0xff, 0xe5, 0x48, 0x0b, 0xff, 0xe6, 0x48, 0x0b, 0xff,
    0xe7, 0x48, 0x0b, 0xff, 0xe7, 0x48, 0x0b, 0xff, 0xe8, 0x48, 0x0a, 0xff,
    0xe8, 0x48, 0x0a, 0xff, 0xe9, 0x48, 0x0a, 0xff, 0xe9, 0x48, 0x0a, 0xff,
    0xea, 0x48, 0x0a, 0xff, 0xfb, 0xf7, 0xf4, 0xff, 0xfb, 0xf7, 0xf4, 0xff,
    0xfb, 0xf7, 0xf4, 0xff, 0xfb, 0xf7, 0xf4, 0xff, 0xfb, 0xf7, 0xf4, 0xff,
    0xfb, 0xf7, 0xf4, 0xff, 0xfb, 0xf7, 0xf4, 0xff, 0xfb, 0xf7, 0xf4, 0xff,
    0xfb, 0xf7, 0xf4, 0xff, 0xfb, 0xf7, 0xf4, 0xff, 0xfb, 0xf7, 0xf4, 0xff,
    0xfb, 0xf7, 0xf4, 0xff, 0xfb, 0xf7, 0xf4, 0xff, 0xfb, 0xf7, 0xf4, 0xff,
    0xfb, 0xf7, 0xf4, 0xff, 0xfb, 0xf7, 0xf4, 0xff, 0xfb, 0xf7, 0xf4, 0xff,
    0xfb, 0xf7, 0xf4, 0xff, 0xfb, 0xf7, 0xf4, 0xff, 0xfb, 0xf7, 0xf4, 0xff,
    0xfb, 0xf7, 0xf4, 0xff, 0xfb, 0xf7, 0xf4, 0xff, 0xfb, 0xf7, 0xf4, 0xff,
    0xfb, 0xf7, 0xf4, 0xff, 0xfb, 0xf7, 0xf4, 0xff, 0xfb, 0xf7, 0xf4, 0xff,
    0xfb, 0xf7, 0xf4, 0xff, 0xfb, 0xf7, 0xf4, 0xff, 0xfb, 0xf7, 0xf4, 0xff,
    0xfb, 0xf7, 0xf4, 0xff, 0xfb, 0xf7, 0xf4, 0xff, 0xfb, 0xf7, 0xf4, 0xff,
    0xfb, 0xf7, 0xf4, 0xff, 0xfb, 0xf7, 0xf4, 0xff, 0xfb, 0xf7, 0xf4, 0xff,
    0xfb, 0xf7, 0xf4, 0xff, 0xfb, 0xf7, 0xf4, 0xff, 0xfb, 0xf7, 0xf4, 0xff,
    0xfb, 0xf7, 0xf4, 0xff, 0xfb, 0xf7, 0xf4, 0xff, 0xfb, 0xf7, 0xf4, 0xff,
    0xfb, 0xf7, 0xf4, 0xff, 0xfb, 0xf7, 0xf4, 0xff, 0xfb, 0xf7, 0xf4, 0xff,
    0xfb, 0xf7, 0xf4, 0xff, 0xfb, 0xf7, 0xf4, 0xff, 0xfb, 0xf7, 0xf4, 0xff,
    0xfb, 0xf7, 0xf4, 0xff, 0xfb, 0xf7, 0xf4, 0xff, 0xfb, 0xf7, 0xf4, 0xff,
    0xeb, 0xa0, 0x82, 0xff, 0xdb, 0x48, 0x0f, 0xff, 0xdc, 0x48, 0x0f, 0xff,
    0xdc, 0x48, 0x0f, 0xff, 0xdd, 0x48, 0x0f, 0xff, 0xdd, 0x48, 0x0e, 0xff,
    0xde, 0x48, 0x0e, 0xff, 0xde, 0x48, 0x0e, 0xff, 0xdf, 0x48, 0x0e, 0xff,
    0xdf, 0x48, 0x0e, 0xff, 0xe0, 0x48, 0x0e, 0xff, 0xe1, 0x48, 0x0d, 0xff,
    0xe1, 0x48, 0x0d, 0xff, 0xe2, 0x48, 0x0d, 0xff, 0xe2, 0x48, 0x0d, 0xff,
    0xe3, 0x48, 0x0c, 0xff, 0xe3, 0x48, 0x0c, 0xff, 0xe4, 0x48, 0x0c, 0xff,
    0xe4, 0x48, 0x0c, 0xff, 0xe5, 0x48, 0x0b, 0xff, 0xe5, 0x48, 0x0b, 0xff,
    0xe6, 0x48, 0x0b, 0xff, 0xe7, 0x48, 0x0b, 0xff, 0xe7, 0x48, 0x0b, 0xff,
    0xe8, 0x48, 0x0a, 0xff, 0xe8, 0x48, 0x0a, 0xff, 0xe9, 0x48, 0x0a, 0xff,
    0xe9, 0x48, 0x0a, 0xff, 0xea, 0x48, 0x0a, 0xff, 0xea, 0x48, 0x09, 0xff,
    0xfb, 0xf7, 0xf4, 0xff, 0xfb, 0xf7, 0xf4, 0xff, 0xfb, 0xf7, 0xf4, 0xff,
    0xfb, 0xf7, 0xf4, 0xff, 0xfb, 0xf7, 0xf4, 0xff, 0xfb, 0xf7, 0xf4, 0xff,
    0xfb, 0xf7, 0xf4, 0xff, 0xfb, 0xf7, 0xf4, 0xff, 0xfb, 0xf7, 0xf4, 0xff,
    0xfb, 0xf7, 0xf4, 0xff, 0xfb, 0xf7, 0xf4, 0xff, 0xfb, 0xf7, 0xf4, 0xff,
    0xfb, 0xf7, 0xf4, 0xff, 0xfb, 0xf7, 0xf4, 0xff, 0xfb, 0xf7, 0xf4, 0xff,
    0xfb, 0xf7, 0xf4, 0xff, 0xfb, 0xf7, 0xf4, 0xff, 0xfb, 0xf7, 0xf4, 0xff,
    0xfb, 0xf7, 0xf4, 0xff, 0xfb, 0xf7, 0xf4, 0xff, 0xfb, 0xf7, 0xf4, 0xff,
    0xfb, 0xf7, 0xf4, 0xff, 0xfb, 0xf7, 0xf4, 0xff, 0xfb, 0xf7, 0xf4, 0xff,
    0xfb, 0xf7, 0xf4, 0xff, 0xfb, 0xf7, 0xf4, 0xff, 0xfb, 0xf7, 0xf4, 0xff,
    0xfb, 0xf7, 0xf4, 0xff, 0xfb, 0xf7, 0xf4, 0xff, 0xfb, 0xf7, 0xf4, 0xff,
    0xfb, 0xf7, 0xf4, 0xff, 0xfb, 0xf7, 0xf4, 0xff, 0xfb, 0xf7, 0xf4, 0xff,
    0xfb, 0xf7, 0xf4, 0xff, 0xfb, 0xf7, 0xf4, 0xff, 0xfb, 0xf7, 0xf4, 0xff,
    0xfb, 0xf7, 0xf4, 0xff, 0xfb, 0xf7, 0xf4, 0xff, 0xfb, 0xf7, 0xf4, 0xff,
    0xfb, 0xf7, 0xf4, 0xff, 0xfb, 0xf7, 0xf4, 0xff, 0xfb, 0xf7, 0xf4, 0xff,
    0xfb, 0xf7, 0xf4, 0xff, 0xfb, 0xf7, 0xf4, 0xff, 0xfb, 0xf7, 0xf4, 0xff,
    0xfb, 0xf7, 0xf4, 0xff, 0xfb, 0xf7, 0xf4, 0xff, 0xfb, 0xf7, 0xf4, 0xff,
    0xfb, 0xf7, 0xf4, 0xff, 0xeb, 0xa0, 0x82, 0xff, 0xdb, 0x48, 0x0f, 0xff,
    0xdc, 0x48, 0x0f, 0xff, 0xdc, 0x48, 0x0f, 0xff, 0xdd, 0x48, 0x0f, 0xff,
    0xdd, 0x48, 0x0e, 0xff, 0xde, 0x48, 0x0e, 0xff, 0xde, 0x48, 0x0e, 0xff,
    0xdf, 0x48, 0x0e, 0xff, 0xdf, 0x48, 0x0e, 0xff, 0xe0, 0x48, 0x0e, 0xff,
    0xe1, 0x48, 0x0d, 0xff, 0xe1, 0x48, 0x0d, 0xff, 0xe2, 0x48, 0x0d, 0xff,
    0xe2, 0x48, 0x0d, 0xff, 0xe3, 0x48, 0x0c, 0xff, 0xe3, 0x48, 0x0c, 0xff,
    0xe4, 0x48, 0x0c, 0xff, 0xe4, 0x48, 0x0c, 0xff, 0xe5, 0x48, 0x0b, 0xff,
    0xe5, 0x48, 0x0b, 0xff, 0xe6, 0x48, 0x0b, 0xff, 0xe7, 0x48, 0x0b, 0xff,
    0xe7, 0x48, 0x0b, 0xff, 0xe8, 0x48, 0x0a, 0xff, 0xe8, 0x48, 0x0a, 0xff,
    0xe9, 0x48, 0x0a, 0xff, 0xe9, 0x48, 0x0a, 0xff, 0xea, 0x48, 0x0a, 0xff,
    0xea, 0x48, 0x09, 0xff, 0xeb, 0x48, 0x09, 0xff, 0xfb, 0xf7, 0xf4, 0xff,
    0xfb, 0xf7, 0xf4, 0xff, 0xfb, 0xf7, 0xf4, 0xff, 0xfb, 0xf7, 0xf4, 0xff,
    0xfb, 0xf7, 0xf4, 0xff, 0xfb, 0xf7, 0xf4, 0xff, 0xfb, 0xf7, 0xf4, 0xff,
    0xfb, 0xf7, 0xf4, 0xff, 0xfb, 0xf7, 0xf4, 0xff, 0xfb, 0xf7, 0xf4, 0xff,
    0xfb, 0xf7, 0xf4, 0xff, 0xfb, 0xf7, 0xf4, 0xff, 0xfb, 0xf7, 0xf4, 0xff,
    0xfb, 0xf7, 0xf4, 0xff, 0xfb, 0xf7, 0xf4, 0xff, 0xfb, 0xf7, 0xf4, 0xff,
    0xfb, 0xf7, 0xf4, 0xff, 0xfb, 0xf7, 0xf4, 0xff, 0xfb, 0xf7, 0xf4, 0xff,
    0xfb, 0xf7, 0xf4, 0xff, 0xfb, 0xf7, 0xf4, 0xff, 0xfb, 0xf7, 0xf4, 0xff,
    0xfb, 0xf7, 0xf4, 0xff, 0xfb, 0xf7, 0xf4, 0xff, 0xfb, 0xf7, 0xf4, 0xff,
    0xfb, 0xf7, 0xf4, 0xff, 0xfb, 0xf7, 0xf4, 0xff, 0xfb, 0xf7, 0xf4, 0xff,
    0xfb, 0xf7, 0xf4, 0xff, 0xfb, 0xf7, 0xf4, 0xff, 0xfb, 0xf7, 0xf4, 0xff,
    0xfb, 0xf7, 0xf4, 0xff, 0xfb, 0xf7, 0xf4, 0xff, 0xfb, 0xf7, 0xf4, 0xff,
    0xfb, 0xf7, 0xf4, 0xff, 0xfb, 0xf7, 0xf4, 0xff, 0xfb, 0xf7, 0xf4, 0xff,
    0xfb, 0xf7, 0xf4, 0xff, 0xfb, 0xf7, 0xf4, 0xff, 0xfb, 0xf7, 0xf4, 0xff,
    0xfb, 0xf7, 0xf4, 0xff, 0xfb, 0xf7, 0xf4, 0xff, 0xfb, 0xf7, 0xf4, 0xff,
    0xfb, 0xf7, 0xf4, 0xff, 0xfb, 0xf7, 0xf4, 0xff, 0xfb, 0xf7, 0xf4, 0xff,
    0xfb, 0xf7, 0xf4, 0xff, 0xfb, 0xf7, 0xf4, 0xff, 0xeb, 0xa0, 0x82, 0xff,
    0xdb, 0x48, 0x0f, 0xff, 0xdc, 0x48, 0x0f, 0xff, 0xdc, 0x48, 0x0f, 0xff,
    0xdd, 0x48, 0x0f, 0xff, 0xdd, 0x48, 0x0e, 0xff, 0xde, 0x48, 0x0e, 0xff,
    0xde, 0x48, 0x0e, 0xff, 0xdf, 0x48, 0x0e, 0xff, 0xdf, 0x48, 0x0e, 0xff,
    0xe0, 0x48, 0x0e, 0xff, 0xe1, 0x48, 0x0d, 0xff, 0xe1, 0x48, 0x0d, 0xff,
    0xe2, 0x48, 0x0d, 0xff, 0xe2, 0x48, 0x0d, 0xff, 0xe3, 0x48, 0x0c, 0xff,
    0xe3, 0x48, 0x0c, 0xff, 0xe4, 0x48, 0x0c, 0xff, 0xe4, 0x48, 0x0c, 0xff,
    0xe5, 0x48, 0x0b, 0xff, 0xe5, 0x48, 0x0b, 0xff, 0xe6, 0x48, 0x0b, 0xff,
    0xe7, 0x48, 0x0b, 0xff, 0xe7, 0x48, 0x0b, 0xff, 0xe8, 0x48, 0x0a, 0xff,
    0xe8, 0x48, 0x0a, 0xff, 0xe9, 0x48, 0x0a, 0xff, 0xe9, 0x48, 0x0a, 0xff,
    0xea, 0x48, 0x0a, 0xff, 0xea, 0x48, 0x09, 0xff, 0xeb, 0x48, 0x09, 0xff,
    0xeb, 0x48, 0x09, 0xff, 0xfb, 0xf7, 0xf4, 0xff, 0xfb, 0xf7, 0xf4, 0xff,
    0xfb, 0xf7, 0xf4, 0xff, 0xfb, 0xf7, 0xf4, 0xff, 0xfb, 0xf7, 0xf4, 0xff,
    0xfb, 0xf7, 0xf4, 0xff, 0xfb, 0xf7, 0xf4, 0xff, 0xfb, 0xf7, 0xf4, 0xff,
    0xfb, 0xf7, 0xf4, 0xff, 0xfb, 0xf7, 0xf4, 0xff, 0xfb, 0xf7, 0xf4, 0xff,
    0xfb, 0xf7, 0xf4, 0xff, 0xfb, 0xf7, 0xf4, 0xff, 0xfb, 0xf7, 0xf4, 0xff,
    0xfb, 0xf7, 0xf4, 0xff, 0xfb, 0xf7, 0xf4, 0xff, 0xfb, 0xf7, 0xf4, 0xff,
    0xfb, 0xf7, 0xf4, 0xff, 0xfb, 0xf7, 0xf4, 0xff, 0xfb, 0xf7, 0xf4, 0xff,
    0xfb, 0xf7, 0xf4, 0xff, 0xfb, 0xf7, 0xf4, 0xff, 0xfb, 0xf7, 0xf4, 0xff,
    0xfb, 0xf7, 0xf4, 0xff, 0xfb, 0xf7, 0xf4, 0xff, 0xfb, 0xf7, 0xf4, 0xff,
    0xfb, 0xf7, 0xf4, 0xff, 0xfb, 0xf7, 0xf4, 0xff, 0xfb, 0xf7, 0xf4, 0xff,
    0xfb, 0xf7, 0xf4, 0xff, 0xfb, 0xf7, 0xf4, 0xff, 0xfb, 0xf7, 0xf4, 0xff,
    0xfb, 0xf7, 0xf4, 0xff, 0xfb, 0xf7, 0xf4, 0xff, 0xfb, 0xf7, 0xf4, 0xff,
    0xfb, 0xf7, 0xf4, 0xff, 0xfb, 0xf7, 0xf4, 0xff, 0xfb, 0xf7, 0xf4, 0xff,
    0xfb, 0xf7, 0xf4, 0xff, 0xfb, 0xf7, 0xf4, 0xff, 0xfb, 0xf7, 0xf4, 0xff,
    0xfb, 0xf7, 0xf4, 0xff, 0xfb, 0xf7, 0xf4, 0xff, 0xfb, 0xf7, 0xf4, 0xff,
    0xfb, 0xf7, 0xf4, 0xff, 0xfb, 0xf7, 0xf4, 0xff, 0xfb, 0xf7, 0xf4, 0xff,
    0xeb, 0xa0, 0x82, 0xff, 0xdb, 0x48, 0x0f, 0xff, 0xdc, 0x48, 0x0f, 0xff,
    0xdc, 0x48, 0x0f, 0xff, 0xdd, 0x48, 0x0f, 0xff, 0xdd, 0x48, 0x0e, 0xff,
    0xde, 0x48, 0x0e, 0xff, 0xde, 0x48, 0x0e, 0xff, 0xdf, 0x48, 0x0e, 0xff,
    0xdf, 0x48, 0x0e, 0xff, 0xe0, 0x48, 0x0e, 0xff, 0xe1, 0x48, 0x0d, 0xff,
    0xe1, 0x48, 0x0d, 0xff, 0xe2, 0x48, 0x0d, 0xff, 0xe2, 0x48, 0x0d, 0xff,
    0xe3, 0x48, 0x0c, 0xff, 0xe3, 0x48, 0x0c, 0xff, 0xe4, 0x48, 0x0c, 0xff,
    0xe4, 0x48, 0x0c, 0xff, 0xe5, 0x48, 0x0b, 0xff, 0xe5, 0x48, 0x0b, 0xff,
    0xe6, 0x48, 0x0b, 0xff, 0xe7, 0x48, 0x0b, 0xff, 0xe7, 0x48, 0x0b, 0xff,
    0xe8, 0x48, 0x0a, 0xff, 0xe8, 0x48, 0x0a, 0xff, 0xe9, 0x48, 0x0a, 0xff,
    0xe9, 0x48, 0x0a, 0xff, 0xea, 0x48, 0x0a, 0xff, 0xea, 0x48, 0x09, 0xff,
    0xeb, 0x48, 0x09, 0xff, 0xeb, 0x48, 0x09, 0xff, 0xec, 0x48, 0x08, 0xff,
    0xfb, 0xf7, 0xf4, 0xff, 0xfb, 0xf7, 0xf4, 0xff, 0xfb, 0xf7, 0xf4, 0xff,
    0xfb, 0xf7, 0xf4, 0xff, 0xfb, 0xf7, 0xf4, 0xff, 0xfb, 0xf7, 0xf4, 0xff,
    0xfb, 0xf7, 0xf4, 0xff, 0xfb, 0xf7, 0xf4, 0xff, 0xfb, 0xf7, 0xf4, 0xff,
    0xfb, 0xf7, 0xf4, 0xff, 0xfb, 0xf7, 0xf4, 0xff, 0xfb, 0xf7, 0xf4, 0xff,
    0xfb, 0xf7, 0xf4, 0xff, 0xfb, 0xf7, 0xf4, 0xff, 0xfb, 0xf7, 0xf4, 0xff,
    0xfb, 0xf7, 0xf4, 0xff, 0xfb, 0xf7, 0xf4, 0xff, 0xfb, 0xf7, 0xf4, 0xff,
    0xfb, 0xf7, 0xf4, 0xff, 0xfb, 0xf7, 0xf4, 0xff, 0xfb, 0xf7, 0xf4, 0xff,
    0xfb, 0xf7, 0xf4, 0xff, 0xfb, 0xf7, 0xf4, 0xff, 0xfb, 0xf7, 0xf4, 0xff,
    0xfb, 0xf7, 0xf4, 0xff, 0xfb, 0xf7, 0xf4, 0xff, 0xfb, 0xf7, 0xf4, 0xff,
    0xfb, 0xf7, 0xf4, 0xff, 0xfb, 0xf7, 0xf4, 0xff, 0xfb, 0xf7, 0xf4, 0xff,
    0xfb, 0xf7, 0xf4, 0xff, 0xfb, 0xf7, 0xf4, 0xff, 0xfb, 0xf7, 0xf4, 0xff,
    0xfb, 0xf7, 0xf4, 0xff, 0xfb, 0xf7, 0xf4, 0xff, 0xfb, 0xf7, 0xf4, 0xff,
    0xfb, 0xf7, 0xf4, 0xff, 0xfb, 0xf7, 0xf4, 0xff, 0xfb, 0xf7, 0xf4, 0xff,
    0xfb, 0xf7, 0xf4, 0xff, 0xfb, 0xf7, 0xf4, 0xff, 0xfb, 0xf7, 0xf4, 0xff,
    0xfb, 0xf7, 0xf4, 0xff, 0xfb, 0xf7, 0xf4, 0xff, 0xfb, 0xf7, 0xf4, 0xff,
    0xfb, 0xf7, 0xf4, 0xff, 0xeb, 0xa0, 0x82, 0xff, 0xdb, 0x48, 0x0f, 0xff,
    0xdc, 0x48, 0x0f, 0xff, 0xdc, 0x48, 0x0f, 0xff, 0xdd, 0x48, 0x0f, 0xff,
    0xdd, 0x48, 0x0e, 0xff, 0xde, 0x48, 0x0e, 0xff, 0xde, 0x48, 0x0e, 0xff,
    0xdf, 0x48, 0x0e, 0xff, 0xdf, 0x48, 0x0e, 0xff, 0xe0, 0x48, 0x0e, 0xff,
    0xe1, 0x48, 0x0d, 0xff, 0xe1, 0x48, 0x0d, 0xff, 0xe2, 0x48, 0x0d, 0xff,
    0xe2, 0x48, 0x0d, 0xff, 0xe3, 0x48, 0x0c, 0xff, 0xe3, 0x48, 0x0c, 0xff,
    0xe4, 0x48, 0x0c, 0xff, 0xe4, 0x48, 0x0c, 0xff, 0xe5, 0x48, 0x0b, 0xff,
    0xe5, 0x48, 0x0b, 0xff, 0xe6, 0x48, 0x0b, 0xff, 0xe7, 0x48, 0x0b, 0xff,
    0xe7, 0x48, 0x0b, 0xff, 0xe8, 0x48, 0x0a, 0xff, 0xe8, 0x48, 0x0a, 0xff,
    0xe9, 0x48, 0x0a, 0xff, 0xe9, 0x48, 0x0a, 0xff, 0xea, 0x48, 0x0a, 0xff,
    0xea, 0x48, 0x09, 0xff, 0xeb, 0x48, 0x09, 0xff, 0xeb, 0x48, 0x09, 0xff,
    0xec, 0x48, 0x08, 0xff, 0xec, 0x48, 0x08, 0xff, 0xfb, 0xf7, 0xf4, 0xff,
    0xfb, 0xf7, 0xf4, 0xff, 0xfb, 0xf7, 0xf4, 0xff, 0xfb, 0xf7, 0xf4, 0xff,
    0xfb, 0xf7, 0xf4, 0xff, 0xfb, 0xf7, 0xf4, 0xff, 0xfb, 0xf7, 0xf4, 0xff,
    0xfb, 0xf7, 0xf4, 0xff, 0xfb, 0xf7, 0xf4, 0xff, 0xfb, 0xf7, 0xf4, 0xff,
    0xfb, 0xf7, 0xf4, 0xff, 0xfb, 0xf7, 0xf4, 0xff, 0xfb, 0xf7, 0xf4, 0xff,
    0xfb, 0xf7, 0xf4, 0xff, 0xfb, 0xf7, 0xf4, 0xff, 0xfb, 0xf7, 0xf4, 0xff,
    0xfb, 0xf7, 0xf4, 0xff, 0xfb, 0xf7, 0xf4, 0xff, 0xfb, 0xf7, 0xf4, 0xff,
    0xfb, 0xf7, 0xf4, 0xff, 0xfb, 0xf7, 0xf4, 0xff, 0xfb, 0xf7, 0xf4, 0xff,
    0xfb, 0xf7, 0xf4, 0xff, 0xfb, 0xf7, 0xf4, 0xff, 0xfb, 0xf7, 0xf4, 0xff,
    0xfb, 0xf7, 0xf4, 0xff, 0xfb, 0xf7, 0xf4, 0xff, 0xfb, 0xf7, 0xf4, 0xff,
    0xfb, 0xf7, 0xf4, 0xff, 0xfb, 0xf7, 0xf4, 0xff, 0xfb, 0xf7, 0xf4, 0xff,
    0xfb, 0xf7, 0xf4, 0xff, 0xfb, 0xf7, 0xf4, 0xff, 0xfb, 0xf7, 0xf4, 0xff,
    0xfb, 0xf7, 0xf4, 0xff, 0xfb, 0xf7, 0xf4, 0xff, 0xfb, 0xf7, 0xf4, 0xff,
    0xfb, 0xf7, 0xf4, 0xff, 0xfb, 0xf7, 0xf4, 0xff, 0xfb, 0xf7, 0xf4, 0xff,
    0xfb, 0xf7, 0xf4, 0xff, 0xfb, 0xf7, 0xf4, 0xff, 0xfb, 0xf7, 0xf4, 0xff,
    0xfb, 0xf7, 0xf4, 0xff, 0xfb, 0xf7, 0xf4, 0xff, 0xeb, 0xa0, 0x82, 0xff,
    0xdb, 0x48, 0x0f, 0xff, 0xdc, 0x48, 0x0f, 0xff, 0xdc, 0x48, 0x0f, 0xff,
    0xdd, 0x48, 0x0f, 0xff, 0xdd, 0x48, 0x0e, 0xff, 0xde, 0x48, 0x0e, 0xff,
    0xde, 0x48, 0x0e, 0xff, 0xdf, 0x48, 0x0e, 0xff, 0xdf, 0x48, 0x0e, 0xff,
    0xe0, 0x48, 0x0e, 0xff, 0xe1, 0x48, 0x0d, 0xff, 0xe1, 0x48, 0x0d, 0xff,
    0xe2, 0x48, 0x0d, 0xff, 0xe2, 0x48, 0x0d, 0xff, 0xe3, 0x48, 0x0c, 0xff,
    0xe3, 0x48, 0x0c, 0xff, 0xe4, 0x48, 0x0c, 0xff, 0xe4, 0x48, 0x0c, 0xff,
    0xe5, 0x48, 0x0b, 0xff, 0xe5, 0x48, 0x0b, 0xff, 0xe6, 0x48, 0x0b, 0xff,
    0xe7, 0x48, 0x0b, 0xff, 0xe7, 0x48, 0x0b, 0xff, 0xe8, 0x48, 0x0a, 0xff,
    0xe8, 0x48, 0x0a, 0xff, 0xe9, 0x48, 0x0a, 0xff, 0xe9, 0x48, 0x0a, 0xff,
    0xea, 0x48, 0x0a, 0xff, 0xea, 0x48, 0x09, 0xff, 0xeb, 0x48, 0x09, 0xff,
    0xeb, 0x48, 0x09, 0xff, 0xec, 0x48, 0x08, 0xff, 0xec, 0x48, 0x08, 0xff,
    0xed, 0x48, 0x08, 0xff, 0xfb, 0xf7, 0xf4, 0xff, 0xfb, 0xf7, 0xf4, 0xff,
    0xfb, 0xf7, 0xf4, 0xff, 0xfb, 0xf7, 0xf4, 0xff, 0xfb, 0xf7, 0xf4, 0xff,
    0xfb, 0xf7, 0xf4, 0xff, 0xfb, 0xf7, 0xf4, 0xff, 0xfb, 0xf7, 0xf4, 0xff,
    0xfb, 0xf7, 0xf4, 0xff, 0xfb, 0xf7, 0xf4, 0xff, 0xfb, 0xf7, 0xf4, 0xff,
    0xfb, 0xf7, 0xf4, 0xff, 0xfb, 0xf7, 0xf4, 0xff, 0xfb, 0xf7, 0xf4, 0xff,
    0xfb, 0xf7, 0xf4, 0xff, 0xfb, 0xf7, 0xf4, 0xff, 0xfb, 0xf7, 0xf4, 0xff,
    0xfb, 0xf7, 0xf4, 0xff, 0xfb, 0xf7, 0xf4, 0xff, 0xfb, 0xf7, 0xf4, 0xff,
    0xfb, 0xf7, 0xf4, 0xff, 0xfb, 0xf7, 0xf4, 0xff, 0xfb, 0xf7, 0xf4, 0xff,
    0xfb, 0xf7, 0xf4, 0xff, 0xfb, 0xf7, 0xf4, 0xff, 0xfb, 0xf7, 0xf4, 0xff,
    0xfb, 0xf7, 0xf4, 0xff, 0xfb, 0xf7, 0xf4, 0xff, 0xfb, 0xf7, 0xf4, 0xff,
    0xfb, 0xf7, 0xf4, 0xff, 0xfb, 0xf7, 0xf4, 0xff, 0xfb, 0xf7, 0xf4, 0xff,
    0xfb, 0xf7, 0xf4, 0xff, 0xfb, 0xf7, 0xf4, 0xff, 0xfb, 0xf7, 0xf4, 0xff,
    0xfb, 0xf7, 0xf4, 0xff, 0xfb, 0xf7, 0xf4, 0xff, 0xfb, 0xf7, 0xf4, 0xff,
    0xfb, 0xf7, 0xf4, 0xff, 0xfb, 0xf7, 0xf4, 0xff, 0xfb, 0xf7, 0xf4, 0xff,
    0xfb, 0xf7, 0xf4, 0xff, 0xfb, 0xf7, 0xf4, 0xff, 0xfb, 0xf7, 0xf4, 0xff,
    0xeb, 0xa0, 0x82, 0xff, 0xdb, 0x48, 0x0f, 0xff, 0xdc, 0x48, 0x0f, 0xff,
    0xdc, 0x48, 0x0f, 0xff, 0xdd, 0x48, 0x0f, 0xff, 0xdd, 0x48, 0x0e, 0xff,
    0xde, 0x48, 0x0e, 0xff, 0xde, 0x48, 0x0e, 0xff, 0xdf, 0x48, 0x0e, 0xff,
    0xdf, 0x48, 0x0e, 0xff, 0xe0, 0x48, 0x0e, 0xff, 0xe1, 0x48, 0x0d, 0xff,
    0xe1, 0x48, 0x0d, 0xff, 0xe2, 0x48, 0x0d, 0xff, 0xe2, 0x48, 0x0d, 0xff,
    0xe3, 0x48, 0x0c, 0xff, 0xe3, 0x48, 0x0c, 0xff, 0xe4, 0x48, 0x0c, 0xff,
    0xe4, 0x48, 0x0c, 0xff, 0xe5, 0x48, 0x0b, 0xff, 0xe5, 0x48, 0x0b, 0xff,
    0xe6, 0x48, 0x0b, 0xff, 0xe7, 0x48, 0x0b, 0xff, 0xe7, 0x48, 0x0b, 0xff,
    0xe8, 0x48, 0x0a, 0xff, 0xe8, 0x48, 0x0a, 0xff, 0xe9, 0x48, 0x0a, 0xff,
    0xe9, 0x48, 0x0a, 0xff, 0xea, 0x48, 0x0a, 0xff, 0xea, 0x48, 0x09, 0xff,
    0xeb, 0x48, 0x09, 0xff, 0xeb, 0x48, 0x09, 0xff, 0xec, 0x48, 0x08, 0xff,
    0xec, 0x48, 0x08, 0xff, 0xed, 0x48, 0x08, 0xff, 0xed, 0x48, 0x08, 0xff,
    0xfb, 0xf7, 0xf4, 0xff, 0xfb, 0xf7, 0xf4, 0xff, 0xfb, 0xf7, 0xf4, 0xff,
    0xfb, 0xf7, 0xf4, 0xff, 0xfb, 0xf7, 0xf4, 0xff, 0xfb, 0xf7, 0xf4, 0xff,
    0xfb, 0xf7, 0xf4, 0xff, 0xfb, 0xf7, 0xf4, 0xff, 0xfb, 0xf7, 0xf4, 0xff,
    0xfb, 0xf7, 0xf4, 0xff, 0xfb, 0xf7, 0xf4, 0xff, 0xfb, 0xf7, 0xf4, 0xff,
    0xfb, 0xf7, 0xf4, 0xff, 0xfb, 0xf7, 0xf4, 0xff, 0xfb, 0xf7, 0xf4, 0xff,
    0xfb, 0xf7, 0xf4, 0xff, 0xfb, 0xf7, 0xf4, 0xff, 0xfb, 0xf7, 0xf4, 0xff,
    0xfb, 0xf7, 0xf4, 0xff, 0xfb, 0xf7, 0xf4, 0xff, 0xfb, 0xf7, 0xf4, 0xff,
    0xfb, 0xf7, 0xf4, 0xff, 0xfb, 0xf7, 0xf4, 0xff, 0xfb, 0xf7, 0xf4, 0xff,
    0xfb, 0xf7, 0xf4, 0xff, 0xfb, 0xf7, 0xf4, 0xff, 0xfb, 0xf7, 0xf4, 0xff,
    0xfb, 0xf7, 0xf4, 0xff, 0xfb, 0xf7, 0xf4, 0xff, 0xfb, 0xf7, 0xf4, 0xff,
    0xfb, 0xf7, 0xf4, 0xff, 0xfb, 0xf7, 0xf4, 0xff, 0xfb, 0xf7, 0xf4, 0xff,
    0xfb, 0xf7, 0xf4, 0xff, 0xfb, 0xf7, 0xf4, 0xff, 0xfb, 0xf7, 0xf4, 0xff,
    0xfb, 0xf7, 0xf4, 0xff, 0xfb, 0xf7, 0xf4, 0xff, 0xfb, 0xf7, 0xf4, 0xff,
    0xfb, 0xf7, 0xf4, 0xff, 0xfb, 0xf7, 0xf4, 0xff, 0xfb, 0xf7, 0xf4, 0xff,
    0xfb, 0xf7, 0xf4, 0xff, 0xeb, 0xa0, 0x82, 0xff, 0xdb, 0x48, 0x0f, 0xff,
    0xdc, 0x48, 0x0f, 0xff, 0xdc, 0x48, 0x0f, 0xff, 0xdd, 0x48, 0x0f, 0xff,
    0xdd, 0x48, 0x0e, 0xff, 0xde, 0x48, 0x0e, 0xff, 0xde, 0x48, 0x0e, 0xff,
    0xdf, 0x48, 0x0e, 0xff, 0xdf, 0x48, 0x0e, 0xff, 0xe0, 0x48, 0x0e, 0xff,
    0xe1, 0x48, 0x0d, 0xff, 0xe1, 0x48, 0x0d, 0xff, 0xe2, 0x48, 0x0d, 0xff,
    0xe2, 0x48, 0x0d, 0xff, 0xe3, 0x48, 0x0c, 0xff, 0xe3, 0x48, 0x0c, 0xff,
    0xe4, 0x48, 0x0c, 0xff, 0xe4, 0x48, 0x0c, 0xff, 0xe5, 0x48, 0x0b, 0xff,
    0xe5, 0x48, 0x0b, 0xff, 0xe6, 0x48, 0x0b, 0xff, 0xe7, 0x48, 0x0b, 0xff,
    0xe7, 0x48, 0x0b, 0xff, 0xe8, 0x48, 0x0a, 0xff, 0xe8, 0x48, 0x0a, 0xff,
    0xe9, 0x48, 0x0a, 0xff, 0xe9, 0x48, 0x0a, 0xff, 0xea, 0x48, 0x0a, 0xff,
    0xea, 0x48, 0x09, 0xff, 0xeb, 0x48, 0x09, 0xff, 0xeb, 0x48, 0x09, 0xff,
    0xec, 0x48, 0x08, 0xff, 0xec, 0x48, 0x08, 0xff, 0xed, 0x48, 0x08, 0xff,
    0xed, 0x48, 0x08, 0xff, 0xee, 0x48, 0x08, 0xff, 0xfb, 0xf7, 0xf4, 0xff,
    0xfb, 0xf7, 0xf4, 0xff, 0xfb, 0xf7, 0xf4, 0xff, 0xfb, 0xf7, 0xf4, 0xff,
    0xfb, 0xf7, 0xf4, 0xff, 0xfb, 0xf7, 0xf4, 0xff, 0xfb, 0xf7, 0xf4, 0xff,
    0xfb, 0xf7, 0xf4, 0xff, 0xfb, 0xf7, 0xf4, 0xff, 0xfb, 0xf7, 0xf4, 0xff,
    0xfb, 0xf7, 0xf4, 0xff, 0xfb, 0xf7, 0xf4, 0xff, 0xfb, 0xf7, 0xf4, 0xff,
    0xfb, 0xf7, 0xf4, 0xff, 0xfb, 0xf7, 0xf4, 0xff, 0xfb, 0xf7, 0xf4, 0xff,
    0xfb, 0xf7, 0xf4, 0xff, 0xfb, 0xf7, 0xf4, 0xff, 0xfb, 0xf7, 0xf4, 0xff,
    0xfb, 0xf7, 0xf4, 0xff, 0xfb, 0xf7, 0xf4, 0xff, 0xfb, 0xf7, 0xf4, 0xff,
    0xfb, 0xf7, 0xf4, 0xff, 0xfb, 0xf7, 0xf4, 0xff, 0xfb, 0xf7, 0xf4, 0xff,
    0xfb, 0xf7, 0xf4, 0xff, 0xfb, 0xf7, 0xf4, 0xff, 0xfb, 0xf7, 0xf4, 0xff,
    0xfb, 0xf7, 0xf4, 0xff, 0xfb, 0xf7, 0xf4, 0xff, 0xfb, 0xf7, 0xf4, 0xff,
    0xfb, 0xf7, 0xf4, 0xff, 0xfb, 0xf7, 0xf4, 0xff, 0xfb, 0xf7, 0xf4, 0xff,
    0xfb, 0xf7, 0xf4, 0xff, 0xfb, 0xf7, 0xf4, 0xff, 0xfb, 0xf7, 0xf4, 0xff,
    0xfb, 0xf7, 0xf4, 0xff, 0xfb, 0xf7, 0xf4, 0xff, 0xfb, 0xf7, 0xf4, 0xff,
    0xfb, 0xf7, 0xf4, 0xff, 0xfb, 0xf7, 0xf4, 0xff, 0xeb, 0xa0, 0x82, 0xff,
    0xdb, 0x48, 0x0f, 0xff, 0xdc, 0x48, 0x0f, 0xff, 0xdc, 0x48, 0x0f, 0xff,
    0xdd, 0x48, 0x0f, 0xff, 0xdd, 0x48, 0x0e, 0xff, 0xde, 0x48, 0x0e, 0xff,
    0xde, 0x48, 0x0e, 0xff, 0xdf, 0x48, 0x0e, 0xff, 0xdf, 0x48, 0x0e, 0xff,
    0xe0, 0x48, 0x0e, 0xff, 0xe1, 0x48, 0x0d, 0xff, 0xe1, 0x48, 0x0d, 0xff,
    0xe2, 0x48, 0x0d, 0xff, 0xe2, 0x48, 0x0d, 0xff, 0xe3, 0x48, 0x0c, 0xff,
    0xe3, 0x48, 0x0c, 0xff, 0xe4, 0x48, 0x0c, 0xff, 0xe4, 0x48, 0x0c, 0xff,
    0xe5, 0x48, 0x0b, 0xff, 0xe5, 0x48, 0x0b, 0xff, 0xe6, 0x48, 0x0b, 0xff,
    0xe7, 0x48, 0x0b, 0xff, 0xe7, 0x48, 0x0b, 0xff, 0xe8, 0x48, 0x0a, 0xff,
    0xe8, 0x48, 0x0a, 0xff, 0xe9, 0x48, 0x0a, 0xff, 0xe9, 0x48, 0x0a, 0xff,
    0xea, 0x48, 0x0a, 0xff, 0xea, 0x48, 0x09, 0xff, 0xeb, 0x48, 0x09, 0xff,
    0xeb, 0x48, 0x09, 0xff, 0xec, 0x48, 0x08, 0xff, 0xec, 0x48, 0x08, 0xff,
    0xed, 0x48, 0x08, 0xff, 0xed, 0x48, 0x08, 0xff, 0xee, 0x48, 0x08, 0xff,
    0xee, 0x48, 0x07, 0xff, 0xfb, 0xf7, 0xf4, 0xff, 0xfb, 0xf7, 0xf4, 0xff,
    0xfb, 0xf7, 0xf4, 0xff, 0xfb, 0xf7, 0xf4, 0xff, 0xfb, 0xf7, 0xf4, 0xff,
    0xfb, 0xf7, 0xf4, 0xff, 0xfb, 0xf7, 0xf4, 0xff, 0xfb, 0xf7, 0xf4, 0xff,
    0xfb, 0xf7, 0xf4, 0xff, 0xfb, 0xf7, 0xf4, 0xff, 0xfb, 0xf7, 0xf4, 0xff,
    0xfb, 0xf7, 0xf4, 0xff, 0xfb, 0xf7, 0xf4, 0xff, 0xfb, 0xf7, 0xf4, 0xff,
    0xfb, 0xf7, 0xf4, 0xff, 0xfb, 0xf7, 0xf4, 0xff, 0xfb, 0xf7, 0xf4, 0xff,
    0xfb, 0xf7, 0xf4, 0xff, 0xfb, 0xf7, 0xf4, 0xff, 0xfb, 0xf7, 0xf4, 0xff,
    0xfb, 0xf7, 0xf4, 0xff, 0xfb, 0xf7, 0xf4, 0xff, 0xfb, 0xf7, 0xf4, 0xff,
    0xfb, 0xf7, 0xf4, 0xff, 0xfb, 0xf7, 0xf4, 0xff, 0xfb, 0xf7, 0xf4, 0xff,
    0xfb, 0xf7, 0xf4, 0xff, 0xfb, 0xf7, 0xf4, 0xff, 0xfb, 0xf7, 0xf4, 0xff,
    0xfb, 0xf7, 0xf4, 0xff, 0xfb, 0xf7, 0xf4, 0xff, 0xfb, 0xf7, 0xf4, 0xff,
    0xfb, 0xf7, 0xf4, 0xff, 0xfb, 0xf7, 0xf4, 0xff, 0xfb, 0xf7, 0xf4, 0xff,
    0xfb, 0xf7, 0xf4, 0xff, 0xfb, 0xf7, 0xf4, 0xff, 0xfb, 0xf7, 0xf4, 0xff,
    0xfb, 0xf7, 0xf4, 0xff, 0xfb, 0xf7, 0xf4, 0xff, 0xfb, 0xf7, 0xf4, 0xff,
    0xeb, 0xa0, 0x82, 0xff, 0xdb, 0x48, 0x0f, 0xff, 0xdc, 0x48, 0x0f, 0xff,
    0xdc, 0x48, 0x0f, 0xff, 0xdd, 0x48, 0x0f, 0xff, 0xdd, 0x48, 0x0e, 0xff,
    0xde, 0x48, 0x0e, 0xff, 0xde, 0x48, 0x0e, 0xff, 0xdf, 0x48, 0x0e, 0xff,
    0xdf, 0x48, 0x0e, 0xff, 0xe0, 0x48, 0x0e, 0xff, 0xe1, 0x48, 0x0d, 0xff,
    0xe1, 0x48, 0x0d, 0xff, 0xe2, 0x48, 0x0d, 0xff, 0xe2, 0x48, 0x0d, 0xff,
    0xe3, 0x48, 0x0c, 0xff, 0xe3, 0x48, 0x0c, 0xff, 0xe4, 0x48, 0x0c, 0xff,
    0xe4, 0x48, 0x0c, 0xff, 0xe5, 0x48, 0x0b, 0xff, 0xe5, 0x48, 0x0b, 0xff,
    0xe6, 0x48, 0x0b, 0xff, 0xe7, 0x48, 0x0b, 0xff, 0xe7, 0x48, 0x0b, 0xff,
    0xe8, 0x48, 0x0a, 0xff, 0xe8, 0x48, 0x0a, 0xff, 0xe9, 0x48, 0x0a, 0xff,
    0xe9, 0x48, 0x0a, 0xff, 0xea, 0x48, 0x0a, 0xff, 0xea, 0x48, 0x09, 0xff,
    0xeb, 0x48, 0x09, 0xff, 0xeb, 0x48, 0x09, 0xff, 0xec, 0x48, 0x08, 0xff,
    0xec, 0x48, 0x08, 0xff, 0xed, 0x48, 0x08, 0xff, 0xed, 0x48, 0x08, 0xff,
    0xee, 0x48, 0x08, 0xff, 0xee, 0x48, 0x07, 0xff, 0xef, 0x48, 0x07, 0xff,
    0xfb, 0xf7, 0xf4, 0xff, 0xfb, 0xf7, 0xf4, 0xff, 0xfb, 0xf7, 0xf4, 0xff,
    0xfb, 0xf7, 0xf4, 0xff, 0xfb, 0xf7, 0xf4, 0xff, 0xfb, 0xf7, 0xf4, 0xff,
    0xfb, 0xf7, 0xf4, 0xff, 0xfb, 0xf7, 0xf4, 0xff, 0xfb, 0xf7, 0xf4, 0xff,
    0xfb, 0xf7, 0xf4, 0xff, 0xfb, 0xf7, 0xf4, 0xff, 0xfb, 0xf7, 0xf4, 0xff,
    0xfb, 0xf7, 0xf4, 0xff, 0xfb, 0xf7, 0xf4, 0xff, 0xfb, 0xf7, 0xf4, 0xff,
    0xfb, 0xf7, 0xf4, 0xff, 0xfb, 0xf7, 0xf4, 0xff, 0xfb, 0xf7, 0xf4, 0xff,
    0xfb, 0xf7, 0xf4, 0xff, 0xfb, 0xf7, 0xf4, 0xff, 0xfb, 0xf7, 0xf4, 0xff,
    0xfb, 0xf7, 0xf4, 0xff, 0xfb, 0xf7, 0xf4, 0xff, 0xfb, 0xf7, 0xf4, 0xff,
    0xfb, 0xf7, 0xf4, 0xff, 0xfb, 0xf7, 0xf4, 0xff, 0xfb, 0xf7, 0xf4, 0xff,
    0xfb, 0xf7, 0xf4, 0xff, 0xfb, 0xf7, 0xf4, 0xff, 0xfb, 0xf7, 0xf4, 0xff,
    0xfb, 0xf7, 0xf4, 0xff, 0xfb, 0xf7, 0xf4, 0xff, 0xfb, 0xf7, 0xf4, 0xff,
    0xfb, 0xf7, 0xf4, 0xff, 0xfb, 0xf7, 0xf4, 0xff, 0xfb, 0xf7, 0xf4, 0xff,
    0xfb, 0xf7, 0xf4, 0xff, 0xfb, 0xf7, 0xf4, 0xff, 0xfb, 0xf7, 0xf4, 0xff,
    0xfb, 0xf7, 0xf4, 0xff, 0xeb, 0xa0, 0x82, 0xff, 0xdb, 0x48, 0x0f, 0xff,
    0xdc, 0x48, 0x0f, 0xff, 0xdc, 0x48, 0x0f, 0xff, 0xdd, 0x48, 0x0f, 0xff,
    0xdd, 0x48, 0x0e, 0xff, 0xde, 0x48, 0x0e, 0xff, 0xde, 0x48, 0x0e, 0xff,
    0xdf, 0x48, 0x0e, 0xff, 0xdf, 0x48, 0x0e, 0xff, 0xe0, 0x48, 0x0e, 0xff,
    0xe1, 0x48, 0x0d, 0xff, 0xe1, 0x48, 0x0d, 0xff, 0xe2, 0x48, 0x0d, 0xff,
    0xe2, 0x48, 0x0d, 0xff, 0xe3, 0x48, 0x0c, 0xff, 0xe3, 0x48, 0x0c, 0xff,
    0xe4, 0x48, 0x0c, 0xff, 0xe4, 0x48, 0x0c, 0xff, 0xe5, 0x48, 0x0b, 0xff,
    0xe5, 0x48, 0x0b, 0xff, 0xe6, 0x48, 0x0b, 0xff, 0xe7, 0x48, 0x0b, 0xff,
    0xe7, 0x48, 0x0b, 0xff, 0xe8, 0x48, 0x0a, 0xff, 0xe8, 0x48, 0x0a, 0xff,
    0xe9, 0x48, 0x0a, 0xff, 0xe9, 0x48, 0x0a, 0xff, 0xea, 0x48, 0x0a, 0xff,
    0xea, 0x48, 0x09, 0xff, 0xeb, 0x48, 0x09, 0xff, 0xeb, 0x48, 0x09, 0xff,
    0xec, 0x48, 0x08, 0xff, 0xec, 0x48, 0x08, 0xff, 0xed, 0x48, 0x08, 0xff,
    0xed, 0x48, 0x08, 0xff, 0xee, 0x48, 0x08, 0xff, 0xee, 0x48, 0x07, 0xff,
    0xef, 0x48, 0x07, 0xff, 0xef, 0x48, 0x07, 0xff, 0xfb, 0xf7, 0xf4, 0xff,
    0xfb, 0xf7, 0xf4, 0xff, 0xfb, 0xf7, 0xf4, 0xff, 0xfb, 0xf7, 0xf4, 0xff,
    0xfb, 0xf7, 0xf4, 0xff, 0xfb, 0xf7, 0xf4, 0xff, 0xfb, 0xf7, 0xf4, 0xff,
    0xfb, 0xf7, 0xf4, 0xff, 0xfb, 0xf7, 0xf4, 0xff, 0xfb, 0xf7, 0xf4, 0xff,
    0xfb, 0xf7, 0xf4, 0xff, 0xfb, 0xf7, 0xf4, 0xff, 0xfb, 0xf7, 0xf4, 0xff,
    0xfb, 0xf7, 0xf4, 0xff, 0xfb, 0xf7, 0xf4, 0xff, 0xfb, 0xf7, 0xf4, 0xff,
    0xfb, 0xf7, 0xf4, 0xff, 0xfb, 0xf7, 0xf4, 0xff, 0xfb, 0xf7, 0xf4, 0xff,
    0xfb, 0xf7, 0xf4, 0xff, 0xfb, 0xf7, 0xf4, 0xff, 0xfb, 0xf7, 0xf4, 0xff,
    0xfb, 0xf7, 0xf4, 0xff, 0xfb, 0xf7, 0xf4, 0xff, 0xfb, 0xf7, 0xf4, 0xff,
    0xfb, 0xf7, 0xf4, 0xff, 0xfb, 0xf7, 0xf4, 0xff, 0xfb, 0xf7, 0xf4, 0xff,
    0xfb, 0xf7, 0xf4, 0xff, 0xfb, 0xf7, 0xf4, 0xff, 0xfb, 0xf7, 0xf4, 0xff,
    0xfb, 0xf7, 0xf4, 0xff, 0xfb, 0xf7, 0xf4, 0xff, 0xfb, 0xf7, 0xf4, 0xff,
    0xfb, 0xf7, 0xf4, 0xff, 0xfb, 0xf7, 0xf4, 0xff, 0xfb, 0xf7, 0xf4, 0xff,
    0xfb, 0xf7, 0xf4, 0xff, 0xfb, 0xf7, 0xf4, 0xff, 0xeb, 0xa0, 0x82, 0xff,
    0xdb, 0x48, 0x0f, 0xff, 0xdc, 0x48, 0x0f, 0xff, 0xdc, 0x48, 0x0f, 0xff,
    0xdd, 0x48, 0x0f, 0xff, 0xdd, 0x48, 0x0e, 0xff, 0xde, 0x48, 0x0e, 0xff,
    0xde, 0x48, 0x0e, 0xff, 0xdf, 0x48, 0x0e, 0xff, 0xdf, 0x48, 0x0e, 0xff,
    0xe0, 0x48, 0x0e, 0xff, 0xe1, 0x48, 0x0d, 0xff, 0xe1, 0x48, 0x0d, 0xff,
    0xe2, 0x48, 0x0d, 0xff, 0xe2, 0x48, 0x0d, 0xff, 0xe3, 0x48, 0x0c, 0xff,
    0xe3, 0x48, 0x0c, 0xff, 0xe4, 0x48, 0x0c, 0xff, 0xe4, 0x48, 0x0c, 0xff,
    0xe5, 0x48, 0x0b, 0xff, 0xe5, 0x48, 0x0b, 0xff, 0xe6, 0x48, 0x0b, 0xff,
    0xe7, 0x48, 0x0b, 0xff, 0xe7, 0x48, 0x0b, 0xff, 0xe8, 0x48, 0x0a, 0xff,
    0xe8, 0x48, 0x0a, 0xff, 0xe9, 0x48, 0x0a, 0xff, 0xe9, 0x48, 0x0a, 0xff,
    0xea, 0x48, 0x0a, 0xff, 0xea, 0x48, 0x09, 0xff, 0xeb, 0x48, 0x09, 0xff,
    0xeb, 0x48, 0x09, 0xff, 0xec, 0x48, 0x08, 0xff, 0xec, 0x48, 0x08, 0xff,
    0xed, 0x48, 0x08, 0xff, 0xed, 0x48, 0x08, 0xff, 0xee, 0x48, 0x08, 0xff,
    0xee, 0x48, 0x07, 0xff, 0xef, 0x48, 0x07, 0xff, 0xef, 0x48, 0x07, 0xff,
    0xf0, 0x48, 0x06, 0xff, 0xfb, 0xf7, 0xf4, 0xff, 0xfb, 0xf7, 0xf4, 0xff,
    0xfb, 0xf7, 0xf4, 0xff, 0xfb, 0xf7, 0xf4, 0xff, 0xfb, 0xf7, 0xf4, 0xff,
    0xfb, 0xf7, 0xf4, 0xff, 0xfb, 0xf7, 0xf4, 0xff, 0xfb, 0xf7, 0xf4, 0xff,
    0xfb, 0xf7, 0xf4, 0xff, 0xfb, 0xf7, 0xf4, 0xff, 0xfb, 0xf7, 0xf4, 0xff,
    0xfb, 0xf7, 0xf4, 0xff, 0xfb, 0xf7, 0xf4, 0xff, 0xfb, 0xf7, 0xf4, 0xff,
    0xfb, 0xf7, 0xf4, 0xff, 0xfb, 0xf7, 0xf4, 0xff, 0xfb, 0xf7, 0xf4, 0xff,
    0xfb, 0xf7, 0xf4, 0xff, 0xfb, 0xf7, 0xf4, 0xff, 0xfb, 0xf7, 0xf4, 0xff,
    0xfb, 0xf7, 0xf4, 0xff, 0xfb, 0xf7, 0xf4, 0xff, 0xfb, 0xf7, 0xf4, 0xff,
    0xfb, 0xf7, 0xf4, 0xff, 0xfb, 0xf7, 0xf4, 0xff, 0xfb, 0xf7, 0xf4, 0xff,
    0xfb, 0xf7, 0xf4, 0xff, 0xfb, 0xf7, 0xf4, 0xff, 0xfb, 0xf7, 0xf4, 0xff,
    0xfb, 0xf7, 0xf4, 0xff, 0xfb, 0xf7, 0xf4, 0xff, 0xfb, 0xf7, 0xf4, 0xff,
    0xfb, 0xf7, 0xf4, 0xff, 0xfb, 0xf7, 0xf4, 0xff, 0xfb, 0xf7, 0xf4, 0xff,
    0xfb, 0xf7, 0xf4, 0xff, 0xfb, 0xf7, 0xf4, 0xff, 0xfb, 0xf7, 0xf4, 0xff,
    0xeb, 0xa0, 0x82, 0xff, 0xdb, 0x48, 0x0f, 0xff, 0xdc, 0x48, 0x0f, 0xff,
    0xdc, 0x48, 0x0f, 0xff, 0xdd, 0x48, 0x0f, 0xff, 0xdd, 0x48, 0x0e, 0xff,
    0xde, 0x48, 0x0e, 0xff, 0xde, 0x48, 0x0e, 0xff, 0xdf, 0x48, 0x0e, 0xff,
    0xdf, 0x48, 0x0e, 0xff, 0xe0, 0x48, 0x0e, 0xff, 0xe1, 0x48, 0x0d, 0xff,
    0xe1, 0x48, 0x0d, 0xff, 0xe2, 0x48, 0x0d, 0xff, 0xe2, 0x48, 0x0d, 0xff,
    0xe3, 0x48, 0x0c, 0xff, 0xe3, 0x48, 0x0c, 0xff, 0xe4, 0x48, 0x0c, 0xff,
    0xe4, 0x48, 0x0c, 0xff, 0xe5, 0x48, 0x0b, 0xff, 0xe5, 0x48, 0x0b, 0xff,
    0xe6, 0x48, 0x0b, 0xff, 0xe7, 0x48, 0x0b, 0xff, 0xe7, 0x48, 0x0b, 0xff,
    0xe8, 0x48, 0x0a, 0xff, 0xe8, 0x48, 0x0a, 0xff, 0xe9, 0x48, 0x0a, 0xff,
    0xe9, 0x48, 0x0a, 0xff, 0xea, 0x48, 0x0a, 0xff, 0xea, 0x48, 0x09, 0xff,
    0xeb, 0x48, 0x09, 0xff, 0xeb, 0x48, 0x09, 0xff, 0xec, 0x48, 0x08, 0xff,
    0xec, 0x48, 0x08, 0xff, 0xed, 0x48, 0x08, 0xff, 0xed, 0x48, 0x08, 0xff,
    0xee, 0x48, 0x08, 0xff, 0xee, 0x48, 0x07, 0xff, 0xef, 0x48, 0x07, 0xff,
    0xef, 0x48, 0x07, 0xff, 0xf0, 0x48, 0x06, 0xff, 0xf0, 0x48, 0x07, 0xff,
    0xfb, 0xf7, 0xf4, 0xff, 0xfb, 0xf7, 0xf4, 0xff, 0xfb, 0xf7, 0xf4, 0xff,
    0xfb, 0xf7, 0xf4, 0xff, 0xfb, 0xf7, 0xf4, 0xff, 0xfb, 0xf7, 0xf4, 0xff,
    0xfb, 0xf7, 0xf4, 0xff, 0xfb, 0xf7, 0xf4, 0xff, 0xfb, 0xf7, 0xf4, 0xff,
    0xfb, 0xf7, 0xf4, 0xff, 0xfb, 0xf7, 0xf4, 0xff, 0xfb, 0xf7, 0xf4, 0xff,
    0xfb, 0xf7, 0xf4, 0xff, 0xfb, 0xf7, 0xf4, 0xff, 0xfb, 0xf7, 0xf4, 0xff,
    0xfb, 0xf7, 0xf4, 0xff, 0xfb, 0xf7, 0xf4, 0xff, 0xfb, 0xf7, 0xf4, 0xff,
    0xfb, 0xf7, 0xf4, 0xff, 0xfb, 0xf7, 0xf4, 0xff, 0xfb, 0xf7, 0xf4, 0xff,
    0xfb, 0xf7, 0xf4, 0xff, 0xfb, 0xf7, 0xf4, 0xff, 0xfb, 0xf7, 0xf4, 0xff,
    0xfb, 0xf7, 0xf4, 0xff, 0xfb, 0xf7, 0xf4, 0xff, 0xfb, 0xf7, 0xf4, 0xff,
    0xfb, 0xf7, 0xf4, 0xff, 0xfb, 0xf7, 0xf4, 0xff, 0xfb, 0xf7, 0xf4, 0xff,
    0xfb, 0xf7, 0xf4, 0xff, 0xfb, 0xf7, 0xf4, 0xff, 0xfb, 0xf7, 0xf4, 0xff,
    0xfb, 0xf7, 0xf4, 0xff, 0xfb, 0xf7, 0xf4, 0xff, 0xfb, 0xf7, 0xf4, 0xff,
    0xfb, 0xf7, 0xf4, 0xff, 0xeb, 0xa0, 0x82, 0xff, 0xdb, 0x48, 0x0f, 0xff,
    0xdc, 0x48, 0x0f, 0xff, 0xdc, 0x48, 0x0f, 0xff, 0xdd, 0x48, 0x0f, 0xff,
    0xdd, 0x48, 0x0e, 0xff, 0xde, 0x48, 0x0e, 0xff, 0xde, 0x48, 0x0e, 0xff,
    0xdf, 0x48, 0x0e, 0xff, 0xdf, 0x48, 0x0e, 0xff, 0xe0, 0x48, 0x0e, 0xff,
    0xe1, 0x48, 0x0d, 0xff, 0xe1, 0x48, 0x0d, 0xff, 0xe2, 0x48, 0x0d, 0xff,
    0xe2, 0x48, 0x0d, 0xff, 0xe3, 0x48, 0x0c, 0xff, 0xe3, 0x48, 0x0c, 0xff,
    0xe4, 0x48, 0x0c, 0xff, 0xe4, 0x48, 0x0c, 0xff, 0xe5, 0x48, 0x0b, 0xff,
    0xe5, 0x48, 0x0b, 0xff, 0xe6, 0x48, 0x0b, 0xff, 0xe7, 0x48, 0x0b, 0xff,
    0xe7, 0x48, 0x0b, 0xff, 0xe8, 0x48, 0x0a, 0xff, 0xe8, 0x48, 0x0a, 0xff,
    0xe9, 0x48, 0x0a, 0xff, 0xe9, 0x48, 0x0a, 0xff, 0xea, 0x48, 0x0a, 0xff,
    0xea, 0x48, 0x09, 0xff, 0xeb, 0x48, 0x09, 0xff, 0xeb, 0x48, 0x09, 0xff,
    0xec, 0x48, 0x08, 0xff, 0xec, 0x48, 0x08, 0xff, 0xed, 0x48, 0x08, 0xff,
    0xed, 0x48, 0x08, 0xff, 0xee, 0x48, 0x08, 0xff, 0xee, 0x48, 0x07, 0xff,
    0xef, 0x48, 0x07, 0xff, 0xef, 0x48, 0x07, 0xff, 0xf0, 0x48, 0x06, 0xff,
    0xf0, 0x48, 0x07, 0xff, 0xf1, 0x48, 0x07, 0xff, 0xfb, 0xf7, 0xf4, 0xff,
    0xfb, 0xf7, 0xf4, 0xff, 0xfb, 0xf7, 0xf4, 0xff, 0xfb, 0xf7, 0xf4, 0xff,
    0xfb, 0xf7, 0xf4, 0xff, 0xfb, 0xf7, 0xf4, 0xff, 0xfb, 0xf7, 0xf4, 0xff,
    0xfb, 0xf7, 0xf4, 0xff, 0xfb, 0xf7, 0xf4, 0xff, 0xfb, 0xf7, 0xf4, 0xff,
    0xfb, 0xf7, 0xf4, 0xff, 0xfb, 0xf7, 0xf4, 0xff, 0xfb, 0xf7, 0xf4, 0xff,
    0xfb, 0xf7, 0xf4, 0xff, 0xfb, 0xf7, 0xf4, 0xff, 0xfb, 0xf7, 0xf4, 0xff,
    0xfb, 0xf7, 0xf4, 0xff, 0xfb, 0xf7, 0xf4, 0xff, 0xfb, 0xf7, 0xf4, 0xff,
    0xfb, 0xf7, 0xf4, 0xff, 0xfb, 0xf7, 0xf4, 0xff, 0xfb, 0xf7, 0xf4, 0xff,
    0xfb, 0xf7, 0xf4, 0xff, 0xfb, 0xf7, 0xf4, 0xff, 0xfb, 0xf7, 0xf4, 0xff,
    0xfb, 0xf7, 0xf4, 0xff, 0xfb, 0xf7, 0xf4, 0xff, 0xfb, 0xf7, 0xf4, 0xff,
    0xfb, 0xf7, 0xf4, 0xff, 0xfb, 0xf7, 0xf4, 0xff, 0xfb, 0xf7, 0xf4, 0xff,
    0xfb, 0xf7, 0xf4, 0xff, 0xfb, 0xf7, 0xf4, 0xff, 0xfb, 0xf7, 0xf4, 0xff,
    0xfb, 0xf7, 0xf4, 0xff, 0xfb, 0xf7, 0xf4, 0xff, 0xeb, 0xa0, 0x82, 0xff,
    0xdb, 0x48, 0x0f, 0xff, 0xdc, 0x48, 0x0f, 0xff, 0xdc, 0x48, 0x0f, 0xff,
    0xdd, 0x48, 0x0f, 0xff, 0xdd, 0x48, 0x0e, 0xff, 0xde, 0x48, 0x0e, 0xff,
    0xde, 0x48, 0x0e, 0xff, 0xdf, 0x48, 0x0e, 0xff, 0xdf, 0x48, 0x0e, 0xff,
    0xe0, 0x48, 0x0e, 0xff, 0xe1, 0x48, 0x0d, 0xff, 0xe1, 0x48, 0x0d, 0xff,
    0xe2, 0x48, 0x0d, 0xff, 0xe2, 0x48, 0x0d, 0xff, 0xe3, 0x48, 0x0c, 0xff,
    0xe3, 0x48, 0x0c, 0xff, 0xe4, 0x48, 0x0c, 0xff, 0xe4, 0x48, 0x0c, 0xff,
    0xe5, 0x48, 0x0b, 0xff, 0xe5, 0x48, 0x0b, 0xff, 0xe6, 0x48, 0x0b, 0xff,
    0xe7, 0x48, 0x0b, 0xff, 0xe7, 0x48, 0x0b, 0xff, 0xe8, 0x48, 0x0a, 0xff,
    0xe8, 0x48, 0x0a, 0xff, 0xe9, 0x48, 0x0a, 0xff, 0xe9, 0x48, 0x0a, 0xff,
    0xea, 0x48, 0x0a, 0xff, 0xea, 0x48, 0x09, 0xff, 0xeb, 0x48, 0x09, 0xff,
    0xeb, 0x48, 0x09, 0xff, 0xec, 0x48, 0x08, 0xff, 0xec, 0x48, 0x08, 0xff,
    0xed, 0x48, 0x08, 0xff, 0xed, 0x48, 0x08, 0xff, 0xee, 0x48, 0x08, 0xff,
    0xee, 0x48, 0x07, 0xff, 0xef, 0x48, 0x07, 0xff, 0xef, 0x48, 0x07, 0xff,
    0xf0, 0x48, 0x06, 0xff, 0xf0, 0x48, 0x07, 0xff, 0xf1, 0x48, 0x07, 0xff,
    0xf1, 0x48, 0x06, 0xff, 0xfb, 0xf7, 0xf4, 0xff, 0xfb, 0xf7, 0xf4, 0xff,
    0xfb, 0xf7, 0xf4, 0xff, 0xfb, 0xf7, 0xf4, 0xff, 0xfb, 0xf7, 0xf4, 0xff,
    0xfb, 0xf7, 0xf4, 0xff, 0xfb, 0xf7, 0xf4, 0xff, 0xfb, 0xf7, 0xf4, 0xff,
    0xfb, 0xf7, 0xf4, 0xff, 0xfb, 0xf7, 0xf4, 0xff, 0xfb, 0xf7, 0xf4, 0xff,
    0xfb, 0xf7, 0xf4, 0xff, 0xfb, 0xf7, 0xf4, 0xff, 0xfb, 0xf7, 0xf4, 0xff,
    0xfb, 0xf7, 0xf4, 0xff, 0xfb, 0xf7, 0xf4, 0xff, 0xfb, 0xf7, 0xf4, 0xff,
    0xfb, 0xf7, 0xf4, 0xff, 0xfb, 0xf7, 0xf4, 0xff, 0xfb, 0xf7, 0xf4, 0xff,
    0xfb, 0xf7, 0xf4, 0xff, 0xfb, 0xf7, 0xf4, 0xff, 0xfb, 0xf7, 0xf4, 0xff,
    0xfb, 0xf7, 0xf4, 0xff, 0xfb, 0xf7, 0xf4, 0xff, 0xfb, 0xf7, 0xf4, 0xff,
    0xfb, 0xf7, 0xf4, 0xff, 0xfb, 0xf7, 0xf4, 0xff, 0xfb, 0xf7, 0xf4, 0xff,
    0xfb, 0xf7, 0xf4, 0xff, 0xfb, 0xf7, 0xf4, 0xff, 0xfb, 0xf7, 0xf4, 0xff,
    0xfb, 0xf7, 0xf4, 0xff, 0xfb, 0xf7, 0xf4, 0xff, 0xfb, 0xf7, 0xf4, 0xff,
    0xeb, 0xa0, 0x82, 0xff, 0xdb, 0x48, 0x0f, 0xff, 0xdc, 0x48, 0x0f, 0xff,
    0xdc, 0x48, 0x0f, 0xff, 0xdd, 0x48, 0x0f, 0xff, 0xdd, 0x48, 0x0e, 0xff,
    0xde, 0x48, 0x0e, 0xff, 0xde, 0x48, 0x0e, 0xff, 0xdf, 0x48, 0x0e, 0xff,
    0xdf, 0x48, 0x0e, 0xff, 0xe0, 0x48, 0x0e, 0xff, 0xe1, 0x48, 0x0d, 0xff,
    0xe1, 0x48, 0x0d, 0xff, 0xe2, 0x48, 0x0d, 0xff, 0xe2, 0x48, 0x0d, 0xff,
    0xe3, 0x48, 0x0c, 0xff, 0xe4, 0x4c, 0x11, 0xff, 0xee, 0x91, 0x6d, 0xff,
    0xf7, 0xd1, 0xc3, 0xff, 0xfc, 0xf2, 0xef, 0xff, 0xfd, 0xfa, 0xf9, 0xff,
    0xf9, 0xdf, 0xd5, 0xff, 0xf3, 0xa7, 0x8b, 0xff, 0xe9, 0x56, 0x1e, 0xff,
    0xe8, 0x48, 0x0a, 0xff, 0xe8, 0x48, 0x0a, 0xff, 0xe9, 0x48, 0x0a, 0xff,
    0xe9, 0x48, 0x0a, 0xff, 0xea, 0x48, 0x0a, 0xff, 0xea, 0x48, 0x09, 0xff,
    0xeb, 0x48, 0x09, 0xff, 0xeb, 0x48, 0x09, 0xff, 0xec, 0x48, 0x08, 0xff,
    0xec, 0x48, 0x08, 0xff, 0xed, 0x48, 0x08, 0xff, 0xed, 0x48, 0x08, 0xff,
    0xee, 0x48, 0x08, 0xff, 0xee, 0x48, 0x07, 0xff, 0xef, 0x48, 0x07, 0xff,
    0xef, 0x48, 0x07, 0xff, 0xf0, 0x48, 0x06, 0xff, 0xf0, 0x48, 0x07, 0xff,
    0xf1, 0x48, 0x07, 0xff, 0xf1, 0x48, 0x06, 0xff, 0xf2, 0x48, 0x06, 0xff,
    0xfb, 0xf7, 0xf4, 0xff, 0xfb, 0xf7, 0xf4, 0xff, 0xfb, 0xf7, 0xf4, 0xff,
    0xfb, 0xf7, 0xf4, 0xff, 0xfb, 0xf7, 0xf4, 0xff, 0xfb, 0xf7, 0xf4, 0xff,
    0xfb, 0xf7, 0xf4, 0xff, 0xfb, 0xf7, 0xf4, 0xff, 0xfb, 0xf7, 0xf4, 0xff,
    0xfb, 0xf7, 0xf4, 0xff, 0xfb, 0xf7, 0xf4, 0xff, 0xfb, 0xf7, 0xf4, 0xff,
    0xfb, 0xf7, 0xf4, 0xff, 0xfb, 0xf7, 0xf4, 0xff, 0xfb, 0xf7, 0xf4, 0xff,
    0xfb, 0xf7, 0xf4, 0xff, 0xfb, 0xf7, 0xf4, 0xff, 0xfb, 0xf7, 0xf4, 0xff,
    0xfb, 0xf7, 0xf4, 0xff, 0xfb, 0xf7, 0xf4, 0xff, 0xfb, 0xf7, 0xf4, 0xff,
    0xfb, 0xf7, 0xf4, 0xff, 0xfb, 0xf7, 0xf4, 0xff, 0xfb, 0xf7, 0xf4, 0xff,
    0xfb, 0xf7, 0xf4, 0xff, 0xfb, 0xf7, 0xf4, 0xff, 0xfb, 0xf7, 0xf4, 0xff,
    0xfb, 0xf7, 0xf4, 0xff, 0xfb, 0xf7, 0xf4, 0xff, 0xfb, 0xf7, 0xf4, 0xff,
    0xfb, 0xf7, 0xf4, 0xff, 0xfb, 0xf7, 0xf4, 0xff, 0xfb, 0xf7, 0xf4, 0xff,
    0xfb, 0xf7, 0xf4, 0xff, 0xeb, 0xa0, 0x82, 0xff, 0xdb, 0x48, 0x0f, 0xff,
    0xdc, 0x48, 0x0f, 0xff, 0xdc, 0x48, 0x0f, 0xff, 0xdd, 0x48, 0x0f, 0xff,
    0xdd, 0x48, 0x0e, 0xff, 0xde, 0x48, 0x0e, 0xff, 0xde, 0x48, 0x0e, 0xff,
    0xdf, 0x48, 0x0e, 0xff, 0xdf, 0x48, 0x0e, 0xff, 0xe0, 0x48, 0x0e, 0xff,
    0xe1, 0x48, 0x0d, 0xff, 0xe1, 0x48, 0x0d, 0xff, 0xe2, 0x48, 0x0d, 0xff,
    0xe2, 0x48, 0x0d, 0xff, 0xe3, 0x48, 0x0c, 0xff, 0xe5, 0x55, 0x1d, 0xff,
    0xf8, 0xd5, 0xc8, 0xff, 0xfd, 0xfc, 0xfc, 0xff, 0xfd, 0xfc, 0xfc, 0xff,
    0xfd, 0xfc, 0xfc, 0xff, 0xfd, 0xfc, 0xfc, 0xff, 0xfd, 0xfc, 0xfc, 0xff,
    0xfd, 0xfc, 0xfc, 0xff, 0xfb, 0xec, 0xe7, 0xff, 0xec, 0x6d, 0x3c, 0xff,
    0xe9, 0x48, 0x0a, 0xff, 0xe9, 0x48, 0x0a, 0xff, 0xea, 0x48, 0x0a, 0xff,
    0xea, 0x48, 0x09, 0xff, 0xeb, 0x48, 0x09, 0xff, 0xeb, 0x48, 0x09, 0xff,
    0xec, 0x48, 0x08, 0xff, 0xec, 0x48, 0x08, 0xff, 0xed, 0x48, 0x08, 0xff,
    0xed, 0x48, 0x08, 0xff, 0xee, 0x48, 0x08, 0xff, 0xee, 0x48, 0x07, 0xff,
    0xef, 0x48, 0x07, 0xff, 0xef, 0x48, 0x07, 0xff, 0xf0, 0x48, 0x06, 0xff,
    0xf0, 0x48, 0x07, 0xff, 0xf1, 0x48, 0x07, 0xff, 0xf1, 0x48, 0x06, 0xff,
    0xf2, 0x48, 0x06, 0xff, 0xf2, 0x48, 0x05, 0xff, 0xfb, 0xf7, 0xf4, 0xff,
    0xfb, 0xf7, 0xf4, 0xff, 0xfb, 0xf7, 0xf4, 0xff, 0xfb, 0xf7, 0xf4, 0xff,
    0xfb, 0xf7, 0xf4, 0xff, 0xfb, 0xf7, 0xf4, 0xff, 0xfb, 0xf7, 0xf4, 0xff,
    0xfb, 0xf7, 0xf4, 0xff, 0xfb, 0xf7, 0xf4, 0xff, 0xfb, 0xf7, 0xf4, 0xff,
    0xfb, 0xf7, 0xf4, 0xff, 0xfb, 0xf7, 0xf4, 0xff, 0xfb, 0xf7, 0xf4, 0xff,
    0xfb, 0xf7, 0xf4, 0xff, 0xfb, 0xf7, 0xf4, 0xff, 0xfb, 0xf7, 0xf4, 0xff,
    0xfb, 0xf7, 0xf4, 0xff, 0xfb, 0xf7, 0xf4, 0xff, 0xfb, 0xf7, 0xf4, 0xff,
    0xfb, 0xf7, 0xf4, 0xff, 0xfb, 0xf7, 0xf4, 0xff, 0xfb, 0xf7, 0xf4, 0xff,
    0xfb, 0xf7, 0xf4, 0xff, 0xfb, 0xf7, 0xf4, 0xff, 0xfb, 0xf7, 0xf4, 0xff,
    0xfb, 0xf7, 0xf4, 0xff, 0xfb, 0xf7, 0xf4, 0xff, 0xfb, 0xf7, 0xf4, 0xff,
    0xfb, 0xf7, 0xf4, 0xff, 0xfb, 0xf7, 0xf4, 0xff, 0xfb, 0xf7, 0xf4, 0xff,
    0xfb, 0xf7, 0xf4, 0xff, 0xfb, 0xf7, 0xf4, 0xff, 0xeb, 0xa0, 0x82, 0xff,
    0xdb, 0x48, 0x0f, 0xff, 0xdc, 0x48, 0x0f, 0xff, 0xdc, 0x48, 0x0f, 0xff,
    0xdd, 0x48, 0x0f, 0xff, 0xdd, 0x48, 0x0e, 0xff, 0xde, 0x48, 0x0e, 0xff,
    0xde, 0x48, 0x0e, 0xff, 0xdf, 0x48, 0x0e, 0xff, 0xdf, 0x48, 0x0e, 0xff,
    0xe0, 0x48, 0x0e, 0xff, 0xe1, 0x48, 0x0d, 0xff, 0xe1, 0x48, 0x0d, 0xff,
    0xe2, 0x48, 0x0d, 0xff, 0xe2, 0x48, 0x0d, 0xff, 0xe3, 0x48, 0x0c, 0xff,
    0xe3, 0x48, 0x0c, 0xff, 0xf6, 0xc8, 0xb7, 0xff, 0xfd, 0xfc, 0xfc, 0xff,
    0xfd, 0xfc, 0xfc, 0xff, 0xfd, 0xfc, 0xfc, 0xff, 0xfd, 0xfc, 0xfc, 0xff,
    0xfd, 0xfc, 0xfc, 0xff, 0xfd, 0xfc, 0xfc, 0xff, 0xfd, 0xfc, 0xfc, 0xff,
    0xfd, 0xfc, 0xfc, 0xff, 0xfb, 0xe9, 0xe2, 0xff, 0xea, 0x50, 0x14, 0xff,
    0xea, 0x48, 0x0a, 0xff, 0xea, 0x48, 0x09, 0xff, 0xeb, 0x48, 0x09, 0xff,
    0xeb, 0x48, 0x09, 0xff, 0xec, 0x48, 0x08, 0xff, 0xec, 0x48, 0x08, 0xff,
    0xed, 0x48, 0x08, 0xff, 0xed, 0x48, 0x08, 0xff, 0xee, 0x48, 0x08, 0xff,
    0xee, 0x48, 0x07, 0xff, 0xef, 0x48, 0x07, 0xff, 0xef, 0x48, 0x07, 0xff,
    0xf0, 0x48, 0x06, 0xff, 0xf0, 0x48, 0x07, 0xff, 0xf1, 0x48, 0x07, 0xff,
    0xf1, 0x48, 0x06, 0xff, 0xf2, 0x48, 0x06, 0xff, 0xf2, 0x48, 0x05, 0xff,
    0xf3, 0x48, 0x06, 0xff, 0xfb, 0xf7, 0xf4, 0xff, 0xfb, 0xf7, 0xf4, 0xff,
    0xfb, 0xf7, 0xf4, 0xff, 0xfb, 0xf7, 0xf4, 0xff, 0xfb, 0xf7, 0xf4, 0xff,
    0xfb, 0xf7, 0xf4, 0xff, 0xfb, 0xf7, 0xf4, 0xff, 0xfb, 0xf7, 0xf4, 0xff,
    0xfb, 0xf7, 0xf4, 0xff, 0xfb, 0xf7, 0xf4, 0xff, 0xfb, 0xf7, 0xf4, 0xff,
    0xfb, 0xf7, 0xf4, 0xff, 0xfb, 0xf7, 0xf4, 0xff, 0xfb, 0xf7, 0xf4, 0xff,
    0xfb, 0xf7, 0xf4, 0xff, 0xfb, 0xf7, 0xf4, 0xff, 0xfb, 0xf7, 0xf4, 0xff,
    0xfb, 0xf7, 0xf4, 0xff, 0xfb, 0xf7, 0xf4, 0xff, 0xfb, 0xf7, 0xf4, 0xff,
    0xfb, 0xf7, 0xf4, 0xff, 0xfb, 0xf7, 0xf4, 0xff, 0xfb, 0xf7, 0xf4, 0xff,
    0xfb, 0xf7, 0xf4, 0xff, 0xfb, 0xf7, 0xf4, 0xff, 0xfb, 0xf7, 0xf4, 0xff,
    0xfb, 0xf7, 0xf4, 0xff, 0xfb, 0xf7, 0xf4, 0xff, 0xfb, 0xf7, 0xf4, 0xff,
    0xfb, 0xf7, 0xf4, 0xff, 0xfb, 0xf7, 0xf4, 0xff, 0xfb, 0xf7, 0xf4, 0xff,
    0xeb, 0xa0, 0x82, 0xff, 0xdb, 0x48, 0x0f, 0xff, 0xdc, 0x48, 0x0f, 0xff,
    0xdc, 0x48, 0x0f, 0xff, 0xdd, 0x48, 0x0f, 0xff, 0xdd, 0x48, 0x0e, 0xff,
    0xde, 0x48, 0x0e, 0xff, 0xde, 0x48, 0x0e, 0xff, 0xdf, 0x48, 0x0e, 0xff,
    0xdf, 0x48, 0x0e, 0xff, 0xe0, 0x48, 0x0e, 0xff, 0xe1, 0x48, 0x0d, 0xff,
    0xe1, 0x48, 0x0d, 0xff, 0xe2, 0x48, 0x0d, 0xff, 0xe2, 0x48, 0x0d, 0xff,
    0xe3, 0x48, 0x0c, 0xff, 0xe3, 0x48, 0x0c, 0xff, 0xe8, 0x68, 0x36, 0xff,
    0xfd, 0xfc, 0xfc, 0xff, 0xfd, 0xfc, 0xfc, 0xff, 0xfd, 0xfc, 0xfc, 0xff,
    0xfd, 0xfc, 0xfc, 0xff, 0xfd, 0xfc, 0xfc, 0xff, 0xfd, 0xfc, 0xfc, 0xff,
    0xfd, 0xfc, 0xfc, 0xff, 0xfd, 0xfc, 0xfc, 0xff, 0xfd, 0xfc, 0xfc, 0xff,
    0xfd, 0xfc, 0xfc, 0xff, 0xf1, 0x8b, 0x64, 0xff, 0xea, 0x48, 0x09, 0xff,
    0xeb, 0x48, 0x09, 0xff, 0xeb, 0x48, 0x09, 0xff, 0xec, 0x48, 0x08, 0xff,
    0xec, 0x48, 0x08, 0xff, 0xed, 0x48, 0x08, 0xff, 0xed, 0x48, 0x08, 0xff,
    0xee, 0x48, 0x08, 0xff, 0xee, 0x48, 0x07, 0xff, 0xef, 0x48, 0x07, 0xff,
    0xef, 0x48, 0x07, 0xff, 0xf0, 0x48, 0x06, 0xff, 0xf0, 0x48, 0x07, 0xff,
    0xf1, 0x48, 0x07, 0xff, 0xf1, 0x48, 0x06, 0xff, 0xf2, 0x48, 0x06, 0xff,
    0xf2, 0x48, 0x05, 0xff, 0xf3, 0x48, 0x06, 0xff, 0xf3, 0x48, 0x05, 0xff,
    0xfb, 0xf7, 0xf4, 0xff, 0xfb, 0xf7, 0xf4, 0xff, 0xfb, 0xf7, 0xf4, 0xff,
    0xfb, 0xf7, 0xf4, 0xff, 0xfb, 0xf7, 0xf4, 0xff, 0xfb, 0xf7, 0xf4, 0xff,
    0xfb, 0xf7, 0xf4, 0xff, 0xfb, 0xf7, 0xf4, 0xff, 0xfb, 0xf7, 0xf4, 0xff,
    0xfb, 0xf7, 0xf4, 0xff, 0xfb, 0xf7, 0xf4, 0xff, 0xfb, 0xf7, 0xf4, 0xff,
    0xfb, 0xf7, 0xf4, 0xff, 0xfb, 0xf7, 0xf4, 0xff, 0xfb, 0xf7, 0xf4, 0xff,
    0xfb, 0xf7, 0xf4, 0xff, 0xfb, 0xf7, 0xf4, 0xff, 0xfb, 0xf7, 0xf4, 0xff,
    0xfb, 0xf7, 0xf4, 0xff, 0xfb, 0xf7, 0xf4, 0xff, 0xfb, 0xf7, 0xf4, 0xff,
    0xfb, 0xf7, 0xf4, 0xff, 0xfb, 0xf7, 0xf4, 0xff, 0xfb, 0xf7, 0xf4, 0xff,
    0xfb, 0xf7, 0xf4, 0xff, 0xfb, 0xf7, 0xf4, 0xff, 0xfb, 0xf7, 0xf4, 0xff,
    0xfb, 0xf7, 0xf4, 0xff, 0xfb, 0xf7, 0xf4, 0xff, 0xfb, 0xf7, 0xf4, 0xff,
    0xfb, 0xf7, 0xf4, 0xff, 0xeb, 0xa0, 0x82, 0xff, 0xdb, 0x48, 0x0f, 0xff,
    0xdc, 0x48, 0x0f, 0xff, 0xdc, 0x48, 0x0f, 0xff, 0xdd, 0x48, 0x0f, 0xff,
    0xdd, 0x48, 0x0e, 0xff, 0xde, 0x48, 0x0e, 0xff, 0xde, 0x48, 0x0e, 0xff,
    0xdf, 0x48, 0x0e, 0xff, 0xdf, 0x48, 0x0e, 0xff, 0xe0, 0x48, 0x0e, 0xff,
    0xe1, 0x48, 0x0d, 0xff, 0xe1, 0x48, 0x0d, 0xff, 0xe2, 0x48, 0x0d, 0xff,
    0xe2, 0x48, 0x0d, 0xff, 0xe3, 0x48, 0x0c, 0xff, 0xe3, 0x48, 0x0c, 0xff,
    0xe4, 0x48, 0x0c, 0xff, 0xed, 0x85, 0x5e, 0xff, 0xfd, 0xfc, 0xfc, 0xff,
    0xfd, 0xfc, 0xfc, 0xff, 0xfd, 0xfc, 0xfc, 0xff, 0xfd, 0xfc, 0xfc, 0xff,
    0xfd, 0xfc, 0xfc, 0xff, 0xfd, 0xfc, 0xfc, 0xff, 0xfd, 0xfc, 0xfc, 0xff,
    0xfd, 0xfc, 0xfc, 0xff, 0xfd, 0xfc, 0xfc, 0xff, 0xfd, 0xfc, 0xfc, 0xff,
    0xf4, 0xa6, 0x88, 0xff, 0xeb, 0x48, 0x09, 0xff, 0xeb, 0x48, 0x09, 0xff,
    0xec, 0x48, 0x08, 0xff, 0xec, 0x48, 0x08, 0xff, 0xed, 0x48, 0x08, 0xff,
    0xed, 0x48, 0x08, 0xff, 0xee, 0x48, 0x08, 0xff, 0xee, 0x48, 0x07, 0xff,
    0xef, 0x48, 0x07, 0xff, 0xef, 0x48, 0x07, 0xff, 0xf0, 0x48, 0x06, 0xff,
    0xf0, 0x48, 0x07, 0xff, 0xf1, 0x48, 0x07, 0xff, 0xf1, 0x48, 0x06, 0xff,
    0xf2, 0x48, 0x06, 0xff, 0xf2, 0x48, 0x05, 0xff, 0xf3, 0x48, 0x06, 0xff,
    0xf3, 0x48, 0x05, 0xff, 0xf3, 0x48, 0x05, 0xff, 0xfb, 0xf7, 0xf4, 0xff,
    0xfb, 0xf7, 0xf4, 0xff, 0xfb, 0xf7, 0xf4, 0xff, 0xfb, 0xf7, 0xf4, 0xff,
    0xfb, 0xf7, 0xf4, 0xff, 0xfb, 0xf7, 0xf4, 0xff, 0xfb, 0xf7, 0xf4, 0xff,
    0xfb, 0xf7, 0xf4, 0xff, 0xfb, 0xf7, 0xf4, 0xff, 0xfb, 0xf7, 0xf4, 0xff,
    0xfb, 0xf7, 0xf4, 0xff, 0xfb, 0xf7, 0xf4, 0xff, 0xfb, 0xf7, 0xf4, 0xff,
    0xfb, 0xf7, 0xf4, 0xff, 0xfb, 0xf7, 0xf4, 0xff, 0xfb, 0xf7, 0xf4, 0xff,
    0xfb, 0xf7, 0xf4, 0xff, 0xfb, 0xf7, 0xf4, 0xff, 0xfb, 0xf7, 0xf4, 0xff,
    0xfb, 0xf7, 0xf4, 0xff, 0xfb, 0xf7, 0xf4, 0xff, 0xfb, 0xf7, 0xf4, 0xff,
    0xfb, 0xf7, 0xf4, 0xff, 0xfb, 0xf7, 0xf4, 0xff, 0xfb, 0xf7, 0xf4, 0xff,
    0xfb, 0xf7, 0xf4, 0xff, 0xfb, 0xf7, 0xf4, 0xff, 0xfb, 0xf7, 0xf4, 0xff,
    0xfb, 0xf7, 0xf4, 0xff, 0xfb, 0xf7, 0xf4, 0xff, 0xeb, 0xa0, 0x82, 0xff,
    0xdb, 0x48, 0x0f, 0xff, 0xdc, 0x48, 0x0f, 0xff, 0xdc, 0x48, 0x0f, 0xff,
    0xdd, 0x48, 0x0f, 0xff, 0xdd, 0x48, 0x0e, 0xff, 0xde, 0x48, 0x0e, 0xff,
    0xde, 0x48, 0x0e, 0xff, 0xdf, 0x48, 0x0e, 0xff, 0xdf, 0x48, 0x0e, 0xff,
    0xe0, 0x48, 0x0e, 0xff, 0xe1, 0x48, 0x0d, 0xff, 0xe1, 0x48, 0x0d, 0xff,
    0xe2, 0x48, 0x0d, 0xff, 0xe2, 0x48, 0x0d, 0xff, 0xe3, 0x48, 0x0c, 0xff,
    0xe3, 0x48, 0x0c, 0xff, 0xe4, 0x48, 0x0c, 0xff, 0xe4, 0x48, 0x0c, 0xff,
    0xeb, 0x74, 0x47, 0xff, 0xfd, 0xfc, 0xfc, 0xff, 0xfd, 0xfc, 0xfc, 0xff,
    0xfd, 0xfc, 0xfc, 0xff, 0xfd, 0xfc, 0xfc, 0xff, 0xfd, 0xfc, 0xfc, 0xff,
    0xfd, 0xfc, 0xfc, 0xff, 0xfd, 0xfc, 0xfc, 0xff, 0xfd, 0xfc, 0xfc, 0xff,
    0xfd, 0xfc, 0xfc, 0xff, 0xfd, 0xfc, 0xfc, 0xff, 0xf2, 0x8f, 0x69, 0xff,
    0xeb, 0x48, 0x09, 0xff, 0xec, 0x48, 0x08, 0xff, 0xec, 0x48, 0x08, 0xff,
    0xed, 0x48, 0x08, 0xff, 0xed, 0x48, 0x08, 0xff, 0xee, 0x48, 0x08, 0xff,
    0xee, 0x48, 0x07, 0xff, 0xef, 0x48, 0x07, 0xff, 0xef, 0x48, 0x07, 0xff,
    0xf0, 0x48, 0x06, 0xff, 0xf0, 0x48, 0x07, 0xff, 0xf1, 0x48, 0x07, 0xff,
    0xf1, 0x48, 0x06, 0xff, 0xf2, 0x48, 0x06, 0xff, 0xf2, 0x48, 0x05, 0xff,
    0xf3, 0x48, 0x06, 0xff, 0xf3, 0x48, 0x05, 0xff, 0xf3, 0x48, 0x05, 0xff,
    0xf4, 0x48, 0x05, 0xff, 0xfb, 0xf7, 0xf4, 0xff, 0xfb, 0xf7, 0xf4, 0xff,
    0xfb, 0xf7, 0xf4, 0xff, 0xfb, 0xf7, 0xf4, 0xff, 0xfb, 0xf7, 0xf4, 0xff,
    0xfb, 0xf7, 0xf4, 0xff, 0xfb, 0xf7, 0xf4, 0xff, 0xfb, 0xf7, 0xf4, 0xff,
    0xfb, 0xf7, 0xf4, 0xff, 0xfb, 0xf7, 0xf4, 0xff, 0xfb, 0xf7, 0xf4, 0xff,
    0xfb, 0xf7, 0xf4, 0xff, 0xfb, 0xf7, 0xf4, 0xff, 0xfb, 0xf7, 0xf4, 0xff,
    0xfb, 0xf7, 0xf4, 0xff, 0xfb, 0xf7, 0xf4, 0xff, 0xfb, 0xf7, 0xf4, 0xff,
    0xfb, 0xf7, 0xf4, 0xff, 0xfb, 0xf7, 0xf4, 0xff, 0xfb, 0xf7, 0xf4, 0xff,
    0xfb, 0xf7, 0xf4, 0xff, 0xfb, 0xf7, 0xf4, 0xff, 0xfb, 0xf7, 0xf4, 0xff,
    0xfb, 0xf7, 0xf4, 0xff, 0xfb, 0xf7, 0xf4, 0xff, 0xfb, 0xf7, 0xf4, 0xff,
    0xfb, 0xf7, 0xf4, 0xff, 0xfb, 0xf7, 0xf4, 0xff, 0xfb, 0xf7, 0xf4, 0xff,
    0xeb, 0xa0, 0x82, 0xff, 0xdb, 0x48, 0x0f, 0xff, 0xdc, 0x48, 0x0f, 0xff,
    0xdc, 0x48, 0x0f, 0xff, 0xdd, 0x48, 0x0f, 0xff, 0xdd, 0x48, 0x0e, 0xff,
    0xde, 0x48, 0x0e, 0xff, 0xde, 0x48, 0x0e, 0xff, 0xdf, 0x48, 0x0e, 0xff,
    0xdf, 0x48, 0x0e, 0xff, 0xe0, 0x48, 0x0e, 0xff, 0xe1, 0x48, 0x0d, 0xff,
    0xe1, 0x48, 0x0d, 0xff, 0xe2, 0x48, 0x0d, 0xff, 0xe2, 0x48, 0x0d, 0xff,
    0xe3, 0x48, 0x0c, 0xff, 0xe3, 0x48, 0x0c, 0xff, 0xe4, 0x48, 0x0c, 0xff,
    0xe4, 0x48, 0x0c, 0xff, 0xe5, 0x48, 0x0b, 0xff, 0xe5, 0x4b, 0x0f, 0xff,
    0xfb, 0xec, 0xe6, 0xff, 0xfd, 0xfc, 0xfc, 0xff, 0xfd, 0xfc, 0xfc, 0xff,
    0xfd, 0xfc, 0xfc, 0xff, 0xfd, 0xfc, 0xfc, 0xff, 0xfd, 0xfc, 0xfc, 0xff,
    0xfd, 0xfc, 0xfc, 0xff, 0xfd, 0xfc, 0xfc, 0xff, 0xfd, 0xfc, 0xfc, 0xff,
    0xfd, 0xf8, 0xf7, 0xff, 0xed, 0x58, 0x1e, 0xff, 0xec, 0x48, 0x08, 0xff,
    0xec, 0x48, 0x08, 0xff, 0xed, 0x48, 0x08, 0xff, 0xed, 0x48, 0x08, 0xff,
    0xee, 0x48, 0x08, 0xff, 0xee, 0x48, 0x07, 0xff, 0xef, 0x48, 0x07, 0xff,
    0xef, 0x48, 0x07, 0xff, 0xf0, 0x48, 0x06, 0xff, 0xf0, 0x48, 0x07, 0xff,
    0xf1, 0x48, 0x07, 0xff, 0xf1, 0x48, 0x06, 0xff, 0xf2, 0x48, 0x06, 0xff,
    0xf2, 0x48, 0x05, 0xff, 0xf3, 0x48, 0x06, 0xff, 0xf3, 0x48, 0x05, 0xff,
    0xf3, 0x48, 0x05, 0xff, 0xf4, 0x48, 0x05, 0xff, 0xf4, 0x48, 0x05, 0xff,
    0xfb, 0xf7, 0xf4, 0xff, 0xfb, 0xf7, 0xf4, 0xff, 0xfb, 0xf7, 0xf4, 0xff,
    0xfb, 0xf7, 0xf4, 0xff, 0xfb, 0xf7, 0xf4, 0xff, 0xfb, 0xf7, 0xf4, 0xff,
    0xfb, 0xf7, 0xf4, 0xff, 0xfb, 0xf7, 0xf4, 0xff, 0xfb, 0xf7, 0xf4, 0xff,
    0xfb, 0xf7, 0xf4, 0xff, 0xfb, 0xf7, 0xf4, 0xff, 0xfb, 0xf7, 0xf4, 0xff,
    0xfb, 0xf7, 0xf4, 0xff, 0xfb, 0xf7, 0xf4, 0xff, 0xfb, 0xf7, 0xf4, 0xff,
    0xfb, 0xf7, 0xf4, 0xff, 0xfb, 0xf7, 0xf4, 0xff, 0xfb, 0xf7, 0xf4, 0xff,
    0xfb, 0xf7, 0xf4, 0xff, 0xfb, 0xf7, 0xf4, 0xff, 0xfb, 0xf7, 0xf4, 0xff,
    0xfb, 0xf7, 0xf4, 0xff, 0xfb, 0xf7, 0xf4, 0xff, 0xfb, 0xf7, 0xf4, 0xff,
    0xfb, 0xf7, 0xf4, 0xff, 0xfb, 0xf7, 0xf4, 0xff, 0xfb, 0xf7, 0xf4, 0xff,
    0xfb, 0xf7, 0xf4, 0xff, 0xeb, 0xa0, 0x82, 0xff, 0xdb, 0x48, 0x0f, 0xff,
    0xdc, 0x48, 0x0f, 0xff, 0xdc, 0x48, 0x0f, 0xff, 0xdd, 0x48, 0x0f, 0xff,
    0xdd, 0x48, 0x0e, 0xff, 0xde, 0x48, 0x0e, 0xff, 0xde, 0x48, 0x0e, 0xff,
    0xdf, 0x48, 0x0e, 0xff, 0xdf, 0x48, 0x0e, 0xff, 0xe0, 0x48, 0x0e, 0xff,
    0xe1, 0x48, 0x0d, 0xff, 0xe1, 0x48, 0x0d, 0xff, 0xe2, 0x48, 0x0d, 0xff,
    0xe2, 0x48, 0x0d, 0xff, 0xe3, 0x48, 0x0c, 0xff, 0xe3, 0x48, 0x0c, 0xff,
    0xe4, 0x48, 0x0c, 0xff, 0xe4, 0x48, 0x0c, 0xff, 0xe5, 0x48, 0x0b, 0xff,
    0xe5, 0x48, 0x0b, 0xff, 0xe6, 0x48, 0x0b, 0xff, 0xf3, 0xab, 0x8f, 0xff,
    0xfd, 0xfc, 0xfc, 0xff, 0xfd, 0xfc, 0xfc, 0xff, 0xfd, 0xfc, 0xfc, 0xff,
    0xfd, 0xfc, 0xfc, 0xff, 0xfd, 0xfc, 0xfc, 0xff, 0xfd, 0xfc, 0xfc, 0xff,
    0xfd, 0xfc, 0xfc, 0xff, 0xfd, 0xfc, 0xfc, 0xff, 0xf7, 0xc5, 0xb2, 0xff,
    0xec, 0x48, 0x08, 0xff, 0xec, 0x48, 0x08, 0xff, 0xed, 0x48, 0x08, 0xff,
    0xed, 0x48, 0x08, 0xff, 0xee, 0x48, 0x08, 0xff, 0xee, 0x48, 0x07, 0xff,
    0xef, 0x48, 0x07, 0xff, 0xef, 0x48, 0x07, 0xff, 0xf0, 0x48, 0x06, 0xff,
    0xf0, 0x48, 0x07, 0xff, 0xf1, 0x48, 0x07, 0xff, 0xf1, 0x48, 0x06, 0xff,
    0xf2, 0x48, 0x06, 0xff, 0xf2, 0x48, 0x05, 0xff, 0xf3, 0x48, 0x06, 0xff,
    0xf3, 0x48, 0x05, 0xff, 0xf3, 0x48, 0x05, 0xff, 0xf4, 0x48, 0x05, 0xff,
    0xf4, 0x48, 0x05, 0xff, 0xf5, 0x48, 0x04, 0xff, 0xfb, 0xf7, 0xf4, 0xff,
    0xfb, 0xf7, 0xf4, 0xff, 0xfb, 0xf7, 0xf4, 0xff, 0xfb, 0xf7, 0xf4, 0xff,
    0xfb, 0xf7, 0xf4, 0xff, 0xfb, 0xf7, 0xf4, 0xff, 0xfb, 0xf7, 0xf4, 0xff,
    0xfb, 0xf7, 0xf4, 0xff, 0xfb, 0xf7, 0xf4, 0xff, 0xfb, 0xf7, 0xf4, 0xff,
    0xfb, 0xf7, 0xf4, 0xff, 0xfb, 0xf7, 0xf4, 0xff, 0xfb, 0xf7, 0xf4, 0xff,
    0xfb, 0xf7, 0xf4, 0xff, 0xfb, 0xf7, 0xf4, 0xff, 0xfb, 0xf7, 0xf4, 0xff,
    0xfb, 0xf7, 0xf4, 0xff, 0xfb, 0xf7, 0xf4, 0xff, 0xfb, 0xf7, 0xf4, 0xff,
    0xfb, 0xf7, 0xf4, 0xff, 0xfb, 0xf7, 0xf4, 0xff, 0xfb, 0xf7, 0xf4, 0xff,
    0xfb, 0xf7, 0xf4, 0xff, 0xfb, 0xf7, 0xf4, 0xff, 0xfb, 0xf7, 0xf4, 0xff,
    0xfb, 0xf7, 0xf4, 0xff, 0xfb, 0xf7, 0xf4, 0xff, 0xeb, 0xa0, 0x82, 0xff,
    0xdb, 0x48, 0x0f, 0xff, 0xdc, 0x48, 0x0f, 0xff, 0xdc, 0x48, 0x0f, 0xff,
    0xdd, 0x48, 0x0f, 0xff, 0xdd, 0x48, 0x0e, 0xff, 0xde, 0x48, 0x0e, 0xff,
    0xde, 0x48, 0x0e, 0xff, 0xdf, 0x48, 0x0e, 0xff, 0xdf, 0x48, 0x0e, 0xff,
    0xe0, 0x48, 0x0e, 0xff, 0xe1, 0x48, 0x0d, 0xff, 0xe1, 0x48, 0x0d, 0xff,
    0xe2, 0x48, 0x0d, 0xff, 0xe2, 0x48, 0x0d, 0xff, 0xe3, 0x48, 0x0c, 0xff,
    0xe3, 0x48, 0x0c, 0xff, 0xe4, 0x48, 0x0c, 0xff, 0xe4, 0x48, 0x0c, 0xff,
    0xe5, 0x48, 0x0b, 0xff, 0xe5, 0x48, 0x0b, 0xff, 0xe6, 0x48, 0x0b, 0xff,
    0xe7, 0x48, 0x0b, 0xff, 0xeb, 0x68, 0x36, 0xff, 0xfd, 0xfc, 0xfc, 0xff,
    0xfd, 0xfc, 0xfc, 0xff, 0xfd, 0xfc, 0xfc, 0xff, 0xfd, 0xfc, 0xfc, 0xff,
    0xfd, 0xfc, 0xfc, 0xff, 0xfd, 0xfc, 0xfc, 0xff, 0xfd, 0xfc, 0xfc, 0xff,
    0xfd, 0xfc, 0xfc, 0xff, 0xf1, 0x81, 0x56, 0xff, 0xec, 0x48, 0x08, 0xff,
    0xed, 0x48, 0x08, 0xff, 0xed, 0x48, 0x08, 0xff, 0xee, 0x48, 0x08, 0xff,
    0xee, 0x48, 0x07, 0xff, 0xef, 0x48, 0x07, 0xff, 0xef, 0x48, 0x07, 0xff,
    0xf0, 0x48, 0x06, 0xff, 0xf0, 0x48, 0x07, 0xff, 0xf1, 0x48, 0x07, 0xff,
    0xf1, 0x48, 0x06, 0xff, 0xf2, 0x48, 0x06, 0xff, 0xf2, 0x48, 0x05, 0xff,
    0xf3, 0x48, 0x06, 0xff, 0xf3, 0x48, 0x05, 0xff, 0xf3, 0x48, 0x05, 0xff,
    0xf4, 0x48, 0x05, 0xff, 0xf4, 0x48, 0x05, 0xff, 0xf5, 0x48, 0x04, 0xff,
    0xf5, 0x48, 0x04, 0xff, 0xfb, 0xf7, 0xf4, 0xff, 0xfb, 0xf7, 0xf4, 0xff,
    0xfb, 0xf7, 0xf4, 0xff, 0xfb, 0xf7, 0xf4, 0xff, 0xfb, 0xf7, 0xf4, 0xff,
    0xfb, 0xf7, 0xf4, 0xff, 0xfb, 0xf7, 0xf4, 0xff, 0xfb, 0xf7, 0xf4, 0xff,
    0xfb, 0xf7, 0xf4, 0xff, 0xfb, 0xf7, 0xf4, 0xff, 0xfb, 0xf7, 0xf4, 0xff,
    0xfb, 0xf7, 0xf4, 0xff, 0xfb, 0xf7, 0xf4, 0xff, 0xfb, 0xf7, 0xf4, 0xff,
    0xfb, 0xf7, 0xf4, 0xff, 0xfb, 0xf7, 0xf4, 0xff, 0xfb, 0xf7, 0xf4, 0xff,
    0xfb, 0xf7, 0xf4, 0xff, 0xfb, 0xf7, 0xf4, 0xff, 0xfb, 0xf7, 0xf4, 0xff,
    0xfb, 0xf7, 0xf4, 0xff, 0xfb, 0xf7, 0xf4, 0xff, 0xfb, 0xf7, 0xf4, 0xff,
    0xfb, 0xf7, 0xf4, 0xff, 0xfb, 0xf7, 0xf4, 0xff, 0xfb, 0xf7, 0xf4, 0xff,
    0xeb, 0xa0, 0x82, 0xff, 0xdb, 0x48, 0x0f, 0xff, 0xdc, 0x48, 0x0f, 0xff,
    0xdc, 0x48, 0x0f, 0xff, 0xdd, 0x48, 0x0f, 0xff, 0xdd, 0x48, 0x0e, 0xff,
    0xde, 0x48, 0x0e, 0xff, 0xde, 0x48, 0x0e, 0xff, 0xdf, 0x48, 0x0e, 0xff,
    0xdf, 0x48, 0x0e, 0xff, 0xe0, 0x48, 0x0e, 0xff, 0xe1, 0x48, 0x0d, 0xff,
    0xe1, 0x48, 0x0d, 0xff, 0xe2, 0x48, 0x0d, 0xff, 0xe2, 0x48, 0x0d, 0xff,
    0xe3, 0x48, 0x0c, 0xff, 0xe3, 0x48, 0x0c, 0xff, 0xe4, 0x48, 0x0c, 0xff,
    0xe4, 0x48, 0x0c, 0xff, 0xe5, 0x48, 0x0b, 0xff, 0xe5, 0x48, 0x0b, 0xff,
    0xe6, 0x48, 0x0b, 0xff, 0xe7, 0x48, 0x0b, 0xff, 0xe7, 0x48, 0x0b, 0xff,
    0xe8, 0x48, 0x0a, 0xff, 0xf9, 0xd9, 0xcd, 0xff, 0xfd, 0xfc, 0xfc, 0xff,
    0xfd, 0xfc, 0xfc, 0xff, 0xfd, 0xfc, 0xfc, 0xff, 0xfd, 0xfc, 0xfc, 0xff,
    0xfd, 0xfc, 0xfc, 0xff, 0xfd, 0xfc, 0xfc, 0xff, 0xfc, 0xed, 0xe8, 0xff,
    0xec, 0x4c, 0x0e, 0xff, 0xed, 0x48, 0x08, 0xff, 0xed, 0x48, 0x08, 0xff,
    0xee, 0x48, 0x08, 0xff, 0xee, 0x48, 0x07, 0xff, 0xef, 0x48, 0x07, 0xff,
    0xef, 0x48, 0x07, 0xff, 0xf0, 0x48, 0x06, 0xff, 0xf0, 0x48, 0x07, 0xff,
    0xf1, 0x48, 0x07, 0xff, 0xf1, 0x48, 0x06, 0xff, 0xf2, 0x48, 0x06, 0xff,
    0xf2, 0x48, 0x05, 0xff, 0xf3, 0x48, 0x06, 0xff, 0xf3, 0x48, 0x05, 0xff,
    0xf3, 0x48, 0x05, 0xff, 0xf4, 0x48, 0x05, 0xff, 0xf4, 0x48, 0x05, 0xff,
    0xf5, 0x48, 0x04, 0xff, 0xf5, 0x48, 0x04, 0xff, 0xf6, 0x48, 0x04, 0xff,
    0xfb, 0xf7, 0xf4, 0xff, 0xfb, 0xf7, 0xf4, 0xff, 0xfb, 0xf7, 0xf4, 0xff,
    0xfb, 0xf7, 0xf4, 0xff, 0xfb, 0xf7, 0xf4, 0xff, 0xfb, 0xf7, 0xf4, 0xff,
    0xfb, 0xf7, 0xf4, 0xff, 0xfb, 0xf7, 0xf4, 0xff, 0xfb, 0xf7, 0xf4, 0xff,
    0xfb, 0xf7, 0xf4, 0xff, 0xfb, 0xf7, 0xf4, 0xff, 0xfb, 0xf7, 0xf4, 0xff,
    0xfb, 0xf7, 0xf4, 0xff, 0xfb, 0xf7, 0xf4, 0xff, 0xfb, 0xf7, 0xf4, 0xff,
    0xfb, 0xf7, 0xf4, 0xff, 0xfb, 0xf7, 0xf4, 0xff, 0xfb, 0xf7, 0xf4, 0xff,
    0xfb, 0xf7, 0xf4, 0xff, 0xfb, 0xf7, 0xf4, 0xff, 0xfb, 0xf7, 0xf4, 0xff,
    0xfb, 0xf7, 0xf4, 0xff, 0xfb, 0xf7, 0xf4, 0xff, 0xfb, 0xf7, 0xf4, 0xff,
    0xfb, 0xf7, 0xf4, 0xff, 0xeb, 0xa0, 0x82, 0xff, 0xdb, 0x48, 0x0f, 0xff,
    0xdc, 0x48, 0x0f, 0xff, 0xdc, 0x48, 0x0f, 0xff, 0xdd, 0x48, 0x0f, 0xff,
    0xdd, 0x48, 0x0e, 0xff, 0xde, 0x48, 0x0e, 0xff, 0xde, 0x48, 0x0e, 0xff,
    0xdf, 0x48, 0x0e, 0xff, 0xdf, 0x48, 0x0e, 0xff, 0xe0, 0x48, 0x0e, 0xff,
    0xe1, 0x48, 0x0d, 0xff, 0xe1, 0x48, 0x0d, 0xff, 0xe2, 0x48, 0x0d, 0xff,
    0xe2, 0x48, 0x0d, 0xff, 0xe3, 0x48, 0x0c, 0xff, 0xe3, 0x48, 0x0c, 0xff,
    0xe4, 0x48, 0x0c, 0xff, 0xe4, 0x48, 0x0c, 0xff, 0xe5, 0x48, 0x0b, 0xff,
    0xe5, 0x48, 0x0b, 0xff, 0xe6, 0x48, 0x0b, 0xff, 0xe7, 0x48, 0x0b, 0xff,
    0xe7, 0x48, 0x0b, 0xff, 0xe8, 0x48, 0x0a, 0xff, 0xe8, 0x48, 0x0a, 0xff,
    0xf2, 0x95, 0x71, 0xff, 0xfc, 0xf0, 0xec, 0xff, 0xf5, 0xb3, 0x9a, 0xff,
    0xf2, 0x91, 0x6c, 0xff, 0xf2, 0x8f, 0x69, 0xff, 0xf5, 0xae, 0x93, 0xff,
    0xfb, 0xea, 0xe4, 0xff, 0xf6, 0xaf, 0x94, 0xff, 0xed, 0x48, 0x08, 0xff,
    0xed, 0x48, 0x08, 0xff, 0xee, 0x48, 0x08, 0xff, 0xee, 0x48, 0x07, 0xff,
    0xef, 0x48, 0x07, 0xff, 0xef, 0x48, 0x07, 0xff, 0xf0, 0x48, 0x06, 0xff,
    0xf0, 0x48, 0x07, 0xff, 0xf1, 0x48, 0x07, 0xff, 0xf1, 0x48, 0x06, 0xff,
    0xf2, 0x48, 0x06, 0xff, 0xf2, 0x48, 0x05, 0xff, 0xf3, 0x48, 0x06, 0xff,
    0xf3, 0x48, 0x05, 0xff, 0xf3, 0x48, 0x05, 0xff, 0xf4, 0x48, 0x05, 0xff,
    0xf4, 0x48, 0x05, 0xff, 0xf5, 0x48, 0x04, 0xff, 0xf5, 0x48, 0x04, 0xff,
    0xf6, 0x48, 0x04, 0xff, 0xf6, 0x48, 0x04, 0xff, 0xfb, 0xf7, 0xf4, 0xff,
    0xfb, 0xf7, 0xf4, 0xff, 0xfb, 0xf7, 0xf4, 0xff, 0xfb, 0xf7, 0xf4, 0xff,
    0xfb, 0xf7, 0xf4, 0xff, 0xfb, 0xf7, 0xf4, 0xff, 0xfb, 0xf7, 0xf4, 0xff,
    0xfb, 0xf7, 0xf4, 0xff, 0xfb, 0xf7, 0xf4, 0xff, 0xfb, 0xf7, 0xf4, 0xff,
    0xfb, 0xf7, 0xf4, 0xff, 0xfb, 0xf7, 0xf4, 0xff, 0xfb, 0xf7, 0xf4, 0xff,
    0xfb, 0xf7, 0xf4, 0xff, 0xfb, 0xf7, 0xf4, 0xff, 0xfb, 0xf7, 0xf4, 0xff,
    0xfb, 0xf7, 0xf4, 0xff, 0xfb, 0xf7, 0xf4, 0xff, 0xfb, 0xf7, 0xf4, 0xff,
    0xfb, 0xf7, 0xf4, 0xff, 0xfb, 0xf7, 0xf4, 0xff, 0xfb, 0xf7, 0xf4, 0xff,
    0xfb, 0xf7, 0xf4, 0xff, 0xfb, 0xf7, 0xf4, 0xff, 0xeb, 0xa0, 0x82, 0xff,
    0xdb, 0x48, 0x0f, 0xff, 0xdc, 0x48, 0x0f, 0xff, 0xdc, 0x48, 0x0f, 0xff,
    0xdd, 0x48, 0x0f, 0xff, 0xdd, 0x48, 0x0e, 0xff, 0xde, 0x48, 0x0e, 0xff,
    0xde, 0x48, 0x0e, 0xff, 0xdf, 0x48, 0x0e, 0xff, 0xdf, 0x48, 0x0e, 0xff,
    0xe0, 0x48, 0x0e, 0xff, 0xe1, 0x48, 0x0d, 0xff, 0xe1, 0x48, 0x0d, 0xff,
    0xe2, 0x48, 0x0d, 0xff, 0xe2, 0x48, 0x0d, 0xff, 0xe3, 0x48, 0x0c, 0xff,
    0xe3, 0x48, 0x0c, 0xff, 0xe4, 0x48, 0x0c, 0xff, 0xe4, 0x48, 0x0c, 0xff,
    0xe5, 0x48, 0x0b, 0xff, 0xe5, 0x48, 0x0b, 0xff, 0xe6, 0x48, 0x0b, 0xff,
    0xe7, 0x48, 0x0b, 0xff, 0xe7, 0x48, 0x0b, 0xff, 0xe8, 0x48, 0x0a, 0xff,
    0xe8, 0x48, 0x0a, 0xff, 0xe9, 0x48, 0x0a, 0xff, 0xea, 0x51, 0x16, 0xff,
    0xeb, 0x51, 0x16, 0xff, 0xea, 0x48, 0x09, 0xff, 0xeb, 0x48, 0x09, 0xff,
    0xeb, 0x48, 0x09, 0xff, 0xec, 0x48, 0x08, 0xff, 0xed, 0x4e, 0x11, 0xff,
    0xef, 0x59, 0x1f, 0xff, 0xed, 0x48, 0x08, 0xff, 0xee, 0x48, 0x08, 0xff,
    0xee, 0x48, 0x07, 0xff, 0xef, 0x48, 0x07, 0xff, 0xef, 0x48, 0x07, 0xff,
    0xf0, 0x48, 0x06, 0xff, 0xf0, 0x48, 0x07, 0xff, 0xf1, 0x48, 0x07, 0xff,
    0xf1, 0x48, 0x06, 0xff, 0xf2, 0x48, 0x06, 0xff, 0xf2, 0x48, 0x05, 0xff,
    0xf3, 0x48, 0x06, 0xff, 0xf3, 0x48, 0x05, 0xff, 0xf3, 0x48, 0x05, 0xff,
    0xf4, 0x48, 0x05, 0xff, 0xf4, 0x48, 0x05, 0xff, 0xf5, 0x48, 0x04, 0xff,
    0xf5, 0x48, 0x04, 0xff, 0xf6, 0x48, 0x04, 0xff, 0xf6, 0x48, 0x04, 0xff,
    0xf7, 0x48, 0x04, 0xff, 0xfb, 0xf7, 0xf4, 0xff, 0xfb, 0xf7, 0xf4, 0xff,
    0xfb, 0xf7, 0xf4, 0xff, 0xfb, 0xf7, 0xf4, 0xff, 0xfb, 0xf7, 0xf4, 0xff,
    0xfb, 0xf7, 0xf4, 0xff, 0xfb, 0xf7, 0xf4, 0xff, 0xfb, 0xf7, 0xf4, 0xff,
    0xfb, 0xf7, 0xf4, 0xff, 0xfb, 0xf7, 0xf4, 0xff, 0xfb, 0xf7, 0xf4, 0xff,
    0xfb, 0xf7, 0xf4, 0xff, 0xfb, 0xf7, 0xf4, 0xff, 0xfb, 0xf7, 0xf4, 0xff,
    0xfb, 0xf7, 0xf4, 0xff, 0xfb, 0xf7, 0xf4, 0xff, 0xfb, 0xf7, 0xf4, 0xff,
    0xfb, 0xf7, 0xf4, 0xff, 0xfb, 0xf7, 0xf4, 0xff, 0xfb, 0xf7, 0xf4, 0xff,
    0xfb, 0xf7, 0xf4, 0xff, 0xfb, 0xf7, 0xf4, 0xff, 0xfb, 0xf7, 0xf4, 0xff,
    0xeb, 0xa0, 0x82, 0xff, 0xdb, 0x48, 0x0f, 0xff, 0xdc, 0x48, 0x0f, 0xff,
    0xdc, 0x48, 0x0f, 0xff, 0xdd, 0x48, 0x0f, 0xff, 0xdd, 0x48, 0x0e, 0xff,
    0xde, 0x48, 0x0e, 0xff, 0xde, 0x48, 0x0e, 0xff, 0xdf, 0x48, 0x0e, 0xff,
    0xdf, 0x48, 0x0e, 0xff, 0xe0, 0x48, 0x0e, 0xff, 0xe1, 0x48, 0x0d, 0xff,
    0xe1, 0x48, 0x0d, 0xff, 0xe2, 0x48, 0x0d, 0xff, 0xe2, 0x48, 0x0d, 0xff,
    0xe3, 0x48, 0x0c, 0xff, 0xe3, 0x48, 0x0c, 0xff, 0xe4, 0x48, 0x0c, 0xff,
    0xe4, 0x48, 0x0c, 0xff, 0xe5, 0x48, 0x0b, 0xff, 0xe5, 0x48, 0x0b, 0xff,
    0xe6, 0x48, 0x0b, 0xff, 0xe7, 0x48, 0x0b, 0xff, 0xe7, 0x48, 0x0b, 0xff,
    0xe8, 0x48, 0x0a, 0xff, 0xe8, 0x48, 0x0a, 0xff, 0xe9, 0x48, 0x0a, 0xff,
    0xe9, 0x48, 0x0a, 0xff, 0xea, 0x48, 0x0a, 0xff, 0xea, 0x48, 0x09, 0xff,
    0xeb, 0x48, 0x09, 0xff, 0xeb, 0x48, 0x09, 0xff, 0xec, 0x48, 0x08, 0xff,
    0xec, 0x48, 0x08, 0xff, 0xed, 0x48, 0x08, 0xff, 0xed, 0x48, 0x08, 0xff,
    0xee, 0x48, 0x08, 0xff, 0xee, 0x48, 0x07, 0xff, 0xef, 0x48, 0x07, 0xff,
    0xef, 0x48, 0x07, 0xff, 0xf0, 0x48, 0x06, 0xff, 0xf0, 0x48, 0x07, 0xff,
    0xf1, 0x48, 0x07, 0xff, 0xf1, 0x48, 0x06, 0xff, 0xf2, 0x48, 0x06, 0xff,
    0xf2, 0x48, 0x05, 0xff, 0xf3, 0x48, 0x06, 0xff, 0xf3, 0x48, 0x05, 0xff,
    0xf3, 0x48, 0x05, 0xff, 0xf4, 0x48, 0x05, 0xff, 0xf4, 0x48, 0x05, 0xff,
    0xf5, 0x48, 0x04, 0xff, 0xf5, 0x48, 0x04, 0xff, 0xf6, 0x48, 0x04, 0xff,
    0xf6, 0x48, 0x04, 0xff, 0xf7, 0x48, 0x04, 0xff, 0xf7, 0x48, 0x03, 0xff,
    0xfb, 0xf7, 0xf4, 0xff, 0xfb, 0xf7, 0xf4, 0xff, 0xfb, 0xf7, 0xf4, 0xff,
    0xfb, 0xf7, 0xf4, 0xff, 0xfb, 0xf7, 0xf4, 0xff, 0xfb, 0xf7, 0xf4, 0xff,
    0xfb, 0xf7, 0xf4, 0xff, 0xfb, 0xf7, 0xf4, 0xff, 0xfb, 0xf7, 0xf4, 0xff,
    0xfb, 0xf7, 0xf4, 0xff, 0xfb, 0xf7, 0xf4, 0xff, 0xfb, 0xf7, 0xf4, 0xff,
    0xfb, 0xf7, 0xf4, 0xff, 0xfb, 0xf7, 0xf4, 0xff, 0xfb, 0xf7, 0xf4, 0xff,
    0xfb, 0xf7, 0xf4, 0xff, 0xfb, 0xf7, 0xf4, 0xff, 0xfb, 0xf7, 0xf4, 0xff,
    0xfb, 0xf7, 0xf4, 0xff, 0xfb, 0xf7, 0xf4, 0xff, 0xfb, 0xf7, 0xf4, 0xff,
    0xfb, 0xf7, 0xf4, 0xff, 0xeb, 0xa0, 0x82, 0xff, 0xdb, 0x48, 0x0f, 0xff,
    0xdc, 0x48, 0x0f, 0xff, 0xdc, 0x48, 0x0f, 0xff, 0xdd, 0x48, 0x0f, 0xff,
    0xdd, 0x48, 0x0e, 0xff, 0xde, 0x48, 0x0e, 0xff, 0xde, 0x48, 0x0e, 0xff,
    0xdf, 0x48, 0x0e, 0xff, 0xdf, 0x48, 0x0e, 0xff, 0xe0, 0x48, 0x0e, 0xff,
    0xe1, 0x48, 0x0d, 0xff, 0xe1, 0x48, 0x0d, 0xff, 0xe2, 0x48, 0x0d, 0xff,
    0xe2, 0x48, 0x0d, 0xff, 0xe3, 0x48, 0x0c, 0xff, 0xe3, 0x48, 0x0c, 0xff,
    0xe4, 0x48, 0x0c, 0xff, 0xe4, 0x48, 0x0c, 0xff, 0xe5, 0x48, 0x0b, 0xff,
    0xe5, 0x48, 0x0b, 0xff, 0xe6, 0x48, 0x0b, 0xff, 0xe7, 0x48, 0x0b, 0xff,
    0xe7, 0x48, 0x0b, 0xff, 0xe8, 0x48, 0x0a, 0xff, 0xe8, 0x48, 0x0a, 0xff,
    0xe9, 0x48, 0x0a, 0xff, 0xe9, 0x48, 0x0a, 0xff, 0xea, 0x48, 0x0a, 0xff,
    0xea, 0x48, 0x09, 0xff, 0xeb, 0x49, 0x0a, 0xff, 0xf5, 0xa7, 0x8a, 0xff,
    0xfc, 0xf4, 0xf1, 0xff, 0xfc, 0xf4, 0xf1, 0xff, 0xf5, 0xa5, 0x86, 0xff,
    0xed, 0x49, 0x09, 0xff, 0xee, 0x48, 0x08, 0xff, 0xee, 0x48, 0x07, 0xff,
    0xef, 0x48, 0x07, 0xff, 0xef, 0x48, 0x07, 0xff, 0xf0, 0x48, 0x06, 0xff,
    0xf0, 0x48, 0x07, 0xff, 0xf1, 0x48, 0x07, 0xff, 0xf1, 0x48, 0x06, 0xff,
    0xf2, 0x48, 0x06, 0xff, 0xf2, 0x48, 0x05, 0xff, 0xf3, 0x48, 0x06, 0xff,
    0xf3, 0x48, 0x05, 0xff, 0xf3, 0x48, 0x05, 0xff, 0xf4, 0x48, 0x05, 0xff,
    0xf4, 0x48, 0x05, 0xff, 0xf5, 0x48, 0x04, 0xff, 0xf5, 0x48, 0x04, 0xff,
    0xf6, 0x48, 0x04, 0xff, 0xf6, 0x48, 0x04, 0xff, 0xf7, 0x48, 0x04, 0xff,
    0xf7, 0x48, 0x03, 0xff, 0xf7, 0x48, 0x04, 0xff, 0xfb, 0xf7, 0xf4, 0xff,
    0xfb, 0xf7, 0xf4, 0xff, 0xfb, 0xf7, 0xf4, 0xff, 0xfb, 0xf7, 0xf4, 0xff,
    0xfb, 0xf7, 0xf4, 0xff, 0xfb, 0xf7, 0xf4, 0xff, 0xfb, 0xf7, 0xf4, 0xff,
    0xfb, 0xf7, 0xf4, 0xff, 0xfb, 0xf7, 0xf4, 0xff, 0xfb, 0xf7, 0xf4, 0xff,
    0xfb, 0xf7, 0xf4, 0xff, 0xfb, 0xf7, 0xf4, 0xff, 0xfb, 0xf7, 0xf4, 0xff,
    0xfb, 0xf7, 0xf4, 0xff, 0xfb, 0xf7, 0xf4, 0xff, 0xfb, 0xf7, 0xf4, 0xff,
    0xfb, 0xf7, 0xf4, 0xff, 0xfb, 0xf7, 0xf4, 0xff, 0xfb, 0xf7, 0xf4, 0xff,
    0xfb, 0xf7, 0xf4, 0xff, 0xfb, 0xf7, 0xf4, 0xff, 0xeb, 0xa0, 0x82, 0xff,
    0xdb, 0x48, 0x0f, 0xff, 0xdc, 0x48, 0x0f, 0xff, 0xdc, 0x48, 0x0f, 0xff,
    0xdd, 0x48, 0x0f, 0xff, 0xdd, 0x48, 0x0e, 0xff, 0xde, 0x48, 0x0e, 0xff,
    0xde, 0x48, 0x0e, 0xff, 0xdf, 0x48, 0x0e, 0xff, 0xdf, 0x48, 0x0e, 0xff,
    0xe0, 0x48, 0x0e, 0xff, 0xe1, 0x48, 0x0d, 0xff, 0xe1, 0x48, 0x0d, 0xff,
    0xe2, 0x48, 0x0d, 0xff, 0xe2, 0x48, 0x0d, 0xff, 0xe3, 0x48, 0x0c, 0xff,
    0xe3, 0x48, 0x0c, 0xff, 0xe4, 0x48, 0x0c, 0xff, 0xe4, 0x48, 0x0c, 0xff,
    0xe5, 0x48, 0x0b, 0xff, 0xe5, 0x48, 0x0b, 0xff, 0xe6, 0x48, 0x0b, 0xff,
    0xe7, 0x48, 0x0b, 0xff, 0xe7, 0x48, 0x0b, 0xff, 0xe8, 0x48, 0x0a, 0xff,
    0xe8, 0x48, 0x0a, 0xff, 0xe9, 0x48, 0x0a, 0xff, 0xe9, 0x48, 0x0a, 0xff,
    0xea, 0x48, 0x0a, 0xff, 0xea, 0x48, 0x09, 0xff, 0xeb, 0x48, 0x09, 0xff,
    0xf2, 0x8d, 0x66, 0xff, 0xfd, 0xfc, 0xfc, 0xff, 0xfd, 0xfc, 0xfc, 0xff,
    0xfd, 0xfc, 0xfc, 0xff, 0xfd, 0xfc, 0xfc, 0xff, 0xf3, 0x88, 0x5e, 0xff,
    0xee, 0x48, 0x07, 0xff, 0xef, 0x48, 0x07, 0xff, 0xf0, 0x52, 0x14, 0xff,
    0xf0, 0x4a, 0x09, 0xff, 0xf0, 0x48, 0x07, 0xff, 0xf1, 0x48, 0x07, 0xff,
    0xf1, 0x48, 0x06, 0xff, 0xf2, 0x48, 0x06, 0xff, 0xf2, 0x48, 0x05, 0xff,
    0xf3, 0x48, 0x06, 0xff, 0xf3, 0x48, 0x05, 0xff, 0xf3, 0x48, 0x05, 0xff,
    0xf4, 0x48, 0x05, 0xff, 0xf4, 0x48, 0x05, 0xff, 0xf5, 0x48, 0x04, 0xff,
    0xf5, 0x48, 0x04, 0xff, 0xf6, 0x48, 0x04, 0xff, 0xf6, 0x48, 0x04, 0xff,
    0xf7, 0x48, 0x04, 0xff, 0xf7, 0x48, 0x03, 0xff, 0xf7, 0x48, 0x04, 0xff,
    0xf8, 0x48, 0x03, 0xff, 0xfb, 0xf7, 0xf4, 0xff, 0xfb, 0xf7, 0xf4, 0xff,
    0xfb, 0xf7, 0xf4, 0xff, 0xfb, 0xf7, 0xf4, 0xff, 0xfb, 0xf7, 0xf4, 0xff,
    0xfb, 0xf7, 0xf4, 0xff, 0xfb, 0xf7, 0xf4, 0xff, 0xfb, 0xf7, 0xf4, 0xff,
    0xfb, 0xf7, 0xf4, 0xff, 0xfb, 0xf7, 0xf4, 0xff, 0xfb, 0xf7, 0xf4, 0xff,
    0xfb, 0xf7, 0xf4, 0xff, 0xfb, 0xf7, 0xf4, 0xff, 0xfb, 0xf7, 0xf4, 0xff,
    0xfb, 0xf7, 0xf4, 0xff, 0xfb, 0xf7, 0xf4, 0xff, 0xfb, 0xf7, 0xf4, 0xff,
    0xfb, 0xf7, 0xf4, 0xff, 0xfb, 0xf7, 0xf4, 0xff, 0xfb, 0xf7, 0xf4, 0xff,
    0xeb, 0xa0, 0x82, 0xff, 0xdb, 0x48, 0x0f, 0xff, 0xdc, 0x48, 0x0f, 0xff,
    0xdc, 0x48, 0x0f, 0xff, 0xdd, 0x48, 0x0f, 0xff, 0xdd, 0x48, 0x0e, 0xff,
    0xde, 0x48, 0x0e, 0xff, 0xde, 0x48, 0x0e, 0xff, 0xdf, 0x48, 0x0e, 0xff,
    0xdf, 0x48, 0x0e, 0xff, 0xe0, 0x48, 0x0e, 0xff, 0xe1, 0x48, 0x0d, 0xff,
    0xe1, 0x48, 0x0d, 0xff, 0xe2, 0x48, 0x0d, 0xff, 0xe2, 0x48, 0x0d, 0xff,
    0xe3, 0x48, 0x0c, 0xff, 0xe3, 0x48, 0x0c, 0xff, 0xe4, 0x48, 0x0c, 0xff,
    0xe4, 0x48, 0x0c, 0xff, 0xe5, 0x48, 0x0b, 0xff, 0xe5, 0x48, 0x0b, 0xff,
    0xe6, 0x48, 0x0b, 0xff, 0xe7, 0x48, 0x0b, 0xff, 0xe7, 0x48, 0x0b, 0xff,
    0xea, 0x5c, 0x25, 0xff, 0xee, 0x7a, 0x4d, 0xff, 0xf2, 0x9b, 0x79, 0xff,
    0xf6, 0xba, 0xa3, 0xff, 0xf9, 0xd9, 0xcd, 0xff, 0xf5, 0xb0, 0x95, 0xff,
    0xeb, 0x48, 0x09, 0xff, 0xeb, 0x48, 0x09, 0xff, 0xf7, 0xba, 0xa3, 0xff,
    0xfd, 0xfc, 0xfc, 0xff, 0xfd, 0xfc, 0xfc, 0xff, 0xfd, 0xfc, 0xfc, 0xff,
    0xfd, 0xfc, 0xfc, 0xff, 0xf7, 0xb2, 0x97, 0xff, 0xef, 0x48, 0x07, 0xff,
    0xef, 0x48, 0x07, 0xff, 0xf7, 0xa5, 0x85, 0xff, 0xfd, 0xf6, 0xf3, 0xff,
    0xfb, 0xd7, 0xca, 0xff, 0xf8, 0xb8, 0x9e, 0xff, 0xf7, 0x98, 0x74, 0xff,
    0xf5, 0x79, 0x48, 0xff, 0xf4, 0x58, 0x1b, 0xff, 0xf3, 0x48, 0x05, 0xff,
    0xf3, 0x48, 0x05, 0xff, 0xf4, 0x48, 0x05, 0xff, 0xf4, 0x48, 0x05, 0xff,
    0xf5, 0x48, 0x04, 0xff, 0xf5, 0x48, 0x04, 0xff, 0xf6, 0x48, 0x04, 0xff,
    0xf6, 0x48, 0x04, 0xff, 0xf7, 0x48, 0x04, 0xff, 0xf7, 0x48, 0x03, 0xff,
    0xf7, 0x48, 0x04, 0xff, 0xf8, 0x48, 0x03, 0xff, 0xf8, 0x48, 0x02, 0xff,
    0xfb, 0xf7, 0xf4, 0xff, 0xfb, 0xf7, 0xf4, 0xff, 0xfb, 0xf7, 0xf4, 0xff,
    0xfb, 0xf7, 0xf4, 0xff, 0xfb, 0xf7, 0xf4, 0xff, 0xfb, 0xf7, 0xf4, 0xff,
    0xfb, 0xf7, 0xf4, 0xff, 0xfb, 0xf7, 0xf4, 0xff, 0xfb, 0xf7, 0xf4, 0xff,
    0xfb, 0xf7, 0xf4, 0xff, 0xfb, 0xf7, 0xf4, 0xff, 0xfb, 0xf7, 0xf4, 0xff,
    0xfb, 0xf7, 0xf4, 0xff, 0xfb, 0xf7, 0xf4, 0xff, 0xfb, 0xf7, 0xf4, 0xff,
    0xfb, 0xf7, 0xf4, 0xff, 0xfb, 0xf7, 0xf4, 0xff, 0xfb, 0xf7, 0xf4, 0xff,
    0xfb, 0xf7, 0xf4, 0xff, 0xeb, 0xa0, 0x82, 0xff, 0xdb, 0x48, 0x0f, 0xff,
    0xdc, 0x48, 0x0f, 0xff, 0xdc, 0x48, 0x0f, 0xff, 0xdd, 0x48, 0x0f, 0xff,
    0xdd, 0x48, 0x0e, 0xff, 0xde, 0x48, 0x0e, 0xff, 0xde, 0x48, 0x0e, 0xff,
    0xdf, 0x48, 0x0e, 0xff, 0xdf, 0x48, 0x0e, 0xff, 0xe0, 0x48, 0x0e, 0xff,
    0xe1, 0x48, 0x0d, 0xff, 0xe1, 0x48, 0x0d, 0xff, 0xe2, 0x48, 0x0d, 0xff,
    0xe2, 0x48, 0x0d, 0xff, 0xe3, 0x48, 0x0c, 0xff, 0xe3, 0x48, 0x0c, 0xff,
    0xe4, 0x48, 0x0c, 0xff, 0xe4, 0x48, 0x0c, 0xff, 0xe5, 0x48, 0x0b, 0xff,
    0xe5, 0x48, 0x0b, 0xff, 0xe6, 0x48, 0x0b, 0xff, 0xe9, 0x55, 0x1c, 0xff,
    0xf4, 0xb0, 0x97, 0xff, 0xfb, 0xec, 0xe7, 0xff, 0xfd, 0xfc, 0xfc, 0xff,
    0xfd, 0xfc, 0xfc, 0xff, 0xfd, 0xfc, 0xfc, 0xff, 0xfd, 0xfc, 0xfc, 0xff,
    0xfd, 0xfc, 0xfc, 0xff, 0xf8, 0xc8, 0xb6, 0xff, 0xeb, 0x48, 0x09, 0xff,
    0xec, 0x48, 0x08, 0xff, 0xf4, 0x9b, 0x78, 0xff, 0xfd, 0xfc, 0xfc, 0xff,
    0xfd, 0xfc, 0xfc, 0xff, 0xfd, 0xfc, 0xfc, 0xff, 0xfd, 0xfc, 0xfc, 0xff,
    0xf5, 0x96, 0x71, 0xff, 0xef, 0x48, 0x07, 0xff, 0xf0, 0x48, 0x06, 0xff,
    0xf8, 0xba, 0xa3, 0xff, 0xfd, 0xfc, 0xfc, 0xff, 0xfd, 0xfc, 0xfc, 0xff,
    0xfd, 0xfc, 0xfc, 0xff, 0xfd, 0xfc, 0xfc, 0xff, 0xfd, 0xfc, 0xfc, 0xff,
    0xfd, 0xfb, 0xfb, 0xff, 0xfa, 0xcf, 0xbe, 0xff, 0xf5, 0x64, 0x2c, 0xff,
    0xf4, 0x48, 0x05, 0xff, 0xf5, 0x48, 0x04, 0xff, 0xf5, 0x48, 0x04, 0xff,
    0xf6, 0x48, 0x04, 0xff, 0xf6, 0x48, 0x04, 0xff, 0xf7, 0x48, 0x04, 0xff,
    0xf7, 0x48, 0x03, 0xff, 0xf7, 0x48, 0x04, 0xff, 0xf8, 0x48, 0x03, 0xff,
    0xf8, 0x48, 0x02, 0xff, 0xf8, 0x48, 0x02, 0xff, 0xfb, 0xf7, 0xf4, 0xff,
    0xfb, 0xf7, 0xf4, 0xff, 0xfb, 0xf7, 0xf4, 0xff, 0xfb, 0xf7, 0xf4, 0xff,
    0xfb, 0xf7, 0xf4, 0xff, 0xfb, 0xf7, 0xf4, 0xff, 0xfb, 0xf7, 0xf4, 0xff,
    0xfb, 0xf7, 0xf4, 0xff, 0xfb, 0xf7, 0xf4, 0xff, 0xfb, 0xf7, 0xf4, 0xff,
    0xfb, 0xf7, 0xf4, 0xff, 0xfb, 0xf7, 0xf4, 0xff, 0xfb, 0xf7, 0xf4, 0xff,
    0xfb, 0xf7, 0xf4, 0xff, 0xfb, 0xf7, 0xf4, 0xff, 0xfb, 0xf7, 0xf4, 0xff,
    0xfb, 0xf7, 0xf4, 0xff, 0xfb, 0xf7, 0xf4, 0xff, 0xeb, 0xa0, 0x82, 0xff,
    0xdb, 0x48, 0x0f, 0xff, 0xdc, 0x48, 0x0f, 0xff, 0xdc, 0x48, 0x0f, 0xff,
    0xdd, 0x48, 0x0f, 0xff, 0xdd, 0x48, 0x0e, 0xff, 0xde, 0x48, 0x0e, 0xff,
    0xde, 0x48, 0x0e, 0xff, 0xdf, 0x48, 0x0e, 0xff, 0xdf, 0x48, 0x0e, 0xff,
    0xe0, 0x48, 0x0e, 0xff, 0xe1, 0x48, 0x0d, 0xff, 0xe1, 0x48, 0x0d, 0xff,
    0xe2, 0x48, 0x0d, 0xff, 0xe2, 0x48, 0x0d, 0xff, 0xe3, 0x48, 0x0c, 0xff,
    0xe3, 0x48, 0x0c, 0xff, 0xe4, 0x48, 0x0c, 0xff, 0xe4, 0x48, 0x0c, 0xff,
    0xe5, 0x48, 0x0b, 0xff, 0xe5, 0x48, 0x0b, 0xff, 0xe6, 0x48, 0x0b, 0xff,
    0xe8, 0x54, 0x1b, 0xff, 0xfa, 0xe0, 0xd7, 0xff, 0xfd, 0xfc, 0xfc, 0xff,
    0xfd, 0xfc, 0xfc, 0xff, 0xfd, 0xfc, 0xfc, 0xff, 0xfd, 0xfc, 0xfc, 0xff,
    0xfd, 0xfc, 0xfc, 0xff, 0xfd, 0xfc, 0xfc, 0xff, 0xfd, 0xfc, 0xfc, 0xff,
    0xfc, 0xf4, 0xf1, 0xff, 0xed, 0x53, 0x17, 0xff, 0xec, 0x48, 0x08, 0xff,
    0xee, 0x4f, 0x12, 0xff, 0xf8, 0xc2, 0xae, 0xff, 0xfd, 0xfc, 0xfc, 0xff,
    0xfd, 0xfc, 0xfc, 0xff, 0xf8, 0xbe, 0xa7, 0xff, 0xef, 0x4b, 0x0b, 0xff,
    0xf0, 0x48, 0x06, 0xff, 0xf0, 0x4d, 0x0e, 0xff, 0xfc, 0xe9, 0xe2, 0xff,
    0xfd, 0xfc, 0xfc, 0xff, 0xfd, 0xfc, 0xfc, 0xff, 0xfd, 0xfc, 0xfc, 0xff,
    0xfd, 0xfc, 0xfc, 0xff, 0xfd, 0xfc, 0xfc, 0xff, 0xfd, 0xfc, 0xfc, 0xff,
    0xfd, 0xfc, 0xfc, 0xff, 0xfc, 0xed, 0xe8, 0xff, 0xf6, 0x5c, 0x1f, 0xff,
    0xf5, 0x48, 0x04, 0xff, 0xf6, 0x48, 0x04, 0xff, 0xf6, 0x48, 0x04, 0xff,
    0xf7, 0x48, 0x04, 0xff, 0xf7, 0x48, 0x03, 0xff, 0xf7, 0x48, 0x04, 0xff,
    0xf8, 0x48, 0x03, 0xff, 0xf8, 0x48, 0x02, 0xff, 0xf8, 0x48, 0x02, 0xff,
    0xf9, 0x48, 0x02, 0xff, 0xfb, 0xf7, 0xf4, 0xff, 0xfb, 0xf7, 0xf4, 0xff,
    0xfb, 0xf7, 0xf4, 0xff, 0xfb, 0xf7, 0xf4, 0xff, 0xfb, 0xf7, 0xf4, 0xff,
    0xfb, 0xf7, 0xf4, 0xff, 0xfb, 0xf7, 0xf4, 0xff, 0xfb, 0xf7, 0xf4, 0xff,
    0xfb, 0xf7, 0xf4, 0xff, 0xfb, 0xf7, 0xf4, 0xff, 0xfb, 0xf7, 0xf4, 0xff,
    0xfb, 0xf7, 0xf4, 0xff, 0xfb, 0xf7, 0xf4, 0xff, 0xfb, 0xf7, 0xf4, 0xff,
    0xfb, 0xf7, 0xf4, 0xff, 0xfb, 0xf7, 0xf4, 0xff, 0xfb, 0xf7, 0xf4, 0xff,
    0xeb, 0xa0, 0x82, 0xff, 0xdb, 0x48, 0x0f, 0xff, 0xdc, 0x48, 0x0f, 0xff,
    0xdc, 0x48, 0x0f, 0xff, 0xdd, 0x48, 0x0f, 0xff, 0xdd, 0x48, 0x0e, 0xff,
    0xde, 0x48, 0x0e, 0xff, 0xde, 0x48, 0x0e, 0xff, 0xdf, 0x48, 0x0e, 0xff,
    0xdf, 0x48, 0x0e, 0xff, 0xe0, 0x48, 0x0e, 0xff, 0xe1, 0x48, 0x0d, 0xff,
    0xe1, 0x48, 0x0d, 0xff, 0xe2, 0x48, 0x0d, 0xff, 0xe2, 0x48, 0x0d, 0xff,
    0xe3, 0x48, 0x0c, 0xff, 0xe3, 0x48, 0x0c, 0xff, 0xe4, 0x48, 0x0c, 0xff,
    0xe4, 0x48, 0x0c, 0xff, 0xe5, 0x48, 0x0b, 0xff, 0xe5, 0x48, 0x0b, 0xff,
    0xe6, 0x48, 0x0b, 0xff, 0xe7, 0x48, 0x0b, 0xff, 0xf3, 0xae, 0x93, 0xff,
    0xfd, 0xfc, 0xfc, 0xff, 0xfd, 0xfc, 0xfc, 0xff, 0xfd, 0xfc, 0xfc, 0xff,
    0xfd, 0xfc, 0xfc, 0xff, 0xfd, 0xfc, 0xfc, 0xff, 0xfd, 0xfc, 0xfc, 0xff,
    0xfd, 0xfc, 0xfc, 0xff, 0xfd, 0xfc, 0xfc, 0xff, 0xfd, 0xfc, 0xfc, 0xff,
    0xf6, 0xb5, 0x9c, 0xff, 0xed, 0x48, 0x08, 0xff, 0xed, 0x48, 0x08, 0xff,
    0xee, 0x48, 0x08, 0xff, 0xf0, 0x5d, 0x24, 0xff, 0xf1, 0x5c, 0x22, 0xff,
    0xef, 0x48, 0x07, 0xff, 0xf0, 0x48, 0x06, 0xff, 0xf0, 0x48, 0x07, 0xff,
    0xf7, 0xa3, 0x83, 0xff, 0xfd, 0xfc, 0xfc, 0xff, 0xfd, 0xfc, 0xfc, 0xff,
    0xfd, 0xfc, 0xfc, 0xff, 0xfd, 0xfc, 0xfc, 0xff, 0xfd, 0xfc, 0xfc, 0xff,
    0xfd, 0xfc, 0xfc, 0xff, 0xfd, 0xfc, 0xfc, 0xff, 0xfd, 0xfc, 0xfc, 0xff,
    0xfd, 0xfc, 0xfc, 0xff, 0xfa, 0xb4, 0x99, 0xff, 0xf6, 0x48, 0x04, 0xff,
    0xf6, 0x48, 0x04, 0xff, 0xf7, 0x48, 0x04, 0xff, 0xf7, 0x48, 0x03, 0xff,
    0xf7, 0x48, 0x04, 0xff, 0xf8, 0x48, 0x03, 0xff, 0xf8, 0x48, 0x02, 0xff,
    0xf8, 0x48, 0x02, 0xff, 0xf9, 0x48, 0x02, 0xff, 0xf9, 0x48, 0x02, 0xff,
    0xfb, 0xf7, 0xf4, 0xff, 0xfb, 0xf7, 0xf4, 0xff, 0xfb, 0xf7, 0xf4, 0xff,
    0xfb, 0xf7, 0xf4, 0xff, 0xfb, 0xf7, 0xf4, 0xff, 0xfb, 0xf7, 0xf4, 0xff,
    0xfb, 0xf7, 0xf4, 0xff, 0xfb, 0xf7, 0xf4, 0xff, 0xfb, 0xf7, 0xf4, 0xff,
    0xfb, 0xf7, 0xf4, 0xff, 0xfb, 0xf7, 0xf4, 0xff, 0xfb, 0xf7, 0xf4, 0xff,
    0xfb, 0xf7, 0xf4, 0xff, 0xfb, 0xf7, 0xf4, 0xff, 0xfb, 0xf7, 0xf4, 0xff,
    0xfb, 0xf7, 0xf4, 0xff, 0xeb, 0xa0, 0x82, 0xff, 0xdb, 0x48, 0x0f, 0xff,
    0xdc, 0x48, 0x0f, 0xff, 0xdc, 0x48, 0x0f, 0xff, 0xdd, 0x48, 0x0f, 0xff,
    0xdd, 0x48, 0x0e, 0xff, 0xde, 0x48, 0x0e, 0xff, 0xde, 0x48, 0x0e, 0xff,
    0xdf, 0x48, 0x0e, 0xff, 0xdf, 0x48, 0x0e, 0xff, 0xe0, 0x48, 0x0e, 0xff,
    0xe1, 0x48, 0x0d, 0xff, 0xe1, 0x48, 0x0d, 0xff, 0xe2, 0x48, 0x0d, 0xff,
    0xe2, 0x48, 0x0d, 0xff, 0xe3, 0x48, 0x0c, 0xff, 0xe3, 0x48, 0x0c, 0xff,
    0xe4, 0x48, 0x0c, 0xff, 0xe4, 0x48, 0x0c, 0xff, 0xe5, 0x48, 0x0b, 0xff,
    0xe5, 0x48, 0x0b, 0xff, 0xe6, 0x48, 0x0b, 0xff, 0xe7, 0x48, 0x0b, 0xff,
    0xe7, 0x48, 0x0b, 0xff, 0xfb, 0xe7, 0xe0, 0xff, 0xfd, 0xfc, 0xfc, 0xff,
    0xfd, 0xfc, 0xfc, 0xff, 0xfd, 0xfc, 0xfc, 0xff, 0xfd, 0xfc, 0xfc, 0xff,
    0xfd, 0xfc, 0xfc, 0xff, 0xfd, 0xfc, 0xfc, 0xff, 0xfd, 0xfc, 0xfc, 0xff,
    0xfd, 0xfc, 0xfc, 0xff, 0xfd, 0xfc, 0xfc, 0xff, 0xfd, 0xfc, 0xfc, 0xff,
    0xf6, 0xb0, 0x96, 0xff, 0xef, 0x4e, 0x11, 0xff, 0xee, 0x48, 0x07, 0xff,
    0xef, 0x48, 0x07, 0xff, 0xef, 0x48, 0x07, 0xff, 0xf0, 0x48, 0x06, 0xff,
    0xf0, 0x4c, 0x0d, 0xff, 0xf7, 0xa4, 0x85, 0xff, 0xfd, 0xfb, 0xfb, 0xff,
    0xfd, 0xfc, 0xfc, 0xff, 0xfd, 0xfc, 0xfc, 0xff, 0xfd, 0xfc, 0xfc, 0xff,
    0xfd, 0xfc, 0xfc, 0xff, 0xfd, 0xfc, 0xfc, 0xff, 0xfd, 0xfc, 0xfc, 0xff,
    0xfd, 0xfc, 0xfc, 0xff, 0xfd, 0xfc, 0xfc, 0xff, 0xfd, 0xfc, 0xfc, 0xff,
    0xfc, 0xea, 0xe3, 0xff, 0xf6, 0x48, 0x04, 0xff, 0xf7, 0x48, 0x04, 0xff,
    0xf7, 0x48, 0x03, 0xff, 0xf7, 0x48, 0x04, 0xff, 0xf8, 0x48, 0x03, 0xff,
    0xf8, 0x48, 0x02, 0xff, 0xf8, 0x48, 0x02, 0xff, 0xf9, 0x48, 0x02, 0xff,
    0xf9, 0x48, 0x02, 0xff, 0xfa, 0x48, 0x02, 0xff, 0xfb, 0xf7, 0xf4, 0xff,
    0xfb, 0xf7, 0xf4, 0xff, 0xfb, 0xf7, 0xf4, 0xff, 0xfb, 0xf7, 0xf4, 0xff,
    0xfb, 0xf7, 0xf4, 0xff, 0xfb, 0xf7, 0xf4, 0xff, 0xfb, 0xf7, 0xf4, 0xff,
    0xfb, 0xf7, 0xf4, 0xff, 0xfb, 0xf7, 0xf4, 0xff, 0xfb, 0xf7, 0xf4, 0xff,
    0xfb, 0xf7, 0xf4, 0xff, 0xfb, 0xf7, 0xf4, 0xff, 0xfb, 0xf7, 0xf4, 0xff,
    0xfb, 0xf7, 0xf4, 0xff, 0xfb, 0xf7, 0xf4, 0xff, 0xeb, 0xa0, 0x82, 0xff,
    0xdb, 0x48, 0x0f, 0xff, 0xdc, 0x48, 0x0f, 0xff, 0xdc, 0x48, 0x0f, 0xff,
    0xdd, 0x48, 0x0f, 0xff, 0xdd, 0x48, 0x0e, 0xff, 0xde, 0x48, 0x0e, 0xff,
    0xde, 0x48, 0x0e, 0xff, 0xdf, 0x48, 0x0e, 0xff, 0xdf, 0x48, 0x0e, 0xff,
    0xe0, 0x48, 0x0e, 0xff, 0xe1, 0x48, 0x0d, 0xff, 0xe1, 0x48, 0x0d, 0xff,
    0xe2, 0x48, 0x0d, 0xff, 0xe2, 0x48, 0x0d, 0xff, 0xe3, 0x48, 0x0c, 0xff,
    0xe3, 0x48, 0x0c, 0xff, 0xe4, 0x48, 0x0c, 0xff, 0xe4, 0x48, 0x0c, 0xff,
    0xe5, 0x48, 0x0b, 0xff, 0xe5, 0x48, 0x0b, 0xff, 0xe6, 0x48, 0x0b, 0xff,
    0xe7, 0x48, 0x0b, 0xff, 0xe7, 0x48, 0x0b, 0xff, 0xe8, 0x48, 0x0a, 0xff,
    0xfd, 0xfb, 0xfa, 0xff, 0xfd, 0xfc, 0xfc, 0xff, 0xfd, 0xfc, 0xfc, 0xff,
    0xfd, 0xfc, 0xfc, 0xff, 0xfd, 0xfc, 0xfc, 0xff, 0xfd, 0xfc, 0xfc, 0xff,
    0xfd, 0xfc, 0xfc, 0xff, 0xfd, 0xfc, 0xfc, 0xff, 0xfd, 0xfc, 0xfc, 0xff,
    0xfd, 0xfc, 0xfc, 0xff, 0xfd, 0xfc, 0xfc, 0xff, 0xfd, 0xfc, 0xfc, 0xff,
    0xf5, 0x9b, 0x77, 0xff, 0xef, 0x48, 0x07, 0xff, 0xef, 0x48, 0x07, 0xff,
    0xf0, 0x48, 0x06, 0xff, 0xf0, 0x48, 0x07, 0xff, 0xf5, 0x7f, 0x52, 0xff,
    0xfd, 0xfb, 0xfb, 0xff, 0xfd, 0xfc, 0xfc, 0xff, 0xfd, 0xfc, 0xfc, 0xff,
    0xfd, 0xfc, 0xfc, 0xff, 0xfd, 0xfc, 0xfc, 0xff, 0xfd, 0xfc, 0xfc, 0xff,
    0xfd, 0xfc, 0xfc, 0xff, 0xfd, 0xfc, 0xfc, 0xff, 0xfd, 0xfc, 0xfc, 0xff,
    0xfd, 0xfc, 0xfc, 0xff, 0xfd, 0xfc, 0xfc, 0xff, 0xfd, 0xf6, 0xf4, 0xff,
    0xf7, 0x48, 0x04, 0xff, 0xf7, 0x48, 0x03, 0xff, 0xf7, 0x48, 0x04, 0xff,
    0xf8, 0x48, 0x03, 0xff, 0xf8, 0x48, 0x02, 0xff, 0xf8, 0x48, 0x02, 0xff,
    0xf9, 0x48, 0x02, 0xff, 0xf9, 0x48, 0x02, 0xff, 0xfa, 0x48, 0x02, 0xff,
    0xfa, 0x48, 0x02, 0xff, 0xfb, 0xf7, 0xf4, 0xff, 0xfb, 0xf7, 0xf4, 0xff,
    0xfb, 0xf7, 0xf4, 0xff, 0xfb, 0xf7, 0xf4, 0xff, 0xfb, 0xf7, 0xf4, 0xff,
    0xfb, 0xf7, 0xf4, 0xff, 0xfb, 0xf7, 0xf4, 0xff, 0xfb, 0xf7, 0xf4, 0xff,
    0xfb, 0xf7, 0xf4, 0xff, 0xfb, 0xf7, 0xf4, 0xff, 0xfb, 0xf7, 0xf4, 0xff,
    0xfb, 0xf7, 0xf4, 0xff, 0xfb, 0xf7, 0xf4, 0xff, 0xfb, 0xf7, 0xf4, 0xff,
    0xeb, 0xa0, 0x82, 0xff, 0xdb, 0x48, 0x0f, 0xff, 0xdc, 0x48, 0x0f, 0xff,
    0xdc, 0x48, 0x0f, 0xff, 0xdd, 0x48, 0x0f, 0xff, 0xdd, 0x48, 0x0e, 0xff,
    0xde, 0x48, 0x0e, 0xff, 0xde, 0x48, 0x0e, 0xff, 0xdf, 0x48, 0x0e, 0xff,
    0xdf, 0x48, 0x0e, 0xff, 0xe0, 0x48, 0x0e, 0xff, 0xe1, 0x48, 0x0d, 0xff,
    0xe1, 0x48, 0x0d, 0xff, 0xe2, 0x48, 0x0d, 0xff, 0xe2, 0x48, 0x0d, 0xff,
    0xe3, 0x48, 0x0c, 0xff, 0xe3, 0x48, 0x0c, 0xff, 0xe4, 0x48, 0x0c, 0xff,
    0xe4, 0x48, 0x0c, 0xff, 0xe5, 0x48, 0x0b, 0xff, 0xe5, 0x48, 0x0b, 0xff,
    0xe6, 0x48, 0x0b, 0xff, 0xe7, 0x48, 0x0b, 0xff, 0xe7, 0x48, 0x0b, 0xff,
    0xe8, 0x48, 0x0a, 0xff, 0xe8, 0x48, 0x0a, 0xff, 0xfa, 0xe3, 0xdb, 0xff,
    0xfd, 0xfc, 0xfc, 0xff, 0xfd, 0xfc, 0xfc, 0xff, 0xfd, 0xfc, 0xfc, 0xff,
    0xfd, 0xfc, 0xfc, 0xff, 0xfd, 0xfc, 0xfc, 0xff, 0xfd, 0xfc, 0xfc, 0xff,
    0xfd, 0xfc, 0xfc, 0xff, 0xfd, 0xfc, 0xfc, 0xff, 0xfd, 0xfc, 0xfc, 0xff,
    0xfd, 0xfc, 0xfc, 0xff, 0xf8, 0xbc, 0xa5, 0xff, 0xef, 0x49, 0x08, 0xff,
    0xef, 0x48, 0x07, 0xff, 0xf0, 0x48, 0x06, 0xff, 0xf0, 0x48, 0x07, 0xff,
    0xf1, 0x48, 0x07, 0xff, 0xf1, 0x48, 0x06, 0xff, 0xf7, 0x9d, 0x7a, 0xff,
    0xfd, 0xfc, 0xfc, 0xff, 0xfd, 0xfc, 0xfc, 0xff, 0xfd, 0xfc, 0xfc, 0xff,
    0xfd, 0xfc, 0xfc, 0xff, 0xfd, 0xfc, 0xfc, 0xff, 0xfd, 0xfc, 0xfc, 0xff,
    0xfd, 0xfc, 0xfc, 0xff, 0xfd, 0xfc, 0xfc, 0xff, 0xfd, 0xfc, 0xfc, 0xff,
    0xfd, 0xfc, 0xfc, 0xff, 0xfc, 0xe0, 0xd6, 0xff, 0xf7, 0x48, 0x03, 0xff,
    0xf7, 0x48, 0x04, 0xff, 0xf8, 0x48, 0x03, 0xff, 0xf8, 0x48, 0x02, 0xff,
    0xf8, 0x48, 0x02, 0xff, 0xf9, 0x48, 0x02, 0xff, 0xf9, 0x48, 0x02, 0xff,
    0xfa, 0x48, 0x02, 0xff, 0xfa, 0x48, 0x02, 0xff, 0xfa, 0x48, 0x02, 0xff,
    0xfb, 0xf7, 0xf4, 0xff, 0xfb, 0xf7, 0xf4, 0xff, 0xfb, 0xf7, 0xf4, 0xff,
    0xfb, 0xf7, 0xf4, 0xff, 0xfb, 0xf7, 0xf4, 0xff, 0xfb, 0xf7, 0xf4, 0xff,
    0xfb, 0xf7, 0xf4, 0xff, 0xfb, 0xf7, 0xf4, 0xff, 0xfb, 0xf7, 0xf4, 0xff,
    0xfb, 0xf7, 0xf4, 0xff, 0xfb, 0xf7, 0xf4, 0xff, 0xfb, 0xf7, 0xf4, 0xff,
    0xfb, 0xf7, 0xf4, 0xff, 0xeb, 0xa0, 0x82, 0xff, 0xdb, 0x48, 0x0f, 0xff,
    0xdc, 0x48, 0x0f, 0xff, 0xdc, 0x48, 0x0f, 0xff, 0xdd, 0x48, 0x0f, 0xff,
    0xdd, 0x48, 0x0e, 0xff, 0xde, 0x48, 0x0e, 0xff, 0xde, 0x48, 0x0e, 0xff,
    0xdf, 0x48, 0x0e, 0xff, 0xdf, 0x48, 0x0e, 0xff, 0xe0, 0x48, 0x0e, 0xff,
    0xe1, 0x48, 0x0d, 0xff, 0xe1, 0x48, 0x0d, 0xff, 0xe2, 0x48, 0x0d, 0xff,
    0xe2, 0x48, 0x0d, 0xff, 0xe3, 0x48, 0x0c, 0xff, 0xe3, 0x48, 0x0c, 0xff,
    0xe4, 0x48, 0x0c, 0xff, 0xe4, 0x48, 0x0c, 0xff, 0xe5, 0x48, 0x0b, 0xff,
    0xe5, 0x48, 0x0b, 0xff, 0xe6, 0x48, 0x0b, 0xff, 0xe7, 0x48, 0x0b, 0xff,
    0xe7, 0x48, 0x0b, 0xff, 0xe8, 0x48, 0x0a, 0xff, 0xe8, 0x48, 0x0a, 0xff,
    0xe9, 0x48, 0x0a, 0xff, 0xf4, 0xa8, 0x8b, 0xff, 0xfd, 0xfc, 0xfc, 0xff,
    0xfd, 0xfc, 0xfc, 0xff, 0xfd, 0xfc, 0xfc, 0xff, 0xfd, 0xfc, 0xfc, 0xff,
    0xfd, 0xfc, 0xfc, 0xff, 0xfd, 0xfc, 0xfc, 0xff, 0xfd, 0xfc, 0xfc, 0xff,
    0xfd, 0xfc, 0xfc, 0xff, 0xfd, 0xfc, 0xfc, 0xff, 0xf9, 0xcd, 0xbd, 0xff,
    0xef, 0x4c, 0x0d, 0xff, 0xef, 0x48, 0x07, 0xff, 0xf0, 0x48, 0x06, 0xff,
    0xf0, 0x48, 0x07, 0xff, 0xf1, 0x48, 0x07, 0xff, 0xf1, 0x48, 0x06, 0xff,
    0xf2, 0x48, 0x06, 0xff, 0xf2, 0x48, 0x05, 0xff, 0xf8, 0xa8, 0x89, 0xff,
    0xfd, 0xfc, 0xfc, 0xff, 0xfd, 0xfc, 0xfc, 0xff, 0xfd, 0xfc, 0xfc, 0xff,
    0xfd, 0xfc, 0xfc, 0xff, 0xfd, 0xfc, 0xfc, 0xff, 0xfd, 0xfc, 0xfc, 0xff,
    0xfd, 0xfc, 0xfc, 0xff, 0xfd, 0xfc, 0xfc, 0xff, 0xfd, 0xfc, 0xfc, 0xff,
    0xfa, 0xa4, 0x83, 0xff, 0xf7, 0x48, 0x04, 0xff, 0xf8, 0x48, 0x03, 0xff,
    0xf8, 0x48, 0x02, 0xff, 0xf8, 0x48, 0x02, 0xff, 0xf9, 0x48, 0x02, 0xff,
    0xf9, 0x48, 0x02, 0xff, 0xfa, 0x48, 0x02, 0xff, 0xfa, 0x48, 0x02, 0xff,
    0xfa, 0x48, 0x02, 0xff, 0xfb, 0x48, 0x02, 0xff, 0xfb, 0xf7, 0xf4, 0xff,
    0xfb, 0xf7, 0xf4, 0xff, 0xfb, 0xf7, 0xf4, 0xff, 0xfb, 0xf7, 0xf4, 0xff,
    0xfb, 0xf7, 0xf4, 0xff, 0xfb, 0xf7, 0xf4, 0xff, 0xfb, 0xf7, 0xf4, 0xff,
    0xfb, 0xf7, 0xf4, 0xff, 0xfb, 0xf7, 0xf4, 0xff, 0xfb, 0xf7, 0xf4, 0xff,
    0xfb, 0xf7, 0xf4, 0xff, 0xfb, 0xf7, 0xf4, 0xff, 0xeb, 0xa0, 0x82, 0xff,
    0xdb, 0x48, 0x0f, 0xff, 0xdc, 0x48, 0x0f, 0xff, 0xdc, 0x48, 0x0f, 0xff,
    0xdd, 0x48, 0x0f, 0xff, 0xdd, 0x48, 0x0e, 0xff, 0xde, 0x48, 0x0e, 0xff,
    0xde, 0x48, 0x0e, 0xff, 0xdf, 0x48, 0x0e, 0xff, 0xdf, 0x48, 0x0e, 0xff,
    0xe0, 0x48, 0x0e, 0xff, 0xe1, 0x48, 0x0d, 0xff, 0xe1, 0x48, 0x0d, 0xff,
    0xe2, 0x48, 0x0d, 0xff, 0xe2, 0x48, 0x0d, 0xff, 0xe3, 0x48, 0x0c, 0xff,
    0xe3, 0x48, 0x0c, 0xff, 0xe4, 0x48, 0x0c, 0xff, 0xe4, 0x48, 0x0c, 0xff,
    0xe5, 0x48, 0x0b, 0xff, 0xe5, 0x48, 0x0b, 0xff, 0xe6, 0x48, 0x0b, 0xff,
    0xe7, 0x48, 0x0b, 0xff, 0xe7, 0x48, 0x0b, 0xff, 0xe8, 0x48, 0x0a, 0xff,
    0xe8, 0x48, 0x0a, 0xff, 0xe9, 0x48, 0x0a, 0xff, 0xe9, 0x48, 0x0a, 0xff,
    0xec, 0x57, 0x1e, 0xff, 0xfb, 0xec, 0xe6, 0xff, 0xfd, 0xfc, 0xfc, 0xff,
    0xfd, 0xfc, 0xfc, 0xff, 0xfd, 0xfc, 0xfc, 0xff, 0xfd, 0xfc, 0xfc, 0xff,
    0xfd, 0xfc, 0xfc, 0xff, 0xfd, 0xfc, 0xfc, 0xff, 0xfd, 0xfc, 0xfc, 0xff,
    0xfa, 0xdc, 0xd0, 0xff, 0xf0, 0x53, 0x15, 0xff, 0xef, 0x48, 0x07, 0xff,
    0xf0, 0x48, 0x06, 0xff, 0xf0, 0x48, 0x07, 0xff, 0xf1, 0x48, 0x07, 0xff,
    0xf1, 0x48, 0x06, 0xff, 0xf2, 0x48, 0x06, 0xff, 0xf2, 0x48, 0x05, 0xff,
    0xf3, 0x48, 0x06, 0xff, 0xf3, 0x49, 0x06, 0xff, 0xf9, 0xbc, 0xa4, 0xff,
    0xfd, 0xfc, 0xfc, 0xff, 0xfd, 0xfc, 0xfc, 0xff, 0xfd, 0xfc, 0xfc, 0xff,
    0xfd, 0xfc, 0xfc, 0xff, 0xfd, 0xfc, 0xfc, 0xff, 0xfd, 0xfc, 0xfc, 0xff,
    0xfd, 0xfc, 0xfc, 0xff, 0xfc, 0xe8, 0xe0, 0xff, 0xf7, 0x53, 0x13, 0xff,
    0xf8, 0x48, 0x03, 0xff, 0xf8, 0x48, 0x02, 0xff, 0xf8, 0x48, 0x02, 0xff,
    0xf9, 0x48, 0x02, 0xff, 0xf9, 0x48, 0x02, 0xff, 0xfa, 0x48, 0x02, 0xff,
    0xfa, 0x48, 0x02, 0xff, 0xfa, 0x48, 0x02, 0xff, 0xfb, 0x48, 0x02, 0xff,
    0xfb, 0x48, 0x02, 0xff, 0xfb, 0xf7, 0xf4, 0xff, 0xfb, 0xf7, 0xf4, 0xff,
    0xfb, 0xf7, 0xf4, 0xff, 0xfb, 0xf7, 0xf4, 0xff, 0xfb, 0xf7, 0xf4, 0xff,
    0xfb, 0xf7, 0xf4, 0xff, 0xfb, 0xf7, 0xf4, 0xff, 0xfb, 0xf7, 0xf4, 0xff,
    0xfb, 0xf7, 0xf4, 0xff, 0xfb, 0xf7, 0xf4, 0xff, 0xfb, 0xf7, 0xf4, 0xff,
    0xeb, 0xa0, 0x82, 0xff, 0xdb, 0x48, 0x0f, 0xff, 0xdc, 0x48, 0x0f, 0xff,
    0xdc, 0x48, 0x0f, 0xff, 0xdd, 0x48, 0x0f, 0xff, 0xdd, 0x48, 0x0e, 0xff,
    0xde, 0x48, 0x0e, 0xff, 0xde, 0x48, 0x0e, 0xff, 0xdf, 0x48, 0x0e, 0xff,
    0xdf, 0x48, 0x0e, 0xff, 0xe0, 0x48, 0x0e, 0xff, 0xe1, 0x48, 0x0d, 0xff,
    0xe1, 0x48, 0x0d, 0xff, 0xe2, 0x48, 0x0d, 0xff, 0xe2, 0x48, 0x0d, 0xff,
    0xe3, 0x48, 0x0c, 0xff, 0xe3, 0x48, 0x0c, 0xff, 0xe4, 0x48, 0x0c, 0xff,
    0xe4, 0x48, 0x0c, 0xff, 0xe5, 0x48, 0x0b, 0xff, 0xe5, 0x48, 0x0b, 0xff,
    0xe6, 0x48, 0x0b, 0xff, 0xe7, 0x48, 0x0b, 0xff, 0xe7, 0x48, 0x0b, 0xff,
    0xe8, 0x48, 0x0a, 0xff, 0xe8, 0x48, 0x0a, 0xff, 0xe9, 0x48, 0x0a, 0xff,
    0xe9, 0x48, 0x0a, 0xff, 0xea, 0x48, 0x0a, 0xff, 0xea, 0x48, 0x09, 0xff,
    0xef, 0x6c, 0x3a, 0xff, 0xfb, 0xec, 0xe7, 0xff, 0xfd, 0xfc, 0xfc, 0xff,
    0xfd, 0xfc, 0xfc, 0xff, 0xfd, 0xfc, 0xfc, 0xff, 0xfd, 0xfc, 0xfc, 0xff,
    0xfd, 0xfc, 0xfc, 0xff, 0xfb, 0xe0, 0xd7, 0xff, 0xf0, 0x57, 0x1b, 0xff,
    0xef, 0x48, 0x07, 0xff, 0xf0, 0x48, 0x06, 0xff, 0xf0, 0x48, 0x07, 0xff,
    0xf1, 0x48, 0x07, 0xff, 0xf1, 0x48, 0x06, 0xff, 0xf2, 0x48, 0x06, 0xff,
    0xf2, 0x48, 0x05, 0xff, 0xf3, 0x48, 0x06, 0xff, 0xf3, 0x48, 0x05, 0xff,
    0xf3, 0x48, 0x05, 0xff, 0xf4, 0x4c, 0x0b, 0xff, 0xfa, 0xc7, 0xb3, 0xff,
    0xfd, 0xfc, 0xfc, 0xff, 0xfd, 0xfc, 0xfc, 0xff, 0xfd, 0xfc, 0xfc, 0xff,
    0xfd, 0xfc, 0xfc, 0xff, 0xfd, 0xfc, 0xfc, 0xff, 0xfc, 0xe7, 0xdf, 0xff,
    0xf8, 0x62, 0x28, 0xff, 0xf8, 0x48, 0x03, 0xff, 0xf8, 0x48, 0x02, 0xff,
    0xf8, 0x48, 0x02, 0xff, 0xf9, 0x48, 0x02, 0xff, 0xf9, 0x48, 0x02, 0xff,
    0xfa, 0x48, 0x02, 0xff, 0xfa, 0x48, 0x02, 0xff, 0xfa, 0x48, 0x02, 0xff,
    0xfb, 0x48, 0x02, 0xff, 0xfb, 0x48, 0x02, 0xff, 0xfb, 0x48, 0x02, 0xff,
    0xfb, 0xf7, 0xf4, 0xff, 0xfb, 0xf7, 0xf4, 0xff, 0xfb, 0xf7, 0xf4, 0xff,
    0xfb, 0xf7, 0xf4, 0xff, 0xfb, 0xf7, 0xf4, 0xff, 0xfb, 0xf7, 0xf4, 0xff,
    0xfb, 0xf7, 0xf4, 0xff, 0xfb, 0xf7, 0xf4, 0xff, 0xfb, 0xf7, 0xf4, 0xff,
    0xfb, 0xf7, 0xf4, 0xff, 0xeb, 0xa0, 0x82, 0xff, 0xdb, 0x48, 0x0f, 0xff,
    0xdc, 0x48, 0x0f, 0xff, 0xdc, 0x48, 0x0f, 0xff, 0xdd, 0x48, 0x0f, 0xff,
    0xdd, 0x48, 0x0e, 0xff, 0xde, 0x48, 0x0e, 0xff, 0xde, 0x48, 0x0e, 0xff,
    0xdf, 0x48, 0x0e, 0xff, 0xdf, 0x48, 0x0e, 0xff, 0xe0, 0x48, 0x0e, 0xff,
    0xe1, 0x48, 0x0d, 0xff, 0xe1, 0x48, 0x0d, 0xff, 0xe2, 0x48, 0x0d, 0xff,
    0xe2, 0x48, 0x0d, 0xff, 0xe3, 0x48, 0x0c, 0xff, 0xe3, 0x48, 0x0c, 0xff,
    0xe4, 0x48, 0x0c, 0xff, 0xe4, 0x48, 0x0c, 0xff, 0xe5, 0x48, 0x0b, 0xff,
    0xe5, 0x48, 0x0b, 0xff, 0xe6, 0x48, 0x0b, 0xff, 0xe7, 0x48, 0x0b, 0xff,
    0xe7, 0x48, 0x0b, 0xff, 0xe8, 0x48, 0x0a, 0xff, 0xe8, 0x48, 0x0a, 0xff,
    0xe9, 0x48, 0x0a, 0xff, 0xe9, 0x48, 0x0a, 0xff, 0xea, 0x48, 0x0a, 0xff,
    0xea, 0x48, 0x09, 0xff, 0xeb, 0x48, 0x09, 0xff, 0xeb, 0x48, 0x09, 0xff,
    0xed, 0x57, 0x1c, 0xff, 0xf5, 0xa4, 0x84, 0xff, 0xfb, 0xe3, 0xdb, 0xff,
    0xfd, 0xfa, 0xf9, 0xff, 0xfb, 0xe8, 0xe1, 0xff, 0xf6, 0xae, 0x91, 0xff,
    0xf0, 0x55, 0x18, 0xff, 0xef, 0x48, 0x07, 0xff, 0xf0, 0x48, 0x06, 0xff,
    0xf0, 0x48, 0x07, 0xff, 0xf1, 0x48, 0x07, 0xff, 0xf1, 0x48, 0x06, 0xff,
    0xf2, 0x48, 0x06, 0xff, 0xf2, 0x48, 0x05, 0xff, 0xf3, 0x48, 0x06, 0xff,
    0xf3, 0x48, 0x05, 0xff, 0xf3, 0x48, 0x05, 0xff, 0xf4, 0x48, 0x05, 0xff,
    0xf4, 0x48, 0x05, 0xff, 0xf5, 0x4b, 0x08, 0xff, 0xf8, 0x91, 0x69, 0xff,
    0xfb, 0xd3, 0xc4, 0xff, 0xfc, 0xe5, 0xdd, 0xff, 0xfc, 0xd5, 0xc7, 0xff,
    0xfa, 0x9f, 0x7b, 0xff, 0xf7, 0x50, 0x10, 0xff, 0xf8, 0x48, 0x03, 0xff,
    0xf8, 0x48, 0x02, 0xff, 0xf8, 0x48, 0x02, 0xff, 0xf9, 0x48, 0x02, 0xff,
    0xf9, 0x48, 0x02, 0xff, 0xfa, 0x48, 0x02, 0xff, 0xfa, 0x48, 0x02, 0xff,
    0xfa, 0x48, 0x02, 0xff, 0xfb, 0x48, 0x02, 0xff, 0xfb, 0x48, 0x02, 0xff,
    0xfb, 0x48, 0x02, 0xff, 0xfc, 0x48, 0x01, 0xff, 0xfb, 0xf7, 0xf4, 0xff,
    0xfb, 0xf7, 0xf4, 0xff, 0xfb, 0xf7, 0xf4, 0xff, 0xfb, 0xf7, 0xf4, 0xff,
    0xfb, 0xf7, 0xf4, 0xff, 0xfb, 0xf7, 0xf4, 0xff, 0xfb, 0xf7, 0xf4, 0xff,
    0xfb, 0xf7, 0xf4, 0xff, 0xfb, 0xf7, 0xf4, 0xff, 0xeb, 0xa0, 0x82, 0xff,
    0xdb, 0x48, 0x0f, 0xff, 0xdc, 0x48, 0x0f, 0xff, 0xdc, 0x48, 0x0f, 0xff,
    0xdd, 0x48, 0x0f, 0xff, 0xdd, 0x48, 0x0e, 0xff, 0xde, 0x48, 0x0e, 0xff,
    0xde, 0x48, 0x0e, 0xff, 0xdf, 0x48, 0x0e, 0xff, 0xdf, 0x48, 0x0e, 0xff,
    0xe0, 0x48, 0x0e, 0xff, 0xe1, 0x48, 0x0d, 0xff, 0xe1, 0x48, 0x0d, 0xff,
    0xe2, 0x48, 0x0d, 0xff, 0xe2, 0x48, 0x0d, 0xff, 0xe3, 0x48, 0x0c, 0xff,
    0xe3, 0x48, 0x0c, 0xff, 0xe4, 0x48, 0x0c, 0xff, 0xe4, 0x48, 0x0c, 0xff,
    0xe5, 0x48, 0x0b, 0xff, 0xe5, 0x48, 0x0b, 0xff, 0xe6, 0x48, 0x0b, 0xff,
    0xe7, 0x48, 0x0b, 0xff, 0xe7, 0x48, 0x0b, 0xff, 0xe8, 0x48, 0x0a, 0xff,
    0xe8, 0x48, 0x0a, 0xff, 0xe9, 0x48, 0x0a, 0xff, 0xe9, 0x48, 0x0a, 0xff,
    0xea, 0x48, 0x0a, 0xff, 0xea, 0x48, 0x09, 0xff, 0xeb, 0x48, 0x09, 0xff,
    0xeb, 0x48, 0x09, 0xff, 0xec, 0x48, 0x08, 0xff, 0xec, 0x48, 0x08, 0xff,
    0xed, 0x48, 0x08, 0xff, 0xed, 0x48, 0x08, 0xff, 0xee, 0x48, 0x08, 0xff,
    0xee, 0x48, 0x07, 0xff, 0xef, 0x48, 0x07, 0xff, 0xef, 0x48, 0x07, 0xff,
    0xf0, 0x48, 0x06, 0xff, 0xf0, 0x48, 0x07, 0xff, 0xf1, 0x48, 0x07, 0xff,
    0xf1, 0x48, 0x06, 0xff, 0xf2, 0x48, 0x06, 0xff, 0xf2, 0x48, 0x05, 0xff,
    0xf3, 0x48, 0x06, 0xff, 0xf3, 0x48, 0x05, 0xff, 0xf3, 0x48, 0x05, 0xff,
    0xf4, 0x48, 0x05, 0xff, 0xf4, 0x48, 0x05, 0xff, 0xf5, 0x48, 0x04, 0xff,
    0xf5, 0x48, 0x04, 0xff, 0xf6, 0x48, 0x04, 0xff, 0xf6, 0x48, 0x04, 0xff,
    0xf7, 0x48, 0x04, 0xff, 0xf7, 0x48, 0x03, 0xff, 0xf7, 0x48, 0x04, 0xff,
    0xf8, 0x48, 0x03, 0xff, 0xf8, 0x48, 0x02, 0xff, 0xf8, 0x48, 0x02, 0xff,
    0xf9, 0x48, 0x02, 0xff, 0xf9, 0x48, 0x02, 0xff, 0xfa, 0x48, 0x02, 0xff,
    0xfa, 0x48, 0x02, 0xff, 0xfa, 0x48, 0x02, 0xff, 0xfb, 0x48, 0x02, 0xff,
    0xfb, 0x48, 0x02, 0xff, 0xfb, 0x48, 0x02, 0xff, 0xfc, 0x48, 0x01, 0xff,
    0xfc, 0x48, 0x01, 0xfa, 0xfb, 0xf7, 0xf4, 0xff, 0xfb, 0xf7, 0xf4, 0xff,
    0xfb, 0xf7, 0xf4, 0xff, 0xfb, 0xf7, 0xf4, 0xff, 0xfb, 0xf7, 0xf4, 0xff,
    0xfb, 0xf7, 0xf4, 0xff, 0xfb, 0xf7, 0xf4, 0xff, 0xfb, 0xf7, 0xf4, 0xff,
    0xeb, 0xa0, 0x82, 0xff, 0xdb, 0x48, 0x0f, 0xff, 0xdc, 0x48, 0x0f, 0xff,
    0xdc, 0x48, 0x0f, 0xff, 0xdd, 0x48, 0x0f, 0xff, 0xdd, 0x48, 0x0e, 0xff,
    0xde, 0x48, 0x0e, 0xff, 0xde, 0x48, 0x0e, 0xff, 0xdf, 0x48, 0x0e, 0xff,
    0xdf, 0x48, 0x0e, 0xff, 0xe0, 0x48, 0x0e, 0xff, 0xe1, 0x48, 0x0d, 0xff,
    0xe1, 0x48, 0x0d, 0xff, 0xe2, 0x48, 0x0d, 0xff, 0xe2, 0x48, 0x0d, 0xff,
    0xe3, 0x48, 0x0c, 0xff, 0xe3, 0x48, 0x0c, 0xff, 0xe4, 0x48, 0x0c, 0xff,
    0xe4, 0x48, 0x0c, 0xff, 0xe5, 0x48, 0x0b, 0xff, 0xe5, 0x48, 0x0b, 0xff,
    0xe6, 0x48, 0x0b, 0xff, 0xe7, 0x48, 0x0b, 0xff, 0xe7, 0x48, 0x0b, 0xff,
    0xe8, 0x48, 0x0a, 0xff, 0xe8, 0x48, 0x0a, 0xff, 0xe9, 0x48, 0x0a, 0xff,
    0xe9, 0x48, 0x0a, 0xff, 0xea, 0x48, 0x0a, 0xff, 0xea, 0x48, 0x09, 0xff,
    0xeb, 0x48, 0x09, 0xff, 0xeb, 0x48, 0x09, 0xff, 0xec, 0x48, 0x08, 0xff,
    0xec, 0x48, 0x08, 0xff, 0xed, 0x48, 0x08, 0xff, 0xed, 0x48, 0x08, 0xff,
    0xee, 0x48, 0x08, 0xff, 0xee, 0x48, 0x07, 0xff, 0xef, 0x48, 0x07, 0xff,
    0xef, 0x48, 0x07, 0xff, 0xf0, 0x48, 0x06, 0xff, 0xf0, 0x48, 0x07, 0xff,
    0xf1, 0x48, 0x07, 0xff, 0xf1, 0x48, 0x06, 0xff, 0xf2, 0x48, 0x06, 0xff,
    0xf2, 0x48, 0x05, 0xff, 0xf3, 0x48, 0x06, 0xff, 0xf3, 0x48, 0x05, 0xff,
    0xf3, 0x48, 0x05, 0xff, 0xf4, 0x48, 0x05, 0xff, 0xf4, 0x48, 0x05, 0xff,
    0xf5, 0x48, 0x04, 0xff, 0xf5, 0x48, 0x04, 0xff, 0xf6, 0x48, 0x04, 0xff,
    0xf6, 0x48, 0x04, 0xff, 0xf7, 0x48, 0x04, 0xff, 0xf7, 0x48, 0x03, 0xff,
    0xf7, 0x48, 0x04, 0xff, 0xf8, 0x48, 0x03, 0xff, 0xf8, 0x48, 0x02, 0xff,
    0xf8, 0x48, 0x02, 0xff, 0xf9, 0x48, 0x02, 0xff, 0xf9, 0x48, 0x02, 0xff,
    0xfa, 0x48, 0x02, 0xff, 0xfa, 0x48, 0x02, 0xff, 0xfa, 0x48, 0x02, 0xff,
    0xfb, 0x48, 0x02, 0xff, 0xfb, 0x48, 0x02, 0xff, 0xfb, 0x48, 0x02, 0xff,
    0xfc, 0x48, 0x01, 0xff, 0xfc, 0x48, 0x01, 0xff, 0xfb, 0x48, 0x02, 0xe4,
    0xfb, 0xf7, 0xf4, 0xff, 0xfb, 0xf7, 0xf4, 0xff, 0xfb, 0xf7, 0xf4, 0xff,
    0xfb, 0xf7, 0xf4, 0xff, 0xfb, 0xf7, 0xf4, 0xff, 0xfb, 0xf7, 0xf4, 0xff,
    0xfb, 0xf7, 0xf4, 0xff, 0xeb, 0xa0, 0x82, 0xff, 0xdb, 0x48, 0x0f, 0xff,
    0xdc, 0x48, 0x0f, 0xff, 0xdc, 0x48, 0x0f, 0xff, 0xdd, 0x48, 0x0f, 0xff,
    0xdd, 0x48, 0x0e, 0xff, 0xde, 0x48, 0x0e, 0xff, 0xde, 0x48, 0x0e, 0xff,
    0xdf, 0x48, 0x0e, 0xff, 0xdf, 0x48, 0x0e, 0xff, 0xe0, 0x48, 0x0e, 0xff,
    0xe1, 0x48, 0x0d, 0xff, 0xe1, 0x48, 0x0d, 0xff, 0xe2, 0x48, 0x0d, 0xff,
    0xe2, 0x48, 0x0d, 0xff, 0xe3, 0x48, 0x0c, 0xff, 0xe3, 0x48, 0x0c, 0xff,
    0xe4, 0x48, 0x0c, 0xff, 0xe4, 0x48, 0x0c, 0xff, 0xe5, 0x48, 0x0b, 0xff,
    0xe5, 0x48, 0x0b, 0xff, 0xe6, 0x48, 0x0b, 0xff, 0xe7, 0x48, 0x0b, 0xff,
    0xe7, 0x48, 0x0b, 0xff, 0xe8, 0x48, 0x0a, 0xff, 0xe8, 0x48, 0x0a, 0xff,
    0xe9, 0x48, 0x0a, 0xff, 0xe9, 0x48, 0x0a, 0xff, 0xea, 0x48, 0x0a, 0xff,
    0xea, 0x48, 0x09, 0xff, 0xeb, 0x48, 0x09, 0xff, 0xeb, 0x48, 0x09, 0xff,
    0xec, 0x48, 0x08, 0xff, 0xec, 0x48, 0x08, 0xff, 0xed, 0x48, 0x08, 0xff,
    0xed, 0x48, 0x08, 0xff, 0xee, 0x48, 0x08, 0xff, 0xee, 0x48, 0x07, 0xff,
    0xef, 0x48, 0x07, 0xff, 0xef, 0x48, 0x07, 0xff, 0xf0, 0x48, 0x06, 0xff,
    0xf0, 0x48, 0x07, 0xff, 0xf1, 0x48, 0x07, 0xff, 0xf1, 0x48, 0x06, 0xff,
    0xf2, 0x48, 0x06, 0xff, 0xf2, 0x48, 0x05, 0xff, 0xf3, 0x48, 0x06, 0xff,
    0xf3, 0x48, 0x05, 0xff, 0xf3, 0x48, 0x05, 0xff, 0xf4, 0x48, 0x05, 0xff,
    0xf4, 0x48, 0x05, 0xff, 0xf5, 0x48, 0x04, 0xff, 0xf5, 0x48, 0x04, 0xff,
    0xf6, 0x48, 0x04, 0xff, 0xf6, 0x48, 0x04, 0xff, 0xf7, 0x48, 0x04, 0xff,
    0xf7, 0x48, 0x03, 0xff, 0xf7, 0x48, 0x04, 0xff, 0xf8, 0x48, 0x03, 0xff,
    0xf8, 0x48, 0x02, 0xff, 0xf8, 0x48, 0x02, 0xff, 0xf9, 0x48, 0x02, 0xff,
    0xf9, 0x48, 0x02, 0xff, 0xfa, 0x48, 0x02, 0xff, 0xfa, 0x48, 0x02, 0xff,
    0xfa, 0x48, 0x02, 0xff, 0xfb, 0x48, 0x02, 0xff, 0xfb, 0x48, 0x02, 0xff,
    0xfb, 0x48, 0x02, 0xff, 0xfc, 0x48, 0x01, 0xff, 0xfc, 0x48, 0x01, 0xff,
    0xfc, 0x48, 0x01, 0xff, 0xf8, 0x48, 0x04, 0xb5, 0xfb, 0xf7, 0xf4, 0xff,
    0xfb, 0xf7, 0xf4, 0xff, 0xfb, 0xf7, 0xf4, 0xff, 0xfb, 0xf7, 0xf4, 0xff,
    0xfb, 0xf7, 0xf4, 0xff, 0xfb, 0xf7, 0xf4, 0xff, 0xeb, 0xa0, 0x82, 0xff,
    0xdb, 0x48, 0x0f, 0xff, 0xdc, 0x48, 0x0f, 0xff, 0xdc, 0x48, 0x0f, 0xff,
    0xdd, 0x48, 0x0f, 0xff, 0xdd, 0x48, 0x0e, 0xff, 0xde, 0x48, 0x0e, 0xff,
    0xde, 0x48, 0x0e, 0xff, 0xdf, 0x48, 0x0e, 0xff, 0xdf, 0x48, 0x0e, 0xff,
    0xe0, 0x48, 0x0e, 0xff, 0xe1, 0x48, 0x0d, 0xff, 0xe1, 0x48, 0x0d, 0xff,
    0xe2, 0x48, 0x0d, 0xff, 0xe2, 0x48, 0x0d, 0xff, 0xe3, 0x48, 0x0c, 0xff,
    0xe3, 0x48, 0x0c, 0xff, 0xe4, 0x48, 0x0c, 0xff, 0xe4, 0x48, 0x0c, 0xff,
    0xe5, 0x48, 0x0b, 0xff, 0xe5, 0x48, 0x0b, 0xff, 0xe6, 0x48, 0x0b, 0xff,
    0xe7, 0x48, 0x0b, 0xff, 0xe7, 0x48, 0x0b, 0xff, 0xe8, 0x48, 0x0a, 0xff,
    0xe8, 0x48, 0x0a, 0xff, 0xe9, 0x48, 0x0a, 0xff, 0xe9, 0x48, 0x0a, 0xff,
    0xea, 0x48, 0x0a, 0xff, 0xea, 0x48, 0x09, 0xff, 0xeb, 0x48, 0x09, 0xff,
    0xeb, 0x48, 0x09, 0xff, 0xec, 0x48, 0x08, 0xff, 0xec, 0x48, 0x08, 0xff,
    0xed, 0x48, 0x08, 0xff, 0xed, 0x48, 0x08, 0xff, 0xee, 0x48, 0x08, 0xff,
    0xee, 0x48, 0x07, 0xff, 0xef, 0x48, 0x07, 0xff, 0xef, 0x48, 0x07, 0xff,
    0xf0, 0x48, 0x06, 0xff, 0xf0, 0x48, 0x07, 0xff, 0xf1, 0x48, 0x07, 0xff,
    0xf1, 0x48, 0x06, 0xff, 0xf2, 0x48, 0x06, 0xff, 0xf2, 0x48, 0x05, 0xff,
    0xf3, 0x48, 0x06, 0xff, 0xf3, 0x48, 0x05, 0xff, 0xf3, 0x48, 0x05, 0xff,
    0xf4, 0x48, 0x05, 0xff, 0xf4, 0x48, 0x05, 0xff, 0xf5, 0x48, 0x04, 0xff,
    0xf5, 0x48, 0x04, 0xff, 0xf6, 0x48, 0x04, 0xff, 0xf6, 0x48, 0x04, 0xff,
    0xf7, 0x48, 0x04, 0xff, 0xf7, 0x48, 0x03, 0xff, 0xf7, 0x48, 0x04, 0xff,
    0xf8, 0x48, 0x03, 0xff, 0xf8, 0x48, 0x02, 0xff, 0xf8, 0x48, 0x02, 0xff,
    0xf9, 0x48, 0x02, 0xff, 0xf9, 0x48, 0x02, 0xff, 0xfa, 0x48, 0x02, 0xff,
    0xfa, 0x48, 0x02, 0xff, 0xfa, 0x48, 0x02, 0xff, 0xfb, 0x48, 0x02, 0xff,
    0xfb, 0x48, 0x02, 0xff, 0xfb, 0x48, 0x02, 0xff, 0xfc, 0x48, 0x01, 0xff,
    0xfc, 0x48, 0x01, 0xff, 0xfc, 0x48, 0x01, 0xff, 0xfd, 0x48, 0x01, 0xff,
    0xea, 0x49, 0x09, 0x6f, 0xfb, 0xf7, 0xf4, 0xff, 0xfb, 0xf7, 0xf4, 0xff,
    0xfb, 0xf7, 0xf4, 0xff, 0xfb, 0xf7, 0xf4, 0xff, 0xfb, 0xf7, 0xf4, 0xff,
    0xeb, 0xa0, 0x82, 0xff, 0xdb, 0x48, 0x0f, 0xff, 0xdc, 0x48, 0x0f, 0xff,
    0xdc, 0x48, 0x0f, 0xff, 0xdd, 0x48, 0x0f, 0xff, 0xdd, 0x48, 0x0e, 0xff,
    0xde, 0x48, 0x0e, 0xff, 0xde, 0x48, 0x0e, 0xff, 0xdf, 0x48, 0x0e, 0xff,
    0xdf, 0x48, 0x0e, 0xff, 0xe0, 0x48, 0x0e, 0xff, 0xe1, 0x48, 0x0d, 0xff,
    0xe1, 0x48, 0x0d, 0xff, 0xe2, 0x48, 0x0d, 0xff, 0xe2, 0x48, 0x0d, 0xff,
    0xe3, 0x48, 0x0c, 0xff, 0xe3, 0x48, 0x0c, 0xff, 0xe4, 0x48, 0x0c, 0xff,
    0xe4, 0x48, 0x0c, 0xff, 0xe5, 0x48, 0x0b, 0xff, 0xe5, 0x48, 0x0b, 0xff,
    0xe6, 0x48, 0x0b, 0xff, 0xe7, 0x48, 0x0b, 0xff, 0xe7, 0x48, 0x0b, 0xff,
    0xe8, 0x48, 0x0a, 0xff, 0xe8, 0x48, 0x0a, 0xff, 0xe9, 0x48, 0x0a, 0xff,
    0xe9, 0x48, 0x0a, 0xff, 0xea, 0x48, 0x0a, 0xff, 0xea, 0x48, 0x09, 0xff,
    0xeb, 0x48, 0x09, 0xff, 0xeb, 0x48, 0x09, 0xff, 0xec, 0x48, 0x08, 0xff,
    0xec, 0x48, 0x08, 0xff, 0xed, 0x48, 0x08, 0xff, 0xed, 0x48, 0x08, 0xff,
    0xee, 0x48, 0x08, 0xff, 0xee, 0x48, 0x07, 0xff, 0xef, 0x48, 0x07, 0xff,
    0xef, 0x48, 0x07, 0xff, 0xf0, 0x48, 0x06, 0xff, 0xf0, 0x48, 0x07, 0xff,
    0xf1, 0x48, 0x07, 0xff, 0xf1, 0x48, 0x06, 0xff, 0xf2, 0x48, 0x06, 0xff,
    0xf2, 0x48, 0x05, 0xff, 0xf3, 0x48, 0x06, 0xff, 0xf3, 0x48, 0x05, 0xff,
    0xf3, 0x48, 0x05, 0xff, 0xf4, 0x48, 0x05, 0xff, 0xf4, 0x48, 0x05, 0xff,
    0xf5, 0x48, 0x04, 0xff, 0xf5, 0x48, 0x04, 0xff, 0xf6, 0x48, 0x04, 0xff,
    0xf6, 0x48, 0x04, 0xff, 0xf7, 0x48, 0x04, 0xff, 0xf7, 0x48, 0x03, 0xff,
    0xf7, 0x48, 0x04, 0xff, 0xf8, 0x48, 0x03, 0xff, 0xf8, 0x48, 0x02, 0xff,
    0xf8, 0x48, 0x02, 0xff, 0xf9, 0x48, 0x02, 0xff, 0xf9, 0x48, 0x02, 0xff,
    0xfa, 0x48, 0x02, 0xff, 0xfa, 0x48, 0x02, 0xff, 0xfa, 0x48, 0x02, 0xff,
    0xfb, 0x48, 0x02, 0xff, 0xfb, 0x48, 0x02, 0xff, 0xfb, 0x48, 0x02, 0xff,
    0xfc, 0x48, 0x01, 0xff, 0xfc, 0x48, 0x01, 0xff, 0xfc, 0x48, 0x01, 0xff,
    0xfd, 0x48, 0x01, 0xff, 0xfc, 0x48, 0x02, 0xe7, 0xaa, 0x4d, 0x27, 0x21,
    0xfb, 0xf7, 0xf4, 0xff, 0xfb, 0xf7, 0xf4, 0xff, 0xfb, 0xf7, 0xf4, 0xff,
    0xfb, 0xf7, 0xf4, 0xff, 0xeb, 0xa0, 0x82, 0xff, 0xdb, 0x48, 0x0f, 0xff,
    0xdc, 0x48, 0x0f, 0xff, 0xdc, 0x48, 0x0f, 0xff, 0xdd, 0x48, 0x0f, 0xff,
    0xdd, 0x48, 0x0e, 0xff, 0xde, 0x48, 0x0e, 0xff, 0xde, 0x48, 0x0e, 0xff,
    0xdf, 0x48, 0x0e, 0xff, 0xdf, 0x48, 0x0e, 0xff, 0xe0, 0x48, 0x0e, 0xff,
    0xe1, 0x48, 0x0d, 0xff, 0xe1, 0x48, 0x0d, 0xff, 0xe2, 0x48, 0x0d, 0xff,
    0xe2, 0x48, 0x0d, 0xff, 0xe3, 0x48, 0x0c, 0xff, 0xe3, 0x48, 0x0c, 0xff,
    0xe4, 0x48, 0x0c, 0xff, 0xe4, 0x48, 0x0c, 0xff, 0xe5, 0x48, 0x0b, 0xff,
    0xe5, 0x48, 0x0b, 0xff, 0xe6, 0x48, 0x0b, 0xff, 0xe7, 0x48, 0x0b, 0xff,
    0xe7, 0x48, 0x0b, 0xff, 0xe8, 0x48, 0x0a, 0xff, 0xe8, 0x48, 0x0a, 0xff,
    0xe9, 0x48, 0x0a, 0xff, 0xe9, 0x48, 0x0a, 0xff, 0xea, 0x48, 0x0a, 0xff,
    0xea, 0x48, 0x09, 0xff, 0xeb, 0x48, 0x09, 0xff, 0xeb, 0x48, 0x09, 0xff,
    0xec, 0x48, 0x08, 0xff, 0xec, 0x48, 0x08, 0xff, 0xed, 0x48, 0x08, 0xff,
    0xed, 0x48, 0x08, 0xff, 0xee, 0x48, 0x08, 0xff, 0xee, 0x48, 0x07, 0xff,
    0xef, 0x48, 0x07, 0xff, 0xef, 0x48, 0x07, 0xff, 0xf0, 0x48, 0x06, 0xff,
    0xf0, 0x48, 0x07, 0xff, 0xf1, 0x48, 0x07, 0xff, 0xf1, 0x48, 0x06, 0xff,
    0xf2, 0x48, 0x06, 0xff, 0xf2, 0x48, 0x05, 0xff, 0xf3, 0x48, 0x06, 0xff,
    0xf3, 0x48, 0x05, 0xff, 0xf3, 0x48, 0x05, 0xff, 0xf4, 0x48, 0x05, 0xff,
    0xf4, 0x48, 0x05, 0xff, 0xf5, 0x48, 0x04, 0xff, 0xf5, 0x48, 0x04, 0xff,
    0xf6, 0x48, 0x04, 0xff, 0xf6, 0x48, 0x04, 0xff, 0xf7, 0x48, 0x04, 0xff,
    0xf7, 0x48, 0x03, 0xff, 0xf7, 0x48, 0x04, 0xff, 0xf8, 0x48, 0x03, 0xff,
    0xf8, 0x48, 0x02, 0xff, 0xf8, 0x48, 0x02, 0xff, 0xf9, 0x48, 0x02, 0xff,
    0xf9, 0x48, 0x02, 0xff, 0xfa, 0x48, 0x02, 0xff, 0xfa, 0x48, 0x02, 0xff,
    0xfa, 0x48, 0x02, 0xff, 0xfb, 0x48, 0x02, 0xff, 0xfb, 0x48, 0x02, 0xff,
    0xfb, 0x48, 0x02, 0xff, 0xfc, 0x48, 0x01, 0xff, 0xfc, 0x48, 0x01, 0xff,
    0xfc, 0x48, 0x01, 0xff, 0xfd, 0x48, 0x01, 0xff, 0xfd, 0x48, 0x01, 0xff,
    0xe9, 0x4a, 0x0a, 0x68, 0x99, 0x52, 0x33, 0x19, 0xfb, 0xf7, 0xf4, 0xff,
    0xfb, 0xf7, 0xf4, 0xff, 0xfb, 0xf7, 0xf4, 0xff, 0xeb, 0xa0, 0x82, 0xff,
    0xdb, 0x48, 0x0f, 0xff, 0xdc, 0x48, 0x0f, 0xff, 0xdc, 0x48, 0x0f, 0xff,
    0xdd, 0x48, 0x0f, 0xff, 0xdd, 0x48, 0x0e, 0xff, 0xde, 0x48, 0x0e, 0xff,
    0xde, 0x48, 0x0e, 0xff, 0xdf, 0x48, 0x0e, 0xff, 0xdf, 0x48, 0x0e, 0xff,
    0xe0, 0x48, 0x0e, 0xff, 0xe1, 0x48, 0x0d, 0xff, 0xe1, 0x48, 0x0d, 0xff,
    0xe2, 0x48, 0x0d, 0xff, 0xe2, 0x48, 0x0d, 0xff, 0xe3, 0x48, 0x0c, 0xff,
    0xe3, 0x48, 0x0c, 0xff, 0xe4, 0x48, 0x0c, 0xff, 0xe4, 0x48, 0x0c, 0xff,
    0xe5, 0x48, 0x0b, 0xff, 0xe5, 0x48, 0x0b, 0xff, 0xe6, 0x48, 0x0b, 0xff,
    0xe7, 0x48, 0x0b, 0xff, 0xe7, 0x48, 0x0b, 0xff, 0xe8, 0x48, 0x0a, 0xff,
    0xe8, 0x48, 0x0a, 0xff, 0xe9, 0x48, 0x0a, 0xff, 0xe9, 0x48, 0x0a, 0xff,
    0xea, 0x48, 0x0a, 0xff, 0xea, 0x48, 0x09, 0xff, 0xeb, 0x48, 0x09, 0xff,
    0xeb, 0x48, 0x09, 0xff, 0xec, 0x48, 0x08, 0xff, 0xec, 0x48, 0x08, 0xff,
    0xed, 0x48, 0x08, 0xff, 0xed, 0x48, 0x08, 0xff, 0xee, 0x48, 0x08, 0xff,
    0xee, 0x48, 0x07, 0xff, 0xef, 0x48, 0x07, 0xff, 0xef, 0x48, 0x07, 0xff,
    0xf0, 0x48, 0x06, 0xff, 0xf0, 0x48, 0x07, 0xff, 0xf1, 0x48, 0x07, 0xff,
    0xf1, 0x48, 0x06, 0xff, 0xf2, 0x48, 0x06, 0xff, 0xf2, 0x48, 0x05, 0xff,
    0xf3, 0x48, 0x06, 0xff, 0xf3, 0x48, 0x05, 0xff, 0xf3, 0x48, 0x05, 0xff,
    0xf4, 0x48, 0x05, 0xff, 0xf4, 0x48, 0x05, 0xff, 0xf5, 0x48, 0x04, 0xff,
    0xf5, 0x48, 0x04, 0xff, 0xf6, 0x48, 0x04, 0xff, 0xf6, 0x48, 0x04, 0xff,
    0xf7, 0x48, 0x04, 0xff, 0xf7, 0x48, 0x03, 0xff, 0xf7, 0x48, 0x04, 0xff,
    0xf8, 0x48, 0x03, 0xff, 0xf8, 0x48, 0x02, 0xff, 0xf8, 0x48, 0x02, 0xff,
    0xf9, 0x48, 0x02, 0xff, 0xf9, 0x48, 0x02, 0xff, 0xfa, 0x48, 0x02, 0xff,
    0xfa, 0x48, 0x02, 0xff, 0xfa, 0x48, 0x02, 0xff, 0xfb, 0x48, 0x02, 0xff,
    0xfb, 0x48, 0x02, 0xff, 0xfb, 0x48, 0x02, 0xff, 0xfc, 0x48, 0x01, 0xff,
    0xfc, 0x48, 0x01, 0xff, 0xfc, 0x48, 0x01, 0xff, 0xfd, 0x48, 0x01, 0xff,
    0xfd, 0x48, 0x01, 0xff, 0xf3, 0x48, 0x05, 0x98, 0x93, 0x4e, 0x27, 0x1a,
    0x90, 0x4e, 0x2c, 0x17, 0xfb, 0xf7, 0xf4, 0xff, 0xfb, 0xf7, 0xf4, 0xff,
    0xeb, 0xa0, 0x82, 0xff, 0xdb, 0x48, 0x0f, 0xff, 0xdc, 0x48, 0x0f, 0xff,
    0xdc, 0x48, 0x0f, 0xff, 0xdd, 0x48, 0x0f, 0xff, 0xdd, 0x48, 0x0e, 0xff,
    0xde, 0x48, 0x0e, 0xff, 0xde, 0x48, 0x0e, 0xff, 0xdf, 0x48, 0x0e, 0xff,
    0xdf, 0x48, 0x0e, 0xff, 0xe0, 0x48, 0x0e, 0xff, 0xe1, 0x48, 0x0d, 0xff,
    0xe1, 0x48, 0x0d, 0xff, 0xe2, 0x48, 0x0d, 0xff, 0xe2, 0x48, 0x0d, 0xff,
    0xe3, 0x48, 0x0c, 0xff, 0xe3, 0x48, 0x0c, 0xff, 0xe4, 0x48, 0x0c, 0xff,
    0xe4, 0x48, 0x0c, 0xff, 0xe5, 0x48, 0x0b, 0xff, 0xe5, 0x48, 0x0b, 0xff,
    0xe6, 0x48, 0x0b, 0xff, 0xe7, 0x48, 0x0b, 0xff, 0xe7, 0x48, 0x0b, 0xff,
    0xe8, 0x48, 0x0a, 0xff, 0xe8, 0x48, 0x0a, 0xff, 0xe9, 0x48, 0x0a, 0xff,
    0xe9, 0x48, 0x0a, 0xff, 0xea, 0x48, 0x0a, 0xff, 0xea, 0x48, 0x09, 0xff,
    0xeb, 0x48, 0x09, 0xff, 0xeb, 0x48, 0x09, 0xff, 0xec, 0x48, 0x08, 0xff,
    0xec, 0x48, 0x08, 0xff, 0xed, 0x48, 0x08, 0xff, 0xed, 0x48, 0x08, 0xff,
    0xee, 0x48, 0x08, 0xff, 0xee, 0x48, 0x07, 0xff, 0xef, 0x48, 0x07, 0xff,
    0xef, 0x48, 0x07, 0xff, 0xf0, 0x48, 0x06, 0xff, 0xf0, 0x48, 0x07, 0xff,
    0xf1, 0x48, 0x07, 0xff, 0xf1, 0x48, 0x06, 0xff, 0xf2, 0x48, 0x06, 0xff,
    0xf2, 0x48, 0x05, 0xff, 0xf3, 0x48, 0x06, 0xff, 0xf3, 0x48, 0x05, 0xff,
    0xf3, 0x48, 0x05, 0xff, 0xf4, 0x48, 0x05, 0xff, 0xf4, 0x48, 0x05, 0xff,
    0xf5, 0x48, 0x04, 0xff, 0xf5, 0x48, 0x04, 0xff, 0xf6, 0x48, 0x04, 0xff,
    0xf6, 0x48, 0x04, 0xff, 0xf7, 0x48, 0x04, 0xff, 0xf7, 0x48, 0x03, 0xff,
    0xf7, 0x48, 0x04, 0xff, 0xf8, 0x48, 0x03, 0xff, 0xf8, 0x48, 0x02, 0xff,
    0xf8, 0x48, 0x02, 0xff, 0xf9, 0x48, 0x02, 0xff, 0xf9, 0x48, 0x02, 0xff,
    0xfa, 0x48, 0x02, 0xff, 0xfa, 0x48, 0x02, 0xff, 0xfa, 0x48, 0x02, 0xff,
    0xfb, 0x48, 0x02, 0xff, 0xfb, 0x48, 0x02, 0xff, 0xfb, 0x48, 0x02, 0xff,
    0xfc, 0x48, 0x01, 0xff, 0xfc, 0x48, 0x01, 0xff, 0xfc, 0x48, 0x01, 0xff,
    0xfd, 0x48, 0x01, 0xff, 0xfd, 0x48, 0x01, 0xff, 0xf4, 0x47, 0x05, 0xa1,
    0x9e, 0x46, 0x23, 0x1d, 0x95, 0x4a, 0x2a, 0x18, 0x97, 0x51, 0x3a, 0x16,
    0xfb, 0xf7, 0xf4, 0xff, 0xeb, 0xa0, 0x82, 0xff, 0xdb, 0x48, 0x0f, 0xff,
    0xdc, 0x48, 0x0f, 0xff, 0xdc, 0x48, 0x0f, 0xff, 0xdd, 0x48, 0x0f, 0xff,
    0xdd, 0x48, 0x0e, 0xff, 0xde, 0x48, 0x0e, 0xff, 0xde, 0x48, 0x0e, 0xff,
    0xdf, 0x48, 0x0e, 0xff, 0xdf, 0x48, 0x0e, 0xff, 0xe0, 0x48, 0x0e, 0xff,
    0xe1, 0x48, 0x0d, 0xff, 0xe1, 0x48, 0x0d, 0xff, 0xe2, 0x48, 0x0d, 0xff,
    0xe2, 0x48, 0x0d, 0xff, 0xe3, 0x48, 0x0c, 0xff, 0xe3, 0x48, 0x0c, 0xff,
    0xe4, 0x48, 0x0c, 0xff, 0xe4, 0x48, 0x0c, 0xff, 0xe5, 0x48, 0x0b, 0xff,
    0xe5, 0x48, 0x0b, 0xff, 0xe6, 0x48, 0x0b, 0xff, 0xe7, 0x48, 0x0b, 0xff,
    0xe7, 0x48, 0x0b, 0xff, 0xe8, 0x48, 0x0a, 0xff, 0xe8, 0x48, 0x0a, 0xff,
    0xe9, 0x48, 0x0a, 0xff, 0xe9, 0x48, 0x0a, 0xff, 0xea, 0x48, 0x0a, 0xff,
    0xea, 0x48, 0x09, 0xff, 0xeb, 0x48, 0x09, 0xff, 0xeb, 0x48, 0x09, 0xff,
    0xec, 0x48, 0x08, 0xff, 0xec, 0x48, 0x08, 0xff, 0xed, 0x48, 0x08, 0xff,
    0xed, 0x48, 0x08, 0xff, 0xee, 0x48, 0x08, 0xff, 0xee, 0x48, 0x07, 0xff,
    0xef, 0x48, 0x07, 0xff, 0xef, 0x48, 0x07, 0xff, 0xf0, 0x48, 0x06, 0xff,
    0xf0, 0x48, 0x07, 0xff, 0xf1, 0x48, 0x07, 0xff, 0xf1, 0x48, 0x06, 0xff,
    0xf2, 0x48, 0x06, 0xff, 0xf2, 0x48, 0x05, 0xff, 0xf3, 0x48, 0x06, 0xff,
    0xf3, 0x48, 0x05, 0xff, 0xf3, 0x48, 0x05, 0xff, 0xf4, 0x48, 0x05, 0xff,
    0xf4, 0x48, 0x05, 0xff, 0xf5, 0x48, 0x04, 0xff, 0xf5, 0x48, 0x04, 0xff,
    0xf6, 0x48, 0x04, 0xff, 0xf6, 0x48, 0x04, 0xff, 0xf7, 0x48, 0x04, 0xff,
    0xf7, 0x48, 0x03, 0xff, 0xf7, 0x48, 0x04, 0xff, 0xf8, 0x48, 0x03, 0xff,
    0xf8, 0x48, 0x02, 0xff, 0xf8, 0x48, 0x02, 0xff, 0xf9, 0x48, 0x02, 0xff,
    0xf9, 0x48, 0x02, 0xff, 0xfa, 0x48, 0x02, 0xff, 0xfa, 0x48, 0x02, 0xff,
    0xfa, 0x48, 0x02, 0xff, 0xfb, 0x48, 0x02, 0xff, 0xfb, 0x48, 0x02, 0xff,
    0xfb, 0x48, 0x02, 0xff, 0xfc, 0x48, 0x01, 0xff, 0xfc, 0x48, 0x01, 0xff,
    0xfc, 0x48, 0x01, 0xff, 0xfd, 0x48, 0x01, 0xff, 0xfc, 0x48, 0x02, 0xdf,
    0xe9, 0x47, 0x07, 0x68, 0x8e, 0x42, 0x26, 0x1b, 0x95, 0x4a, 0x2a, 0x18,
    0x90, 0x4e, 0x2c, 0x17, 0x99, 0x59, 0x33, 0x14, 0xeb, 0xa0, 0x82, 0xff,
    0xdb, 0x48, 0x0f, 0xff, 0xdc, 0x48, 0x0f, 0xff, 0xdc, 0x48, 0x0f, 0xff,
    0xdd, 0x48, 0x0f, 0xff, 0xdd, 0x48, 0x0e, 0xff, 0xde, 0x48, 0x0e, 0xff,
    0xde, 0x48, 0x0e, 0xff, 0xdf, 0x48, 0x0e, 0xff, 0xdf, 0x48, 0x0e, 0xff,
    0xe0, 0x48, 0x0e, 0xff, 0xe1, 0x48, 0x0d, 0xff, 0xe1, 0x48, 0x0d, 0xff,
    0xe2, 0x48, 0x0d, 0xff, 0xe2, 0x48, 0x0d, 0xff, 0xe3, 0x48, 0x0c, 0xff,
    0xe3, 0x48, 0x0c, 0xff, 0xe4, 0x48, 0x0c, 0xff, 0xe4, 0x48, 0x0c, 0xff,
    0xe5, 0x48, 0x0b, 0xff, 0xe5, 0x48, 0x0b, 0xff, 0xe6, 0x48, 0x0b, 0xff,
    0xe7, 0x48, 0x0b, 0xff, 0xe7, 0x48, 0x0b, 0xff, 0xe8, 0x48, 0x0a, 0xff,
    0xe8, 0x48, 0x0a, 0xff, 0xe9, 0x48, 0x0a, 0xff, 0xe9, 0x48, 0x0a, 0xff,
    0xea, 0x48, 0x0a, 0xff, 0xea, 0x48, 0x09, 0xff, 0xeb, 0x48, 0x09, 0xff,
    0xeb, 0x48, 0x09, 0xff, 0xec, 0x48, 0x08, 0xff, 0xec, 0x48, 0x08, 0xff,
    0xed, 0x48, 0x08, 0xff, 0xed, 0x48, 0x08, 0xff, 0xee, 0x48, 0x08, 0xff,
    0xee, 0x48, 0x07, 0xff, 0xef, 0x48, 0x07, 0xff, 0xef, 0x48, 0x07, 0xff,
    0xf0, 0x48, 0x06, 0xff, 0xf0, 0x48, 0x07, 0xff, 0xf1, 0x48, 0x07, 0xff,
    0xf1, 0x48, 0x06, 0xff, 0xf2, 0x48, 0x06, 0xff, 0xf2, 0x48, 0x05, 0xff,
    0xf3, 0x48, 0x06, 0xff, 0xf3, 0x48, 0x05, 0xff, 0xf3, 0x48, 0x05, 0xff,
    0xf4, 0x48, 0x05, 0xff, 0xf4, 0x48, 0x05, 0xff, 0xf5, 0x48, 0x04, 0xff,
    0xf5, 0x48, 0x04, 0xff, 0xf6, 0x48, 0x04, 0xff, 0xf6, 0x48, 0x04, 0xff,
    0xf7, 0x48, 0x04, 0xff, 0xf7, 0x48, 0x03, 0xff, 0xf7, 0x48, 0x04, 0xff,
    0xf8, 0x48, 0x03, 0xff, 0xf8, 0x48, 0x02, 0xff, 0xf8, 0x48, 0x02, 0xff,
    0xf9, 0x48, 0x02, 0xff, 0xf9, 0x48, 0x02, 0xff, 0xfa, 0x48, 0x02, 0xff,
    0xfa, 0x48, 0x02, 0xff, 0xfa, 0x48, 0x02, 0xff, 0xfb, 0x48, 0x02, 0xff,
    0xfb, 0x48, 0x02, 0xff, 0xfb, 0x48, 0x02, 0xff, 0xfc, 0x48, 0x01, 0xff,
    0xfc, 0x48, 0x01, 0xfb, 0xfa, 0x48, 0x01, 0xe3, 0xf7, 0x47, 0x03, 0xb6,
    0xea, 0x48, 0x07, 0x6e, 0xa2, 0x3e, 0x17, 0x21, 0x89, 0x45, 0x1d, 0x1a,
    0x8a, 0x40, 0x20, 0x18, 0x97, 0x51, 0x2e, 0x16, 0x92, 0x55, 0x31, 0x15,
    0x96, 0x5a, 0x3c, 0x11
};
