// 4.26.1 0x63e3af2b D0 AN R0 FARGB8888 U888 N0 SExtFlashSection
// Generated by imageconverter. Please, do not edit!

#include <touchgfx/hal/Config.hpp>

LOCATION_PRAGMA("ExtFlashSection")
KEEP extern const unsigned char image_fan_corner_06[] LOCATION_ATTRIBUTE("ExtFlashSection") = { // 80x80 ARGB8888 pixels.
    0xfb, 0xf8, 0xf5, 0xff, 0xfb, 0xf8, 0xf5, 0xff, 0xfb, 0xf8, 0xf5, 0xff,
    0xfb, 0xf8, 0xf5, 0xff, 0xfb, 0xf8, 0xf5, 0xff, 0xfb, 0xf8, 0xf5, 0xff,
    0xfb, 0xf8, 0xf5, 0xff, 0xfb, 0xf8, 0xf5, 0xff, 0xfb, 0xf8, 0xf5, 0xff,
    0xfb, 0xf8, 0xf5, 0xff, 0xfb, 0xf8, 0xf5, 0xff, 0xfb, 0xf8, 0xf5, 0xff,
    0xfb, 0xf8, 0xf5, 0xff, 0xfb, 0xf7, 0xf5, 0xff, 0xfb, 0xf7, 0xf5, 0xff,
    0xfb, 0xf7, 0xf5, 0xff, 0xfb, 0xf7, 0xf5, 0xff, 0xfb, 0xf7, 0xf5, 0xff,
    0xfb, 0xf7, 0xf5, 0xff, 0xfb, 0xf7, 0xf4, 0xff, 0xfb, 0xf7, 0xf4, 0xff,
    0xfb, 0xf7, 0xf4, 0xff, 0xfb, 0xf7, 0xf4, 0xff, 0xfb, 0xf7, 0xf4, 0xff,
    0xfb, 0xf7, 0xf4, 0xff, 0xfb, 0xf7, 0xf4, 0xff, 0xfb, 0xf7, 0xf4, 0xff,
    0xfb, 0xf7, 0xf4, 0xff, 0xfb, 0xf7, 0xf4, 0xff, 0xfb, 0xf7, 0xf4, 0xff,
    0xfb, 0xf7, 0xf4, 0xff, 0xfb, 0xf7, 0xf4, 0xff, 0xfb, 0xf7, 0xf4, 0xff,
    0xfb, 0xf7, 0xf4, 0xff, 0xfb, 0xf7, 0xf4, 0xff, 0xfb, 0xf7, 0xf4, 0xff,
    0xfb, 0xf7, 0xf4, 0xff, 0xfb, 0xf7, 0xf4, 0xff, 0xfb, 0xf7, 0xf4, 0xff,
    0xfb, 0xf7, 0xf4, 0xff, 0xfb, 0xf7, 0xf4, 0xff, 0xfb, 0xf7, 0xf4, 0xff,
    0xfb, 0xf7, 0xf4, 0xff, 0xfb, 0xf7, 0xf4, 0xff, 0xfb, 0xf7, 0xf4, 0xff,
    0xfb, 0xf7, 0xf4, 0xff, 0xfb, 0xf7, 0xf4, 0xff, 0xfb, 0xf7, 0xf4, 0xff,
    0xfb, 0xf7, 0xf4, 0xff, 0xfb, 0xf7, 0xf4, 0xff, 0xfb, 0xf7, 0xf4, 0xff,
    0xfb, 0xf7, 0xf4, 0xff, 0xfb, 0xf7, 0xf4, 0xff, 0xfb, 0xf7, 0xf4, 0xff,
    0xfb, 0xf7, 0xf4, 0xff, 0xfb, 0xf7, 0xf4, 0xff, 0xfb, 0xf7, 0xf4, 0xff,
    0xfb, 0xf7, 0xf4, 0xff, 0xfb, 0xf7, 0xf4, 0xff, 0xfb, 0xf7, 0xf4, 0xff,
    0xfb, 0xf7, 0xf4, 0xff, 0xfb, 0xf7, 0xf4, 0xff, 0xfb, 0xf7, 0xf4, 0xff,
    0xfb, 0xf7, 0xf4, 0xff, 0xfb, 0xf7, 0xf4, 0xff, 0xfb, 0xf7, 0xf4, 0xff,
    0xfb, 0xf7, 0xf4, 0xff, 0xfb, 0xf7, 0xf4, 0xff, 0xfb, 0xf7, 0xf4, 0xff,
    0xfb, 0xf7, 0xf4, 0xff, 0xfb, 0xf7, 0xf4, 0xff, 0xfb, 0xf7, 0xf4, 0xff,
    0xfb, 0xf7, 0xf4, 0xff, 0xfb, 0xf7, 0xf4, 0xff, 0xfb, 0xf7, 0xf4, 0xff,
    0xfb, 0xf7, 0xf4, 0xff, 0xfb, 0xf7, 0xf4, 0xff, 0xfb, 0xf7, 0xf4, 0xff,
    0xfb, 0xf7, 0xf4, 0xff, 0xfb, 0xf7, 0xf4, 0xff, 0xfb, 0xf8, 0xf5, 0xff,
    0xfb, 0xf8, 0xf5, 0xff, 0xfb, 0xf8, 0xf5, 0xff, 0xfb, 0xf8, 0xf5, 0xff,
    0xfb, 0xf8, 0xf5, 0xff, 0xfb, 0xf8, 0xf5, 0xff, 0xfb, 0xf8, 0xf5, 0xff,
    0xfb, 0xf8, 0xf5, 0xff, 0xfb, 0xf8, 0xf5, 0xff, 0xfb, 0xf8, 0xf5, 0xff,
    0xfb, 0xf8, 0xf5, 0xff, 0xfb, 0xf7, 0xf5, 0xff, 0xfb, 0xf7, 0xf5, 0xff,
    0xfb, 0xf7, 0xf5, 0xff, 0xfb, 0xf7, 0xf5, 0xff, 0xfb, 0xf7, 0xf5, 0xff,
    0xfb, 0xf7, 0xf5, 0xff, 0xfb, 0xf7, 0xf5, 0xff, 0xfb, 0xf7, 0xf4, 0xff,
    0xfb, 0xf7, 0xf4, 0xff, 0xfb, 0xf7, 0xf4, 0xff, 0xfb, 0xf7, 0xf4, 0xff,
    0xfb, 0xf7, 0xf4, 0xff, 0xfb, 0xf7, 0xf4, 0xff, 0xfb, 0xf7, 0xf4, 0xff,
    0xfb, 0xf7, 0xf4, 0xff, 0xfb, 0xf7, 0xf4, 0xff, 0xfb, 0xf7, 0xf4, 0xff,
    0xfb, 0xf7, 0xf4, 0xff, 0xfb, 0xf7, 0xf4, 0xff, 0xfb, 0xf7, 0xf4, 0xff,
    0xfb, 0xf7, 0xf4, 0xff, 0xfb, 0xf7, 0xf4, 0xff, 0xfb, 0xf7, 0xf4, 0xff,
    0xfb, 0xf7, 0xf4, 0xff, 0xfb, 0xf7, 0xf4, 0xff, 0xfb, 0xf7, 0xf4, 0xff,
    0xfb, 0xf7, 0xf4, 0xff, 0xfb, 0xf7, 0xf4, 0xff, 0xfb, 0xf7, 0xf4, 0xff,
    0xfb, 0xf7, 0xf4, 0xff, 0xfb, 0xf7, 0xf4, 0xff, 0xfb, 0xf7, 0xf4, 0xff,
    0xfb, 0xf7, 0xf4, 0xff, 0xfb, 0xf7, 0xf4, 0xff, 0xfb, 0xf7, 0xf4, 0xff,
    0xfb, 0xf7, 0xf4, 0xff, 0xfb, 0xf7, 0xf4, 0xff, 0xfb, 0xf7, 0xf4, 0xff,
    0xfb, 0xf7, 0xf4, 0xff, 0xfb, 0xf7, 0xf4, 0xff, 0xfb, 0xf7, 0xf4, 0xff,
    0xfb, 0xf7, 0xf4, 0xff, 0xfb, 0xf7, 0xf4, 0xff, 0xfb, 0xf7, 0xf4, 0xff,
    0xfb, 0xf7, 0xf4, 0xff, 0xfb, 0xf7, 0xf4, 0xff, 0xfb, 0xf7, 0xf4, 0xff,
    0xfb, 0xf7, 0xf4, 0xff, 0xfb, 0xf7, 0xf4, 0xff, 0xfb, 0xf7, 0xf4, 0xff,
    0xfb, 0xf7, 0xf4, 0xff, 0xfb, 0xf7, 0xf4, 0xff, 0xfb, 0xf7, 0xf4, 0xff,
    0xfb, 0xf7, 0xf4, 0xff, 0xfb, 0xf7, 0xf4, 0xff, 0xfb, 0xf7, 0xf4, 0xff,
    0xfb, 0xf7, 0xf4, 0xff, 0xfb, 0xf7, 0xf4, 0xff, 0xfb, 0xf7, 0xf4, 0xff,
    0xfb, 0xf7, 0xf4, 0xff, 0xfb, 0xf7, 0xf4, 0xff, 0xfb, 0xf7, 0xf4, 0xff,
    0xfb, 0xf7, 0xf4, 0xff, 0xfb, 0xf7, 0xf4, 0xff, 0xfb, 0xf7, 0xf4, 0xff,
    0xfb, 0xf7, 0xf4, 0xff, 0xfb, 0xf7, 0xf4, 0xff, 0xfb, 0xf7, 0xf4, 0xff,
    0xfb, 0xf7, 0xf4, 0xff, 0xfb, 0xf8, 0xf5, 0xff, 0xfb, 0xf8, 0xf5, 0xff,
    0xfb, 0xf8, 0xf5, 0xff, 0xfb, 0xf8, 0xf5, 0xff, 0xfb, 0xf8, 0xf5, 0xff,
    0xfb, 0xf8, 0xf5, 0xff, 0xfb, 0xf8, 0xf5, 0xff, 0xfb, 0xf8, 0xf5, 0xff,
    0xfb, 0xf8, 0xf5, 0xff, 0xfb, 0xf8, 0xf5, 0xff, 0xfb, 0xf7, 0xf5, 0xff,
    0xfb, 0xf7, 0xf5, 0xff, 0xfb, 0xf7, 0xf5, 0xff, 0xfb, 0xf7, 0xf5, 0xff,
    0xfb, 0xf7, 0xf5, 0xff, 0xfb, 0xf7, 0xf5, 0xff, 0xfb, 0xf7, 0xf5, 0xff,
    0xfb, 0xf7, 0xf4, 0xff, 0xfb, 0xf7, 0xf4, 0xff, 0xfb, 0xf7, 0xf4, 0xff,
    0xfb, 0xf7, 0xf4, 0xff, 0xfb, 0xf7, 0xf4, 0xff, 0xfb, 0xf7, 0xf4, 0xff,
    0xfb, 0xf7, 0xf4, 0xff, 0xfb, 0xf7, 0xf4, 0xff, 0xfb, 0xf7, 0xf4, 0xff,
    0xfb, 0xf7, 0xf4, 0xff, 0xfb, 0xf7, 0xf4, 0xff, 0xfb, 0xf7, 0xf4, 0xff,
    0xfb, 0xf7, 0xf4, 0xff, 0xfb, 0xf7, 0xf4, 0xff, 0xfb, 0xf7, 0xf4, 0xff,
    0xfb, 0xf7, 0xf4, 0xff, 0xfb, 0xf7, 0xf4, 0xff, 0xfb, 0xf7, 0xf4, 0xff,
    0xfb, 0xf7, 0xf4, 0xff, 0xfb, 0xf7, 0xf4, 0xff, 0xfb, 0xf7, 0xf4, 0xff,
    0xfb, 0xf7, 0xf4, 0xff, 0xfb, 0xf7, 0xf4, 0xff, 0xfb, 0xf7, 0xf4, 0xff,
    0xfb, 0xf7, 0xf4, 0xff, 0xfb, 0xf7, 0xf4, 0xff, 0xfb, 0xf7, 0xf4, 0xff,
    0xfb, 0xf7, 0xf4, 0xff, 0xfb, 0xf7, 0xf4, 0xff, 0xfb, 0xf7, 0xf4, 0xff,
    0xfb, 0xf7, 0xf4, 0xff, 0xfb, 0xf7, 0xf4, 0xff, 0xfb, 0xf7, 0xf4, 0xff,
    0xfb, 0xf7, 0xf4, 0xff, 0xfb, 0xf7, 0xf4, 0xff, 0xfb, 0xf7, 0xf4, 0xff,
    0xfb, 0xf7, 0xf4, 0xff, 0xfb, 0xf7, 0xf4, 0xff, 0xfb, 0xf7, 0xf4, 0xff,
    0xfb, 0xf7, 0xf4, 0xff, 0xfb, 0xf7, 0xf4, 0xff, 0xfb, 0xf7, 0xf4, 0xff,
    0xfb, 0xf7, 0xf4, 0xff, 0xfb, 0xf7, 0xf4, 0xff, 0xfb, 0xf7, 0xf4, 0xff,
    0xfb, 0xf7, 0xf4, 0xff, 0xfb, 0xf7, 0xf4, 0xff, 0xfb, 0xf7, 0xf4, 0xff,
    0xfb, 0xf7, 0xf4, 0xff, 0xfb, 0xf7, 0xf4, 0xff, 0xfb, 0xf7, 0xf4, 0xff,
    0xfb, 0xf7, 0xf4, 0xff, 0xfb, 0xf7, 0xf4, 0xff, 0xfb, 0xf7, 0xf4, 0xff,
    0xfb, 0xf7, 0xf4, 0xff, 0xfb, 0xf7, 0xf4, 0xff, 0xfb, 0xf7, 0xf4, 0xff,
    0xfb, 0xf7, 0xf4, 0xff, 0xfb, 0xf7, 0xf4, 0xff, 0xfb, 0xf7, 0xf4, 0xff,
    0xfb, 0xf7, 0xf4, 0xff, 0xfb, 0xf7, 0xf4, 0xff, 0xfb, 0xf7, 0xf4, 0xff,
    0xfb, 0xf8, 0xf5, 0xff, 0xfb, 0xf8, 0xf5, 0xff, 0xfb, 0xf8, 0xf5, 0xff,
    0xfb, 0xf8, 0xf5, 0xff, 0xfb, 0xf8, 0xf5, 0xff, 0xfb, 0xf8, 0xf5, 0xff,
    0xfb, 0xf8, 0xf5, 0xff, 0xfb, 0xf8, 0xf5, 0xff, 0xfb, 0xf8, 0xf5, 0xff,
    0xfb, 0xf7, 0xf5, 0xff, 0xfb, 0xf7, 0xf5, 0xff, 0xfb, 0xf7, 0xf5, 0xff,
    0xfb, 0xf7, 0xf5, 0xff, 0xfb, 0xf7, 0xf5, 0xff, 0xfb, 0xf7, 0xf5, 0xff,
    0xfb, 0xf7, 0xf5, 0xff, 0xfb, 0xf7, 0xf4, 0xff, 0xfb, 0xf7, 0xf4, 0xff,
    0xfb, 0xf7, 0xf4, 0xff, 0xfb, 0xf7, 0xf4, 0xff, 0xfb, 0xf7, 0xf4, 0xff,
    0xfb, 0xf7, 0xf4, 0xff, 0xfb, 0xf7, 0xf4, 0xff, 0xfb, 0xf7, 0xf4, 0xff,
    0xfb, 0xf7, 0xf4, 0xff, 0xfb, 0xf7, 0xf4, 0xff, 0xfb, 0xf7, 0xf4, 0xff,
    0xfb, 0xf7, 0xf4, 0xff, 0xfb, 0xf7, 0xf4, 0xff, 0xfb, 0xf7, 0xf4, 0xff,
    0xfb, 0xf7, 0xf4, 0xff, 0xfb, 0xf7, 0xf4, 0xff, 0xfb, 0xf7, 0xf4, 0xff,
    0xfb, 0xf7, 0xf4, 0xff, 0xfb, 0xf7, 0xf4, 0xff, 0xfb, 0xf7, 0xf4, 0xff,
    0xfb, 0xf7, 0xf4, 0xff, 0xfb, 0xf7, 0xf4, 0xff, 0xfb, 0xf7, 0xf4, 0xff,
    0xfb, 0xf7, 0xf4, 0xff, 0xfb, 0xf7, 0xf4, 0xff, 0xfb, 0xf7, 0xf4, 0xff,
    0xfb, 0xf7, 0xf4, 0xff, 0xfb, 0xf7, 0xf4, 0xff, 0xfb, 0xf7, 0xf4, 0xff,
    0xfb, 0xf7, 0xf4, 0xff, 0xfb, 0xf7, 0xf4, 0xff, 0xfb, 0xf7, 0xf4, 0xff,
    0xfb, 0xf7, 0xf4, 0xff, 0xfb, 0xf7, 0xf4, 0xff, 0xfb, 0xf7, 0xf4, 0xff,
    0xfb, 0xf7, 0xf4, 0xff, 0xfb, 0xf7, 0xf4, 0xff, 0xfb, 0xf7, 0xf4, 0xff,
    0xfb, 0xf7, 0xf4, 0xff, 0xfb, 0xf7, 0xf4, 0xff, 0xfb, 0xf7, 0xf4, 0xff,
    0xfb, 0xf7, 0xf4, 0xff, 0xfb, 0xf7, 0xf4, 0xff, 0xfb, 0xf7, 0xf4, 0xff,
    0xfb, 0xf7, 0xf4, 0xff, 0xfb, 0xf7, 0xf4, 0xff, 0xfb, 0xf7, 0xf4, 0xff,
    0xfb, 0xf7, 0xf4, 0xff, 0xfb, 0xf7, 0xf4, 0xff, 0xfb, 0xf7, 0xf4, 0xff,
    0xfb, 0xf7, 0xf4, 0xff, 0xfb, 0xf7, 0xf4, 0xff, 0xfb, 0xf7, 0xf4, 0xff,
    0xfb, 0xf7, 0xf4, 0xff, 0xfb, 0xf7, 0xf4, 0xff, 0xfb, 0xf7, 0xf4, 0xff,
    0xfb, 0xf7, 0xf4, 0xff, 0xfb, 0xf7, 0xf4, 0xff, 0xfb, 0xf7, 0xf4, 0xff,
    0xfb, 0xf7, 0xf4, 0xff, 0xfb, 0xf7, 0xf4, 0xff, 0xfb, 0xf7, 0xf4, 0xff,
    0xfb, 0xf7, 0xf4, 0xff, 0xfb, 0xf7, 0xf4, 0xff, 0xfb, 0xf8, 0xf5, 0xff,
    0xfb, 0xf8, 0xf5, 0xff, 0xfb, 0xf8, 0xf5, 0xff, 0xfb, 0xf8, 0xf5, 0xff,
    0xfb, 0xf8, 0xf5, 0xff, 0xfb, 0xf8, 0xf5, 0xff, 0xfb, 0xf8, 0xf5, 0xff,
    0xfb, 0xf8, 0xf5, 0xff, 0xfb, 0xf7, 0xf5, 0xff, 0xfb, 0xf7, 0xf5, 0xff,
    0xfb, 0xf7, 0xf5, 0xff, 0xfb, 0xf7, 0xf5, 0xff, 0xfb, 0xf7, 0xf5, 0xff,
    0xfb, 0xf7, 0xf5, 0xff, 0xfb, 0xf7, 0xf5, 0xff, 0xfb, 0xf7, 0xf4, 0xff,
    0xfb, 0xf7, 0xf4, 0xff, 0xfb, 0xf7, 0xf4, 0xff, 0xfb, 0xf7, 0xf4, 0xff,
    0xfb, 0xf7, 0xf4, 0xff, 0xfb, 0xf7, 0xf4, 0xff, 0xfb, 0xf7, 0xf4, 0xff,
    0xfb, 0xf7, 0xf4, 0xff, 0xfb, 0xf7, 0xf4, 0xff, 0xfb, 0xf7, 0xf4, 0xff,
    0xfb, 0xf7, 0xf4, 0xff, 0xfb, 0xf7, 0xf4, 0xff, 0xfb, 0xf7, 0xf4, 0xff,
    0xfb, 0xf7, 0xf4, 0xff, 0xfb, 0xf7, 0xf4, 0xff, 0xfb, 0xf7, 0xf4, 0xff,
    0xfb, 0xf7, 0xf4, 0xff, 0xfb, 0xf7, 0xf4, 0xff, 0xfb, 0xf7, 0xf4, 0xff,
    0xfb, 0xf7, 0xf4, 0xff, 0xfb, 0xf7, 0xf4, 0xff, 0xfb, 0xf7, 0xf4, 0xff,
    0xfb, 0xf7, 0xf4, 0xff, 0xfb, 0xf7, 0xf4, 0xff, 0xfb, 0xf7, 0xf4, 0xff,
    0xfb, 0xf7, 0xf4, 0xff, 0xfb, 0xf7, 0xf4, 0xff, 0xfb, 0xf7, 0xf4, 0xff,
    0xfb, 0xf7, 0xf4, 0xff, 0xfb, 0xf7, 0xf4, 0xff, 0xfb, 0xf7, 0xf4, 0xff,
    0xfb, 0xf7, 0xf4, 0xff, 0xfb, 0xf7, 0xf4, 0xff, 0xfb, 0xf7, 0xf4, 0xff,
    0xfb, 0xf7, 0xf4, 0xff, 0xfb, 0xf7, 0xf4, 0xff, 0xfb, 0xf7, 0xf4, 0xff,
    0xfb, 0xf7, 0xf4, 0xff, 0xfb, 0xf7, 0xf4, 0xff, 0xfb, 0xf7, 0xf4, 0xff,
    0xfb, 0xf7, 0xf4, 0xff, 0xfb, 0xf7, 0xf4, 0xff, 0xfb, 0xf7, 0xf4, 0xff,
    0xfb, 0xf7, 0xf4, 0xff, 0xfb, 0xf7, 0xf4, 0xff, 0xfb, 0xf7, 0xf4, 0xff,
    0xfb, 0xf7, 0xf4, 0xff, 0xfb, 0xf7, 0xf4, 0xff, 0xfb, 0xf7, 0xf4, 0xff,
    0xfb, 0xf7, 0xf4, 0xff, 0xfb, 0xf7, 0xf4, 0xff, 0xfb, 0xf7, 0xf4, 0xff,
    0xfb, 0xf7, 0xf4, 0xff, 0xfb, 0xf7, 0xf4, 0xff, 0xfb, 0xf7, 0xf4, 0xff,
    0xfb, 0xf7, 0xf4, 0xff, 0xfb, 0xf7, 0xf4, 0xff, 0xfb, 0xf7, 0xf4, 0xff,
    0xfb, 0xf7, 0xf4, 0xff, 0xfb, 0xf7, 0xf4, 0xff, 0xfb, 0xf7, 0xf4, 0xff,
    0xfb, 0xf7, 0xf4, 0xff, 0xfb, 0xf7, 0xf4, 0xff, 0xfb, 0xf7, 0xf4, 0xff,
    0xfb, 0xf7, 0xf4, 0xff, 0xfb, 0xf8, 0xf5, 0xff, 0xfb, 0xf8, 0xf5, 0xff,
    0xfb, 0xf8, 0xf5, 0xff, 0xfb, 0xf8, 0xf5, 0xff, 0xfb, 0xf8, 0xf5, 0xff,
    0xfb, 0xf8, 0xf5, 0xff, 0xfb, 0xf8, 0xf5, 0xff, 0xfb, 0xf7, 0xf5, 0xff,
    0xfb, 0xf7, 0xf5, 0xff, 0xfb, 0xf7, 0xf5, 0xff, 0xfb, 0xf7, 0xf5, 0xff,
    0xfb, 0xf7, 0xf5, 0xff, 0xfb, 0xf7, 0xf5, 0xff, 0xfb, 0xf7, 0xf5, 0xff,
    0xfb, 0xf7, 0xf4, 0xff, 0xfb, 0xf7, 0xf4, 0xff, 0xfb, 0xf7, 0xf4, 0xff,
    0xfb, 0xf7, 0xf4, 0xff, 0xfb, 0xf7, 0xf4, 0xff, 0xfb, 0xf7, 0xf4, 0xff,
    0xfb, 0xf7, 0xf4, 0xff, 0xfb, 0xf7, 0xf4, 0xff, 0xfb, 0xf7, 0xf4, 0xff,
    0xfb, 0xf7, 0xf4, 0xff, 0xfb, 0xf7, 0xf4, 0xff, 0xfb, 0xf7, 0xf4, 0xff,
    0xfb, 0xf7, 0xf4, 0xff, 0xfb, 0xf7, 0xf4, 0xff, 0xfb, 0xf7, 0xf4, 0xff,
    0xfb, 0xf7, 0xf4, 0xff, 0xfb, 0xf7, 0xf4, 0xff, 0xfb, 0xf7, 0xf4, 0xff,
    0xfb, 0xf7, 0xf4, 0xff, 0xfb, 0xf7, 0xf4, 0xff, 0xfb, 0xf7, 0xf4, 0xff,
    0xfb, 0xf7, 0xf4, 0xff, 0xfb, 0xf7, 0xf4, 0xff, 0xfb, 0xf7, 0xf4, 0xff,
    0xfb, 0xf7, 0xf4, 0xff, 0xfb, 0xf7, 0xf4, 0xff, 0xfb, 0xf7, 0xf4, 0xff,
    0xfb, 0xf7, 0xf4, 0xff, 0xfb, 0xf7, 0xf4, 0xff, 0xfb, 0xf7, 0xf4, 0xff,
    0xfb, 0xf7, 0xf4, 0xff, 0xfb, 0xf7, 0xf4, 0xff, 0xfb, 0xf7, 0xf4, 0xff,
    0xfb, 0xf7, 0xf4, 0xff, 0xfb, 0xf7, 0xf4, 0xff, 0xfb, 0xf7, 0xf4, 0xff,
    0xfb, 0xf7, 0xf4, 0xff, 0xfb, 0xf7, 0xf4, 0xff, 0xfb, 0xf7, 0xf4, 0xff,
    0xfb, 0xf7, 0xf4, 0xff, 0xfb, 0xf7, 0xf4, 0xff, 0xfb, 0xf7, 0xf4, 0xff,
    0xfb, 0xf7, 0xf4, 0xff, 0xfb, 0xf7, 0xf4, 0xff, 0xfb, 0xf7, 0xf4, 0xff,
    0xfb, 0xf7, 0xf4, 0xff, 0xfb, 0xf7, 0xf4, 0xff, 0xfb, 0xf7, 0xf4, 0xff,
    0xfb, 0xf7, 0xf4, 0xff, 0xfb, 0xf7, 0xf4, 0xff, 0xfb, 0xf7, 0xf4, 0xff,
    0xfb, 0xf7, 0xf4, 0xff, 0xfb, 0xf7, 0xf4, 0xff, 0xfb, 0xf7, 0xf4, 0xff,
    0xfb, 0xf7, 0xf4, 0xff, 0xfb, 0xf7, 0xf4, 0xff, 0xfb, 0xf7, 0xf4, 0xff,
    0xfb, 0xf7, 0xf4, 0xff, 0xfb, 0xf7, 0xf4, 0xff, 0xfb, 0xf7, 0xf4, 0xff,
    0xfb, 0xf7, 0xf4, 0xff, 0xfb, 0xf7, 0xf4, 0xff, 0xfb, 0xf7, 0xf4, 0xff,
    0xfb, 0xf7, 0xf4, 0xff, 0xfb, 0xf7, 0xf4, 0xff, 0xfb, 0xf7, 0xf4, 0xff,
    0xfb, 0xf8, 0xf5, 0xff, 0xfb, 0xf8, 0xf5, 0xff, 0xfb, 0xf8, 0xf5, 0xff,
    0xfb, 0xf8, 0xf5, 0xff, 0xfb, 0xf8, 0xf5, 0xff, 0xfb, 0xf8, 0xf5, 0xff,
    0xfb, 0xf7, 0xf5, 0xff, 0xfb, 0xf7, 0xf5, 0xff, 0xfb, 0xf7, 0xf5, 0xff,
    0xfb, 0xf7, 0xf5, 0xff, 0xfb, 0xf7, 0xf5, 0xff, 0xfb, 0xf7, 0xf5, 0xff,
    0xfb, 0xf7, 0xf5, 0xff, 0xfb, 0xf7, 0xf4, 0xff, 0xfb, 0xf7, 0xf4, 0xff,
    0xfb, 0xf7, 0xf4, 0xff, 0xfb, 0xf7, 0xf4, 0xff, 0xfb, 0xf7, 0xf4, 0xff,
    0xfb, 0xf7, 0xf4, 0xff, 0xfb, 0xf7, 0xf4, 0xff, 0xfb, 0xf7, 0xf4, 0xff,
    0xfb, 0xf7, 0xf4, 0xff, 0xfb, 0xf7, 0xf4, 0xff, 0xfb, 0xf7, 0xf4, 0xff,
    0xfb, 0xf7, 0xf4, 0xff, 0xfb, 0xf7, 0xf4, 0xff, 0xfb, 0xf7, 0xf4, 0xff,
    0xfb, 0xf7, 0xf4, 0xff, 0xfb, 0xf7, 0xf4, 0xff, 0xfb, 0xf7, 0xf4, 0xff,
    0xfb, 0xf7, 0xf4, 0xff, 0xfb, 0xf7, 0xf4, 0xff, 0xfb, 0xf7, 0xf4, 0xff,
    0xfb, 0xf7, 0xf4, 0xff, 0xfb, 0xf7, 0xf4, 0xff, 0xfb, 0xf7, 0xf4, 0xff,
    0xfb, 0xf7, 0xf4, 0xff, 0xfb, 0xf7, 0xf4, 0xff, 0xfb, 0xf7, 0xf4, 0xff,
    0xfb, 0xf7, 0xf4, 0xff, 0xfb, 0xf7, 0xf4, 0xff, 0xfb, 0xf7, 0xf4, 0xff,
    0xfb, 0xf7, 0xf4, 0xff, 0xfb, 0xf7, 0xf4, 0xff, 0xfb, 0xf7, 0xf4, 0xff,
    0xfb, 0xf7, 0xf4, 0xff, 0xfb, 0xf7, 0xf4, 0xff, 0xfb, 0xf7, 0xf4, 0xff,
    0xfb, 0xf7, 0xf4, 0xff, 0xfb, 0xf7, 0xf4, 0xff, 0xfb, 0xf7, 0xf4, 0xff,
    0xfb, 0xf7, 0xf4, 0xff, 0xfb, 0xf7, 0xf4, 0xff, 0xfb, 0xf7, 0xf4, 0xff,
    0xfb, 0xf7, 0xf4, 0xff, 0xfb, 0xf7, 0xf4, 0xff, 0xfb, 0xf7, 0xf4, 0xff,
    0xfb, 0xf7, 0xf4, 0xff, 0xfb, 0xf7, 0xf4, 0xff, 0xfb, 0xf7, 0xf4, 0xff,
    0xfb, 0xf7, 0xf4, 0xff, 0xfb, 0xf7, 0xf4, 0xff, 0xfb, 0xf7, 0xf4, 0xff,
    0xfb, 0xf7, 0xf4, 0xff, 0xfb, 0xf7, 0xf4, 0xff, 0xfb, 0xf7, 0xf4, 0xff,
    0xfb, 0xf7, 0xf4, 0xff, 0xfb, 0xf7, 0xf4, 0xff, 0xfb, 0xf7, 0xf4, 0xff,
    0xfb, 0xf7, 0xf4, 0xff, 0xfb, 0xf7, 0xf4, 0xff, 0xfb, 0xf7, 0xf4, 0xff,
    0xfb, 0xf7, 0xf4, 0xff, 0xfb, 0xf7, 0xf4, 0xff, 0xfb, 0xf7, 0xf4, 0xff,
    0xfb, 0xf7, 0xf4, 0xff, 0xfb, 0xf7, 0xf4, 0xff, 0xfb, 0xf7, 0xf4, 0xff,
    0xfb, 0xf7, 0xf4, 0xff, 0xfb, 0xf7, 0xf4, 0xff, 0xfb, 0xf8, 0xf5, 0xff,
    0xfb, 0xf8, 0xf5, 0xff, 0xfb, 0xf8, 0xf5, 0xff, 0xfb, 0xf8, 0xf5, 0xff,
    0xfb, 0xf8, 0xf5, 0xff, 0xfb, 0xf7, 0xf5, 0xff, 0xfb, 0xf7, 0xf5, 0xff,
    0xfb, 0xf7, 0xf5, 0xff, 0xfb, 0xf7, 0xf5, 0xff, 0xfb, 0xf7, 0xf5, 0xff,
    0xfb, 0xf7, 0xf5, 0xff, 0xfb, 0xf7, 0xf5, 0xff, 0xfb, 0xf7, 0xf4, 0xff,
    0xfb, 0xf7, 0xf4, 0xff, 0xfb, 0xf7, 0xf4, 0xff, 0xfb, 0xf7, 0xf4, 0xff,
    0xfb, 0xf7, 0xf4, 0xff, 0xfb, 0xf7, 0xf4, 0xff, 0xfb, 0xf7, 0xf4, 0xff,
    0xfb, 0xf7, 0xf4, 0xff, 0xfb, 0xf7, 0xf4, 0xff, 0xfb, 0xf7, 0xf4, 0xff,
    0xfb, 0xf7, 0xf4, 0xff, 0xfb, 0xf7, 0xf4, 0xff, 0xfb, 0xf7, 0xf4, 0xff,
    0xfb, 0xf7, 0xf4, 0xff, 0xfb, 0xf7, 0xf4, 0xff, 0xfb, 0xf7, 0xf4, 0xff,
    0xfb, 0xf7, 0xf4, 0xff, 0xfb, 0xf7, 0xf4, 0xff, 0xfb, 0xf7, 0xf4, 0xff,
    0xfb, 0xf7, 0xf4, 0xff, 0xfb, 0xf7, 0xf4, 0xff, 0xfb, 0xf7, 0xf4, 0xff,
    0xfb, 0xf7, 0xf4, 0xff, 0xfb, 0xf7, 0xf4, 0xff, 0xfb, 0xf7, 0xf4, 0xff,
    0xfb, 0xf7, 0xf4, 0xff, 0xfb, 0xf7, 0xf4, 0xff, 0xfb, 0xf7, 0xf4, 0xff,
    0xfb, 0xf7, 0xf4, 0xff, 0xfb, 0xf7, 0xf4, 0xff, 0xfb, 0xf7, 0xf4, 0xff,
    0xfb, 0xf7, 0xf4, 0xff, 0xfb, 0xf7, 0xf4, 0xff, 0xfb, 0xf7, 0xf4, 0xff,
    0xfb, 0xf7, 0xf4, 0xff, 0xfb, 0xf7, 0xf4, 0xff, 0xfb, 0xf7, 0xf4, 0xff,
    0xfb, 0xf7, 0xf4, 0xff, 0xfb, 0xf7, 0xf4, 0xff, 0xfb, 0xf7, 0xf4, 0xff,
    0xfb, 0xf7, 0xf4, 0xff, 0xfb, 0xf7, 0xf4, 0xff, 0xfb, 0xf7, 0xf4, 0xff,
    0xfb, 0xf7, 0xf4, 0xff, 0xfb, 0xf7, 0xf4, 0xff, 0xfb, 0xf7, 0xf4, 0xff,
    0xfb, 0xf7, 0xf4, 0xff, 0xfb, 0xf7, 0xf4, 0xff, 0xfb, 0xf7, 0xf4, 0xff,
    0xfb, 0xf7, 0xf4, 0xff, 0xfb, 0xf7, 0xf4, 0xff, 0xfb, 0xf7, 0xf4, 0xff,
    0xfb, 0xf7, 0xf4, 0xff, 0xfb, 0xf7, 0xf4, 0xff, 0xfb, 0xf7, 0xf4, 0xff,
    0xfb, 0xf7, 0xf4, 0xff, 0xfb, 0xf7, 0xf4, 0xff, 0xfb, 0xf7, 0xf4, 0xff,
    0xfb, 0xf7, 0xf4, 0xff, 0xfb, 0xf7, 0xf4, 0xff, 0xfb, 0xf7, 0xf4, 0xff,
    0xfb, 0xf7, 0xf4, 0xff, 0xfb, 0xf7, 0xf4, 0xff, 0xfb, 0xf7, 0xf4, 0xff,
    0xfb, 0xf7, 0xf4, 0xff, 0xfb, 0xf7, 0xf4, 0xff, 0xfb, 0xf7, 0xf4, 0xff,
    0xfb, 0xf7, 0xf4, 0xff, 0xfb, 0xf8, 0xf5, 0xff, 0xfb, 0xf8, 0xf5, 0xff,
    0xfb, 0xf8, 0xf5, 0xff, 0xfb, 0xf8, 0xf5, 0xff, 0xfb, 0xf7, 0xf5, 0xff,
    0xfb, 0xf7, 0xf5, 0xff, 0xfb, 0xf7, 0xf5, 0xff, 0xfb, 0xf7, 0xf5, 0xff,
    0xfb, 0xf7, 0xf5, 0xff, 0xfb, 0xf7, 0xf5, 0xff, 0xfb, 0xf7, 0xf5, 0xff,
    0xfb, 0xf7, 0xf4, 0xff, 0xfb, 0xf7, 0xf4, 0xff, 0xfb, 0xf7, 0xf4, 0xff,
    0xfb, 0xf7, 0xf4, 0xff, 0xfb, 0xf7, 0xf4, 0xff, 0xfb, 0xf7, 0xf4, 0xff,
    0xfb, 0xf7, 0xf4, 0xff, 0xfb, 0xf7, 0xf4, 0xff, 0xfb, 0xf7, 0xf4, 0xff,
    0xfb, 0xf7, 0xf4, 0xff, 0xfb, 0xf7, 0xf4, 0xff, 0xfb, 0xf7, 0xf4, 0xff,
    0xfb, 0xf7, 0xf4, 0xff, 0xfb, 0xf7, 0xf4, 0xff, 0xfb, 0xf7, 0xf4, 0xff,
    0xfb, 0xf7, 0xf4, 0xff, 0xfb, 0xf7, 0xf4, 0xff, 0xfb, 0xf7, 0xf4, 0xff,
    0xfb, 0xf7, 0xf4, 0xff, 0xfb, 0xf7, 0xf4, 0xff, 0xfb, 0xf7, 0xf4, 0xff,
    0xfb, 0xf7, 0xf4, 0xff, 0xfb, 0xf7, 0xf4, 0xff, 0xfb, 0xf7, 0xf4, 0xff,
    0xfb, 0xf7, 0xf4, 0xff, 0xfb, 0xf7, 0xf4, 0xff, 0xfb, 0xf7, 0xf4, 0xff,
    0xfb, 0xf7, 0xf4, 0xff, 0xfb, 0xf7, 0xf4, 0xff, 0xfb, 0xf7, 0xf4, 0xff,
    0xfb, 0xf7, 0xf4, 0xff, 0xfb, 0xf7, 0xf4, 0xff, 0xfb, 0xf7, 0xf4, 0xff,
    0xfb, 0xf7, 0xf4, 0xff, 0xfb, 0xf7, 0xf4, 0xff, 0xfb, 0xf7, 0xf4, 0xff,
    0xfb, 0xf7, 0xf4, 0xff, 0xfb, 0xf7, 0xf4, 0xff, 0xfb, 0xf7, 0xf4, 0xff,
    0xfb, 0xf7, 0xf4, 0xff, 0xfb, 0xf7, 0xf4, 0xff, 0xfb, 0xf7, 0xf4, 0xff,
    0xfb, 0xf7, 0xf4, 0xff, 0xfb, 0xf7, 0xf4, 0xff, 0xfb, 0xf7, 0xf4, 0xff,
    0xfb, 0xf7, 0xf4, 0xff, 0xfb, 0xf7, 0xf4, 0xff, 0xfb, 0xf7, 0xf4, 0xff,
    0xfb, 0xf7, 0xf4, 0xff, 0xfb, 0xf7, 0xf4, 0xff, 0xfb, 0xf7, 0xf4, 0xff,
    0xfb, 0xf7, 0xf4, 0xff, 0xfb, 0xf7, 0xf4, 0xff, 0xfb, 0xf7, 0xf4, 0xff,
    0xfb, 0xf7, 0xf4, 0xff, 0xfb, 0xf7, 0xf4, 0xff, 0xfb, 0xf7, 0xf4, 0xff,
    0xfb, 0xf7, 0xf4, 0xff, 0xfb, 0xf7, 0xf4, 0xff, 0xfb, 0xf7, 0xf4, 0xff,
    0xfb, 0xf7, 0xf4, 0xff, 0xfb, 0xf7, 0xf4, 0xff, 0xfb, 0xf7, 0xf4, 0xff,
    0xfb, 0xf7, 0xf4, 0xff, 0xfb, 0xf7, 0xf4, 0xff, 0xfb, 0xf7, 0xf4, 0xff,
    0xfb, 0xf7, 0xf4, 0xff, 0xfb, 0xf7, 0xf4, 0xff, 0xfb, 0xf7, 0xf4, 0xff,
    0xfb, 0xf8, 0xf5, 0xff, 0xfb, 0xf8, 0xf5, 0xff, 0xfb, 0xf8, 0xf5, 0xff,
    0xfb, 0xf7, 0xf5, 0xff, 0xfb, 0xf7, 0xf5, 0xff, 0xfb, 0xf7, 0xf5, 0xff,
    0xfb, 0xf7, 0xf5, 0xff, 0xfb, 0xf7, 0xf5, 0xff, 0xfb, 0xf7, 0xf5, 0xff,
    0xfb, 0xf7, 0xf5, 0xff, 0xfb, 0xf7, 0xf4, 0xff, 0xfb, 0xf7, 0xf4, 0xff,
    0xfb, 0xf7, 0xf4, 0xff, 0xfb, 0xf7, 0xf4, 0xff, 0xfb, 0xf7, 0xf4, 0xff,
    0xfb, 0xf7, 0xf4, 0xff, 0xfb, 0xf7, 0xf4, 0xff, 0xfb, 0xf7, 0xf4, 0xff,
    0xfb, 0xf7, 0xf4, 0xff, 0xfb, 0xf7, 0xf4, 0xff, 0xfb, 0xf7, 0xf4, 0xff,
    0xfb, 0xf7, 0xf4, 0xff, 0xfb, 0xf7, 0xf4, 0xff, 0xfb, 0xf7, 0xf4, 0xff,
    0xfb, 0xf7, 0xf4, 0xff, 0xfb, 0xf7, 0xf4, 0xff, 0xfb, 0xf7, 0xf4, 0xff,
    0xfb, 0xf7, 0xf4, 0xff, 0xfb, 0xf7, 0xf4, 0xff, 0xfb, 0xf7, 0xf4, 0xff,
    0xfb, 0xf7, 0xf4, 0xff, 0xfb, 0xf7, 0xf4, 0xff, 0xfb, 0xf7, 0xf4, 0xff,
    0xfb, 0xf7, 0xf4, 0xff, 0xfb, 0xf7, 0xf4, 0xff, 0xfb, 0xf7, 0xf4, 0xff,
    0xfb, 0xf7, 0xf4, 0xff, 0xfb, 0xf7, 0xf4, 0xff, 0xfb, 0xf7, 0xf4, 0xff,
    0xfb, 0xf7, 0xf4, 0xff, 0xfb, 0xf7, 0xf4, 0xff, 0xfb, 0xf7, 0xf4, 0xff,
    0xfb, 0xf7, 0xf4, 0xff, 0xfb, 0xf7, 0xf4, 0xff, 0xfb, 0xf7, 0xf4, 0xff,
    0xfb, 0xf7, 0xf4, 0xff, 0xfb, 0xf7, 0xf4, 0xff, 0xfb, 0xf7, 0xf4, 0xff,
    0xfb, 0xf7, 0xf4, 0xff, 0xfb, 0xf7, 0xf4, 0xff, 0xfb, 0xf7, 0xf4, 0xff,
    0xfb, 0xf7, 0xf4, 0xff, 0xfb, 0xf7, 0xf4, 0xff, 0xfb, 0xf7, 0xf4, 0xff,
    0xfb, 0xf7, 0xf4, 0xff, 0xfb, 0xf7, 0xf4, 0xff, 0xfb, 0xf7, 0xf4, 0xff,
    0xfb, 0xf7, 0xf4, 0xff, 0xfb, 0xf7, 0xf4, 0xff, 0xfb, 0xf7, 0xf4, 0xff,
    0xfb, 0xf7, 0xf4, 0xff, 0xfb, 0xf7, 0xf4, 0xff, 0xfb, 0xf7, 0xf4, 0xff,
    0xfb, 0xf7, 0xf4, 0xff, 0xfb, 0xf7, 0xf4, 0xff, 0xfb, 0xf7, 0xf4, 0xff,
    0xfb, 0xf7, 0xf4, 0xff, 0xfb, 0xf7, 0xf4, 0xff, 0xfb, 0xf7, 0xf4, 0xff,
    0xfb, 0xf7, 0xf4, 0xff, 0xfb, 0xf7, 0xf4, 0xff, 0xfb, 0xf7, 0xf4, 0xff,
    0xfb, 0xf7, 0xf4, 0xff, 0xfb, 0xf7, 0xf4, 0xff, 0xfb, 0xf7, 0xf4, 0xff,
    0xfb, 0xf7, 0xf4, 0xff, 0xfb, 0xf7, 0xf4, 0xff, 0xfb, 0xf7, 0xf4, 0xff,
    0xfb, 0xf7, 0xf4, 0xff, 0xfb, 0xf7, 0xf4, 0xff, 0xfb, 0xf8, 0xf5, 0xff,
    0xfb, 0xf8, 0xf5, 0xff, 0xfb, 0xf7, 0xf5, 0xff, 0xfb, 0xf7, 0xf5, 0xff,
    0xfb, 0xf7, 0xf5, 0xff, 0xfb, 0xf7, 0xf5, 0xff, 0xfb, 0xf7, 0xf5, 0xff,
    0xfb, 0xf7, 0xf5, 0xff, 0xfb, 0xf7, 0xf5, 0xff, 0xfb, 0xf7, 0xf4, 0xff,
    0xfb, 0xf7, 0xf4, 0xff, 0xfb, 0xf7, 0xf4, 0xff, 0xfb, 0xf7, 0xf4, 0xff,
    0xfb, 0xf7, 0xf4, 0xff, 0xfb, 0xf7, 0xf4, 0xff, 0xfb, 0xf7, 0xf4, 0xff,
    0xfb, 0xf7, 0xf4, 0xff, 0xfb, 0xf7, 0xf4, 0xff, 0xfb, 0xf7, 0xf4, 0xff,
    0xfb, 0xf7, 0xf4, 0xff, 0xfb, 0xf7, 0xf4, 0xff, 0xfb, 0xf7, 0xf4, 0xff,
    0xfb, 0xf7, 0xf4, 0xff, 0xfb, 0xf7, 0xf4, 0xff, 0xfb, 0xf7, 0xf4, 0xff,
    0xfb, 0xf7, 0xf4, 0xff, 0xfb, 0xf7, 0xf4, 0xff, 0xfb, 0xf7, 0xf4, 0xff,
    0xfb, 0xf7, 0xf4, 0xff, 0xfb, 0xf7, 0xf4, 0xff, 0xfb, 0xf7, 0xf4, 0xff,
    0xfb, 0xf7, 0xf4, 0xff, 0xfb, 0xf7, 0xf4, 0xff, 0xfb, 0xf7, 0xf4, 0xff,
    0xfb, 0xf7, 0xf4, 0xff, 0xfb, 0xf7, 0xf4, 0xff, 0xfb, 0xf7, 0xf4, 0xff,
    0xfb, 0xf7, 0xf4, 0xff, 0xfb, 0xf7, 0xf4, 0xff, 0xfb, 0xf7, 0xf4, 0xff,
    0xfb, 0xf7, 0xf4, 0xff, 0xfb, 0xf7, 0xf4, 0xff, 0xfb, 0xf7, 0xf4, 0xff,
    0xfb, 0xf7, 0xf4, 0xff, 0xfb, 0xf7, 0xf4, 0xff, 0xfb, 0xf7, 0xf4, 0xff,
    0xfb, 0xf7, 0xf4, 0xff, 0xfb, 0xf7, 0xf4, 0xff, 0xfb, 0xf7, 0xf4, 0xff,
    0xfb, 0xf7, 0xf4, 0xff, 0xfb, 0xf7, 0xf4, 0xff, 0xfb, 0xf7, 0xf4, 0xff,
    0xfb, 0xf7, 0xf4, 0xff, 0xfb, 0xf7, 0xf4, 0xff, 0xfb, 0xf7, 0xf4, 0xff,
    0xfb, 0xf7, 0xf4, 0xff, 0xfb, 0xf7, 0xf4, 0xff, 0xfb, 0xf7, 0xf4, 0xff,
    0xfb, 0xf7, 0xf4, 0xff, 0xfb, 0xf7, 0xf4, 0xff, 0xfb, 0xf7, 0xf4, 0xff,
    0xfb, 0xf7, 0xf4, 0xff, 0xfb, 0xf7, 0xf4, 0xff, 0xfb, 0xf7, 0xf4, 0xff,
    0xfb, 0xf7, 0xf4, 0xff, 0xfb, 0xf7, 0xf4, 0xff, 0xfb, 0xf7, 0xf4, 0xff,
    0xfb, 0xf7, 0xf4, 0xff, 0xfb, 0xf7, 0xf4, 0xff, 0xfb, 0xf7, 0xf4, 0xff,
    0xfb, 0xf7, 0xf4, 0xff, 0xfb, 0xf7, 0xf4, 0xff, 0xfb, 0xf7, 0xf4, 0xff,
    0xfb, 0xf7, 0xf4, 0xff, 0xfb, 0xf7, 0xf4, 0xff, 0xfb, 0xf7, 0xf4, 0xff,
    0xfb, 0xf7, 0xf4, 0xff, 0xfb, 0xf7, 0xf4, 0xff, 0xfb, 0xf7, 0xf4, 0xff,
    0xeb, 0xa0, 0x82, 0xff, 0xfb, 0xf8, 0xf5, 0xff, 0xfb, 0xf7, 0xf5, 0xff,
    0xfb, 0xf7, 0xf5, 0xff, 0xfb, 0xf7, 0xf5, 0xff, 0xfb, 0xf7, 0xf5, 0xff,
    0xfb, 0xf7, 0xf5, 0xff, 0xfb, 0xf7, 0xf5, 0xff, 0xfb, 0xf7, 0xf5, 0xff,
    0xfb, 0xf7, 0xf4, 0xff, 0xfb, 0xf7, 0xf4, 0xff, 0xfb, 0xf7, 0xf4, 0xff,
    0xfb, 0xf7, 0xf4, 0xff, 0xfb, 0xf7, 0xf4, 0xff, 0xfb, 0xf7, 0xf4, 0xff,
    0xfb, 0xf7, 0xf4, 0xff, 0xfb, 0xf7, 0xf4, 0xff, 0xfb, 0xf7, 0xf4, 0xff,
    0xfb, 0xf7, 0xf4, 0xff, 0xfb, 0xf7, 0xf4, 0xff, 0xfb, 0xf7, 0xf4, 0xff,
    0xfb, 0xf7, 0xf4, 0xff, 0xfb, 0xf7, 0xf4, 0xff, 0xfb, 0xf7, 0xf4, 0xff,
    0xfb, 0xf7, 0xf4, 0xff, 0xfb, 0xf7, 0xf4, 0xff, 0xfb, 0xf7, 0xf4, 0xff,
    0xfb, 0xf7, 0xf4, 0xff, 0xfb, 0xf7, 0xf4, 0xff, 0xfb, 0xf7, 0xf4, 0xff,
    0xfb, 0xf7, 0xf4, 0xff, 0xfb, 0xf7, 0xf4, 0xff, 0xfb, 0xf7, 0xf4, 0xff,
    0xfb, 0xf7, 0xf4, 0xff, 0xfb, 0xf7, 0xf4, 0xff, 0xfb, 0xf7, 0xf4, 0xff,
    0xfb, 0xf7, 0xf4, 0xff, 0xfb, 0xf7, 0xf4, 0xff, 0xfb, 0xf7, 0xf4, 0xff,
    0xfb, 0xf7, 0xf4, 0xff, 0xfb, 0xf7, 0xf4, 0xff, 0xfb, 0xf7, 0xf4, 0xff,
    0xfb, 0xf7, 0xf4, 0xff, 0xfb, 0xf7, 0xf4, 0xff, 0xfb, 0xf7, 0xf4, 0xff,
    0xfb, 0xf7, 0xf4, 0xff, 0xfb, 0xf7, 0xf4, 0xff, 0xfb, 0xf7, 0xf4, 0xff,
    0xfb, 0xf7, 0xf4, 0xff, 0xfb, 0xf7, 0xf4, 0xff, 0xfb, 0xf7, 0xf4, 0xff,
    0xfb, 0xf7, 0xf4, 0xff, 0xfb, 0xf7, 0xf4, 0xff, 0xfb, 0xf7, 0xf4, 0xff,
    0xfb, 0xf7, 0xf4, 0xff, 0xfb, 0xf7, 0xf4, 0xff, 0xfb, 0xf7, 0xf4, 0xff,
    0xfb, 0xf7, 0xf4, 0xff, 0xfb, 0xf7, 0xf4, 0xff, 0xfb, 0xf7, 0xf4, 0xff,
    0xfb, 0xf7, 0xf4, 0xff, 0xfb, 0xf7, 0xf4, 0xff, 0xfb, 0xf7, 0xf4, 0xff,
    0xfb, 0xf7, 0xf4, 0xff, 0xfb, 0xf7, 0xf4, 0xff, 0xfb, 0xf7, 0xf4, 0xff,
    0xfb, 0xf7, 0xf4, 0xff, 0xfb, 0xf7, 0xf4, 0xff, 0xfb, 0xf7, 0xf4, 0xff,
    0xfb, 0xf7, 0xf4, 0xff, 0xfb, 0xf7, 0xf4, 0xff, 0xfb, 0xf7, 0xf4, 0xff,
    0xfb, 0xf7, 0xf4, 0xff, 0xfb, 0xf7, 0xf4, 0xff, 0xfb, 0xf7, 0xf4, 0xff,
    0xfb, 0xf7, 0xf4, 0xff, 0xfb, 0xf7, 0xf4, 0xff, 0xfb, 0xf7, 0xf4, 0xff,
    0xfb, 0xf7, 0xf4, 0xff, 0xeb, 0xa0, 0x82, 0xff, 0xdb, 0x48, 0x0f, 0xff,
    0xfb, 0xf7, 0xf5, 0xff, 0xfb, 0xf7, 0xf5, 0xff, 0xfb, 0xf7, 0xf5, 0xff,
    0xfb, 0xf7, 0xf5, 0xff, 0xfb, 0xf7, 0xf5, 0xff, 0xfb, 0xf7, 0xf5, 0xff,
    0xfb, 0xf7, 0xf5, 0xff, 0xfb, 0xf7, 0xf4, 0xff, 0xfb, 0xf7, 0xf4, 0xff,
    0xfb, 0xf7, 0xf4, 0xff, 0xfb, 0xf7, 0xf4, 0xff, 0xfb, 0xf7, 0xf4, 0xff,
    0xfb, 0xf7, 0xf4, 0xff, 0xfb, 0xf7, 0xf4, 0xff, 0xfb, 0xf7, 0xf4, 0xff,
    0xfb, 0xf7, 0xf4, 0xff, 0xfb, 0xf7, 0xf4, 0xff, 0xfb, 0xf7, 0xf4, 0xff,
    0xfb, 0xf7, 0xf4, 0xff, 0xfb, 0xf7, 0xf4, 0xff, 0xfb, 0xf7, 0xf4, 0xff,
    0xfb, 0xf7, 0xf4, 0xff, 0xfb, 0xf7, 0xf4, 0xff, 0xfb, 0xf7, 0xf4, 0xff,
    0xfb, 0xf7, 0xf4, 0xff, 0xfb, 0xf7, 0xf4, 0xff, 0xfb, 0xf7, 0xf4, 0xff,
    0xfb, 0xf7, 0xf4, 0xff, 0xfb, 0xf7, 0xf4, 0xff, 0xfb, 0xf7, 0xf4, 0xff,
    0xfb, 0xf7, 0xf4, 0xff, 0xfb, 0xf7, 0xf4, 0xff, 0xfb, 0xf7, 0xf4, 0xff,
    0xfb, 0xf7, 0xf4, 0xff, 0xfb, 0xf7, 0xf4, 0xff, 0xfb, 0xf7, 0xf4, 0xff,
    0xfb, 0xf7, 0xf4, 0xff, 0xfb, 0xf7, 0xf4, 0xff, 0xfb, 0xf7, 0xf4, 0xff,
    0xfb, 0xf7, 0xf4, 0xff, 0xfb, 0xf7, 0xf4, 0xff, 0xfb, 0xf7, 0xf4, 0xff,
    0xfb, 0xf7, 0xf4, 0xff, 0xfb, 0xf7, 0xf4, 0xff, 0xfb, 0xf7, 0xf4, 0xff,
    0xfb, 0xf7, 0xf4, 0xff, 0xfb, 0xf7, 0xf4, 0xff, 0xfb, 0xf7, 0xf4, 0xff,
    0xfb, 0xf7, 0xf4, 0xff, 0xfb, 0xf7, 0xf4, 0xff, 0xfb, 0xf7, 0xf4, 0xff,
    0xfb, 0xf7, 0xf4, 0xff, 0xfb, 0xf7, 0xf4, 0xff, 0xfb, 0xf7, 0xf4, 0xff,
    0xfb, 0xf7, 0xf4, 0xff, 0xfb, 0xf7, 0xf4, 0xff, 0xfb, 0xf7, 0xf4, 0xff,
    0xfb, 0xf7, 0xf4, 0xff, 0xfb, 0xf7, 0xf4, 0xff, 0xfb, 0xf7, 0xf4, 0xff,
    0xfb, 0xf7, 0xf4, 0xff, 0xfb, 0xf7, 0xf4, 0xff, 0xfb, 0xf7, 0xf4, 0xff,
    0xfb, 0xf7, 0xf4, 0xff, 0xfb, 0xf7, 0xf4, 0xff, 0xfb, 0xf7, 0xf4, 0xff,
    0xfb, 0xf7, 0xf4, 0xff, 0xfb, 0xf7, 0xf4, 0xff, 0xfb, 0xf7, 0xf4, 0xff,
    0xfb, 0xf7, 0xf4, 0xff, 0xfb, 0xf7, 0xf4, 0xff, 0xfb, 0xf7, 0xf4, 0xff,
    0xfb, 0xf7, 0xf4, 0xff, 0xfb, 0xf7, 0xf4, 0xff, 0xfb, 0xf7, 0xf4, 0xff,
    0xfb, 0xf7, 0xf4, 0xff, 0xfb, 0xf7, 0xf4, 0xff, 0xeb, 0xa0, 0x82, 0xff,
    0xdb, 0x48, 0x0f, 0xff, 0xdc, 0x48, 0x0f, 0xff, 0xfb, 0xf7, 0xf5, 0xff,
    0xfb, 0xf7, 0xf5, 0xff, 0xfb, 0xf7, 0xf5, 0xff, 0xfb, 0xf7, 0xf5, 0xff,
    0xfb, 0xf7, 0xf5, 0xff, 0xfb, 0xf7, 0xf5, 0xff, 0xfb, 0xf7, 0xf4, 0xff,
    0xfb, 0xf7, 0xf4, 0xff, 0xfb, 0xf7, 0xf4, 0xff, 0xfb, 0xf7, 0xf4, 0xff,
    0xfb, 0xf7, 0xf4, 0xff, 0xfb, 0xf7, 0xf4, 0xff, 0xfb, 0xf7, 0xf4, 0xff,
    0xfb, 0xf7, 0xf4, 0xff, 0xfb, 0xf7, 0xf4, 0xff, 0xfb, 0xf7, 0xf4, 0xff,
    0xfb, 0xf7, 0xf4, 0xff, 0xfb, 0xf7, 0xf4, 0xff, 0xfb, 0xf7, 0xf4, 0xff,
    0xfb, 0xf7, 0xf4, 0xff, 0xfb, 0xf7, 0xf4, 0xff, 0xfb, 0xf7, 0xf4, 0xff,
    0xfb, 0xf7, 0xf4, 0xff, 0xfb, 0xf7, 0xf4, 0xff, 0xfb, 0xf7, 0xf4, 0xff,
    0xfb, 0xf7, 0xf4, 0xff, 0xfb, 0xf7, 0xf4, 0xff, 0xfb, 0xf7, 0xf4, 0xff,
    0xfb, 0xf7, 0xf4, 0xff, 0xfb, 0xf7, 0xf4, 0xff, 0xfb, 0xf7, 0xf4, 0xff,
    0xfb, 0xf7, 0xf4, 0xff, 0xfb, 0xf7, 0xf4, 0xff, 0xfb, 0xf7, 0xf4, 0xff,
    0xfb, 0xf7, 0xf4, 0xff, 0xfb, 0xf7, 0xf4, 0xff, 0xfb, 0xf7, 0xf4, 0xff,
    0xfb, 0xf7, 0xf4, 0xff, 0xfb, 0xf7, 0xf4, 0xff, 0xfb, 0xf7, 0xf4, 0xff,
    0xfb, 0xf7, 0xf4, 0xff, 0xfb, 0xf7, 0xf4, 0xff, 0xfb, 0xf7, 0xf4, 0xff,
    0xfb, 0xf7, 0xf4, 0xff, 0xfb, 0xf7, 0xf4, 0xff, 0xfb, 0xf7, 0xf4, 0xff,
    0xfb, 0xf7, 0xf4, 0xff, 0xfb, 0xf7, 0xf4, 0xff, 0xfb, 0xf7, 0xf4, 0xff,
    0xfb, 0xf7, 0xf4, 0xff, 0xfb, 0xf7, 0xf4, 0xff, 0xfb, 0xf7, 0xf4, 0xff,
    0xfb, 0xf7, 0xf4, 0xff, 0xfb, 0xf7, 0xf4, 0xff, 0xfb, 0xf7, 0xf4, 0xff,
    0xfb, 0xf7, 0xf4, 0xff, 0xfb, 0xf7, 0xf4, 0xff, 0xfb, 0xf7, 0xf4, 0xff,
    0xfb, 0xf7, 0xf4, 0xff, 0xfb, 0xf7, 0xf4, 0xff, 0xfb, 0xf7, 0xf4, 0xff,
    0xfb, 0xf7, 0xf4, 0xff, 0xfb, 0xf7, 0xf4, 0xff, 0xfb, 0xf7, 0xf4, 0xff,
    0xfb, 0xf7, 0xf4, 0xff, 0xfb, 0xf7, 0xf4, 0xff, 0xfb, 0xf7, 0xf4, 0xff,
    0xfb, 0xf7, 0xf4, 0xff, 0xfb, 0xf7, 0xf4, 0xff, 0xfb, 0xf7, 0xf4, 0xff,
    0xfb, 0xf7, 0xf4, 0xff, 0xfb, 0xf7, 0xf4, 0xff, 0xfb, 0xf7, 0xf4, 0xff,
    0xfb, 0xf7, 0xf4, 0xff, 0xfb, 0xf7, 0xf4, 0xff, 0xfb, 0xf7, 0xf4, 0xff,
    0xeb, 0xa0, 0x82, 0xff, 0xdb, 0x48, 0x0f, 0xff, 0xdc, 0x48, 0x0f, 0xff,
    0xdc, 0x48, 0x0f, 0xff, 0xfb, 0xf7, 0xf5, 0xff, 0xfb, 0xf7, 0xf5, 0xff,
    0xfb, 0xf7, 0xf5, 0xff, 0xfb, 0xf7, 0xf5, 0xff, 0xfb, 0xf7, 0xf5, 0xff,
    0xfb, 0xf7, 0xf4, 0xff, 0xfb, 0xf7, 0xf4, 0xff, 0xfb, 0xf7, 0xf4, 0xff,
    0xfb, 0xf7, 0xf4, 0xff, 0xfb, 0xf7, 0xf4, 0xff, 0xfb, 0xf7, 0xf4, 0xff,
    0xfb, 0xf7, 0xf4, 0xff, 0xfb, 0xf7, 0xf4, 0xff, 0xfb, 0xf7, 0xf4, 0xff,
    0xfb, 0xf7, 0xf4, 0xff, 0xfb, 0xf7, 0xf4, 0xff, 0xfb, 0xf7, 0xf4, 0xff,
    0xfb, 0xf7, 0xf4, 0xff, 0xfb, 0xf7, 0xf4, 0xff, 0xfb, 0xf7, 0xf4, 0xff,
    0xfb, 0xf7, 0xf4, 0xff, 0xfb, 0xf7, 0xf4, 0xff, 0xfb, 0xf7, 0xf4, 0xff,
    0xfb, 0xf7, 0xf4, 0xff, 0xfb, 0xf7, 0xf4, 0xff, 0xfb, 0xf7, 0xf4, 0xff,
    0xfb, 0xf7, 0xf4, 0xff, 0xfb, 0xf7, 0xf4, 0xff, 0xfb, 0xf7, 0xf4, 0xff,
    0xfb, 0xf7, 0xf4, 0xff, 0xfb, 0xf7, 0xf4, 0xff, 0xfb, 0xf7, 0xf4, 0xff,
    0xfb, 0xf7, 0xf4, 0xff, 0xfb, 0xf7, 0xf4, 0xff, 0xfb, 0xf7, 0xf4, 0xff,
    0xfb, 0xf7, 0xf4, 0xff, 0xfb, 0xf7, 0xf4, 0xff, 0xfb, 0xf7, 0xf4, 0xff,
    0xfb, 0xf7, 0xf4, 0xff, 0xfb, 0xf7, 0xf4, 0xff, 0xfb, 0xf7, 0xf4, 0xff,
    0xfb, 0xf7, 0xf4, 0xff, 0xfb, 0xf7, 0xf4, 0xff, 0xfb, 0xf7, 0xf4, 0xff,
    0xfb, 0xf7, 0xf4, 0xff, 0xfb, 0xf7, 0xf4, 0xff, 0xfb, 0xf7, 0xf4, 0xff,
    0xfb, 0xf7, 0xf4, 0xff, 0xfb, 0xf7, 0xf4, 0xff, 0xfb, 0xf7, 0xf4, 0xff,
    0xfb, 0xf7, 0xf4, 0xff, 0xfb, 0xf7, 0xf4, 0xff, 0xfb, 0xf7, 0xf4, 0xff,
    0xfb, 0xf7, 0xf4, 0xff, 0xfb, 0xf7, 0xf4, 0xff, 0xfb, 0xf7, 0xf4, 0xff,
    0xfb, 0xf7, 0xf4, 0xff, 0xfb, 0xf7, 0xf4, 0xff, 0xfb, 0xf7, 0xf4, 0xff,
    0xfb, 0xf7, 0xf4, 0xff, 0xfb, 0xf7, 0xf4, 0xff, 0xfb, 0xf7, 0xf4, 0xff,
    0xfb, 0xf7, 0xf4, 0xff, 0xfb, 0xf7, 0xf4, 0xff, 0xfb, 0xf7, 0xf4, 0xff,
    0xfb, 0xf7, 0xf4, 0xff, 0xfb, 0xf7, 0xf4, 0xff, 0xfb, 0xf7, 0xf4, 0xff,
    0xfb, 0xf7, 0xf4, 0xff, 0xfb, 0xf7, 0xf4, 0xff, 0xfb, 0xf7, 0xf4, 0xff,
    0xfb, 0xf7, 0xf4, 0xff, 0xfb, 0xf7, 0xf4, 0xff, 0xfb, 0xf7, 0xf4, 0xff,
    0xfb, 0xf7, 0xf4, 0xff, 0xeb, 0xa0, 0x82, 0xff, 0xdb, 0x48, 0x0f, 0xff,
    0xdc, 0x48, 0x0f, 0xff, 0xdc, 0x48, 0x0f, 0xff, 0xdd, 0x48, 0x0f, 0xff,
    0xfb, 0xf7, 0xf5, 0xff, 0xfb, 0xf7, 0xf5, 0xff, 0xfb, 0xf7, 0xf5, 0xff,
    0xfb, 0xf7, 0xf5, 0xff, 0xfb, 0xf7, 0xf4, 0xff, 0xfb, 0xf7, 0xf4, 0xff,
    0xfb, 0xf7, 0xf4, 0xff, 0xfb, 0xf7, 0xf4, 0xff, 0xfb, 0xf7, 0xf4, 0xff,
    0xfb, 0xf7, 0xf4, 0xff, 0xfb, 0xf7, 0xf4, 0xff, 0xfb, 0xf7, 0xf4, 0xff,
    0xfb, 0xf7, 0xf4, 0xff, 0xfb, 0xf7, 0xf4, 0xff, 0xfb, 0xf7, 0xf4, 0xff,
    0xfb, 0xf7, 0xf4, 0xff, 0xfb, 0xf7, 0xf4, 0xff, 0xfb, 0xf7, 0xf4, 0xff,
    0xfb, 0xf7, 0xf4, 0xff, 0xfb, 0xf7, 0xf4, 0xff, 0xfb, 0xf7, 0xf4, 0xff,
    0xfb, 0xf7, 0xf4, 0xff, 0xfb, 0xf7, 0xf4, 0xff, 0xfb, 0xf7, 0xf4, 0xff,
    0xfb, 0xf7, 0xf4, 0xff, 0xfb, 0xf7, 0xf4, 0xff, 0xfb, 0xf7, 0xf4, 0xff,
    0xfb, 0xf7, 0xf4, 0xff, 0xfb, 0xf7, 0xf4, 0xff, 0xfb, 0xf7, 0xf4, 0xff,
    0xfb, 0xf7, 0xf4, 0xff, 0xfb, 0xf7, 0xf4, 0xff, 0xfb, 0xf7, 0xf4, 0xff,
    0xfb, 0xf7, 0xf4, 0xff, 0xfb, 0xf7, 0xf4, 0xff, 0xfb, 0xf7, 0xf4, 0xff,
    0xfb, 0xf7, 0xf4, 0xff, 0xfb, 0xf7, 0xf4, 0xff, 0xfb, 0xf7, 0xf4, 0xff,
    0xfb, 0xf7, 0xf4, 0xff, 0xfb, 0xf7, 0xf4, 0xff, 0xfb, 0xf7, 0xf4, 0xff,
    0xfb, 0xf7, 0xf4, 0xff, 0xfb, 0xf7, 0xf4, 0xff, 0xfb, 0xf7, 0xf4, 0xff,
    0xfb, 0xf7, 0xf4, 0xff, 0xfb, 0xf7, 0xf4, 0xff, 0xfb, 0xf7, 0xf4, 0xff,
    0xfb, 0xf7, 0xf4, 0xff, 0xfb, 0xf7, 0xf4, 0xff, 0xfb, 0xf7, 0xf4, 0xff,
    0xfb, 0xf7, 0xf4, 0xff, 0xfb, 0xf7, 0xf4, 0xff, 0xfb, 0xf7, 0xf4, 0xff,
    0xfb, 0xf7, 0xf4, 0xff, 0xfb, 0xf7, 0xf4, 0xff, 0xfb, 0xf7, 0xf4, 0xff,
    0xfb, 0xf7, 0xf4, 0xff, 0xfb, 0xf7, 0xf4, 0xff, 0xfb, 0xf7, 0xf4, 0xff,
    0xfb, 0xf7, 0xf4, 0xff, 0xfb, 0xf7, 0xf4, 0xff, 0xfb, 0xf7, 0xf4, 0xff,
    0xfb, 0xf7, 0xf4, 0xff, 0xfb, 0xf7, 0xf4, 0xff, 0xfb, 0xf7, 0xf4, 0xff,
    0xfb, 0xf7, 0xf4, 0xff, 0xfb, 0xf7, 0xf4, 0xff, 0xfb, 0xf7, 0xf4, 0xff,
    0xfb, 0xf7, 0xf4, 0xff, 0xfb, 0xf7, 0xf4, 0xff, 0xfb, 0xf7, 0xf4, 0xff,
    0xfb, 0xf7, 0xf4, 0xff, 0xfb, 0xf7, 0xf4, 0xff, 0xeb, 0xa0, 0x82, 0xff,
    0xdb, 0x48, 0x0f, 0xff, 0xdc, 0x48, 0x0f, 0xff, 0xdc, 0x48, 0x0f, 0xff,
    0xdd, 0x48, 0x0f, 0xff, 0xdd, 0x48, 0x0e, 0xff, 0xfb, 0xf7, 0xf5, 0xff,
    0xfb, 0xf7, 0xf5, 0xff, 0xfb, 0xf7, 0xf5, 0xff, 0xfb, 0xf7, 0xf4, 0xff,
    0xfb, 0xf7, 0xf4, 0xff, 0xfb, 0xf7, 0xf4, 0xff, 0xfb, 0xf7, 0xf4, 0xff,
    0xfb, 0xf7, 0xf4, 0xff, 0xfb, 0xf7, 0xf4, 0xff, 0xfb, 0xf7, 0xf4, 0xff,
    0xfb, 0xf7, 0xf4, 0xff, 0xfb, 0xf7, 0xf4, 0xff, 0xfb, 0xf7, 0xf4, 0xff,
    0xfb, 0xf7, 0xf4, 0xff, 0xfb, 0xf7, 0xf4, 0xff, 0xfb, 0xf7, 0xf4, 0xff,
    0xfb, 0xf7, 0xf4, 0xff, 0xfb, 0xf7, 0xf4, 0xff, 0xfb, 0xf7, 0xf4, 0xff,
    0xfb, 0xf7, 0xf4, 0xff, 0xfb, 0xf7, 0xf4, 0xff, 0xfb, 0xf7, 0xf4, 0xff,
    0xfb, 0xf7, 0xf4, 0xff, 0xfb, 0xf7, 0xf4, 0xff, 0xfb, 0xf7, 0xf4, 0xff,
    0xfb, 0xf7, 0xf4, 0xff, 0xfb, 0xf7, 0xf4, 0xff, 0xfb, 0xf7, 0xf4, 0xff,
    0xfb, 0xf7, 0xf4, 0xff, 0xfb, 0xf7, 0xf4, 0xff, 0xfb, 0xf7, 0xf4, 0xff,
    0xfb, 0xf7, 0xf4, 0xff, 0xfb, 0xf7, 0xf4, 0xff, 0xfb, 0xf7, 0xf4, 0xff,
    0xfb, 0xf7, 0xf4, 0xff, 0xfb, 0xf7, 0xf4, 0xff, 0xfb, 0xf7, 0xf4, 0xff,
    0xfb, 0xf7, 0xf4, 0xff, 0xfb, 0xf7, 0xf4, 0xff, 0xfb, 0xf7, 0xf4, 0xff,
    0xfb, 0xf7, 0xf4, 0xff, 0xfb, 0xf7, 0xf4, 0xff, 0xfb, 0xf7, 0xf4, 0xff,
    0xfb, 0xf7, 0xf4, 0xff, 0xfb, 0xf7, 0xf4, 0xff, 0xfb, 0xf7, 0xf4, 0xff,
    0xfb, 0xf7, 0xf4, 0xff, 0xfb, 0xf7, 0xf4, 0xff, 0xfb, 0xf7, 0xf4, 0xff,
    0xfb, 0xf7, 0xf4, 0xff, 0xfb, 0xf7, 0xf4, 0xff, 0xfb, 0xf7, 0xf4, 0xff,
    0xfb, 0xf7, 0xf4, 0xff, 0xfb, 0xf7, 0xf4, 0xff, 0xfb, 0xf7, 0xf4, 0xff,
    0xfb, 0xf7, 0xf4, 0xff, 0xfb, 0xf7, 0xf4, 0xff, 0xfb, 0xf7, 0xf4, 0xff,
    0xfb, 0xf7, 0xf4, 0xff, 0xfb, 0xf7, 0xf4, 0xff, 0xfb, 0xf7, 0xf4, 0xff,
    0xfb, 0xf7, 0xf4, 0xff, 0xfb, 0xf7, 0xf4, 0xff, 0xfb, 0xf7, 0xf4, 0xff,
    0xfb, 0xf7, 0xf4, 0xff, 0xfb, 0xf7, 0xf4, 0xff, 0xfb, 0xf7, 0xf4, 0xff,
    0xfb, 0xf7, 0xf4, 0xff, 0xfb, 0xf7, 0xf4, 0xff, 0xfb, 0xf7, 0xf4, 0xff,
    0xfb, 0xf7, 0xf4, 0xff, 0xfb, 0xf7, 0xf4, 0xff, 0xfb, 0xf7, 0xf4, 0xff,
    0xeb, 0xa0, 0x82, 0xff, 0xdb, 0x48, 0x0f, 0xff, 0xdc, 0x48, 0x0f, 0xff,
    0xdc, 0x48, 0x0f, 0xff, 0xdd, 0x48, 0x0f, 0xff, 0xdd, 0x48, 0x0e, 0xff,
    0xde, 0x48, 0x0e, 0xff, 0xfb, 0xf7, 0xf5, 0xff, 0xfb, 0xf7, 0xf5, 0xff,
    0xfb, 0xf7, 0xf4, 0xff, 0xfb, 0xf7, 0xf4, 0xff, 0xfb, 0xf7, 0xf4, 0xff,
    0xfb, 0xf7, 0xf4, 0xff, 0xfb, 0xf7, 0xf4, 0xff, 0xfb, 0xf7, 0xf4, 0xff,
    0xfb, 0xf7, 0xf4, 0xff, 0xfb, 0xf7, 0xf4, 0xff, 0xfb, 0xf7, 0xf4, 0xff,
    0xfb, 0xf7, 0xf4, 0xff, 0xfb, 0xf7, 0xf4, 0xff, 0xfb, 0xf7, 0xf4, 0xff,
    0xfb, 0xf7, 0xf4, 0xff, 0xfb, 0xf7, 0xf4, 0xff, 0xfb, 0xf7, 0xf4, 0xff,
    0xfb, 0xf7, 0xf4, 0xff, 0xfb, 0xf7, 0xf4, 0xff, 0xfb, 0xf7, 0xf4, 0xff,
    0xfb, 0xf7, 0xf4, 0xff, 0xfb, 0xf7, 0xf4, 0xff, 0xfb, 0xf7, 0xf4, 0xff,
    0xfb, 0xf7, 0xf4, 0xff, 0xfb, 0xf7, 0xf4, 0xff, 0xfb, 0xf7, 0xf4, 0xff,
    0xfb, 0xf7, 0xf4, 0xff, 0xfb, 0xf7, 0xf4, 0xff, 0xfb, 0xf7, 0xf4, 0xff,
    0xfb, 0xf7, 0xf4, 0xff, 0xfb, 0xf7, 0xf4, 0xff, 0xfb, 0xf7, 0xf4, 0xff,
    0xfb, 0xf7, 0xf4, 0xff, 0xfb, 0xf7, 0xf4, 0xff, 0xfb, 0xf7, 0xf4, 0xff,
    0xfb, 0xf7, 0xf4, 0xff, 0xfb, 0xf7, 0xf4, 0xff, 0xfb, 0xf7, 0xf4, 0xff,
    0xfb, 0xf7, 0xf4, 0xff, 0xfb, 0xf7, 0xf4, 0xff, 0xfb, 0xf7, 0xf4, 0xff,
    0xfb, 0xf7, 0xf4, 0xff, 0xfb, 0xf7, 0xf4, 0xff, 0xfb, 0xf7, 0xf4, 0xff,
    0xfb, 0xf7, 0xf4, 0xff, 0xfb, 0xf7, 0xf4, 0xff, 0xfb, 0xf7, 0xf4, 0xff,
    0xfb, 0xf7, 0xf4, 0xff, 0xfb, 0xf7, 0xf4, 0xff, 0xfb, 0xf7, 0xf4, 0xff,
    0xfb, 0xf7, 0xf4, 0xff, 0xfb, 0xf7, 0xf4, 0xff, 0xfb, 0xf7, 0xf4, 0xff,
    0xfb, 0xf7, 0xf4, 0xff, 0xfb, 0xf7, 0xf4, 0xff, 0xfb, 0xf7, 0xf4, 0xff,
    0xfb, 0xf7, 0xf4, 0xff, 0xfb, 0xf7, 0xf4, 0xff, 0xfb, 0xf7, 0xf4, 0xff,
    0xfb, 0xf7, 0xf4, 0xff, 0xfb, 0xf7, 0xf4, 0xff, 0xfb, 0xf7, 0xf4, 0xff,
    0xfb, 0xf7, 0xf4, 0xff, 0xfb, 0xf7, 0xf4, 0xff, 0xfb, 0xf7, 0xf4, 0xff,
    0xfb, 0xf7, 0xf4, 0xff, 0xfb, 0xf7, 0xf4, 0xff, 0xfb, 0xf7, 0xf4, 0xff,
    0xfb, 0xf7, 0xf4, 0xff, 0xfb, 0xf7, 0xf4, 0xff, 0xfb, 0xf7, 0xf4, 0xff,
    0xfb, 0xf7, 0xf4, 0xff, 0xeb, 0xa0, 0x82, 0xff, 0xdb, 0x48, 0x0f, 0xff,
    0xdc, 0x48, 0x0f, 0xff, 0xdc, 0x48, 0x0f, 0xff, 0xdd, 0x48, 0x0f, 0xff,
    0xdd, 0x48, 0x0e, 0xff, 0xde, 0x48, 0x0e, 0xff, 0xde, 0x48, 0x0e, 0xff,
    0xfb, 0xf7, 0xf5, 0xff, 0xfb, 0xf7, 0xf4, 0xff, 0xfb, 0xf7, 0xf4, 0xff,
    0xfb, 0xf7, 0xf4, 0xff, 0xfb, 0xf7, 0xf4, 0xff, 0xfb, 0xf7, 0xf4, 0xff,
    0xfb, 0xf7, 0xf4, 0xff, 0xfb, 0xf7, 0xf4, 0xff, 0xfb, 0xf7, 0xf4, 0xff,
    0xfb, 0xf7, 0xf4, 0xff, 0xfb, 0xf7, 0xf4, 0xff, 0xfb, 0xf7, 0xf4, 0xff,
    0xfb, 0xf7, 0xf4, 0xff, 0xfb, 0xf7, 0xf4, 0xff, 0xfb, 0xf7, 0xf4, 0xff,
    0xfb, 0xf7, 0xf4, 0xff, 0xfb, 0xf7, 0xf4, 0xff, 0xfb, 0xf7, 0xf4, 0xff,
    0xfb, 0xf7, 0xf4, 0xff, 0xfb, 0xf7, 0xf4, 0xff, 0xfb, 0xf7, 0xf4, 0xff,
    0xfb, 0xf7, 0xf4, 0xff, 0xfb, 0xf7, 0xf4, 0xff, 0xfb, 0xf7, 0xf4, 0xff,
    0xfb, 0xf7, 0xf4, 0xff, 0xfb, 0xf7, 0xf4, 0xff, 0xfb, 0xf7, 0xf4, 0xff,
    0xfb, 0xf7, 0xf4, 0xff, 0xfb, 0xf7, 0xf4, 0xff, 0xfb, 0xf7, 0xf4, 0xff,
    0xfb, 0xf7, 0xf4, 0xff, 0xfb, 0xf7, 0xf4, 0xff, 0xfb, 0xf7, 0xf4, 0xff,
    0xfb, 0xf7, 0xf4, 0xff, 0xfb, 0xf7, 0xf4, 0xff, 0xfb, 0xf7, 0xf4, 0xff,
    0xfb, 0xf7, 0xf4, 0xff, 0xfb, 0xf7, 0xf4, 0xff, 0xfb, 0xf7, 0xf4, 0xff,
    0xfb, 0xf7, 0xf4, 0xff, 0xfb, 0xf7, 0xf4, 0xff, 0xfb, 0xf7, 0xf4, 0xff,
    0xfb, 0xf7, 0xf4, 0xff, 0xfb, 0xf7, 0xf4, 0xff, 0xfb, 0xf7, 0xf4, 0xff,
    0xfb, 0xf7, 0xf4, 0xff, 0xfb, 0xf7, 0xf4, 0xff, 0xfb, 0xf7, 0xf4, 0xff,
    0xfb, 0xf7, 0xf4, 0xff, 0xfb, 0xf7, 0xf4, 0xff, 0xfb, 0xf7, 0xf4, 0xff,
    0xfb, 0xf7, 0xf4, 0xff, 0xfb, 0xf7, 0xf4, 0xff, 0xfb, 0xf7, 0xf4, 0xff,
    0xfb, 0xf7, 0xf4, 0xff, 0xfb, 0xf7, 0xf4, 0xff, 0xfb, 0xf7, 0xf4, 0xff,
    0xfb, 0xf7, 0xf4, 0xff, 0xfb, 0xf7, 0xf4, 0xff, 0xfb, 0xf7, 0xf4, 0xff,
    0xfb, 0xf7, 0xf4, 0xff, 0xfb, 0xf7, 0xf4, 0xff, 0xfb, 0xf7, 0xf4, 0xff,
    0xfb, 0xf7, 0xf4, 0xff, 0xfb, 0xf7, 0xf4, 0xff, 0xfb, 0xf7, 0xf4, 0xff,
    0xfb, 0xf7, 0xf4, 0xff, 0xfb, 0xf7, 0xf4, 0xff, 0xfb, 0xf7, 0xf4, 0xff,
    0xfb, 0xf7, 0xf4, 0xff, 0xfb, 0xf7, 0xf4, 0xff, 0xeb, 0xa0, 0x82, 0xff,
    0xdb, 0x48, 0x0f, 0xff, 0xdc, 0x48, 0x0f, 0xff, 0xdc, 0x48, 0x0f, 0xff,
    0xdd, 0x48, 0x0f, 0xff, 0xdd, 0x48, 0x0e, 0xff, 0xde, 0x48, 0x0e, 0xff,
    0xde, 0x48, 0x0e, 0xff, 0xdf, 0x48, 0x0e, 0xff, 0xfb, 0xf7, 0xf4, 0xff,
    0xfb, 0xf7, 0xf4, 0xff, 0xfb, 0xf7, 0xf4, 0xff, 0xfb, 0xf7, 0xf4, 0xff,
    0xfb, 0xf7, 0xf4, 0xff, 0xfb, 0xf7, 0xf4, 0xff, 0xfb, 0xf7, 0xf4, 0xff,
    0xfb, 0xf7, 0xf4, 0xff, 0xfb, 0xf7, 0xf4, 0xff, 0xfb, 0xf7, 0xf4, 0xff,
    0xfb, 0xf7, 0xf4, 0xff, 0xfb, 0xf7, 0xf4, 0xff, 0xfb, 0xf7, 0xf4, 0xff,
    0xfb, 0xf7, 0xf4, 0xff, 0xfb, 0xf7, 0xf4, 0xff, 0xfb, 0xf7, 0xf4, 0xff,
    0xfb, 0xf7, 0xf4, 0xff, 0xfb, 0xf7, 0xf4, 0xff, 0xfb, 0xf7, 0xf4, 0xff,
    0xfb, 0xf7, 0xf4, 0xff, 0xfb, 0xf7, 0xf4, 0xff, 0xfb, 0xf7, 0xf4, 0xff,
    0xfb, 0xf7, 0xf4, 0xff, 0xfb, 0xf7, 0xf4, 0xff, 0xfb, 0xf7, 0xf4, 0xff,
    0xfb, 0xf7, 0xf4, 0xff, 0xfb, 0xf7, 0xf4, 0xff, 0xfb, 0xf7, 0xf4, 0xff,
    0xfb, 0xf7, 0xf4, 0xff, 0xfb, 0xf7, 0xf4, 0xff, 0xfb, 0xf7, 0xf4, 0xff,
    0xfb, 0xf7, 0xf4, 0xff, 0xfb, 0xf7, 0xf4, 0xff, 0xfb, 0xf7, 0xf4, 0xff,
    0xfb, 0xf7, 0xf4, 0xff, 0xfb, 0xf7, 0xf4, 0xff, 0xfb, 0xf7, 0xf4, 0xff,
    0xfb, 0xf7, 0xf4, 0xff, 0xfb, 0xf7, 0xf4, 0xff, 0xfb, 0xf7, 0xf4, 0xff,
    0xfb, 0xf7, 0xf4, 0xff, 0xfb, 0xf7, 0xf4, 0xff, 0xfb, 0xf7, 0xf4, 0xff,
    0xfb, 0xf7, 0xf4, 0xff, 0xfb, 0xf7, 0xf4, 0xff, 0xfb, 0xf7, 0xf4, 0xff,
    0xfb, 0xf7, 0xf4, 0xff, 0xfb, 0xf7, 0xf4, 0xff, 0xfb, 0xf7, 0xf4, 0xff,
    0xfb, 0xf7, 0xf4, 0xff, 0xfb, 0xf7, 0xf4, 0xff, 0xfb, 0xf7, 0xf4, 0xff,
    0xfb, 0xf7, 0xf4, 0xff, 0xfb, 0xf7, 0xf4, 0xff, 0xfb, 0xf7, 0xf4, 0xff,
    0xfb, 0xf7, 0xf4, 0xff, 0xfb, 0xf7, 0xf4, 0xff, 0xfb, 0xf7, 0xf4, 0xff,
    0xfb, 0xf7, 0xf4, 0xff, 0xfb, 0xf7, 0xf4, 0xff, 0xfb, 0xf7, 0xf4, 0xff,
    0xfb, 0xf7, 0xf4, 0xff, 0xfb, 0xf7, 0xf4, 0xff, 0xfb, 0xf7, 0xf4, 0xff,
    0xfb, 0xf7, 0xf4, 0xff, 0xfb, 0xf7, 0xf4, 0xff, 0xfb, 0xf7, 0xf4, 0xff,
    0xfb, 0xf7, 0xf4, 0xff, 0xfb, 0xf7, 0xf4, 0xff, 0xfb, 0xf7, 0xf4, 0xff,
    0xeb, 0xa0, 0x82, 0xff, 0xdb, 0x48, 0x0f, 0xff, 0xdc, 0x48, 0x0f, 0xff,
    0xdc, 0x48, 0x0f, 0xff, 0xdd, 0x48, 0x0f, 0xff, 0xdd, 0x48, 0x0e, 0xff,
    0xde, 0x48, 0x0e, 0xff, 0xde, 0x48, 0x0e, 0xff, 0xdf, 0x48, 0x0e, 0xff,
    0xdf, 0x48, 0x0e, 0xff, 0xfb, 0xf7, 0xf4, 0xff, 0xfb, 0xf7, 0xf4, 0xff,
    0xfb, 0xf7, 0xf4, 0xff, 0xfb, 0xf7, 0xf4, 0xff, 0xfb, 0xf7, 0xf4, 0xff,
    0xfb, 0xf7, 0xf4, 0xff, 0xfb, 0xf7, 0xf4, 0xff, 0xfb, 0xf7, 0xf4, 0xff,
    0xfb, 0xf7, 0xf4, 0xff, 0xfb, 0xf7, 0xf4, 0xff, 0xfb, 0xf7, 0xf4, 0xff,
    0xfb, 0xf7, 0xf4, 0xff, 0xfb, 0xf7, 0xf4, 0xff, 0xfb, 0xf7, 0xf4, 0xff,
    0xfb, 0xf7, 0xf4, 0xff, 0xfb, 0xf7, 0xf4, 0xff, 0xfb, 0xf7, 0xf4, 0xff,
    0xfb, 0xf7, 0xf4, 0xff, 0xfb, 0xf7, 0xf4, 0xff, 0xfb, 0xf7, 0xf4, 0xff,
    0xfb, 0xf7, 0xf4, 0xff, 0xfb, 0xf7, 0xf4, 0xff, 0xfb, 0xf7, 0xf4, 0xff,
    0xfb, 0xf7, 0xf4, 0xff, 0xfb, 0xf7, 0xf4, 0xff, 0xfb, 0xf7, 0xf4, 0xff,
    0xfb, 0xf7, 0xf4, 0xff, 0xfb, 0xf7, 0xf4, 0xff, 0xfb, 0xf7, 0xf4, 0xff,
    0xfb, 0xf7, 0xf4, 0xff, 0xfb, 0xf7, 0xf4, 0xff, 0xfb, 0xf7, 0xf4, 0xff,
    0xfb, 0xf7, 0xf4, 0xff, 0xfb, 0xf7, 0xf4, 0xff, 0xfb, 0xf7, 0xf4, 0xff,
    0xfb, 0xf7, 0xf4, 0xff, 0xfb, 0xf7, 0xf4, 0xff, 0xfb, 0xf7, 0xf4, 0xff,
    0xfb, 0xf7, 0xf4, 0xff, 0xfb, 0xf7, 0xf4, 0xff, 0xfb, 0xf7, 0xf4, 0xff,
    0xfb, 0xf7, 0xf4, 0xff, 0xfb, 0xf7, 0xf4, 0xff, 0xfb, 0xf7, 0xf4, 0xff,
    0xfb, 0xf7, 0xf4, 0xff, 0xfb, 0xf7, 0xf4, 0xff, 0xfb, 0xf7, 0xf4, 0xff,
    0xfb, 0xf7, 0xf4, 0xff, 0xfb, 0xf7, 0xf4, 0xff, 0xfb, 0xf7, 0xf4, 0xff,
    0xfb, 0xf7, 0xf4, 0xff, 0xfb, 0xf7, 0xf4, 0xff, 0xfb, 0xf7, 0xf4, 0xff,
    0xfb, 0xf7, 0xf4, 0xff, 0xfb, 0xf7, 0xf4, 0xff, 0xfb, 0xf7, 0xf4, 0xff,
    0xfb, 0xf7, 0xf4, 0xff, 0xfb, 0xf7, 0xf4, 0xff, 0xfb, 0xf7, 0xf4, 0xff,
    0xfb, 0xf7, 0xf4, 0xff, 0xfb, 0xf7, 0xf4, 0xff, 0xfb, 0xf7, 0xf4, 0xff,
    0xfb, 0xf7, 0xf4, 0xff, 0xfb, 0xf7, 0xf4, 0xff, 0xfb, 0xf7, 0xf4, 0xff,
    0xfb, 0xf7, 0xf4, 0xff, 0xfb, 0xf7, 0xf4, 0xff, 0xfb, 0xf7, 0xf4, 0xff,
    0xfb, 0xf7, 0xf4, 0xff, 0xeb, 0xa0, 0x82, 0xff, 0xdb, 0x48, 0x0f, 0xff,
    0xdc, 0x48, 0x0f, 0xff, 0xdc, 0x48, 0x0f, 0xff, 0xdd, 0x48, 0x0f, 0xff,
    0xdd, 0x48, 0x0e, 0xff, 0xde, 0x48, 0x0e, 0xff, 0xde, 0x48, 0x0e, 0xff,
    0xdf, 0x48, 0x0e, 0xff, 0xdf, 0x48, 0x0e, 0xff, 0xe0, 0x48, 0x0e, 0xff,
    0xfb, 0xf7, 0xf4, 0xff, 0xfb, 0xf7, 0xf4, 0xff, 0xfb, 0xf7, 0xf4, 0xff,
    0xfb, 0xf7, 0xf4, 0xff, 0xfb, 0xf7, 0xf4, 0xff, 0xfb, 0xf7, 0xf4, 0xff,
    0xfb, 0xf7, 0xf4, 0xff, 0xfb, 0xf7, 0xf4, 0xff, 0xfb, 0xf7, 0xf4, 0xff,
    0xfb, 0xf7, 0xf4, 0xff, 0xfb, 0xf7, 0xf4, 0xff, 0xfb, 0xf7, 0xf4, 0xff,
    0xfb, 0xf7, 0xf4, 0xff, 0xfb, 0xf7, 0xf4, 0xff, 0xfb, 0xf7, 0xf4, 0xff,
    0xfb, 0xf7, 0xf4, 0xff, 0xfb, 0xf7, 0xf4, 0xff, 0xfb, 0xf7, 0xf4, 0xff,
    0xfb, 0xf7, 0xf4, 0xff, 0xfb, 0xf7, 0xf4, 0xff, 0xfb, 0xf7, 0xf4, 0xff,
    0xfb, 0xf7, 0xf4, 0xff, 0xfb, 0xf7, 0xf4, 0xff, 0xfb, 0xf7, 0xf4, 0xff,
    0xfb, 0xf7, 0xf4, 0xff, 0xfb, 0xf7, 0xf4, 0xff, 0xfb, 0xf7, 0xf4, 0xff,
    0xfb, 0xf7, 0xf4, 0xff, 0xfb, 0xf7, 0xf4, 0xff, 0xfb, 0xf7, 0xf4, 0xff,
    0xfb, 0xf7, 0xf4, 0xff, 0xfb, 0xf7, 0xf4, 0xff, 0xfb, 0xf7, 0xf4, 0xff,
    0xfb, 0xf7, 0xf4, 0xff, 0xfb, 0xf7, 0xf4, 0xff, 0xfb, 0xf7, 0xf4, 0xff,
    0xfb, 0xf7, 0xf4, 0xff, 0xfb, 0xf7, 0xf4, 0xff, 0xfb, 0xf7, 0xf4, 0xff,
    0xfb, 0xf7, 0xf4, 0xff, 0xfb, 0xf7, 0xf4, 0xff, 0xfb, 0xf7, 0xf4, 0xff,
    0xfb, 0xf7, 0xf4, 0xff, 0xfb, 0xf7, 0xf4, 0xff, 0xfb, 0xf7, 0xf4, 0xff,
    0xfb, 0xf7, 0xf4, 0xff, 0xfb, 0xf7, 0xf4, 0xff, 0xfb, 0xf7, 0xf4, 0xff,
    0xfb, 0xf7, 0xf4, 0xff, 0xfb, 0xf7, 0xf4, 0xff, 0xfb, 0xf7, 0xf4, 0xff,
    0xfb, 0xf7, 0xf4, 0xff, 0xfb, 0xf7, 0xf4, 0xff, 0xfb, 0xf7, 0xf4, 0xff,
    0xfb, 0xf7, 0xf4, 0xff, 0xfb, 0xf7, 0xf4, 0xff, 0xfb, 0xf7, 0xf4, 0xff,
    0xfb, 0xf7, 0xf4, 0xff, 0xfb, 0xf7, 0xf4, 0xff, 0xfb, 0xf7, 0xf4, 0xff,
    0xfb, 0xf7, 0xf4, 0xff, 0xfb, 0xf7, 0xf4, 0xff, 0xfb, 0xf7, 0xf4, 0xff,
    0xfb, 0xf7, 0xf4, 0xff, 0xfb, 0xf7, 0xf4, 0xff, 0xfb, 0xf7, 0xf4, 0xff,
    0xfb, 0xf7, 0xf4, 0xff, 0xfb, 0xf7, 0xf4, 0xff, 0xeb, 0xa0, 0x82, 0xff,
    0xdb, 0x48, 0x0f, 0xff, 0xdc, 0x48, 0x0f, 0xff, 0xdc, 0x48, 0x0f, 0xff,
    0xdd, 0x48, 0x0f, 0xff, 0xdd, 0x48, 0x0e, 0xff, 0xde, 0x48, 0x0e, 0xff,
    0xde, 0x48, 0x0e, 0xff, 0xdf, 0x48, 0x0e, 0xff, 0xdf, 0x48, 0x0e, 0xff,
    0xe0, 0x48, 0x0e, 0xff, 0xe1, 0x48, 0x0d, 0xff, 0xfb, 0xf7, 0xf4, 0xff,
    0xfb, 0xf7, 0xf4, 0xff, 0xfb, 0xf7, 0xf4, 0xff, 0xfb, 0xf7, 0xf4, 0xff,
    0xfb, 0xf7, 0xf4, 0xff, 0xfb, 0xf7, 0xf4, 0xff, 0xfb, 0xf7, 0xf4, 0xff,
    0xfb, 0xf7, 0xf4, 0xff, 0xfb, 0xf7, 0xf4, 0xff, 0xfb, 0xf7, 0xf4, 0xff,
    0xfb, 0xf7, 0xf4, 0xff, 0xfb, 0xf7, 0xf4, 0xff, 0xfb, 0xf7, 0xf4, 0xff,
    0xfb, 0xf7, 0xf4, 0xff, 0xfb, 0xf7, 0xf4, 0xff, 0xfb, 0xf7, 0xf4, 0xff,
    0xfb, 0xf7, 0xf4, 0xff, 0xfb, 0xf7, 0xf4, 0xff, 0xfb, 0xf7, 0xf4, 0xff,
    0xfb, 0xf7, 0xf4, 0xff, 0xfb, 0xf7, 0xf4, 0xff, 0xfb, 0xf7, 0xf4, 0xff,
    0xfb, 0xf7, 0xf4, 0xff, 0xfb, 0xf7, 0xf4, 0xff, 0xfb, 0xf7, 0xf4, 0xff,
    0xfb, 0xf7, 0xf4, 0xff, 0xfb, 0xf7, 0xf4, 0xff, 0xfb, 0xf7, 0xf4, 0xff,
    0xfb, 0xf7, 0xf4, 0xff, 0xfb, 0xf7, 0xf4, 0xff, 0xfb, 0xf7, 0xf4, 0xff,
    0xfb, 0xf7, 0xf4, 0xff, 0xfb, 0xf7, 0xf4, 0xff, 0xfb, 0xf7, 0xf4, 0xff,
    0xfb, 0xf7, 0xf4, 0xff, 0xfb, 0xf7, 0xf4, 0xff, 0xfb, 0xf7, 0xf4, 0xff,
    0xfb, 0xf7, 0xf4, 0xff, 0xfb, 0xf7, 0xf4, 0xff, 0xfb, 0xf7, 0xf4, 0xff,
    0xfb, 0xf7, 0xf4, 0xff, 0xfb, 0xf7, 0xf4, 0xff, 0xfb, 0xf7, 0xf4, 0xff,
    0xfb, 0xf7, 0xf4, 0xff, 0xfb, 0xf7, 0xf4, 0xff, 0xfb, 0xf7, 0xf4, 0xff,
    0xfb, 0xf7, 0xf4, 0xff, 0xfb, 0xf7, 0xf4, 0xff, 0xfb, 0xf7, 0xf4, 0xff,
    0xfb, 0xf7, 0xf4, 0xff, 0xfb, 0xf7, 0xf4, 0xff, 0xfb, 0xf7, 0xf4, 0xff,
    0xfb, 0xf7, 0xf4, 0xff, 0xfb, 0xf7, 0xf4, 0xff, 0xfb, 0xf7, 0xf4, 0xff,
    0xfb, 0xf7, 0xf4, 0xff, 0xfb, 0xf7, 0xf4, 0xff, 0xfb, 0xf7, 0xf4, 0xff,
    0xfb, 0xf7, 0xf4, 0xff, 0xfb, 0xf7, 0xf4, 0xff, 0xfb, 0xf7, 0xf4, 0xff,
    0xfb, 0xf7, 0xf4, 0xff, 0xfb, 0xf7, 0xf4, 0xff, 0xfb, 0xf7, 0xf4, 0xff,
    0xfb, 0xf7, 0xf4, 0xff, 0xfb, 0xf7, 0xf4, 0xff, 0xfb, 0xf7, 0xf4, 0xff,
    0xeb, 0xa0, 0x82, 0xff, 0xdb, 0x48, 0x0f, 0xff, 0xdc, 0x48, 0x0f, 0xff,
    0xdc, 0x48, 0x0f, 0xff, 0xdd, 0x48, 0x0f, 0xff, 0xdd, 0x48, 0x0e, 0xff,
    0xde, 0x48, 0x0e, 0xff, 0xde, 0x48, 0x0e, 0xff, 0xdf, 0x48, 0x0e, 0xff,
    0xdf, 0x48, 0x0e, 0xff, 0xe0, 0x48, 0x0e, 0xff, 0xe1, 0x48, 0x0d, 0xff,
    0xe1, 0x48, 0x0d, 0xff, 0xfb, 0xf7, 0xf4, 0xff, 0xfb, 0xf7, 0xf4, 0xff,
    0xfb, 0xf7, 0xf4, 0xff, 0xfb, 0xf7, 0xf4, 0xff, 0xfb, 0xf7, 0xf4, 0xff,
    0xfb, 0xf7, 0xf4, 0xff, 0xfb, 0xf7, 0xf4, 0xff, 0xfb, 0xf7, 0xf4, 0xff,
    0xfb, 0xf7, 0xf4, 0xff, 0xfb, 0xf7, 0xf4, 0xff, 0xfb, 0xf7, 0xf4, 0xff,
    0xfb, 0xf7, 0xf4, 0xff, 0xfb, 0xf7, 0xf4, 0xff, 0xfb, 0xf7, 0xf4, 0xff,
    0xfb, 0xf7, 0xf4, 0xff, 0xfb, 0xf7, 0xf4, 0xff, 0xfb, 0xf7, 0xf4, 0xff,
    0xfb, 0xf7, 0xf4, 0xff, 0xfb, 0xf7, 0xf4, 0xff, 0xfb, 0xf7, 0xf4, 0xff,
    0xfb, 0xf7, 0xf4, 0xff, 0xfb, 0xf7, 0xf4, 0xff, 0xfb, 0xf7, 0xf4, 0xff,
    0xfb, 0xf7, 0xf4, 0xff, 0xfb, 0xf7, 0xf4, 0xff, 0xfb, 0xf7, 0xf4, 0xff,
    0xfb, 0xf7, 0xf4, 0xff, 0xfb, 0xf7, 0xf4, 0xff, 0xfb, 0xf7, 0xf4, 0xff,
    0xfb, 0xf7, 0xf4, 0xff, 0xfb, 0xf7, 0xf4, 0xff, 0xfb, 0xf7, 0xf4, 0xff,
    0xfb, 0xf7, 0xf4, 0xff, 0xfb, 0xf7, 0xf4, 0xff, 0xfb, 0xf7, 0xf4, 0xff,
    0xfb, 0xf7, 0xf4, 0xff, 0xfb, 0xf7, 0xf4, 0xff, 0xfb, 0xf7, 0xf4, 0xff,
    0xfb, 0xf7, 0xf4, 0xff, 0xfb, 0xf7, 0xf4, 0xff, 0xfb, 0xf7, 0xf4, 0xff,
    0xfb, 0xf7, 0xf4, 0xff, 0xfb, 0xf7, 0xf4, 0xff, 0xfb, 0xf7, 0xf4, 0xff,
    0xfb, 0xf7, 0xf4, 0xff, 0xfb, 0xf7, 0xf4, 0xff, 0xfb, 0xf7, 0xf4, 0xff,
    0xfb, 0xf7, 0xf4, 0xff, 0xfb, 0xf7, 0xf4, 0xff, 0xfb, 0xf7, 0xf4, 0xff,
    0xfb, 0xf7, 0xf4, 0xff, 0xfb, 0xf7, 0xf4, 0xff, 0xfb, 0xf7, 0xf4, 0xff,
    0xfb, 0xf7, 0xf4, 0xff, 0xfb, 0xf7, 0xf4, 0xff, 0xfb, 0xf7, 0xf4, 0xff,
    0xfb, 0xf7, 0xf4, 0xff, 0xfb, 0xf7, 0xf4, 0xff, 0xfb, 0xf7, 0xf4, 0xff,
    0xfb, 0xf7, 0xf4, 0xff, 0xfb, 0xf7, 0xf4, 0xff, 0xfb, 0xf7, 0xf4, 0xff,
    0xfb, 0xf7, 0xf4, 0xff, 0xfb, 0xf7, 0xf4, 0xff, 0xfb, 0xf7, 0xf4, 0xff,
    0xfb, 0xf7, 0xf4, 0xff, 0xeb, 0xa0, 0x82, 0xff, 0xdb, 0x48, 0x0f, 0xff,
    0xdc, 0x48, 0x0f, 0xff, 0xdc, 0x48, 0x0f, 0xff, 0xdd, 0x48, 0x0f, 0xff,
    0xdd, 0x48, 0x0e, 0xff, 0xde, 0x48, 0x0e, 0xff, 0xde, 0x48, 0x0e, 0xff,
    0xdf, 0x48, 0x0e, 0xff, 0xdf, 0x48, 0x0e, 0xff, 0xe0, 0x48, 0x0e, 0xff,
    0xe1, 0x48, 0x0d, 0xff, 0xe1, 0x48, 0x0d, 0xff, 0xe2, 0x48, 0x0d, 0xff,
    0xfb, 0xf7, 0xf4, 0xff, 0xfb, 0xf7, 0xf4, 0xff, 0xfb, 0xf7, 0xf4, 0xff,
    0xfb, 0xf7, 0xf4, 0xff, 0xfb, 0xf7, 0xf4, 0xff, 0xfb, 0xf7, 0xf4, 0xff,
    0xfb, 0xf7, 0xf4, 0xff, 0xfb, 0xf7, 0xf4, 0xff, 0xfb, 0xf7, 0xf4, 0xff,
    0xfb, 0xf7, 0xf4, 0xff, 0xfb, 0xf7, 0xf4, 0xff, 0xfb, 0xf7, 0xf4, 0xff,
    0xfb, 0xf7, 0xf4, 0xff, 0xfb, 0xf7, 0xf4, 0xff, 0xfb, 0xf7, 0xf4, 0xff,
    0xfb, 0xf7, 0xf4, 0xff, 0xfb, 0xf7, 0xf4, 0xff, 0xfb, 0xf7, 0xf4, 0xff,
    0xfb, 0xf7, 0xf4, 0xff, 0xfb, 0xf7, 0xf4, 0xff, 0xfb, 0xf7, 0xf4, 0xff,
    0xfb, 0xf7, 0xf4, 0xff, 0xfb, 0xf7, 0xf4, 0xff, 0xfb, 0xf7, 0xf4, 0xff,
    0xfb, 0xf7, 0xf4, 0xff, 0xfb, 0xf7, 0xf4, 0xff, 0xfb, 0xf7, 0xf4, 0xff,
    0xfb, 0xf7, 0xf4, 0xff, 0xfb, 0xf7, 0xf4, 0xff, 0xfb, 0xf7, 0xf4, 0xff,
    0xfb, 0xf7, 0xf4, 0xff, 0xfb, 0xf7, 0xf4, 0xff, 0xfb, 0xf7, 0xf4, 0xff,
    0xfb, 0xf7, 0xf4, 0xff, 0xfb, 0xf7, 0xf4, 0xff, 0xfb, 0xf7, 0xf4, 0xff,
    0xfb, 0xf7, 0xf4, 0xff, 0xfb, 0xf7, 0xf4, 0xff, 0xfb, 0xf7, 0xf4, 0xff,
    0xfb, 0xf7, 0xf4, 0xff, 0xfb, 0xf7, 0xf4, 0xff, 0xfb, 0xf7, 0xf4, 0xff,
    0xfb, 0xf7, 0xf4, 0xff, 0xfb, 0xf7, 0xf4, 0xff, 0xfb, 0xf7, 0xf4, 0xff,
    0xfb, 0xf7, 0xf4, 0xff, 0xfb, 0xf7, 0xf4, 0xff, 0xfb, 0xf7, 0xf4, 0xff,
    0xfb, 0xf7, 0xf4, 0xff, 0xfb, 0xf7, 0xf4, 0xff, 0xfb, 0xf7, 0xf4, 0xff,
    0xfb, 0xf7, 0xf4, 0xff, 0xfb, 0xf7, 0xf4, 0xff, 0xfb, 0xf7, 0xf4, 0xff,
    0xfb, 0xf7, 0xf4, 0xff, 0xfb, 0xf7, 0xf4, 0xff, 0xfb, 0xf7, 0xf4, 0xff,
    0xfb, 0xf7, 0xf4, 0xff, 0xfb, 0xf7, 0xf4, 0xff, 0xfb, 0xf7, 0xf4, 0xff,
    0xfb, 0xf7, 0xf4, 0xff, 0xfb, 0xf7, 0xf4, 0xff, 0xfb, 0xf7, 0xf4, 0xff,
    0xfb, 0xf7, 0xf4, 0xff, 0xfb, 0xf7, 0xf4, 0xff, 0xeb, 0xa0, 0x82, 0xff,
    0xdb, 0x48, 0x0f, 0xff, 0xdc, 0x48, 0x0f, 0xff, 0xdc, 0x48, 0x0f, 0xff,
    0xdd, 0x48, 0x0f, 0xff, 0xdd, 0x48, 0x0e, 0xff, 0xde, 0x48, 0x0e, 0xff,
    0xde, 0x48, 0x0e, 0xff, 0xdf, 0x48, 0x0e, 0xff, 0xdf, 0x48, 0x0e, 0xff,
    0xe0, 0x48, 0x0e, 0xff, 0xe1, 0x48, 0x0d, 0xff, 0xe1, 0x48, 0x0d, 0xff,
    0xe2, 0x48, 0x0d, 0xff, 0xe2, 0x48, 0x0d, 0xff, 0xfb, 0xf7, 0xf4, 0xff,
    0xfb, 0xf7, 0xf4, 0xff, 0xfb, 0xf7, 0xf4, 0xff, 0xfb, 0xf7, 0xf4, 0xff,
    0xfb, 0xf7, 0xf4, 0xff, 0xfb, 0xf7, 0xf4, 0xff, 0xfb, 0xf7, 0xf4, 0xff,
    0xfb, 0xf7, 0xf4, 0xff, 0xfb, 0xf7, 0xf4, 0xff, 0xfb, 0xf7, 0xf4, 0xff,
    0xfb, 0xf7, 0xf4, 0xff, 0xfb, 0xf7, 0xf4, 0xff, 0xfb, 0xf7, 0xf4, 0xff,
    0xfb, 0xf7, 0xf4, 0xff, 0xfb, 0xf7, 0xf4, 0xff, 0xfb, 0xf7, 0xf4, 0xff,
    0xfb, 0xf7, 0xf4, 0xff, 0xfb, 0xf7, 0xf4, 0xff, 0xfb, 0xf7, 0xf4, 0xff,
    0xfb, 0xf7, 0xf4, 0xff, 0xfb, 0xf7, 0xf4, 0xff, 0xfb, 0xf7, 0xf4, 0xff,
    0xfb, 0xf7, 0xf4, 0xff, 0xfb, 0xf7, 0xf4, 0xff, 0xfb, 0xf7, 0xf4, 0xff,
    0xfb, 0xf7, 0xf4, 0xff, 0xfb, 0xf7, 0xf4, 0xff, 0xfb, 0xf7, 0xf4, 0xff,
    0xfb, 0xf7, 0xf4, 0xff, 0xfb, 0xf7, 0xf4, 0xff, 0xfb, 0xf7, 0xf4, 0xff,
    0xfb, 0xf7, 0xf4, 0xff, 0xfb, 0xf7, 0xf4, 0xff, 0xfb, 0xf7, 0xf4, 0xff,
    0xfb, 0xf7, 0xf4, 0xff, 0xfb, 0xf7, 0xf4, 0xff, 0xfb, 0xf7, 0xf4, 0xff,
    0xfb, 0xf7, 0xf4, 0xff, 0xfb, 0xf7, 0xf4, 0xff, 0xfb, 0xf7, 0xf4, 0xff,
    0xfb, 0xf7, 0xf4, 0xff, 0xfb, 0xf7, 0xf4, 0xff, 0xfb, 0xf7, 0xf4, 0xff,
    0xfb, 0xf7, 0xf4, 0xff, 0xfb, 0xf7, 0xf4, 0xff, 0xfb, 0xf7, 0xf4, 0xff,
    0xfb, 0xf7, 0xf4, 0xff, 0xfb, 0xf7, 0xf4, 0xff, 0xfb, 0xf7, 0xf4, 0xff,
    0xfb, 0xf7, 0xf4, 0xff, 0xfb, 0xf7, 0xf4, 0xff, 0xfb, 0xf7, 0xf4, 0xff,
    0xfb, 0xf7, 0xf4, 0xff, 0xfb, 0xf7, 0xf4, 0xff, 0xfb, 0xf7, 0xf4, 0xff,
    0xfb, 0xf7, 0xf4, 0xff, 0xfb, 0xf7, 0xf4, 0xff, 0xfb, 0xf7, 0xf4, 0xff,
    0xfb, 0xf7, 0xf4, 0xff, 0xfb, 0xf7, 0xf4, 0xff, 0xfb, 0xf7, 0xf4, 0xff,
    0xfb, 0xf7, 0xf4, 0xff, 0xfb, 0xf7, 0xf4, 0xff, 0xfb, 0xf7, 0xf4, 0xff,
    0xeb, 0xa0, 0x82, 0xff, 0xdb, 0x48, 0x0f, 0xff, 0xdc, 0x48, 0x0f, 0xff,
    0xdc, 0x48, 0x0f, 0xff, 0xdd, 0x48, 0x0f, 0xff, 0xdd, 0x48, 0x0e, 0xff,
    0xde, 0x48, 0x0e, 0xff, 0xde, 0x48, 0x0e, 0xff, 0xdf, 0x48, 0x0e, 0xff,
    0xdf, 0x48, 0x0e, 0xff, 0xe0, 0x48, 0x0e, 0xff, 0xe1, 0x48, 0x0d, 0xff,
    0xe1, 0x48, 0x0d, 0xff, 0xe2, 0x48, 0x0d, 0xff, 0xe2, 0x48, 0x0d, 0xff,
    0xe3, 0x48, 0x0c, 0xff, 0xfb, 0xf7, 0xf4, 0xff, 0xfb, 0xf7, 0xf4, 0xff,
    0xfb, 0xf7, 0xf4, 0xff, 0xfb, 0xf7, 0xf4, 0xff, 0xfb, 0xf7, 0xf4, 0xff,
    0xfb, 0xf7, 0xf4, 0xff, 0xfb, 0xf7, 0xf4, 0xff, 0xfb, 0xf7, 0xf4, 0xff,
    0xfb, 0xf7, 0xf4, 0xff, 0xfb, 0xf7, 0xf4, 0xff, 0xfb, 0xf7, 0xf4, 0xff,
    0xfb, 0xf7, 0xf4, 0xff, 0xfb, 0xf7, 0xf4, 0xff, 0xfb, 0xf7, 0xf4, 0xff,
    0xfb, 0xf7, 0xf4, 0xff, 0xfb, 0xf7, 0xf4, 0xff, 0xfb, 0xf7, 0xf4, 0xff,
    0xfb, 0xf7, 0xf4, 0xff, 0xfb, 0xf7, 0xf4, 0xff, 0xfb, 0xf7, 0xf4, 0xff,
    0xfb, 0xf7, 0xf4, 0xff, 0xfb, 0xf7, 0xf4, 0xff, 0xfb, 0xf7, 0xf4, 0xff,
    0xfb, 0xf7, 0xf4, 0xff, 0xfb, 0xf7, 0xf4, 0xff, 0xfb, 0xf7, 0xf4, 0xff,
    0xfb, 0xf7, 0xf4, 0xff, 0xfb, 0xf7, 0xf4, 0xff, 0xfb, 0xf7, 0xf4, 0xff,
    0xfb, 0xf7, 0xf4, 0xff, 0xfb, 0xf7, 0xf4, 0xff, 0xfb, 0xf7, 0xf4, 0xff,
    0xfb, 0xf7, 0xf4, 0xff, 0xfb, 0xf7, 0xf4, 0xff, 0xfb, 0xf7, 0xf4, 0xff,
    0xfb, 0xf7, 0xf4, 0xff, 0xfb, 0xf7, 0xf4, 0xff, 0xfb, 0xf7, 0xf4, 0xff,
    0xfb, 0xf7, 0xf4, 0xff, 0xfb, 0xf7, 0xf4, 0xff, 0xfb, 0xf7, 0xf4, 0xff,
    0xfb, 0xf7, 0xf4, 0xff, 0xfb, 0xf7, 0xf4, 0xff, 0xfb, 0xf7, 0xf4, 0xff,
    0xfb, 0xf7, 0xf4, 0xff, 0xfb, 0xf7, 0xf4, 0xff, 0xfb, 0xf7, 0xf4, 0xff,
    0xfb, 0xf7, 0xf4, 0xff, 0xfb, 0xf7, 0xf4, 0xff, 0xfb, 0xf7, 0xf4, 0xff,
    0xfb, 0xf7, 0xf4, 0xff, 0xfb, 0xf7, 0xf4, 0xff, 0xfb, 0xf7, 0xf4, 0xff,
    0xfb, 0xf7, 0xf4, 0xff, 0xfb, 0xf7, 0xf4, 0xff, 0xfb, 0xf7, 0xf4, 0xff,
    0xfb, 0xf7, 0xf4, 0xff, 0xfb, 0xf7, 0xf4, 0xff, 0xfb, 0xf7, 0xf4, 0xff,
    0xfb, 0xf7, 0xf4, 0xff, 0xfb, 0xf7, 0xf4, 0xff, 0xfb, 0xf7, 0xf4, 0xff,
    0xfb, 0xf7, 0xf4, 0xff, 0xeb, 0xa0, 0x82, 0xff, 0xdb, 0x48, 0x0f, 0xff,
    0xdc, 0x48, 0x0f, 0xff, 0xdc, 0x48, 0x0f, 0xff, 0xdd, 0x48, 0x0f, 0xff,
    0xdd, 0x48, 0x0e, 0xff, 0xde, 0x48, 0x0e, 0xff, 0xde, 0x48, 0x0e, 0xff,
    0xdf, 0x48, 0x0e, 0xff, 0xdf, 0x48, 0x0e, 0xff, 0xe0, 0x48, 0x0e, 0xff,
    0xe1, 0x48, 0x0d, 0xff, 0xe1, 0x48, 0x0d, 0xff, 0xe2, 0x48, 0x0d, 0xff,
    0xe2, 0x48, 0x0d, 0xff, 0xe3, 0x48, 0x0c, 0xff, 0xe3, 0x48, 0x0c, 0xff,
    0xfb, 0xf7, 0xf4, 0xff, 0xfb, 0xf7, 0xf4, 0xff, 0xfb, 0xf7, 0xf4, 0xff,
    0xfb, 0xf7, 0xf4, 0xff, 0xfb, 0xf7, 0xf4, 0xff, 0xfb, 0xf7, 0xf4, 0xff,
    0xfb, 0xf7, 0xf4, 0xff, 0xfb, 0xf7, 0xf4, 0xff, 0xfb, 0xf7, 0xf4, 0xff,
    0xfb, 0xf7, 0xf4, 0xff, 0xfb, 0xf7, 0xf4, 0xff, 0xfb, 0xf7, 0xf4, 0xff,
    0xfb, 0xf7, 0xf4, 0xff, 0xfb, 0xf7, 0xf4, 0xff, 0xfb, 0xf7, 0xf4, 0xff,
    0xfb, 0xf7, 0xf4, 0xff, 0xfb, 0xf7, 0xf4, 0xff, 0xfb, 0xf7, 0xf4, 0xff,
    0xfb, 0xf7, 0xf4, 0xff, 0xfb, 0xf7, 0xf4, 0xff, 0xfb, 0xf7, 0xf4, 0xff,
    0xfb, 0xf7, 0xf4, 0xff, 0xfb, 0xf7, 0xf4, 0xff, 0xfb, 0xf7, 0xf4, 0xff,
    0xfb, 0xf7, 0xf4, 0xff, 0xfb, 0xf7, 0xf4, 0xff, 0xfb, 0xf7, 0xf4, 0xff,
    0xfb, 0xf7, 0xf4, 0xff, 0xfb, 0xf7, 0xf4, 0xff, 0xfb, 0xf7, 0xf4, 0xff,
    0xfb, 0xf7, 0xf4, 0xff, 0xfb, 0xf7, 0xf4, 0xff, 0xfb, 0xf7, 0xf4, 0xff,
    0xfb, 0xf7, 0xf4, 0xff, 0xfb, 0xf7, 0xf4, 0xff, 0xfb, 0xf7, 0xf4, 0xff,
    0xfb, 0xf7, 0xf4, 0xff, 0xfb, 0xf7, 0xf4, 0xff, 0xfb, 0xf7, 0xf4, 0xff,
    0xfb, 0xf7, 0xf4, 0xff, 0xfb, 0xf7, 0xf4, 0xff, 0xfb, 0xf7, 0xf4, 0xff,
    0xfb, 0xf7, 0xf4, 0xff, 0xfb, 0xf7, 0xf4, 0xff, 0xfb, 0xf7, 0xf4, 0xff,
    0xfb, 0xf7, 0xf4, 0xff, 0xfb, 0xf7, 0xf4, 0xff, 0xfb, 0xf7, 0xf4, 0xff,
    0xfb, 0xf7, 0xf4, 0xff, 0xfb, 0xf7, 0xf4, 0xff, 0xfb, 0xf7, 0xf4, 0xff,
    0xfb, 0xf7, 0xf4, 0xff, 0xfb, 0xf7, 0xf4, 0xff, 0xfb, 0xf7, 0xf4, 0xff,
    0xfb, 0xf7, 0xf4, 0xff, 0xfb, 0xf7, 0xf4, 0xff, 0xfb, 0xf7, 0xf4, 0xff,
    0xfb, 0xf7, 0xf4, 0xff, 0xfb, 0xf7, 0xf4, 0xff, 0xfb, 0xf7, 0xf4, 0xff,
    0xfb, 0xf7, 0xf4, 0xff, 0xfb, 0xf7, 0xf4, 0xff, 0xeb, 0xa0, 0x82, 0xff,
    0xdb, 0x48, 0x0f, 0xff, 0xdc, 0x48, 0x0f, 0xff, 0xdc, 0x48, 0x0f, 0xff,
    0xdd, 0x48, 0x0f, 0xff, 0xdd, 0x48, 0x0e, 0xff, 0xde, 0x48, 0x0e, 0xff,
    0xde, 0x48, 0x0e, 0xff, 0xdf, 0x48, 0x0e, 0xff, 0xdf, 0x48, 0x0e, 0xff,
    0xe0, 0x48, 0x0e, 0xff, 0xe1, 0x48, 0x0d, 0xff, 0xe1, 0x48, 0x0d, 0xff,
    0xe2, 0x48, 0x0d, 0xff, 0xe2, 0x48, 0x0d, 0xff, 0xe3, 0x48, 0x0c, 0xff,
    0xe3, 0x48, 0x0c, 0xff, 0xe4, 0x48, 0x0c, 0xff, 0xfb, 0xf7, 0xf4, 0xff,
    0xfb, 0xf7, 0xf4, 0xff, 0xfb, 0xf7, 0xf4, 0xff, 0xfb, 0xf7, 0xf4, 0xff,
    0xfb, 0xf7, 0xf4, 0xff, 0xfb, 0xf7, 0xf4, 0xff, 0xfb, 0xf7, 0xf4, 0xff,
    0xfb, 0xf7, 0xf4, 0xff, 0xfb, 0xf7, 0xf4, 0xff, 0xfb, 0xf7, 0xf4, 0xff,
    0xfb, 0xf7, 0xf4, 0xff, 0xfb, 0xf7, 0xf4, 0xff, 0xfb, 0xf7, 0xf4, 0xff,
    0xfb, 0xf7, 0xf4, 0xff, 0xfb, 0xf7, 0xf4, 0xff, 0xfb, 0xf7, 0xf4, 0xff,
    0xfb, 0xf7, 0xf4, 0xff, 0xfb, 0xf7, 0xf4, 0xff, 0xfb, 0xf7, 0xf4, 0xff,
    0xfb, 0xf7, 0xf4, 0xff, 0xfb, 0xf7, 0xf4, 0xff, 0xfb, 0xf7, 0xf4, 0xff,
    0xfb, 0xf7, 0xf4, 0xff, 0xfb, 0xf7, 0xf4, 0xff, 0xfb, 0xf7, 0xf4, 0xff,
    0xfb, 0xf7, 0xf4, 0xff, 0xfb, 0xf7, 0xf4, 0xff, 0xfb, 0xf7, 0xf4, 0xff,
    0xfb, 0xf7, 0xf4, 0xff, 0xfb, 0xf7, 0xf4, 0xff, 0xfb, 0xf7, 0xf4, 0xff,
    0xfb, 0xf7, 0xf4, 0xff, 0xfb, 0xf7, 0xf4, 0xff, 0xfb, 0xf7, 0xf4, 0xff,
    0xfb, 0xf7, 0xf4, 0xff, 0xfb, 0xf7, 0xf4, 0xff, 0xfb, 0xf7, 0xf4, 0xff,
    0xfb, 0xf7, 0xf4, 0xff, 0xfb, 0xf7, 0xf4, 0xff, 0xfb, 0xf7, 0xf4, 0xff,
    0xfb, 0xf7, 0xf4, 0xff, 0xfb, 0xf7, 0xf4, 0xff, 0xfb, 0xf7, 0xf4, 0xff,
    0xfb, 0xf7, 0xf4, 0xff, 0xfb, 0xf7, 0xf4, 0xff, 0xfb, 0xf7, 0xf4, 0xff,
    0xfb, 0xf7, 0xf4, 0xff, 0xfb, 0xf7, 0xf4, 0xff, 0xfb, 0xf7, 0xf4, 0xff,
    0xfb, 0xf7, 0xf4, 0xff, 0xfb, 0xf7, 0xf4, 0xff, 0xfb, 0xf7, 0xf4, 0xff,
    0xfb, 0xf7, 0xf4, 0xff, 0xfb, 0xf7, 0xf4, 0xff, 0xfb, 0xf7, 0xf4, 0xff,
    0xfb, 0xf7, 0xf4, 0xff, 0xfb, 0xf7, 0xf4, 0xff, 0xfb, 0xf7, 0xf4, 0xff,
    0xfb, 0xf7, 0xf4, 0xff, 0xfb, 0xf7, 0xf4, 0xff, 0xfb, 0xf7, 0xf4, 0xff,
    0xeb, 0xa0, 0x82, 0xff, 0xdb, 0x48, 0x0f, 0xff, 0xdc, 0x48, 0x0f, 0xff,
    0xdc, 0x48, 0x0f, 0xff, 0xdd, 0x48, 0x0f, 0xff, 0xdd, 0x48, 0x0e, 0xff,
    0xde, 0x48, 0x0e, 0xff, 0xde, 0x48, 0x0e, 0xff, 0xdf, 0x48, 0x0e, 0xff,
    0xdf, 0x48, 0x0e, 0xff, 0xe0, 0x48, 0x0e, 0xff, 0xe1, 0x48, 0x0d, 0xff,
    0xe1, 0x48, 0x0d, 0xff, 0xe2, 0x48, 0x0d, 0xff, 0xe2, 0x48, 0x0d, 0xff,
    0xe3, 0x48, 0x0c, 0xff, 0xe3, 0x48, 0x0c, 0xff, 0xe4, 0x48, 0x0c, 0xff,
    0xe4, 0x48, 0x0c, 0xff, 0xfb, 0xf7, 0xf4, 0xff, 0xfb, 0xf7, 0xf4, 0xff,
    0xfb, 0xf7, 0xf4, 0xff, 0xfb, 0xf7, 0xf4, 0xff, 0xfb, 0xf7, 0xf4, 0xff,
    0xfb, 0xf7, 0xf4, 0xff, 0xfb, 0xf7, 0xf4, 0xff, 0xfb, 0xf7, 0xf4, 0xff,
    0xfb, 0xf7, 0xf4, 0xff, 0xfb, 0xf7, 0xf4, 0xff, 0xfb, 0xf7, 0xf4, 0xff,
    0xfb, 0xf7, 0xf4, 0xff, 0xfb, 0xf7, 0xf4, 0xff, 0xfb, 0xf7, 0xf4, 0xff,
    0xfb, 0xf7, 0xf4, 0xff, 0xfb, 0xf7, 0xf4, 0xff, 0xfb, 0xf7, 0xf4, 0xff,
    0xfb, 0xf7, 0xf4, 0xff, 0xfb, 0xf7, 0xf4, 0xff, 0xfb, 0xf7, 0xf4, 0xff,
    0xfb, 0xf7, 0xf4, 0xff, 0xfb, 0xf7, 0xf4, 0xff, 0xfb, 0xf7, 0xf4, 0xff,
    0xfb, 0xf7, 0xf4, 0xff, 0xfb, 0xf7, 0xf4, 0xff, 0xfb, 0xf7, 0xf4, 0xff,
    0xfb, 0xf7, 0xf4, 0xff, 0xfb, 0xf7, 0xf4, 0xff, 0xfb, 0xf7, 0xf4, 0xff,
    0xfb, 0xf7, 0xf4, 0xff, 0xfb, 0xf7, 0xf4, 0xff, 0xfb, 0xf7, 0xf4, 0xff,
    0xfb, 0xf7, 0xf4, 0xff, 0xfb, 0xf7, 0xf4, 0xff, 0xfb, 0xf7, 0xf4, 0xff,
    0xfb, 0xf7, 0xf4, 0xff, 0xfb, 0xf7, 0xf4, 0xff, 0xfb, 0xf7, 0xf4, 0xff,
    0xfb, 0xf7, 0xf4, 0xff, 0xfb, 0xf7, 0xf4, 0xff, 0xfb, 0xf7, 0xf4, 0xff,
    0xfb, 0xf7, 0xf4, 0xff, 0xfb, 0xf7, 0xf4, 0xff, 0xfb, 0xf7, 0xf4, 0xff,
    0xfb, 0xf7, 0xf4, 0xff, 0xfb, 0xf7, 0xf4, 0xff, 0xfb, 0xf7, 0xf4, 0xff,
    0xfb, 0xf7, 0xf4, 0xff, 0xfb, 0xf7, 0xf4, 0xff, 0xfb, 0xf7, 0xf4, 0xff,
    0xfb, 0xf7, 0xf4, 0xff, 0xfb, 0xf7, 0xf4, 0xff, 0xfb, 0xf7, 0xf4, 0xff,
    0xfb, 0xf7, 0xf4, 0xff, 0xfb, 0xf7, 0xf4, 0xff, 0xfb, 0xf7, 0xf4, 0xff,
    0xfb, 0xf7, 0xf4, 0xff, 0xfb, 0xf7, 0xf4, 0xff, 0xfb, 0xf7, 0xf4, 0xff,
    0xfb, 0xf7, 0xf4, 0xff, 0xeb, 0xa0, 0x82, 0xff, 0xdb, 0x48, 0x0f, 0xff,
    0xdc, 0x48, 0x0f, 0xff, 0xdc, 0x48, 0x0f, 0xff, 0xdd, 0x48, 0x0f, 0xff,
    0xdd, 0x48, 0x0e, 0xff, 0xde, 0x48, 0x0e, 0xff, 0xde, 0x48, 0x0e, 0xff,
    0xdf, 0x48, 0x0e, 0xff, 0xdf, 0x48, 0x0e, 0xff, 0xe0, 0x48, 0x0e, 0xff,
    0xe1, 0x48, 0x0d, 0xff, 0xe1, 0x48, 0x0d, 0xff, 0xe2, 0x48, 0x0d, 0xff,
    0xe2, 0x48, 0x0d, 0xff, 0xe3, 0x48, 0x0c, 0xff, 0xe3, 0x48, 0x0c, 0xff,
    0xe4, 0x48, 0x0c, 0xff, 0xe4, 0x48, 0x0c, 0xff, 0xe5, 0x48, 0x0b, 0xff,
    0xfb, 0xf7, 0xf4, 0xff, 0xfb, 0xf7, 0xf4, 0xff, 0xfb, 0xf7, 0xf4, 0xff,
    0xfb, 0xf7, 0xf4, 0xff, 0xfb, 0xf7, 0xf4, 0xff, 0xfb, 0xf7, 0xf4, 0xff,
    0xfb, 0xf7, 0xf4, 0xff, 0xfb, 0xf7, 0xf4, 0xff, 0xfb, 0xf7, 0xf4, 0xff,
    0xfb, 0xf7, 0xf4, 0xff, 0xfb, 0xf7, 0xf4, 0xff, 0xfb, 0xf7, 0xf4, 0xff,
    0xfb, 0xf7, 0xf4, 0xff, 0xfb, 0xf7, 0xf4, 0xff, 0xfb, 0xf7, 0xf4, 0xff,
    0xfb, 0xf7, 0xf4, 0xff, 0xfb, 0xf7, 0xf4, 0xff, 0xfb, 0xf7, 0xf4, 0xff,
    0xfb, 0xf7, 0xf4, 0xff, 0xfb, 0xf7, 0xf4, 0xff, 0xfb, 0xf7, 0xf4, 0xff,
    0xfb, 0xf7, 0xf4, 0xff, 0xfb, 0xf7, 0xf4, 0xff, 0xfb, 0xf7, 0xf4, 0xff,
    0xfb, 0xf7, 0xf4, 0xff, 0xfb, 0xf7, 0xf4, 0xff, 0xfb, 0xf7, 0xf4, 0xff,
    0xfb, 0xf7, 0xf4, 0xff, 0xfb, 0xf7, 0xf4, 0xff, 0xfb, 0xf7, 0xf4, 0xff,
    0xfb, 0xf7, 0xf4, 0xff, 0xfb, 0xf7, 0xf4, 0xff, 0xfb, 0xf7, 0xf4, 0xff,
    0xfb, 0xf7, 0xf4, 0xff, 0xfb, 0xf7, 0xf4, 0xff, 0xfb, 0xf7, 0xf4, 0xff,
    0xfb, 0xf7, 0xf4, 0xff, 0xfb, 0xf7, 0xf4, 0xff, 0xfb, 0xf7, 0xf4, 0xff,
    0xfb, 0xf7, 0xf4, 0xff, 0xfb, 0xf7, 0xf4, 0xff, 0xfb, 0xf7, 0xf4, 0xff,
    0xfb, 0xf7, 0xf4, 0xff, 0xfb, 0xf7, 0xf4, 0xff, 0xfb, 0xf7, 0xf4, 0xff,
    0xfb, 0xf7, 0xf4, 0xff, 0xfb, 0xf7, 0xf4, 0xff, 0xfb, 0xf7, 0xf4, 0xff,
    0xfb, 0xf7, 0xf4, 0xff, 0xfb, 0xf7, 0xf4, 0xff, 0xfb, 0xf7, 0xf4, 0xff,
    0xfb, 0xf7, 0xf4, 0xff, 0xfb, 0xf7, 0xf4, 0xff, 0xfb, 0xf7, 0xf4, 0xff,
    0xfb, 0xf7, 0xf4, 0xff, 0xfb, 0xf7, 0xf4, 0xff, 0xfb, 0xf7, 0xf4, 0xff,
    0xfb, 0xf7, 0xf4, 0xff, 0xfb, 0xf7, 0xf4, 0xff, 0xeb, 0xa0, 0x82, 0xff,
    0xdb, 0x48, 0x0f, 0xff, 0xdc, 0x48, 0x0f, 0xff, 0xdc, 0x48, 0x0f, 0xff,
    0xdd, 0x48, 0x0f, 0xff, 0xdd, 0x48, 0x0e, 0xff, 0xde, 0x48, 0x0e, 0xff,
    0xde, 0x48, 0x0e, 0xff, 0xdf, 0x48, 0x0e, 0xff, 0xdf, 0x48, 0x0e, 0xff,
    0xe0, 0x48, 0x0e, 0xff, 0xe1, 0x48, 0x0d, 0xff, 0xe1, 0x48, 0x0d, 0xff,
    0xe2, 0x48, 0x0d, 0xff, 0xe2, 0x48, 0x0d, 0xff, 0xe3, 0x48, 0x0c, 0xff,
    0xe3, 0x48, 0x0c, 0xff, 0xe4, 0x48, 0x0c, 0xff, 0xe4, 0x48, 0x0c, 0xff,
    0xe5, 0x48, 0x0b, 0xff, 0xe5, 0x48, 0x0b, 0xff, 0xfb, 0xf7, 0xf4, 0xff,
    0xfb, 0xf7, 0xf4, 0xff, 0xfb, 0xf7, 0xf4, 0xff, 0xfb, 0xf7, 0xf4, 0xff,
    0xfb, 0xf7, 0xf4, 0xff, 0xfb, 0xf7, 0xf4, 0xff, 0xfb, 0xf7, 0xf4, 0xff,
    0xfb, 0xf7, 0xf4, 0xff, 0xfb, 0xf7, 0xf4, 0xff, 0xfb, 0xf7, 0xf4, 0xff,
    0xfb, 0xf7, 0xf4, 0xff, 0xfb, 0xf7, 0xf4, 0xff, 0xfb, 0xf7, 0xf4, 0xff,
    0xfb, 0xf7, 0xf4, 0xff, 0xfb, 0xf7, 0xf4, 0xff, 0xfb, 0xf7, 0xf4, 0xff,
    0xfb, 0xf7, 0xf4, 0xff, 0xfb, 0xf7, 0xf4, 0xff, 0xfb, 0xf7, 0xf4, 0xff,
    0xfb, 0xf7, 0xf4, 0xff, 0xfb, 0xf7, 0xf4, 0xff, 0xfb, 0xf7, 0xf4, 0xff,
    0xfb, 0xf7, 0xf4, 0xff, 0xfb, 0xf7, 0xf4, 0xff, 0xfb, 0xf7, 0xf4, 0xff,
    0xfb, 0xf7, 0xf4, 0xff, 0xfb, 0xf7, 0xf4, 0xff, 0xfb, 0xf7, 0xf4, 0xff,
    0xfb, 0xf7, 0xf4, 0xff, 0xfb, 0xf7, 0xf4, 0xff, 0xfb, 0xf7, 0xf4, 0xff,
    0xfb, 0xf7, 0xf4, 0xff, 0xfb, 0xf7, 0xf4, 0xff, 0xfb, 0xf7, 0xf4, 0xff,
    0xfb, 0xf7, 0xf4, 0xff, 0xfb, 0xf7, 0xf4, 0xff, 0xfb, 0xf7, 0xf4, 0xff,
    0xfb, 0xf7, 0xf4, 0xff, 0xfb, 0xf7, 0xf4, 0xff, 0xfb, 0xf7, 0xf4, 0xff,
    0xfb, 0xf7, 0xf4, 0xff, 0xfb, 0xf7, 0xf4, 0xff, 0xfb, 0xf7, 0xf4, 0xff,
    0xfb, 0xf7, 0xf4, 0xff, 0xfb, 0xf7, 0xf4, 0xff, 0xfb, 0xf7, 0xf4, 0xff,
    0xfb, 0xf7, 0xf4, 0xff, 0xfb, 0xf7, 0xf4, 0xff, 0xfb, 0xf7, 0xf4, 0xff,
    0xfb, 0xf7, 0xf4, 0xff, 0xfb, 0xf7, 0xf4, 0xff, 0xfb, 0xf7, 0xf4, 0xff,
    0xfb, 0xf7, 0xf4, 0xff, 0xfb, 0xf7, 0xf4, 0xff, 0xfb, 0xf7, 0xf4, 0xff,
    0xfb, 0xf7, 0xf4, 0xff, 0xfb, 0xf7, 0xf4, 0xff, 0xfb, 0xf7, 0xf4, 0xff,
    0xeb, 0xa0, 0x82, 0xff, 0xdb, 0x48, 0x0f, 0xff, 0xdc, 0x48, 0x0f, 0xff,
    0xdc, 0x48, 0x0f, 0xff, 0xdd, 0x48, 0x0f, 0xff, 0xdd, 0x48, 0x0e, 0xff,
    0xde, 0x48, 0x0e, 0xff, 0xde, 0x48, 0x0e, 0xff, 0xdf, 0x48, 0x0e, 0xff,
    0xdf, 0x48, 0x0e, 0xff, 0xe0, 0x48, 0x0e, 0xff, 0xe1, 0x48, 0x0d, 0xff,
    0xe1, 0x48, 0x0d, 0xff, 0xe2, 0x48, 0x0d, 0xff, 0xe2, 0x48, 0x0d, 0xff,
    0xe3, 0x48, 0x0c, 0xff, 0xe3, 0x48, 0x0c, 0xff, 0xe4, 0x48, 0x0c, 0xff,
    0xe4, 0x48, 0x0c, 0xff, 0xe5, 0x48, 0x0b, 0xff, 0xe5, 0x48, 0x0b, 0xff,
    0xe6, 0x48, 0x0b, 0xff, 0xfb, 0xf7, 0xf4, 0xff, 0xfb, 0xf7, 0xf4, 0xff,
    0xfb, 0xf7, 0xf4, 0xff, 0xfb, 0xf7, 0xf4, 0xff, 0xfb, 0xf7, 0xf4, 0xff,
    0xfb, 0xf7, 0xf4, 0xff, 0xfb, 0xf7, 0xf4, 0xff, 0xfb, 0xf7, 0xf4, 0xff,
    0xfb, 0xf7, 0xf4, 0xff, 0xfb, 0xf7, 0xf4, 0xff, 0xfb, 0xf7, 0xf4, 0xff,
    0xfb, 0xf7, 0xf4, 0xff, 0xfb, 0xf7, 0xf4, 0xff, 0xfb, 0xf7, 0xf4, 0xff,
    0xfb, 0xf7, 0xf4, 0xff, 0xfb, 0xf7, 0xf4, 0xff, 0xfb, 0xf7, 0xf4, 0xff,
    0xfb, 0xf7, 0xf4, 0xff, 0xfb, 0xf7, 0xf4, 0xff, 0xfb, 0xf7, 0xf4, 0xff,
    0xfb, 0xf7, 0xf4, 0xff, 0xfb, 0xf7, 0xf4, 0xff, 0xfb, 0xf7, 0xf4, 0xff,
    0xfb, 0xf7, 0xf4, 0xff, 0xfb, 0xf7, 0xf4, 0xff, 0xfb, 0xf7, 0xf4, 0xff,
    0xfb, 0xf7, 0xf4, 0xff, 0xfb, 0xf7, 0xf4, 0xff, 0xfb, 0xf7, 0xf4, 0xff,
    0xfb, 0xf7, 0xf4, 0xff, 0xfb, 0xf7, 0xf4, 0xff, 0xfb, 0xf7, 0xf4, 0xff,
    0xfb, 0xf7, 0xf4, 0xff, 0xfb, 0xf7, 0xf4, 0xff, 0xfb, 0xf7, 0xf4, 0xff,
    0xfb, 0xf7, 0xf4, 0xff, 0xfb, 0xf7, 0xf4, 0xff, 0xfb, 0xf7, 0xf4, 0xff,
    0xfb, 0xf7, 0xf4, 0xff, 0xfb, 0xf7, 0xf4, 0xff, 0xfb, 0xf7, 0xf4, 0xff,
    0xfb, 0xf7, 0xf4, 0xff, 0xfb, 0xf7, 0xf4, 0xff, 0xfb, 0xf7, 0xf4, 0xff,
    0xfb, 0xf7, 0xf4, 0xff, 0xfb, 0xf7, 0xf4, 0xff, 0xfb, 0xf7, 0xf4, 0xff,
    0xfb, 0xf7, 0xf4, 0xff, 0xfb, 0xf7, 0xf4, 0xff, 0xfb, 0xf7, 0xf4, 0xff,
    0xfb, 0xf7, 0xf4, 0xff, 0xfb, 0xf7, 0xf4, 0xff, 0xfb, 0xf7, 0xf4, 0xff,
    0xfb, 0xf7, 0xf4, 0xff, 0xfb, 0xf7, 0xf4, 0xff, 0xfb, 0xf7, 0xf4, 0xff,
    0xfb, 0xf7, 0xf4, 0xff, 0xeb, 0xa0, 0x82, 0xff, 0xdb, 0x48, 0x0f, 0xff,
    0xdc, 0x48, 0x0f, 0xff, 0xdc, 0x48, 0x0f, 0xff, 0xdd, 0x48, 0x0f, 0xff,
    0xdd, 0x48, 0x0e, 0xff, 0xde, 0x48, 0x0e, 0xff, 0xde, 0x48, 0x0e, 0xff,
    0xdf, 0x48, 0x0e, 0xff, 0xdf, 0x48, 0x0e, 0xff, 0xe0, 0x48, 0x0e, 0xff,
    0xe1, 0x48, 0x0d, 0xff, 0xe1, 0x48, 0x0d, 0xff, 0xe2, 0x48, 0x0d, 0xff,
    0xe2, 0x48, 0x0d, 0xff, 0xe3, 0x48, 0x0c, 0xff, 0xe3, 0x48, 0x0c, 0xff,
    0xe4, 0x48, 0x0c, 0xff, 0xe4, 0x48, 0x0c, 0xff, 0xe5, 0x48, 0x0b, 0xff,
    0xe5, 0x48, 0x0b, 0xff, 0xe6, 0x48, 0x0b, 0xff, 0xe7, 0x48, 0x0b, 0xff,
    0xfb, 0xf7, 0xf4, 0xff, 0xfb, 0xf7, 0xf4, 0xff, 0xfb, 0xf7, 0xf4, 0xff,
    0xfb, 0xf7, 0xf4, 0xff, 0xfb, 0xf7, 0xf4, 0xff, 0xfb, 0xf7, 0xf4, 0xff,
    0xfb, 0xf7, 0xf4, 0xff, 0xfb, 0xf7, 0xf4, 0xff, 0xfb, 0xf7, 0xf4, 0xff,
    0xfb, 0xf7, 0xf4, 0xff, 0xfb, 0xf7, 0xf4, 0xff, 0xfb, 0xf7, 0xf4, 0xff,
    0xfb, 0xf7, 0xf4, 0xff, 0xfb, 0xf7, 0xf4, 0xff, 0xfb, 0xf7, 0xf4, 0xff,
    0xfb, 0xf7, 0xf4, 0xff, 0xfb, 0xf7, 0xf4, 0xff, 0xfb, 0xf7, 0xf4, 0xff,
    0xfb, 0xf7, 0xf4, 0xff, 0xfb, 0xf7, 0xf4, 0xff, 0xfb, 0xf7, 0xf4, 0xff,
    0xfb, 0xf7, 0xf4, 0xff, 0xfb, 0xf7, 0xf4, 0xff, 0xfb, 0xf7, 0xf4, 0xff,
    0xfb, 0xf7, 0xf4, 0xff, 0xfb, 0xf7, 0xf4, 0xff, 0xfb, 0xf7, 0xf4, 0xff,
    0xfb, 0xf7, 0xf4, 0xff, 0xfb, 0xf7, 0xf4, 0xff, 0xfb, 0xf7, 0xf4, 0xff,
    0xfb, 0xf7, 0xf4, 0xff, 0xfb, 0xf7, 0xf4, 0xff, 0xfb, 0xf7, 0xf4, 0xff,
    0xfb, 0xf7, 0xf4, 0xff, 0xfb, 0xf7, 0xf4, 0xff, 0xfb, 0xf7, 0xf4, 0xff,
    0xfb, 0xf7, 0xf4, 0xff, 0xfb, 0xf7, 0xf4, 0xff, 0xfb, 0xf7, 0xf4, 0xff,
    0xfb, 0xf7, 0xf4, 0xff, 0xfb, 0xf7, 0xf4, 0xff, 0xfb, 0xf7, 0xf4, 0xff,
    0xfb, 0xf7, 0xf4, 0xff, 0xfb, 0xf7, 0xf4, 0xff, 0xfb, 0xf7, 0xf4, 0xff,
    0xfb, 0xf7, 0xf4, 0xff, 0xfb, 0xf7, 0xf4, 0xff, 0xfb, 0xf7, 0xf4, 0xff,
    0xfb, 0xf7, 0xf4, 0xff, 0xfb, 0xf7, 0xf4, 0xff, 0xfb, 0xf7, 0xf4, 0xff,
    0xfb, 0xf7, 0xf4, 0xff, 0xfb, 0xf7, 0xf4, 0xff, 0xfb, 0xf7, 0xf4, 0xff,
    0xfb, 0xf7, 0xf4, 0xff, 0xfb, 0xf7, 0xf4, 0xff, 0xeb, 0xa0, 0x82, 0xff,
    0xdb, 0x48, 0x0f, 0xff, 0xdc, 0x48, 0x0f, 0xff, 0xdc, 0x48, 0x0f, 0xff,
    0xdd, 0x48, 0x0f, 0xff, 0xdd, 0x48, 0x0e, 0xff, 0xde, 0x48, 0x0e, 0xff,
    0xde, 0x48, 0x0e, 0xff, 0xdf, 0x48, 0x0e, 0xff, 0xdf, 0x48, 0x0e, 0xff,
    0xe0, 0x48, 0x0e, 0xff, 0xe1, 0x48, 0x0d, 0xff, 0xe1, 0x48, 0x0d, 0xff,
    0xe2, 0x48, 0x0d, 0xff, 0xe2, 0x48, 0x0d, 0xff, 0xe3, 0x48, 0x0c, 0xff,
    0xe3, 0x48, 0x0c, 0xff, 0xe4, 0x48, 0x0c, 0xff, 0xe4, 0x48, 0x0c, 0xff,
    0xe5, 0x48, 0x0b, 0xff, 0xe5, 0x48, 0x0b, 0xff, 0xe6, 0x48, 0x0b, 0xff,
    0xe7, 0x48, 0x0b, 0xff, 0xe7, 0x48, 0x0b, 0xff, 0xfb, 0xf7, 0xf4, 0xff,
    0xfb, 0xf7, 0xf4, 0xff, 0xfb, 0xf7, 0xf4, 0xff, 0xfb, 0xf7, 0xf4, 0xff,
    0xfb, 0xf7, 0xf4, 0xff, 0xfb, 0xf7, 0xf4, 0xff, 0xfb, 0xf7, 0xf4, 0xff,
    0xfb, 0xf7, 0xf4, 0xff, 0xfb, 0xf7, 0xf4, 0xff, 0xfb, 0xf7, 0xf4, 0xff,
    0xfb, 0xf7, 0xf4, 0xff, 0xfb, 0xf7, 0xf4, 0xff, 0xfb, 0xf7, 0xf4, 0xff,
    0xfb, 0xf7, 0xf4, 0xff, 0xfb, 0xf7, 0xf4, 0xff, 0xfb, 0xf7, 0xf4, 0xff,
    0xfb, 0xf7, 0xf4, 0xff, 0xfb, 0xf7, 0xf4, 0xff, 0xfb, 0xf7, 0xf4, 0xff,
    0xfb, 0xf7, 0xf4, 0xff, 0xfb, 0xf7, 0xf4, 0xff, 0xfb, 0xf7, 0xf4, 0xff,
    0xfb, 0xf7, 0xf4, 0xff, 0xfb, 0xf7, 0xf4, 0xff, 0xfb, 0xf7, 0xf4, 0xff,
    0xfb, 0xf7, 0xf4, 0xff, 0xfb, 0xf7, 0xf4, 0xff, 0xfb, 0xf7, 0xf4, 0xff,
    0xfb, 0xf7, 0xf4, 0xff, 0xfb, 0xf7, 0xf4, 0xff, 0xfb, 0xf7, 0xf4, 0xff,
    0xfb, 0xf7, 0xf4, 0xff, 0xfb, 0xf7, 0xf4, 0xff, 0xfb, 0xf7, 0xf4, 0xff,
    0xfb, 0xf7, 0xf4, 0xff, 0xfb, 0xf7, 0xf4, 0xff, 0xfb, 0xf7, 0xf4, 0xff,
    0xfb, 0xf7, 0xf4, 0xff, 0xfb, 0xf7, 0xf4, 0xff, 0xfb, 0xf7, 0xf4, 0xff,
    0xfb, 0xf7, 0xf4, 0xff, 0xfb, 0xf7, 0xf4, 0xff, 0xfb, 0xf7, 0xf4, 0xff,
    0xfb, 0xf7, 0xf4, 0xff, 0xfb, 0xf7, 0xf4, 0xff, 0xfb, 0xf7, 0xf4, 0xff,
    0xfb, 0xf7, 0xf4, 0xff, 0xfb, 0xf7, 0xf4, 0xff, 0xfb, 0xf7, 0xf4, 0xff,
    0xfb, 0xf7, 0xf4, 0xff, 0xfb, 0xf7, 0xf4, 0xff, 0xfb, 0xf7, 0xf4, 0xff,
    0xfb, 0xf7, 0xf4, 0xff, 0xfb, 0xf7, 0xf4, 0xff, 0xfb, 0xf7, 0xf4, 0xff,
    0xeb, 0xa0, 0x82, 0xff, 0xdb, 0x48, 0x0f, 0xff, 0xdc, 0x48, 0x0f, 0xff,
    0xdc, 0x48, 0x0f, 0xff, 0xdd, 0x48, 0x0f, 0xff, 0xdd, 0x48, 0x0e, 0xff,
    0xde, 0x48, 0x0e, 0xff, 0xde, 0x48, 0x0e, 0xff, 0xdf, 0x48, 0x0e, 0xff,
    0xdf, 0x48, 0x0e, 0xff, 0xe0, 0x48, 0x0e, 0xff, 0xe1, 0x48, 0x0d, 0xff,
    0xe1, 0x48, 0x0d, 0xff, 0xe2, 0x48, 0x0d, 0xff, 0xe2, 0x48, 0x0d, 0xff,
    0xe3, 0x48, 0x0c, 0xff, 0xe3, 0x48, 0x0c, 0xff, 0xe4, 0x48, 0x0c, 0xff,
    0xe4, 0x48, 0x0c, 0xff, 0xe5, 0x48, 0x0b, 0xff, 0xe5, 0x48, 0x0b, 0xff,
    0xe6, 0x48, 0x0b, 0xff, 0xe7, 0x48, 0x0b, 0xff, 0xe7, 0x48, 0x0b, 0xff,
    0xe8, 0x48, 0x0a, 0xff, 0xfb, 0xf7, 0xf4, 0xff, 0xfb, 0xf7, 0xf4, 0xff,
    0xfb, 0xf7, 0xf4, 0xff, 0xfb, 0xf7, 0xf4, 0xff, 0xfb, 0xf7, 0xf4, 0xff,
    0xfb, 0xf7, 0xf4, 0xff, 0xfb, 0xf7, 0xf4, 0xff, 0xfb, 0xf7, 0xf4, 0xff,
    0xfb, 0xf7, 0xf4, 0xff, 0xfb, 0xf7, 0xf4, 0xff, 0xfb, 0xf7, 0xf4, 0xff,
    0xfb, 0xf7, 0xf4, 0xff, 0xfb, 0xf7, 0xf4, 0xff, 0xfb, 0xf7, 0xf4, 0xff,
    0xfb, 0xf7, 0xf4, 0xff, 0xfb, 0xf7, 0xf4, 0xff, 0xfb, 0xf7, 0xf4, 0xff,
    0xfb, 0xf7, 0xf4, 0xff, 0xfb, 0xf7, 0xf4, 0xff, 0xfb, 0xf7, 0xf4, 0xff,
    0xfb, 0xf7, 0xf4, 0xff, 0xfb, 0xf7, 0xf4, 0xff, 0xfb, 0xf7, 0xf4, 0xff,
    0xfb, 0xf7, 0xf4, 0xff, 0xfb, 0xf7, 0xf4, 0xff, 0xfb, 0xf7, 0xf4, 0xff,
    0xfb, 0xf7, 0xf4, 0xff, 0xfb, 0xf7, 0xf4, 0xff, 0xfb, 0xf7, 0xf4, 0xff,
    0xfb, 0xf7, 0xf4, 0xff, 0xfb, 0xf7, 0xf4, 0xff, 0xfb, 0xf7, 0xf4, 0xff,
    0xfb, 0xf7, 0xf4, 0xff, 0xfb, 0xf7, 0xf4, 0xff, 0xfb, 0xf7, 0xf4, 0xff,
    0xfb, 0xf7, 0xf4, 0xff, 0xfb, 0xf7, 0xf4, 0xff, 0xfb, 0xf7, 0xf4, 0xff,
    0xfb, 0xf7, 0xf4, 0xff, 0xfb, 0xf7, 0xf4, 0xff, 0xfb, 0xf7, 0xf4, 0xff,
    0xfb, 0xf7, 0xf4, 0xff, 0xfb, 0xf7, 0xf4, 0xff, 0xfb, 0xf7, 0xf4, 0xff,
    0xfb, 0xf7, 0xf4, 0xff, 0xfb, 0xf7, 0xf4, 0xff, 0xfb, 0xf7, 0xf4, 0xff,
    0xfb, 0xf7, 0xf4, 0xff, 0xfb, 0xf7, 0xf4, 0xff, 0xfb, 0xf7, 0xf4, 0xff,
    0xfb, 0xf7, 0xf4, 0xff, 0xfb, 0xf7, 0xf4, 0xff, 0xfb, 0xf7, 0xf4, 0xff,
    0xfb, 0xf7, 0xf4, 0xff, 0xeb, 0xa0, 0x82, 0xff, 0xdb, 0x48, 0x0f, 0xff,
    0xdc, 0x48, 0x0f, 0xff, 0xdc, 0x48, 0x0f, 0xff, 0xdd, 0x48, 0x0f, 0xff,
    0xdd, 0x48, 0x0e, 0xff, 0xde, 0x48, 0x0e, 0xff, 0xde, 0x48, 0x0e, 0xff,
    0xdf, 0x48, 0x0e, 0xff, 0xdf, 0x48, 0x0e, 0xff, 0xe0, 0x48, 0x0e, 0xff,
    0xe1, 0x48, 0x0d, 0xff, 0xe1, 0x48, 0x0d, 0xff, 0xe2, 0x48, 0x0d, 0xff,
    0xe2, 0x48, 0x0d, 0xff, 0xe3, 0x48, 0x0c, 0xff, 0xe3, 0x48, 0x0c, 0xff,
    0xe4, 0x48, 0x0c, 0xff, 0xe4, 0x48, 0x0c, 0xff, 0xe5, 0x48, 0x0b, 0xff,
    0xe5, 0x48, 0x0b, 0xff, 0xe6, 0x48, 0x0b, 0xff, 0xe7, 0x48, 0x0b, 0xff,
    0xe7, 0x48, 0x0b, 0xff, 0xe8, 0x48, 0x0a, 0xff, 0xe8, 0x48, 0x0a, 0xff,
    0xfb, 0xf7, 0xf4, 0xff, 0xfb, 0xf7, 0xf4, 0xff, 0xfb, 0xf7, 0xf4, 0xff,
    0xfb, 0xf7, 0xf4, 0xff, 0xfb, 0xf7, 0xf4, 0xff, 0xfb, 0xf7, 0xf4, 0xff,
    0xfb, 0xf7, 0xf4, 0xff, 0xfb, 0xf7, 0xf4, 0xff, 0xfb, 0xf7, 0xf4, 0xff,
    0xfb, 0xf7, 0xf4, 0xff, 0xfb, 0xf7, 0xf4, 0xff, 0xfb, 0xf7, 0xf4, 0xff,
    0xfb, 0xf7, 0xf4, 0xff, 0xfb, 0xf7, 0xf4, 0xff, 0xfb, 0xf7, 0xf4, 0xff,
    0xfb, 0xf7, 0xf4, 0xff, 0xfb, 0xf7, 0xf4, 0xff, 0xfb, 0xf7, 0xf4, 0xff,
    0xfb, 0xf7, 0xf4, 0xff, 0xfb, 0xf7, 0xf4, 0xff, 0xfb, 0xf7, 0xf4, 0xff,
    0xfb, 0xf7, 0xf4, 0xff, 0xfb, 0xf7, 0xf4, 0xff, 0xfb, 0xf7, 0xf4, 0xff,
    0xfb, 0xf7, 0xf4, 0xff, 0xfb, 0xf7, 0xf4, 0xff, 0xfb, 0xf7, 0xf4, 0xff,
    0xfb, 0xf7, 0xf4, 0xff, 0xfb, 0xf7, 0xf4, 0xff, 0xfb, 0xf7, 0xf4, 0xff,
    0xfb, 0xf7, 0xf4, 0xff, 0xfb, 0xf7, 0xf4, 0xff, 0xfb, 0xf7, 0xf4, 0xff,
    0xfb, 0xf7, 0xf4, 0xff, 0xfb, 0xf7, 0xf4, 0xff, 0xfb, 0xf7, 0xf4, 0xff,
    0xfb, 0xf7, 0xf4, 0xff, 0xfb, 0xf7, 0xf4, 0xff, 0xfb, 0xf7, 0xf4, 0xff,
    0xfb, 0xf7, 0xf4, 0xff, 0xfb, 0xf7, 0xf4, 0xff, 0xfb, 0xf7, 0xf4, 0xff,
    0xfb, 0xf7, 0xf4, 0xff, 0xfb, 0xf7, 0xf4, 0xff, 0xfb, 0xf7, 0xf4, 0xff,
    0xfb, 0xf7, 0xf4, 0xff, 0xfb, 0xf7, 0xf4, 0xff, 0xfb, 0xf7, 0xf4, 0xff,
    0xfb, 0xf7, 0xf4, 0xff, 0xfb, 0xf7, 0xf4, 0xff, 0xfb, 0xf7, 0xf4, 0xff,
    0xfb, 0xf7, 0xf4, 0xff, 0xfb, 0xf7, 0xf4, 0xff, 0xeb, 0xa0, 0x82, 0xff,
    0xdb, 0x48, 0x0f, 0xff, 0xdc, 0x48, 0x0f, 0xff, 0xdc, 0x48, 0x0f, 0xff,
    0xdd, 0x48, 0x0f, 0xff, 0xdd, 0x48, 0x0e, 0xff, 0xde, 0x48, 0x0e, 0xff,
    0xde, 0x48, 0x0e, 0xff, 0xdf, 0x48, 0x0e, 0xff, 0xdf, 0x48, 0x0e, 0xff,
    0xe0, 0x48, 0x0e, 0xff, 0xe1, 0x48, 0x0d, 0xff, 0xe1, 0x48, 0x0d, 0xff,
    0xe2, 0x48, 0x0d, 0xff, 0xe2, 0x48, 0x0d, 0xff, 0xe3, 0x48, 0x0c, 0xff,
    0xe3, 0x48, 0x0c, 0xff, 0xe4, 0x48, 0x0c, 0xff, 0xe4, 0x48, 0x0c, 0xff,
    0xe5, 0x48, 0x0b, 0xff, 0xe5, 0x48, 0x0b, 0xff, 0xe6, 0x48, 0x0b, 0xff,
    0xe7, 0x48, 0x0b, 0xff, 0xe7, 0x48, 0x0b, 0xff, 0xe8, 0x48, 0x0a, 0xff,
    0xe8, 0x48, 0x0a, 0xff, 0xe9, 0x48, 0x0a, 0xff, 0xfb, 0xf7, 0xf4, 0xff,
    0xfb, 0xf7, 0xf4, 0xff, 0xfb, 0xf7, 0xf4, 0xff, 0xfb, 0xf7, 0xf4, 0xff,
    0xfb, 0xf7, 0xf4, 0xff, 0xfb, 0xf7, 0xf4, 0xff, 0xfb, 0xf7, 0xf4, 0xff,
    0xfb, 0xf7, 0xf4, 0xff, 0xfb, 0xf7, 0xf4, 0xff, 0xfb, 0xf7, 0xf4, 0xff,
    0xfb, 0xf7, 0xf4, 0xff, 0xfb, 0xf7, 0xf4, 0xff, 0xfb, 0xf7, 0xf4, 0xff,
    0xfb, 0xf7, 0xf4, 0xff, 0xfb, 0xf7, 0xf4, 0xff, 0xfb, 0xf7, 0xf4, 0xff,
    0xfb, 0xf7, 0xf4, 0xff, 0xfb, 0xf7, 0xf4, 0xff, 0xfb, 0xf7, 0xf4, 0xff,
    0xfb, 0xf7, 0xf4, 0xff, 0xfb, 0xf7, 0xf4, 0xff, 0xfb, 0xf7, 0xf4, 0xff,
    0xfb, 0xf7, 0xf4, 0xff, 0xfb, 0xf7, 0xf4, 0xff, 0xfb, 0xf7, 0xf4, 0xff,
    0xfb, 0xf7, 0xf4, 0xff, 0xfb, 0xf7, 0xf4, 0xff, 0xfb, 0xf7, 0xf4, 0xff,
    0xfb, 0xf7, 0xf4, 0xff, 0xfb, 0xf7, 0xf4, 0xff, 0xfb, 0xf7, 0xf4, 0xff,
    0xfb, 0xf7, 0xf4, 0xff, 0xfb, 0xf7, 0xf4, 0xff, 0xfb, 0xf7, 0xf4, 0xff,
    0xfb, 0xf7, 0xf4, 0xff, 0xfb, 0xf7, 0xf4, 0xff, 0xfb, 0xf7, 0xf4, 0xff,
    0xfb, 0xf7, 0xf4, 0xff, 0xfb, 0xf7, 0xf4, 0xff, 0xfb, 0xf7, 0xf4, 0xff,
    0xfb, 0xf7, 0xf4, 0xff, 0xfb, 0xf7, 0xf4, 0xff, 0xfb, 0xf7, 0xf4, 0xff,
    0xfb, 0xf7, 0xf4, 0xff, 0xfb, 0xf7, 0xf4, 0xff, 0xfb, 0xf7, 0xf4, 0xff,
    0xfb, 0xf7, 0xf4, 0xff, 0xfb, 0xf7, 0xf4, 0xff, 0xfb, 0xf7, 0xf4, 0xff,
    0xfb, 0xf7, 0xf4, 0xff, 0xfb, 0xf7, 0xf4, 0xff, 0xfb, 0xf7, 0xf4, 0xff,
    0xeb, 0xa0, 0x82, 0xff, 0xdb, 0x48, 0x0f, 0xff, 0xdc, 0x48, 0x0f, 0xff,
    0xdc, 0x48, 0x0f, 0xff, 0xdd, 0x48, 0x0f, 0xff, 0xdd, 0x48, 0x0e, 0xff,
    0xde, 0x48, 0x0e, 0xff, 0xde, 0x48, 0x0e, 0xff, 0xdf, 0x48, 0x0e, 0xff,
    0xdf, 0x48, 0x0e, 0xff, 0xe0, 0x48, 0x0e, 0xff, 0xe1, 0x48, 0x0d, 0xff,
    0xe1, 0x48, 0x0d, 0xff, 0xe2, 0x48, 0x0d, 0xff, 0xe2, 0x48, 0x0d, 0xff,
    0xe3, 0x48, 0x0c, 0xff, 0xe3, 0x48, 0x0c, 0xff, 0xe4, 0x48, 0x0c, 0xff,
    0xe4, 0x48, 0x0c, 0xff, 0xe5, 0x48, 0x0b, 0xff, 0xe5, 0x48, 0x0b, 0xff,
    0xe6, 0x48, 0x0b, 0xff, 0xe7, 0x48, 0x0b, 0xff, 0xe7, 0x48, 0x0b, 0xff,
    0xe8, 0x48, 0x0a, 0xff, 0xe8, 0x48, 0x0a, 0xff, 0xe9, 0x48, 0x0a, 0xff,
    0xe9, 0x48, 0x0a, 0xff, 0xfb, 0xf7, 0xf4, 0xff, 0xfb, 0xf7, 0xf4, 0xff,
    0xfb, 0xf7, 0xf4, 0xff, 0xfb, 0xf7, 0xf4, 0xff, 0xfb, 0xf7, 0xf4, 0xff,
    0xfb, 0xf7, 0xf4, 0xff, 0xfb, 0xf7, 0xf4, 0xff, 0xfb, 0xf7, 0xf4, 0xff,
    0xfb, 0xf7, 0xf4, 0xff, 0xfb, 0xf7, 0xf4, 0xff, 0xfb, 0xf7, 0xf4, 0xff,
    0xfb, 0xf7, 0xf4, 0xff, 0xfb, 0xf7, 0xf4, 0xff, 0xfb, 0xf7, 0xf4, 0xff,
    0xfb, 0xf7, 0xf4, 0xff, 0xfb, 0xf7, 0xf4, 0xff, 0xfb, 0xf7, 0xf4, 0xff,
    0xfb, 0xf7, 0xf4, 0xff, 0xfb, 0xf7, 0xf4, 0xff, 0xfb, 0xf7, 0xf4, 0xff,
    0xfb, 0xf7, 0xf4, 0xff, 0xfb, 0xf7, 0xf4, 0xff, 0xfb, 0xf7, 0xf4, 0xff,
    0xfb, 0xf7, 0xf4, 0xff, 0xfb, 0xf7, 0xf4, 0xff, 0xfb, 0xf7, 0xf4, 0xff,
    0xfb, 0xf7, 0xf4, 0xff, 0xfb, 0xf7, 0xf4, 0xff, 0xfb, 0xf7, 0xf4, 0xff,
    0xfb, 0xf7, 0xf4, 0xff, 0xfb, 0xf7, 0xf4, 0xff, 0xfb, 0xf7, 0xf4, 0xff,
    0xfb, 0xf7, 0xf4, 0xff, 0xfb, 0xf7, 0xf4, 0xff, 0xfb, 0xf7, 0xf4, 0xff,
    0xfb, 0xf7, 0xf4, 0xff, 0xfb, 0xf7, 0xf4, 0xff, 0xfb, 0xf7, 0xf4, 0xff,
    0xfb, 0xf7, 0xf4, 0xff, 0xfb, 0xf7, 0xf4, 0xff, 0xfb, 0xf7, 0xf4, 0xff,
    0xfb, 0xf7, 0xf4, 0xff, 0xfb, 0xf7, 0xf4, 0xff, 0xfb, 0xf7, 0xf4, 0xff,
    0xfb, 0xf7, 0xf4, 0xff, 0xfb, 0xf7, 0xf4, 0xff, 0xfb, 0xf7, 0xf4, 0xff,
    0xfb, 0xf7, 0xf4, 0xff, 0xfb, 0xf7, 0xf4, 0xff, 0xfb, 0xf7, 0xf4, 0xff,
    0xfb, 0xf7, 0xf4, 0xff, 0xeb, 0xa0, 0x82, 0xff, 0xdb, 0x48, 0x0f, 0xff,
    0xdc, 0x48, 0x0f, 0xff, 0xdc, 0x48, 0x0f, 0xff, 0xdd, 0x48, 0x0f, 0xff,
    0xdd, 0x48, 0x0e, 0xff, 0xde, 0x48, 0x0e, 0xff, 0xde, 0x48, 0x0e, 0xff,
    0xdf, 0x48, 0x0e, 0xff, 0xdf, 0x48, 0x0e, 0xff, 0xe0, 0x48, 0x0e, 0xff,
    0xe1, 0x48, 0x0d, 0xff, 0xe1, 0x48, 0x0d, 0xff, 0xe2, 0x48, 0x0d, 0xff,
    0xe2, 0x48, 0x0d, 0xff, 0xe3, 0x48, 0x0c, 0xff, 0xe3, 0x48, 0x0c, 0xff,
    0xe4, 0x48, 0x0c, 0xff, 0xe4, 0x48, 0x0c, 0xff, 0xe5, 0x48, 0x0b, 0xff,
    0xe5, 0x48, 0x0b, 0xff, 0xe6, 0x48, 0x0b, 0xff, 0xe7, 0x48, 0x0b, 0xff,
    0xe7, 0x48, 0x0b, 0xff, 0xe8, 0x48, 0x0a, 0xff, 0xe8, 0x48, 0x0a, 0xff,
    0xe9, 0x48, 0x0a, 0xff, 0xe9, 0x48, 0x0a, 0xff, 0xea, 0x48, 0x0a, 0xff,
    0xfb, 0xf7, 0xf4, 0xff, 0xfb, 0xf7, 0xf4, 0xff, 0xfb, 0xf7, 0xf4, 0xff,
    0xfb, 0xf7, 0xf4, 0xff, 0xfb, 0xf7, 0xf4, 0xff, 0xfb, 0xf7, 0xf4, 0xff,
    0xfb, 0xf7, 0xf4, 0xff, 0xfb, 0xf7, 0xf4, 0xff, 0xfb, 0xf7, 0xf4, 0xff,
    0xfb, 0xf7, 0xf4, 0xff, 0xfb, 0xf7, 0xf4, 0xff, 0xfb, 0xf7, 0xf4, 0xff,
    0xfb, 0xf7, 0xf4, 0xff, 0xfb, 0xf7, 0xf4, 0xff, 0xfb, 0xf7, 0xf4, 0xff,
    0xfb, 0xf7, 0xf4, 0xff, 0xfb, 0xf7, 0xf4, 0xff, 0xfb, 0xf7, 0xf4, 0xff,
    0xfb, 0xf7, 0xf4, 0xff, 0xfb, 0xf7, 0xf4, 0xff, 0xfb, 0xf7, 0xf4, 0xff,
    0xfb, 0xf7, 0xf4, 0xff, 0xfb, 0xf7, 0xf4, 0xff, 0xfb, 0xf7, 0xf4, 0xff,
    0xfb, 0xf7, 0xf4, 0xff, 0xfb, 0xf7, 0xf4, 0xff, 0xfb, 0xf7, 0xf4, 0xff,
    0xfb, 0xf7, 0xf4, 0xff, 0xfb, 0xf7, 0xf4, 0xff, 0xfb, 0xf7, 0xf4, 0xff,
    0xfb, 0xf7, 0xf4, 0xff, 0xfb, 0xf7, 0xf4, 0xff, 0xfb, 0xf7, 0xf4, 0xff,
    0xfb, 0xf7, 0xf4, 0xff, 0xfb, 0xf7, 0xf4, 0xff, 0xfb, 0xf7, 0xf4, 0xff,
    0xfb, 0xf7, 0xf4, 0xff, 0xfb, 0xf7, 0xf4, 0xff, 0xfb, 0xf7, 0xf4, 0xff,
    0xfb, 0xf7, 0xf4, 0xff, 0xfb, 0xf7, 0xf4, 0xff, 0xfb, 0xf7, 0xf4, 0xff,
    0xfb, 0xf7, 0xf4, 0xff, 0xfb, 0xf7, 0xf4, 0xff, 0xfb, 0xf7, 0xf4, 0xff,
    0xfb, 0xf7, 0xf4, 0xff, 0xfb, 0xf7, 0xf4, 0xff, 0xfb, 0xf7, 0xf4, 0xff,
    0xfb, 0xf7, 0xf4, 0xff, 0xfb, 0xf7, 0xf4, 0xff, 0xeb, 0xa0, 0x82, 0xff,
    0xdb, 0x48, 0x0f, 0xff, 0xdc, 0x48, 0x0f, 0xff, 0xdc, 0x48, 0x0f, 0xff,
    0xdd, 0x48, 0x0f, 0xff, 0xdd, 0x48, 0x0e, 0xff, 0xde, 0x48, 0x0e, 0xff,
    0xde, 0x48, 0x0e, 0xff, 0xdf, 0x48, 0x0e, 0xff, 0xdf, 0x48, 0x0e, 0xff,
    0xe0, 0x48, 0x0e, 0xff, 0xe1, 0x48, 0x0d, 0xff, 0xe1, 0x48, 0x0d, 0xff,
    0xe2, 0x48, 0x0d, 0xff, 0xe2, 0x48, 0x0d, 0xff, 0xe3, 0x48, 0x0c, 0xff,
    0xe3, 0x48, 0x0c, 0xff, 0xe4, 0x48, 0x0c, 0xff, 0xe4, 0x48, 0x0c, 0xff,
    0xe5, 0x48, 0x0b, 0xff, 0xe5, 0x48, 0x0b, 0xff, 0xe6, 0x48, 0x0b, 0xff,
    0xe7, 0x48, 0x0b, 0xff, 0xe7, 0x48, 0x0b, 0xff, 0xe8, 0x48, 0x0a, 0xff,
    0xe8, 0x48, 0x0a, 0xff, 0xe9, 0x48, 0x0a, 0xff, 0xe9, 0x48, 0x0a, 0xff,
    0xea, 0x48, 0x0a, 0xff, 0xea, 0x48, 0x09, 0xff, 0xfb, 0xf7, 0xf4, 0xff,
    0xfb, 0xf7, 0xf4, 0xff, 0xfb, 0xf7, 0xf4, 0xff, 0xfb, 0xf7, 0xf4, 0xff,
    0xfb, 0xf7, 0xf4, 0xff, 0xfb, 0xf7, 0xf4, 0xff, 0xfb, 0xf7, 0xf4, 0xff,
    0xfb, 0xf7, 0xf4, 0xff, 0xfb, 0xf7, 0xf4, 0xff, 0xfb, 0xf7, 0xf4, 0xff,
    0xfb, 0xf7, 0xf4, 0xff, 0xfb, 0xf7, 0xf4, 0xff, 0xfb, 0xf7, 0xf4, 0xff,
    0xfb, 0xf7, 0xf4, 0xff, 0xfb, 0xf7, 0xf4, 0xff, 0xfb, 0xf7, 0xf4, 0xff,
    0xfb, 0xf7, 0xf4, 0xff, 0xfb, 0xf7, 0xf4, 0xff, 0xfb, 0xf7, 0xf4, 0xff,
    0xfb, 0xf7, 0xf4, 0xff, 0xfb, 0xf7, 0xf4, 0xff, 0xfb, 0xf7, 0xf4, 0xff,
    0xfb, 0xf7, 0xf4, 0xff, 0xfb, 0xf7, 0xf4, 0xff, 0xfb, 0xf7, 0xf4, 0xff,
    0xfb, 0xf7, 0xf4, 0xff, 0xfb, 0xf7, 0xf4, 0xff, 0xfb, 0xf7, 0xf4, 0xff,
    0xfb, 0xf7, 0xf4, 0xff, 0xfb, 0xf7, 0xf4, 0xff, 0xfb, 0xf7, 0xf4, 0xff,
    0xfb, 0xf7, 0xf4, 0xff, 0xfb, 0xf7, 0xf4, 0xff, 0xfb, 0xf7, 0xf4, 0xff,
    0xfb, 0xf7, 0xf4, 0xff, 0xfb, 0xf7, 0xf4, 0xff, 0xfb, 0xf7, 0xf4, 0xff,
    0xfb, 0xf7, 0xf4, 0xff, 0xfb, 0xf7, 0xf4, 0xff, 0xfb, 0xf7, 0xf4, 0xff,
    0xfb, 0xf7, 0xf4, 0xff, 0xfb, 0xf7, 0xf4, 0xff, 0xfb, 0xf7, 0xf4, 0xff,
    0xfb, 0xf7, 0xf4, 0xff, 0xfb, 0xf7, 0xf4, 0xff, 0xfb, 0xf7, 0xf4, 0xff,
    0xfb, 0xf7, 0xf4, 0xff, 0xfb, 0xf7, 0xf4, 0xff, 0xfb, 0xf7, 0xf4, 0xff,
    0xeb, 0xa0, 0x82, 0xff, 0xdb, 0x48, 0x0f, 0xff, 0xdc, 0x48, 0x0f, 0xff,
    0xdc, 0x48, 0x0f, 0xff, 0xdd, 0x48, 0x0f, 0xff, 0xdd, 0x48, 0x0e, 0xff,
    0xde, 0x48, 0x0e, 0xff, 0xde, 0x48, 0x0e, 0xff, 0xdf, 0x48, 0x0e, 0xff,
    0xdf, 0x48, 0x0e, 0xff, 0xe0, 0x48, 0x0e, 0xff, 0xe1, 0x48, 0x0d, 0xff,
    0xe1, 0x48, 0x0d, 0xff, 0xe2, 0x48, 0x0d, 0xff, 0xe2, 0x48, 0x0d, 0xff,
    0xe3, 0x48, 0x0c, 0xff, 0xe3, 0x48, 0x0c, 0xff, 0xe4, 0x48, 0x0c, 0xff,
    0xe4, 0x48, 0x0c, 0xff, 0xe5, 0x48, 0x0b, 0xff, 0xe5, 0x48, 0x0b, 0xff,
    0xe6, 0x48, 0x0b, 0xff, 0xe7, 0x48, 0x0b, 0xff, 0xe7, 0x48, 0x0b, 0xff,
    0xe8, 0x48, 0x0a, 0xff, 0xe8, 0x48, 0x0a, 0xff, 0xe9, 0x48, 0x0a, 0xff,
    0xe9, 0x48, 0x0a, 0xff, 0xea, 0x48, 0x0a, 0xff, 0xea, 0x48, 0x09, 0xff,
    0xeb, 0x48, 0x09, 0xff, 0xfb, 0xf7, 0xf4, 0xff, 0xfb, 0xf7, 0xf4, 0xff,
    0xfb, 0xf7, 0xf4, 0xff, 0xfb, 0xf7, 0xf4, 0xff, 0xfb, 0xf7, 0xf4, 0xff,
    0xfb, 0xf7, 0xf4, 0xff, 0xfb, 0xf7, 0xf4, 0xff, 0xfb, 0xf7, 0xf4, 0xff,
    0xfb, 0xf7, 0xf4, 0xff, 0xfb, 0xf7, 0xf4, 0xff, 0xfb, 0xf7, 0xf4, 0xff,
    0xfb, 0xf7, 0xf4, 0xff, 0xfb, 0xf7, 0xf4, 0xff, 0xfb, 0xf7, 0xf4, 0xff,
    0xfb, 0xf7, 0xf4, 0xff, 0xfb, 0xf7, 0xf4, 0xff, 0xfb, 0xf7, 0xf4, 0xff,
    0xfb, 0xf7, 0xf4, 0xff, 0xfb, 0xf7, 0xf4, 0xff, 0xfb, 0xf7, 0xf4, 0xff,
    0xfb, 0xf7, 0xf4, 0xff, 0xfb, 0xf7, 0xf4, 0xff, 0xfb, 0xf7, 0xf4, 0xff,
    0xfb, 0xf7, 0xf4, 0xff, 0xfb, 0xf7, 0xf4, 0xff, 0xfb, 0xf7, 0xf4, 0xff,
    0xfb, 0xf7, 0xf4, 0xff, 0xfb, 0xf7, 0xf4, 0xff, 0xfb, 0xf7, 0xf4, 0xff,
    0xfb, 0xf7, 0xf4, 0xff, 0xfb, 0xf7, 0xf4, 0xff, 0xfb, 0xf7, 0xf4, 0xff,
    0xfb, 0xf7, 0xf4, 0xff, 0xfb, 0xf7, 0xf4, 0xff, 0xfb, 0xf7, 0xf4, 0xff,
    0xfb, 0xf7, 0xf4, 0xff, 0xfb, 0xf7, 0xf4, 0xff, 0xfb, 0xf7, 0xf4, 0xff,
    0xfb, 0xf7, 0xf4, 0xff, 0xfb, 0xf7, 0xf4, 0xff, 0xfb, 0xf7, 0xf4, 0xff,
    0xfb, 0xf7, 0xf4, 0xff, 0xfb, 0xf7, 0xf4, 0xff, 0xfb, 0xf7, 0xf4, 0xff,
    0xfb, 0xf7, 0xf4, 0xff, 0xfb, 0xf7, 0xf4, 0xff, 0xfb, 0xf7, 0xf4, 0xff,
    0xfb, 0xf7, 0xf4, 0xff, 0xeb, 0xa0, 0x82, 0xff, 0xdb, 0x48, 0x0f, 0xff,
    0xdc, 0x48, 0x0f, 0xff, 0xdc, 0x48, 0x0f, 0xff, 0xdd, 0x48, 0x0f, 0xff,
    0xdd, 0x48, 0x0e, 0xff, 0xde, 0x48, 0x0e, 0xff, 0xde, 0x48, 0x0e, 0xff,
    0xdf, 0x48, 0x0e, 0xff, 0xdf, 0x48, 0x0e, 0xff, 0xe0, 0x48, 0x0e, 0xff,
    0xe1, 0x48, 0x0d, 0xff, 0xe1, 0x48, 0x0d, 0xff, 0xe2, 0x48, 0x0d, 0xff,
    0xe2, 0x48, 0x0d, 0xff, 0xe3, 0x48, 0x0c, 0xff, 0xe3, 0x48, 0x0c, 0xff,
    0xe4, 0x48, 0x0c, 0xff, 0xe4, 0x48, 0x0c, 0xff, 0xe5, 0x48, 0x0b, 0xff,
    0xe5, 0x48, 0x0b, 0xff, 0xe6, 0x48, 0x0b, 0xff, 0xe7, 0x48, 0x0b, 0xff,
    0xe7, 0x48, 0x0b, 0xff, 0xe8, 0x48, 0x0a, 0xff, 0xe8, 0x48, 0x0a, 0xff,
    0xe9, 0x48, 0x0a, 0xff, 0xe9, 0x48, 0x0a, 0xff, 0xea, 0x48, 0x0a, 0xff,
    0xea, 0x48, 0x09, 0xff, 0xeb, 0x48, 0x09, 0xff, 0xeb, 0x48, 0x09, 0xff,
    0xfb, 0xf7, 0xf4, 0xff, 0xfb, 0xf7, 0xf4, 0xff, 0xfb, 0xf7, 0xf4, 0xff,
    0xfb, 0xf7, 0xf4, 0xff, 0xfb, 0xf7, 0xf4, 0xff, 0xfb, 0xf7, 0xf4, 0xff,
    0xfb, 0xf7, 0xf4, 0xff, 0xfb, 0xf7, 0xf4, 0xff, 0xfb, 0xf7, 0xf4, 0xff,
    0xfb, 0xf7, 0xf4, 0xff, 0xfb, 0xf7, 0xf4, 0xff, 0xfb, 0xf7, 0xf4, 0xff,
    0xfb, 0xf7, 0xf4, 0xff, 0xfb, 0xf7, 0xf4, 0xff, 0xfb, 0xf7, 0xf4, 0xff,
    0xfb, 0xf7, 0xf4, 0xff, 0xfb, 0xf7, 0xf4, 0xff, 0xfb, 0xf7, 0xf4, 0xff,
    0xfb, 0xf7, 0xf4, 0xff, 0xfb, 0xf7, 0xf4, 0xff, 0xfb, 0xf7, 0xf4, 0xff,
    0xfb, 0xf7, 0xf4, 0xff, 0xfb, 0xf7, 0xf4, 0xff, 0xfb, 0xf7, 0xf4, 0xff,
    0xfb, 0xf7, 0xf4, 0xff, 0xfb, 0xf7, 0xf4, 0xff, 0xfb, 0xf7, 0xf4, 0xff,
    0xfb, 0xf7, 0xf4, 0xff, 0xfb, 0xf7, 0xf4, 0xff, 0xfb, 0xf7, 0xf4, 0xff,
    0xfb, 0xf7, 0xf4, 0xff, 0xfb, 0xf7, 0xf4, 0xff, 0xfb, 0xf7, 0xf4, 0xff,
    0xfb, 0xf7, 0xf4, 0xff, 0xfb, 0xf7, 0xf4, 0xff, 0xfb, 0xf7, 0xf4, 0xff,
    0xfb, 0xf7, 0xf4, 0xff, 0xfb, 0xf7, 0xf4, 0xff, 0xfb, 0xf7, 0xf4, 0xff,
    0xfb, 0xf7, 0xf4, 0xff, 0xfb, 0xf7, 0xf4, 0xff, 0xfb, 0xf7, 0xf4, 0xff,
    0xfb, 0xf7, 0xf4, 0xff, 0xfb, 0xf7, 0xf4, 0xff, 0xfb, 0xf7, 0xf4, 0xff,
    0xfb, 0xf7, 0xf4, 0xff, 0xfb, 0xf7, 0xf4, 0xff, 0xeb, 0xa0, 0x82, 0xff,
    0xdb, 0x48, 0x0f, 0xff, 0xdc, 0x48, 0x0f, 0xff, 0xdc, 0x48, 0x0f, 0xff,
    0xdd, 0x48, 0x0f, 0xff, 0xdd, 0x48, 0x0e, 0xff, 0xde, 0x48, 0x0e, 0xff,
    0xde, 0x48, 0x0e, 0xff, 0xdf, 0x48, 0x0e, 0xff, 0xdf, 0x48, 0x0e, 0xff,
    0xe0, 0x48, 0x0e, 0xff, 0xe1, 0x48, 0x0d, 0xff, 0xe1, 0x48, 0x0d, 0xff,
    0xe2, 0x48, 0x0d, 0xff, 0xe2, 0x48, 0x0d, 0xff, 0xe3, 0x48, 0x0c, 0xff,
    0xe3, 0x48, 0x0c, 0xff, 0xe4, 0x48, 0x0c, 0xff, 0xe4, 0x48, 0x0c, 0xff,
    0xe5, 0x48, 0x0b, 0xff, 0xe5, 0x48, 0x0b, 0xff, 0xe6, 0x48, 0x0b, 0xff,
    0xe7, 0x48, 0x0b, 0xff, 0xe7, 0x48, 0x0b, 0xff, 0xe8, 0x48, 0x0a, 0xff,
    0xe8, 0x48, 0x0a, 0xff, 0xe9, 0x48, 0x0a, 0xff, 0xe9, 0x48, 0x0a, 0xff,
    0xea, 0x48, 0x0a, 0xff, 0xea, 0x48, 0x09, 0xff, 0xeb, 0x48, 0x09, 0xff,
    0xeb, 0x48, 0x09, 0xff, 0xec, 0x48, 0x08, 0xff, 0xfb, 0xf7, 0xf4, 0xff,
    0xfb, 0xf7, 0xf4, 0xff, 0xfb, 0xf7, 0xf4, 0xff, 0xfb, 0xf7, 0xf4, 0xff,
    0xfb, 0xf7, 0xf4, 0xff, 0xfb, 0xf7, 0xf4, 0xff, 0xfb, 0xf7, 0xf4, 0xff,
    0xfb, 0xf7, 0xf4, 0xff, 0xfb, 0xf7, 0xf4, 0xff, 0xfb, 0xf7, 0xf4, 0xff,
    0xfb, 0xf7, 0xf4, 0xff, 0xfb, 0xf7, 0xf4, 0xff, 0xfb, 0xf7, 0xf4, 0xff,
    0xfb, 0xf7, 0xf4, 0xff, 0xfb, 0xf7, 0xf4, 0xff, 0xfb, 0xf7, 0xf4, 0xff,
    0xfb, 0xf7, 0xf4, 0xff, 0xfb, 0xf7, 0xf4, 0xff, 0xfb, 0xf7, 0xf4, 0xff,
    0xfb, 0xf7, 0xf4, 0xff, 0xfb, 0xf7, 0xf4, 0xff, 0xfb, 0xf7, 0xf4, 0xff,
    0xfb, 0xf7, 0xf4, 0xff, 0xfb, 0xf7, 0xf4, 0xff, 0xfb, 0xf7, 0xf4, 0xff,
    0xfb, 0xf7, 0xf4, 0xff, 0xfb, 0xf7, 0xf4, 0xff, 0xfb, 0xf7, 0xf4, 0xff,
    0xfb, 0xf7, 0xf4, 0xff, 0xfb, 0xf7, 0xf4, 0xff, 0xfb, 0xf7, 0xf4, 0xff,
    0xfb, 0xf7, 0xf4, 0xff, 0xfb, 0xf7, 0xf4, 0xff, 0xfb, 0xf7, 0xf4, 0xff,
    0xfb, 0xf7, 0xf4, 0xff, 0xfb, 0xf7, 0xf4, 0xff, 0xfb, 0xf7, 0xf4, 0xff,
    0xfb, 0xf7, 0xf4, 0xff, 0xfb, 0xf7, 0xf4, 0xff, 0xfb, 0xf7, 0xf4, 0xff,
    0xfb, 0xf7, 0xf4, 0xff, 0xfb, 0xf7, 0xf4, 0xff, 0xfb, 0xf7, 0xf4, 0xff,
    0xfb, 0xf7, 0xf4, 0xff, 0xfb, 0xf7, 0xf4, 0xff, 0xfb, 0xf7, 0xf4, 0xff,
    0xeb, 0xa0, 0x82, 0xff, 0xdb, 0x48, 0x0f, 0xff, 0xdc, 0x48, 0x0f, 0xff,
    0xdc, 0x48, 0x0f, 0xff, 0xdd, 0x48, 0x0f, 0xff, 0xdd, 0x48, 0x0e, 0xff,
    0xde, 0x48, 0x0e, 0xff, 0xde, 0x48, 0x0e, 0xff, 0xdf, 0x48, 0x0e, 0xff,
    0xdf, 0x48, 0x0e, 0xff, 0xe0, 0x48, 0x0e, 0xff, 0xe1, 0x48, 0x0d, 0xff,
    0xe1, 0x48, 0x0d, 0xff, 0xe2, 0x48, 0x0d, 0xff, 0xe2, 0x48, 0x0d, 0xff,
    0xe3, 0x48, 0x0c, 0xff, 0xe3, 0x48, 0x0c, 0xff, 0xe4, 0x48, 0x0c, 0xff,
    0xe4, 0x48, 0x0c, 0xff, 0xe5, 0x48, 0x0b, 0xff, 0xe5, 0x48, 0x0b, 0xff,
    0xe6, 0x48, 0x0b, 0xff, 0xe7, 0x48, 0x0b, 0xff, 0xe7, 0x48, 0x0b, 0xff,
    0xe8, 0x48, 0x0a, 0xff, 0xe8, 0x48, 0x0a, 0xff, 0xe9, 0x48, 0x0a, 0xff,
    0xe9, 0x48, 0x0a, 0xff, 0xea, 0x48, 0x0a, 0xff, 0xea, 0x48, 0x09, 0xff,
    0xeb, 0x48, 0x09, 0xff, 0xeb, 0x48, 0x09, 0xff, 0xec, 0x48, 0x08, 0xff,
    0xec, 0x48, 0x08, 0xff, 0xfb, 0xf7, 0xf4, 0xff, 0xfb, 0xf7, 0xf4, 0xff,
    0xfb, 0xf7, 0xf4, 0xff, 0xfb, 0xf7, 0xf4, 0xff, 0xfb, 0xf7, 0xf4, 0xff,
    0xfb, 0xf7, 0xf4, 0xff, 0xfb, 0xf7, 0xf4, 0xff, 0xfb, 0xf7, 0xf4, 0xff,
    0xfb, 0xf7, 0xf4, 0xff, 0xfb, 0xf7, 0xf4, 0xff, 0xfb, 0xf7, 0xf4, 0xff,
    0xfb, 0xf7, 0xf4, 0xff, 0xfb, 0xf7, 0xf4, 0xff, 0xfb, 0xf7, 0xf4, 0xff,
    0xfb, 0xf7, 0xf4, 0xff, 0xfb, 0xf7, 0xf4, 0xff, 0xfb, 0xf7, 0xf4, 0xff,
    0xfb, 0xf7, 0xf4, 0xff, 0xfb, 0xf7, 0xf4, 0xff, 0xfb, 0xf7, 0xf4, 0xff,
    0xfb, 0xf7, 0xf4, 0xff, 0xfb, 0xf7, 0xf4, 0xff, 0xfb, 0xf7, 0xf4, 0xff,
    0xfb, 0xf7, 0xf4, 0xff, 0xfb, 0xf7, 0xf4, 0xff, 0xfb, 0xf7, 0xf4, 0xff,
    0xfb, 0xf7, 0xf4, 0xff, 0xfb, 0xf7, 0xf4, 0xff, 0xfb, 0xf7, 0xf4, 0xff,
    0xfb, 0xf7, 0xf4, 0xff, 0xfb, 0xf7, 0xf4, 0xff, 0xfb, 0xf7, 0xf4, 0xff,
    0xfb, 0xf7, 0xf4, 0xff, 0xfb, 0xf7, 0xf4, 0xff, 0xfb, 0xf7, 0xf4, 0xff,
    0xfb, 0xf7, 0xf4, 0xff, 0xfb, 0xf7, 0xf4, 0xff, 0xfb, 0xf7, 0xf4, 0xff,
    0xfb, 0xf7, 0xf4, 0xff, 0xfb, 0xf7, 0xf4, 0xff, 0xfb, 0xf7, 0xf4, 0xff,
    0xfb, 0xf7, 0xf4, 0xff, 0xfb, 0xf7, 0xf4, 0xff, 0xfb, 0xf7, 0xf4, 0xff,
    0xfb, 0xf7, 0xf4, 0xff, 0xeb, 0xa0, 0x82, 0xff, 0xdb, 0x48, 0x0f, 0xff,
    0xdc, 0x48, 0x0f, 0xff, 0xdc, 0x48, 0x0f, 0xff, 0xdd, 0x48, 0x0f, 0xff,
    0xdd, 0x48, 0x0e, 0xff, 0xde, 0x4b, 0x12, 0xff, 0xe8, 0x82, 0x5b, 0xff,
    0xf1, 0xb5, 0x9f, 0xff, 0xf6, 0xd0, 0xc2, 0xff, 0xf7, 0xd7, 0xcb, 0xff,
    0xf4, 0xc1, 0xad, 0xff, 0xed, 0x94, 0x72, 0xff, 0xe4, 0x53, 0x1c, 0xff,
    0xe2, 0x48, 0x0d, 0xff, 0xe3, 0x48, 0x0c, 0xff, 0xe3, 0x48, 0x0c, 0xff,
    0xe4, 0x48, 0x0c, 0xff, 0xe4, 0x48, 0x0c, 0xff, 0xe5, 0x48, 0x0b, 0xff,
    0xe5, 0x48, 0x0b, 0xff, 0xe6, 0x48, 0x0b, 0xff, 0xe7, 0x48, 0x0b, 0xff,
    0xe7, 0x48, 0x0b, 0xff, 0xe8, 0x48, 0x0a, 0xff, 0xe8, 0x48, 0x0a, 0xff,
    0xe9, 0x48, 0x0a, 0xff, 0xe9, 0x48, 0x0a, 0xff, 0xea, 0x48, 0x0a, 0xff,
    0xea, 0x48, 0x09, 0xff, 0xeb, 0x48, 0x09, 0xff, 0xeb, 0x48, 0x09, 0xff,
    0xec, 0x48, 0x08, 0xff, 0xec, 0x48, 0x08, 0xff, 0xed, 0x48, 0x08, 0xff,
    0xfb, 0xf7, 0xf4, 0xff, 0xfb, 0xf7, 0xf4, 0xff, 0xfb, 0xf7, 0xf4, 0xff,
    0xfb, 0xf7, 0xf4, 0xff, 0xfb, 0xf7, 0xf4, 0xff, 0xfb, 0xf7, 0xf4, 0xff,
    0xfb, 0xf7, 0xf4, 0xff, 0xfb, 0xf7, 0xf4, 0xff, 0xfb, 0xf7, 0xf4, 0xff,
    0xfb, 0xf7, 0xf4, 0xff, 0xfb, 0xf7, 0xf4, 0xff, 0xfb, 0xf7, 0xf4, 0xff,
    0xfb, 0xf7, 0xf4, 0xff, 0xfb, 0xf7, 0xf4, 0xff, 0xfb, 0xf7, 0xf4, 0xff,
    0xfb, 0xf7, 0xf4, 0xff, 0xfb, 0xf7, 0xf4, 0xff, 0xfb, 0xf7, 0xf4, 0xff,
    0xfb, 0xf7, 0xf4, 0xff, 0xfb, 0xf7, 0xf4, 0xff, 0xfb, 0xf7, 0xf4, 0xff,
    0xfb, 0xf7, 0xf4, 0xff, 0xfb, 0xf7, 0xf4, 0xff, 0xfb, 0xf7, 0xf4, 0xff,
    0xfb, 0xf7, 0xf4, 0xff, 0xfb, 0xf7, 0xf4, 0xff, 0xfb, 0xf7, 0xf4, 0xff,
    0xfb, 0xf7, 0xf4, 0xff, 0xfb, 0xf7, 0xf4, 0xff, 0xfb, 0xf7, 0xf4, 0xff,
    0xfb, 0xf7, 0xf4, 0xff, 0xfb, 0xf7, 0xf4, 0xff, 0xfb, 0xf7, 0xf4, 0xff,
    0xfb, 0xf7, 0xf4, 0xff, 0xfb, 0xf7, 0xf4, 0xff, 0xfb, 0xf7, 0xf4, 0xff,
    0xfb, 0xf7, 0xf4, 0xff, 0xfb, 0xf7, 0xf4, 0xff, 0xfb, 0xf7, 0xf4, 0xff,
    0xfb, 0xf7, 0xf4, 0xff, 0xfb, 0xf7, 0xf4, 0xff, 0xfb, 0xf7, 0xf4, 0xff,
    0xfb, 0xf7, 0xf4, 0xff, 0xfb, 0xf7, 0xf4, 0xff, 0xeb, 0xa0, 0x82, 0xff,
    0xdb, 0x48, 0x0f, 0xff, 0xdc, 0x48, 0x0f, 0xff, 0xdc, 0x48, 0x0f, 0xff,
    0xdd, 0x48, 0x0f, 0xff, 0xdd, 0x48, 0x0e, 0xff, 0xe0, 0x52, 0x1b, 0xff,
    0xf1, 0xb9, 0xa3, 0xff, 0xf7, 0xd8, 0xcc, 0xff, 0xf7, 0xd8, 0xcc, 0xff,
    0xf7, 0xd8, 0xcc, 0xff, 0xf7, 0xd8, 0xcc, 0xff, 0xf7, 0xd8, 0xcc, 0xff,
    0xf8, 0xd8, 0xcc, 0xff, 0xf6, 0xcb, 0xbb, 0xff, 0xe7, 0x66, 0x34, 0xff,
    0xe3, 0x48, 0x0c, 0xff, 0xe4, 0x48, 0x0c, 0xff, 0xe4, 0x48, 0x0c, 0xff,
    0xe5, 0x48, 0x0b, 0xff, 0xe5, 0x48, 0x0b, 0xff, 0xe6, 0x48, 0x0b, 0xff,
    0xe7, 0x48, 0x0b, 0xff, 0xe7, 0x48, 0x0b, 0xff, 0xe8, 0x48, 0x0a, 0xff,
    0xe8, 0x48, 0x0a, 0xff, 0xe9, 0x48, 0x0a, 0xff, 0xe9, 0x48, 0x0a, 0xff,
    0xea, 0x48, 0x0a, 0xff, 0xea, 0x48, 0x09, 0xff, 0xeb, 0x48, 0x09, 0xff,
    0xeb, 0x48, 0x09, 0xff, 0xec, 0x48, 0x08, 0xff, 0xec, 0x48, 0x08, 0xff,
    0xed, 0x48, 0x08, 0xff, 0xed, 0x48, 0x08, 0xff, 0xfb, 0xf7, 0xf4, 0xff,
    0xfb, 0xf7, 0xf4, 0xff, 0xfb, 0xf7, 0xf4, 0xff, 0xfb, 0xf7, 0xf4, 0xff,
    0xfb, 0xf7, 0xf4, 0xff, 0xfb, 0xf7, 0xf4, 0xff, 0xfb, 0xf7, 0xf4, 0xff,
    0xfb, 0xf7, 0xf4, 0xff, 0xfb, 0xf7, 0xf4, 0xff, 0xfb, 0xf7, 0xf4, 0xff,
    0xfb, 0xf7, 0xf4, 0xff, 0xfb, 0xf7, 0xf4, 0xff, 0xfb, 0xf7, 0xf4, 0xff,
    0xfb, 0xf7, 0xf4, 0xff, 0xfb, 0xf7, 0xf4, 0xff, 0xfb, 0xf7, 0xf4, 0xff,
    0xfb, 0xf7, 0xf4, 0xff, 0xfb, 0xf7, 0xf4, 0xff, 0xfb, 0xf7, 0xf4, 0xff,
    0xfb, 0xf7, 0xf4, 0xff, 0xfb, 0xf7, 0xf4, 0xff, 0xfb, 0xf7, 0xf4, 0xff,
    0xfb, 0xf7, 0xf4, 0xff, 0xfb, 0xf7, 0xf4, 0xff, 0xfb, 0xf7, 0xf4, 0xff,
    0xfb, 0xf7, 0xf4, 0xff, 0xfb, 0xf7, 0xf4, 0xff, 0xfb, 0xf7, 0xf4, 0xff,
    0xfb, 0xf7, 0xf4, 0xff, 0xfb, 0xf7, 0xf4, 0xff, 0xfb, 0xf7, 0xf4, 0xff,
    0xfb, 0xf7, 0xf4, 0xff, 0xfb, 0xf7, 0xf4, 0xff, 0xfb, 0xf7, 0xf4, 0xff,
    0xfb, 0xf7, 0xf4, 0xff, 0xfb, 0xf7, 0xf4, 0xff, 0xfb, 0xf7, 0xf4, 0xff,
    0xfb, 0xf7, 0xf4, 0xff, 0xfb, 0xf7, 0xf4, 0xff, 0xfb, 0xf7, 0xf4, 0xff,
    0xfb, 0xf7, 0xf4, 0xff, 0xfb, 0xf7, 0xf4, 0xff, 0xfb, 0xf7, 0xf4, 0xff,
    0xeb, 0xa0, 0x82, 0xff, 0xdb, 0x48, 0x0f, 0xff, 0xdc, 0x48, 0x0f, 0xff,
    0xdc, 0x48, 0x0f, 0xff, 0xdd, 0x48, 0x0f, 0xff, 0xdd, 0x48, 0x0e, 0xff,
    0xde, 0x48, 0x0e, 0xff, 0xf0, 0xaf, 0x96, 0xff, 0xf7, 0xd8, 0xcc, 0xff,
    0xf7, 0xd8, 0xcc, 0xff, 0xf7, 0xd8, 0xcc, 0xff, 0xf7, 0xd8, 0xcc, 0xff,
    0xf7, 0xd8, 0xcc, 0xff, 0xf8, 0xd8, 0xcc, 0xff, 0xf8, 0xd8, 0xcc, 0xff,
    0xf8, 0xd8, 0xcc, 0xff, 0xf6, 0xc8, 0xb7, 0xff, 0xe5, 0x4e, 0x14, 0xff,
    0xe4, 0x48, 0x0c, 0xff, 0xe5, 0x48, 0x0b, 0xff, 0xe5, 0x48, 0x0b, 0xff,
    0xe6, 0x48, 0x0b, 0xff, 0xe7, 0x48, 0x0b, 0xff, 0xe7, 0x48, 0x0b, 0xff,
    0xe8, 0x48, 0x0a, 0xff, 0xe8, 0x48, 0x0a, 0xff, 0xe9, 0x48, 0x0a, 0xff,
    0xe9, 0x48, 0x0a, 0xff, 0xea, 0x48, 0x0a, 0xff, 0xea, 0x48, 0x09, 0xff,
    0xeb, 0x48, 0x09, 0xff, 0xeb, 0x48, 0x09, 0xff, 0xec, 0x48, 0x08, 0xff,
    0xec, 0x48, 0x08, 0xff, 0xed, 0x48, 0x08, 0xff, 0xed, 0x48, 0x08, 0xff,
    0xee, 0x48, 0x08, 0xff, 0xfb, 0xf7, 0xf4, 0xff, 0xfb, 0xf7, 0xf4, 0xff,
    0xfb, 0xf7, 0xf4, 0xff, 0xfb, 0xf7, 0xf4, 0xff, 0xfb, 0xf7, 0xf4, 0xff,
    0xfb, 0xf7, 0xf4, 0xff, 0xfb, 0xf7, 0xf4, 0xff, 0xfb, 0xf7, 0xf4, 0xff,
    0xfb, 0xf7, 0xf4, 0xff, 0xfb, 0xf7, 0xf4, 0xff, 0xfb, 0xf7, 0xf4, 0xff,
    0xfb, 0xf7, 0xf4, 0xff, 0xfb, 0xf7, 0xf4, 0xff, 0xfb, 0xf7, 0xf4, 0xff,
    0xfb, 0xf7, 0xf4, 0xff, 0xfb, 0xf7, 0xf4, 0xff, 0xfb, 0xf7, 0xf4, 0xff,
    0xfb, 0xf7, 0xf4, 0xff, 0xfb, 0xf7, 0xf4, 0xff, 0xfb, 0xf7, 0xf4, 0xff,
    0xfb, 0xf7, 0xf4, 0xff, 0xfb, 0xf7, 0xf4, 0xff, 0xfb, 0xf7, 0xf4, 0xff,
    0xfb, 0xf7, 0xf4, 0xff, 0xfb, 0xf7, 0xf4, 0xff, 0xfb, 0xf7, 0xf4, 0xff,
    0xfb, 0xf7, 0xf4, 0xff, 0xfb, 0xf7, 0xf4, 0xff, 0xfb, 0xf7, 0xf4, 0xff,
    0xfb, 0xf7, 0xf4, 0xff, 0xfb, 0xf7, 0xf4, 0xff, 0xfb, 0xf7, 0xf4, 0xff,
    0xfb, 0xf7, 0xf4, 0xff, 0xfb, 0xf7, 0xf4, 0xff, 0xfb, 0xf7, 0xf4, 0xff,
    0xfb, 0xf7, 0xf4, 0xff, 0xfb, 0xf7, 0xf4, 0xff, 0xfb, 0xf7, 0xf4, 0xff,
    0xfb, 0xf7, 0xf4, 0xff, 0xfb, 0xf7, 0xf4, 0xff, 0xfb, 0xf7, 0xf4, 0xff,
    0xfb, 0xf7, 0xf4, 0xff, 0xeb, 0xa0, 0x82, 0xff, 0xdb, 0x48, 0x0f, 0xff,
    0xdc, 0x48, 0x0f, 0xff, 0xdc, 0x48, 0x0f, 0xff, 0xdd, 0x48, 0x0f, 0xff,
    0xdd, 0x48, 0x0e, 0xff, 0xde, 0x48, 0x0e, 0xff, 0xe2, 0x61, 0x30, 0xff,
    0xf7, 0xd8, 0xcc, 0xff, 0xf7, 0xd8, 0xcc, 0xff, 0xf7, 0xd8, 0xcc, 0xff,
    0xf7, 0xd8, 0xcc, 0xff, 0xf7, 0xd8, 0xcc, 0xff, 0xf8, 0xd8, 0xcc, 0xff,
    0xf8, 0xd8, 0xcc, 0xff, 0xf8, 0xd8, 0xcc, 0xff, 0xf8, 0xd8, 0xcc, 0xff,
    0xf8, 0xd8, 0xcc, 0xff, 0xeb, 0x7e, 0x54, 0xff, 0xe5, 0x48, 0x0b, 0xff,
    0xe5, 0x48, 0x0b, 0xff, 0xe6, 0x48, 0x0b, 0xff, 0xe7, 0x48, 0x0b, 0xff,
    0xe7, 0x48, 0x0b, 0xff, 0xe8, 0x48, 0x0a, 0xff, 0xe8, 0x48, 0x0a, 0xff,
    0xe9, 0x48, 0x0a, 0xff, 0xe9, 0x48, 0x0a, 0xff, 0xea, 0x48, 0x0a, 0xff,
    0xea, 0x48, 0x09, 0xff, 0xeb, 0x48, 0x09, 0xff, 0xeb, 0x48, 0x09, 0xff,
    0xec, 0x48, 0x08, 0xff, 0xec, 0x48, 0x08, 0xff, 0xed, 0x48, 0x08, 0xff,
    0xed, 0x48, 0x08, 0xff, 0xee, 0x48, 0x08, 0xff, 0xee, 0x48, 0x07, 0xff,
    0xfb, 0xf7, 0xf4, 0xff, 0xfb, 0xf7, 0xf4, 0xff, 0xfb, 0xf7, 0xf4, 0xff,
    0xfb, 0xf7, 0xf4, 0xff, 0xfb, 0xf7, 0xf4, 0xff, 0xfb, 0xf7, 0xf4, 0xff,
    0xfb, 0xf7, 0xf4, 0xff, 0xfb, 0xf7, 0xf4, 0xff, 0xfb, 0xf7, 0xf4, 0xff,
    0xfb, 0xf7, 0xf4, 0xff, 0xfb, 0xf7, 0xf4, 0xff, 0xfb, 0xf7, 0xf4, 0xff,
    0xfb, 0xf7, 0xf4, 0xff, 0xfb, 0xf7, 0xf4, 0xff, 0xfb, 0xf7, 0xf4, 0xff,
    0xfb, 0xf7, 0xf4, 0xff, 0xfb, 0xf7, 0xf4, 0xff, 0xfb, 0xf7, 0xf4, 0xff,
    0xfb, 0xf7, 0xf4, 0xff, 0xfb, 0xf7, 0xf4, 0xff, 0xfb, 0xf7, 0xf4, 0xff,
    0xfb, 0xf7, 0xf4, 0xff, 0xfb, 0xf7, 0xf4, 0xff, 0xfb, 0xf7, 0xf4, 0xff,
    0xfb, 0xf7, 0xf4, 0xff, 0xfb, 0xf7, 0xf4, 0xff, 0xfb, 0xf7, 0xf4, 0xff,
    0xfb, 0xf7, 0xf4, 0xff, 0xfb, 0xf7, 0xf4, 0xff, 0xfb, 0xf7, 0xf4, 0xff,
    0xfb, 0xf7, 0xf4, 0xff, 0xfb, 0xf7, 0xf4, 0xff, 0xfb, 0xf7, 0xf4, 0xff,
    0xfb, 0xf7, 0xf4, 0xff, 0xfb, 0xf7, 0xf4, 0xff, 0xfb, 0xf7, 0xf4, 0xff,
    0xfb, 0xf7, 0xf4, 0xff, 0xfb, 0xf7, 0xf4, 0xff, 0xfb, 0xf7, 0xf4, 0xff,
    0xfb, 0xf7, 0xf4, 0xff, 0xfb, 0xf7, 0xf4, 0xff, 0xeb, 0xa0, 0x82, 0xff,
    0xdb, 0x48, 0x0f, 0xff, 0xdc, 0x48, 0x0f, 0xff, 0xdc, 0x48, 0x0f, 0xff,
    0xdd, 0x48, 0x0f, 0xff, 0xdd, 0x48, 0x0e, 0xff, 0xde, 0x48, 0x0e, 0xff,
    0xde, 0x48, 0x0e, 0xff, 0xe7, 0x79, 0x4f, 0xff, 0xf7, 0xd8, 0xcc, 0xff,
    0xf7, 0xd8, 0xcc, 0xff, 0xf7, 0xd8, 0xcc, 0xff, 0xf7, 0xd8, 0xcc, 0xff,
    0xf8, 0xd8, 0xcc, 0xff, 0xf8, 0xd8, 0xcc, 0xff, 0xf8, 0xd8, 0xcc, 0xff,
    0xf8, 0xd8, 0xcc, 0xff, 0xf8, 0xd8, 0xcc, 0xff, 0xf8, 0xd8, 0xcc, 0xff,
    0xef, 0x93, 0x6f, 0xff, 0xe5, 0x48, 0x0b, 0xff, 0xe6, 0x48, 0x0b, 0xff,
    0xe7, 0x48, 0x0b, 0xff, 0xe7, 0x48, 0x0b, 0xff, 0xe8, 0x48, 0x0a, 0xff,
    0xe8, 0x48, 0x0a, 0xff, 0xe9, 0x48, 0x0a, 0xff, 0xe9, 0x48, 0x0a, 0xff,
    0xea, 0x48, 0x0a, 0xff, 0xea, 0x48, 0x09, 0xff, 0xeb, 0x48, 0x09, 0xff,
    0xeb, 0x48, 0x09, 0xff, 0xec, 0x48, 0x08, 0xff, 0xec, 0x48, 0x08, 0xff,
    0xed, 0x48, 0x08, 0xff, 0xed, 0x48, 0x08, 0xff, 0xee, 0x48, 0x08, 0xff,
    0xee, 0x48, 0x07, 0xff, 0xef, 0x48, 0x07, 0xff, 0xfb, 0xf7, 0xf4, 0xff,
    0xfb, 0xf7, 0xf4, 0xff, 0xfb, 0xf7, 0xf4, 0xff, 0xfb, 0xf7, 0xf4, 0xff,
    0xfb, 0xf7, 0xf4, 0xff, 0xfb, 0xf7, 0xf4, 0xff, 0xfb, 0xf7, 0xf4, 0xff,
    0xfb, 0xf7, 0xf4, 0xff, 0xfb, 0xf7, 0xf4, 0xff, 0xfb, 0xf7, 0xf4, 0xff,
    0xfb, 0xf7, 0xf4, 0xff, 0xfb, 0xf7, 0xf4, 0xff, 0xfb, 0xf7, 0xf4, 0xff,
    0xfb, 0xf7, 0xf4, 0xff, 0xfb, 0xf7, 0xf4, 0xff, 0xfb, 0xf7, 0xf4, 0xff,
    0xfb, 0xf7, 0xf4, 0xff, 0xfb, 0xf7, 0xf4, 0xff, 0xfb, 0xf7, 0xf4, 0xff,
    0xfb, 0xf7, 0xf4, 0xff, 0xfb, 0xf7, 0xf4, 0xff, 0xfb, 0xf7, 0xf4, 0xff,
    0xfb, 0xf7, 0xf4, 0xff, 0xfb, 0xf7, 0xf4, 0xff, 0xfb, 0xf7, 0xf4, 0xff,
    0xfb, 0xf7, 0xf4, 0xff, 0xfb, 0xf7, 0xf4, 0xff, 0xfb, 0xf7, 0xf4, 0xff,
    0xfb, 0xf7, 0xf4, 0xff, 0xfb, 0xf7, 0xf4, 0xff, 0xfb, 0xf7, 0xf4, 0xff,
    0xfb, 0xf7, 0xf4, 0xff, 0xfb, 0xf7, 0xf4, 0xff, 0xfb, 0xf7, 0xf4, 0xff,
    0xfb, 0xf7, 0xf4, 0xff, 0xfb, 0xf7, 0xf4, 0xff, 0xfb, 0xf7, 0xf4, 0xff,
    0xfb, 0xf7, 0xf4, 0xff, 0xfb, 0xf7, 0xf4, 0xff, 0xfb, 0xf7, 0xf4, 0xff,
    0xeb, 0xa0, 0x82, 0xff, 0xdb, 0x48, 0x0f, 0xff, 0xdc, 0x48, 0x0f, 0xff,
    0xdc, 0x48, 0x0f, 0xff, 0xdd, 0x48, 0x0f, 0xff, 0xdd, 0x48, 0x0e, 0xff,
    0xde, 0x48, 0x0e, 0xff, 0xde, 0x48, 0x0e, 0xff, 0xdf, 0x48, 0x0e, 0xff,
    0xe5, 0x6b, 0x3d, 0xff, 0xf7, 0xd8, 0xcc, 0xff, 0xf7, 0xd8, 0xcc, 0xff,
    0xf7, 0xd8, 0xcc, 0xff, 0xf8, 0xd8, 0xcc, 0xff, 0xf8, 0xd8, 0xcc, 0xff,
    0xf8, 0xd8, 0xcc, 0xff, 0xf8, 0xd8, 0xcc, 0xff, 0xf8, 0xd8, 0xcc, 0xff,
    0xf8, 0xd8, 0xcc, 0xff, 0xf8, 0xd8, 0xcc, 0xff, 0xed, 0x81, 0x58, 0xff,
    0xe6, 0x48, 0x0b, 0xff, 0xe7, 0x48, 0x0b, 0xff, 0xe7, 0x48, 0x0b, 0xff,
    0xe8, 0x48, 0x0a, 0xff, 0xe8, 0x48, 0x0a, 0xff, 0xe9, 0x48, 0x0a, 0xff,
    0xe9, 0x48, 0x0a, 0xff, 0xea, 0x48, 0x0a, 0xff, 0xea, 0x48, 0x09, 0xff,
    0xeb, 0x48, 0x09, 0xff, 0xeb, 0x48, 0x09, 0xff, 0xec, 0x48, 0x08, 0xff,
    0xec, 0x48, 0x08, 0xff, 0xed, 0x48, 0x08, 0xff, 0xed, 0x48, 0x08, 0xff,
    0xee, 0x48, 0x08, 0xff, 0xee, 0x48, 0x07, 0xff, 0xef, 0x48, 0x07, 0xff,
    0xef, 0x48, 0x07, 0xff, 0xfb, 0xf7, 0xf4, 0xff, 0xfb, 0xf7, 0xf4, 0xff,
    0xfb, 0xf7, 0xf4, 0xff, 0xfb, 0xf7, 0xf4, 0xff, 0xfb, 0xf7, 0xf4, 0xff,
    0xfb, 0xf7, 0xf4, 0xff, 0xfb, 0xf7, 0xf4, 0xff, 0xfb, 0xf7, 0xf4, 0xff,
    0xfb, 0xf7, 0xf4, 0xff, 0xfb, 0xf7, 0xf4, 0xff, 0xfb, 0xf7, 0xf4, 0xff,
    0xfb, 0xf7, 0xf4, 0xff, 0xfb, 0xf7, 0xf4, 0xff, 0xfb, 0xf7, 0xf4, 0xff,
    0xfb, 0xf7, 0xf4, 0xff, 0xfb, 0xf7, 0xf4, 0xff, 0xfb, 0xf7, 0xf4, 0xff,
    0xfb, 0xf7, 0xf4, 0xff, 0xfb, 0xf7, 0xf4, 0xff, 0xfb, 0xf7, 0xf4, 0xff,
    0xfb, 0xf7, 0xf4, 0xff, 0xfb, 0xf7, 0xf4, 0xff, 0xfb, 0xf7, 0xf4, 0xff,
    0xfb, 0xf7, 0xf4, 0xff, 0xfb, 0xf7, 0xf4, 0xff, 0xfb, 0xf7, 0xf4, 0xff,
    0xfb, 0xf7, 0xf4, 0xff, 0xfb, 0xf7, 0xf4, 0xff, 0xfb, 0xf7, 0xf4, 0xff,
    0xfb, 0xf7, 0xf4, 0xff, 0xfb, 0xf7, 0xf4, 0xff, 0xfb, 0xf7, 0xf4, 0xff,
    0xfb, 0xf7, 0xf4, 0xff, 0xfb, 0xf7, 0xf4, 0xff, 0xfb, 0xf7, 0xf4, 0xff,
    0xfb, 0xf7, 0xf4, 0xff, 0xfb, 0xf7, 0xf4, 0xff, 0xfb, 0xf7, 0xf4, 0xff,
    0xfb, 0xf7, 0xf4, 0xff, 0xeb, 0xa0, 0x82, 0xff, 0xdb, 0x48, 0x0f, 0xff,
    0xdc, 0x48, 0x0f, 0xff, 0xdc, 0x48, 0x0f, 0xff, 0xdd, 0x48, 0x0f, 0xff,
    0xdd, 0x48, 0x0e, 0xff, 0xde, 0x48, 0x0e, 0xff, 0xde, 0x48, 0x0e, 0xff,
    0xdf, 0x48, 0x0e, 0xff, 0xdf, 0x48, 0x0e, 0xff, 0xe0, 0x4a, 0x11, 0xff,
    0xf5, 0xcb, 0xbb, 0xff, 0xf7, 0xd8, 0xcc, 0xff, 0xf8, 0xd8, 0xcc, 0xff,
    0xf8, 0xd8, 0xcc, 0xff, 0xf8, 0xd8, 0xcc, 0xff, 0xf8, 0xd8, 0xcc, 0xff,
    0xf8, 0xd8, 0xcc, 0xff, 0xf8, 0xd8, 0xcc, 0xff, 0xf8, 0xd8, 0xcc, 0xff,
    0xf8, 0xd5, 0xc8, 0xff, 0xe8, 0x55, 0x1c, 0xff, 0xe7, 0x48, 0x0b, 0xff,
    0xe7, 0x48, 0x0b, 0xff, 0xe8, 0x48, 0x0a, 0xff, 0xe8, 0x48, 0x0a, 0xff,
    0xe9, 0x48, 0x0a, 0xff, 0xe9, 0x48, 0x0a, 0xff, 0xea, 0x48, 0x0a, 0xff,
    0xea, 0x48, 0x09, 0xff, 0xeb, 0x48, 0x09, 0xff, 0xeb, 0x48, 0x09, 0xff,
    0xec, 0x48, 0x08, 0xff, 0xec, 0x48, 0x08, 0xff, 0xed, 0x48, 0x08, 0xff,
    0xed, 0x48, 0x08, 0xff, 0xee, 0x48, 0x08, 0xff, 0xee, 0x48, 0x07, 0xff,
    0xef, 0x48, 0x07, 0xff, 0xef, 0x48, 0x07, 0xff, 0xf0, 0x48, 0x06, 0xff,
    0xfb, 0xf7, 0xf4, 0xff, 0xfb, 0xf7, 0xf4, 0xff, 0xfb, 0xf7, 0xf4, 0xff,
    0xfb, 0xf7, 0xf4, 0xff, 0xfb, 0xf7, 0xf4, 0xff, 0xfb, 0xf7, 0xf4, 0xff,
    0xfb, 0xf7, 0xf4, 0xff, 0xfb, 0xf7, 0xf4, 0xff, 0xfb, 0xf7, 0xf4, 0xff,
    0xfb, 0xf7, 0xf4, 0xff, 0xfb, 0xf7, 0xf4, 0xff, 0xfb, 0xf7, 0xf4, 0xff,
    0xfb, 0xf7, 0xf4, 0xff, 0xfb, 0xf7, 0xf4, 0xff, 0xfb, 0xf7, 0xf4, 0xff,
    0xfb, 0xf7, 0xf4, 0xff, 0xfb, 0xf7, 0xf4, 0xff, 0xfb, 0xf7, 0xf4, 0xff,
    0xfb, 0xf7, 0xf4, 0xff, 0xfb, 0xf7, 0xf4, 0xff, 0xfb, 0xf7, 0xf4, 0xff,
    0xfb, 0xf7, 0xf4, 0xff, 0xfb, 0xf7, 0xf4, 0xff, 0xfb, 0xf7, 0xf4, 0xff,
    0xfb, 0xf7, 0xf4, 0xff, 0xfb, 0xf7, 0xf4, 0xff, 0xfb, 0xf7, 0xf4, 0xff,
    0xfb, 0xf7, 0xf4, 0xff, 0xfb, 0xf7, 0xf4, 0xff, 0xfb, 0xf7, 0xf4, 0xff,
    0xfb, 0xf7, 0xf4, 0xff, 0xfb, 0xf7, 0xf4, 0xff, 0xfb, 0xf7, 0xf4, 0xff,
    0xfb, 0xf7, 0xf4, 0xff, 0xfb, 0xf7, 0xf4, 0xff, 0xfb, 0xf7, 0xf4, 0xff,
    0xfb, 0xf7, 0xf4, 0xff, 0xfb, 0xf7, 0xf4, 0xff, 0xeb, 0xa0, 0x82, 0xff,
    0xdb, 0x48, 0x0f, 0xff, 0xdc, 0x48, 0x0f, 0xff, 0xdc, 0x48, 0x0f, 0xff,
    0xdd, 0x48, 0x0f, 0xff, 0xdd, 0x48, 0x0e, 0xff, 0xde, 0x48, 0x0e, 0xff,
    0xde, 0x48, 0x0e, 0xff, 0xdf, 0x48, 0x0e, 0xff, 0xdf, 0x48, 0x0e, 0xff,
    0xe0, 0x48, 0x0e, 0xff, 0xe1, 0x48, 0x0d, 0xff, 0xed, 0x97, 0x76, 0xff,
    0xf8, 0xd8, 0xcc, 0xff, 0xf8, 0xd8, 0xcc, 0xff, 0xf8, 0xd8, 0xcc, 0xff,
    0xf8, 0xd8, 0xcc, 0xff, 0xf8, 0xd8, 0xcc, 0xff, 0xf8, 0xd8, 0xcc, 0xff,
    0xf8, 0xd8, 0xcc, 0xff, 0xf8, 0xd8, 0xcc, 0xff, 0xf3, 0xac, 0x91, 0xff,
    0xe7, 0x48, 0x0b, 0xff, 0xe7, 0x48, 0x0b, 0xff, 0xe8, 0x48, 0x0a, 0xff,
    0xe8, 0x48, 0x0a, 0xff, 0xe9, 0x48, 0x0a, 0xff, 0xe9, 0x48, 0x0a, 0xff,
    0xea, 0x48, 0x0a, 0xff, 0xea, 0x48, 0x09, 0xff, 0xeb, 0x48, 0x09, 0xff,
    0xeb, 0x48, 0x09, 0xff, 0xec, 0x48, 0x08, 0xff, 0xec, 0x48, 0x08, 0xff,
    0xed, 0x48, 0x08, 0xff, 0xed, 0x48, 0x08, 0xff, 0xee, 0x48, 0x08, 0xff,
    0xee, 0x48, 0x07, 0xff, 0xef, 0x48, 0x07, 0xff, 0xef, 0x48, 0x07, 0xff,
    0xf0, 0x48, 0x06, 0xff, 0xf0, 0x48, 0x07, 0xff, 0xfb, 0xf7, 0xf4, 0xff,
    0xfb, 0xf7, 0xf4, 0xff, 0xfb, 0xf7, 0xf4, 0xff, 0xfb, 0xf7, 0xf4, 0xff,
    0xfb, 0xf7, 0xf4, 0xff, 0xfb, 0xf7, 0xf4, 0xff, 0xfb, 0xf7, 0xf4, 0xff,
    0xfb, 0xf7, 0xf4, 0xff, 0xfb, 0xf7, 0xf4, 0xff, 0xfb, 0xf7, 0xf4, 0xff,
    0xfb, 0xf7, 0xf4, 0xff, 0xfb, 0xf7, 0xf4, 0xff, 0xfb, 0xf7, 0xf4, 0xff,
    0xfb, 0xf7, 0xf4, 0xff, 0xfb, 0xf7, 0xf4, 0xff, 0xfb, 0xf7, 0xf4, 0xff,
    0xfb, 0xf7, 0xf4, 0xff, 0xfb, 0xf7, 0xf4, 0xff, 0xfb, 0xf7, 0xf4, 0xff,
    0xfb, 0xf7, 0xf4, 0xff, 0xfb, 0xf7, 0xf4, 0xff, 0xfb, 0xf7, 0xf4, 0xff,
    0xfb, 0xf7, 0xf4, 0xff, 0xfb, 0xf7, 0xf4, 0xff, 0xfb, 0xf7, 0xf4, 0xff,
    0xfb, 0xf7, 0xf4, 0xff, 0xfb, 0xf7, 0xf4, 0xff, 0xfb, 0xf7, 0xf4, 0xff,
    0xfb, 0xf7, 0xf4, 0xff, 0xfb, 0xf7, 0xf4, 0xff, 0xfb, 0xf7, 0xf4, 0xff,
    0xfb, 0xf7, 0xf4, 0xff, 0xfb, 0xf7, 0xf4, 0xff, 0xfb, 0xf7, 0xf4, 0xff,
    0xfb, 0xf7, 0xf4, 0xff, 0xfb, 0xf7, 0xf4, 0xff, 0xfb, 0xf7, 0xf4, 0xff,
    0xeb, 0xa0, 0x82, 0xff, 0xdb, 0x48, 0x0f, 0xff, 0xdc, 0x48, 0x0f, 0xff,
    0xdc, 0x48, 0x0f, 0xff, 0xdd, 0x48, 0x0f, 0xff, 0xdd, 0x48, 0x0e, 0xff,
    0xde, 0x48, 0x0e, 0xff, 0xde, 0x48, 0x0e, 0xff, 0xdf, 0x48, 0x0e, 0xff,
    0xdf, 0x48, 0x0e, 0xff, 0xe0, 0x48, 0x0e, 0xff, 0xe1, 0x48, 0x0d, 0xff,
    0xe1, 0x48, 0x0d, 0xff, 0xe6, 0x61, 0x2f, 0xff, 0xf8, 0xd8, 0xcc, 0xff,
    0xf8, 0xd8, 0xcc, 0xff, 0xf8, 0xd8, 0xcc, 0xff, 0xf8, 0xd8, 0xcc, 0xff,
    0xf8, 0xd8, 0xcc, 0xff, 0xf8, 0xd8, 0xcc, 0xff, 0xf8, 0xd8, 0xcc, 0xff,
    0xf8, 0xd8, 0xcc, 0xff, 0xed, 0x76, 0x48, 0xff, 0xe7, 0x48, 0x0b, 0xff,
    0xe8, 0x48, 0x0a, 0xff, 0xe8, 0x48, 0x0a, 0xff, 0xe9, 0x48, 0x0a, 0xff,
    0xe9, 0x48, 0x0a, 0xff, 0xea, 0x48, 0x0a, 0xff, 0xea, 0x48, 0x09, 0xff,
    0xeb, 0x48, 0x09, 0xff, 0xeb, 0x48, 0x09, 0xff, 0xec, 0x48, 0x08, 0xff,
    0xec, 0x48, 0x08, 0xff, 0xed, 0x48, 0x08, 0xff, 0xed, 0x48, 0x08, 0xff,
    0xee, 0x48, 0x08, 0xff, 0xee, 0x48, 0x07, 0xff, 0xef, 0x48, 0x07, 0xff,
    0xef, 0x48, 0x07, 0xff, 0xf0, 0x48, 0x06, 0xff, 0xf0, 0x48, 0x07, 0xff,
    0xf1, 0x48, 0x07, 0xff, 0xfb, 0xf7, 0xf4, 0xff, 0xfb, 0xf7, 0xf4, 0xff,
    0xfb, 0xf7, 0xf4, 0xff, 0xfb, 0xf7, 0xf4, 0xff, 0xfb, 0xf7, 0xf4, 0xff,
    0xfb, 0xf7, 0xf4, 0xff, 0xfb, 0xf7, 0xf4, 0xff, 0xfb, 0xf7, 0xf4, 0xff,
    0xfb, 0xf7, 0xf4, 0xff, 0xfb, 0xf7, 0xf4, 0xff, 0xfb, 0xf7, 0xf4, 0xff,
    0xfb, 0xf7, 0xf4, 0xff, 0xfb, 0xf7, 0xf4, 0xff, 0xfb, 0xf7, 0xf4, 0xff,
    0xfb, 0xf7, 0xf4, 0xff, 0xfb, 0xf7, 0xf4, 0xff, 0xfb, 0xf7, 0xf4, 0xff,
    0xfb, 0xf7, 0xf4, 0xff, 0xfb, 0xf7, 0xf4, 0xff, 0xfb, 0xf7, 0xf4, 0xff,
    0xfb, 0xf7, 0xf4, 0xff, 0xfb, 0xf7, 0xf4, 0xff, 0xfb, 0xf7, 0xf4, 0xff,
    0xfb, 0xf7, 0xf4, 0xff, 0xfb, 0xf7, 0xf4, 0xff, 0xfb, 0xf7, 0xf4, 0xff,
    0xfb, 0xf7, 0xf4, 0xff, 0xfb, 0xf7, 0xf4, 0xff, 0xfb, 0xf7, 0xf4, 0xff,
    0xfb, 0xf7, 0xf4, 0xff, 0xfb, 0xf7, 0xf4, 0xff, 0xfb, 0xf7, 0xf4, 0xff,
    0xfb, 0xf7, 0xf4, 0xff, 0xfb, 0xf7, 0xf4, 0xff, 0xfb, 0xf7, 0xf4, 0xff,
    0xfb, 0xf7, 0xf4, 0xff, 0xeb, 0xa0, 0x82, 0xff, 0xdb, 0x48, 0x0f, 0xff,
    0xdc, 0x48, 0x0f, 0xff, 0xdc, 0x48, 0x0f, 0xff, 0xdd, 0x48, 0x0f, 0xff,
    0xdd, 0x48, 0x0e, 0xff, 0xde, 0x48, 0x0e, 0xff, 0xde, 0x48, 0x0e, 0xff,
    0xdf, 0x48, 0x0e, 0xff, 0xdf, 0x48, 0x0e, 0xff, 0xe0, 0x48, 0x0e, 0xff,
    0xe1, 0x48, 0x0d, 0xff, 0xe1, 0x48, 0x0d, 0xff, 0xe2, 0x48, 0x0d, 0xff,
    0xe2, 0x48, 0x0d, 0xff, 0xf4, 0xbc, 0xa7, 0xff, 0xf8, 0xd8, 0xcc, 0xff,
    0xf8, 0xd8, 0xcc, 0xff, 0xf8, 0xd8, 0xcc, 0xff, 0xf8, 0xd8, 0xcc, 0xff,
    0xf8, 0xd8, 0xcc, 0xff, 0xf8, 0xd8, 0xcc, 0xff, 0xf7, 0xcc, 0xbc, 0xff,
    0xe7, 0x4c, 0x10, 0xff, 0xe8, 0x48, 0x0a, 0xff, 0xe8, 0x48, 0x0a, 0xff,
    0xe9, 0x48, 0x0a, 0xff, 0xe9, 0x48, 0x0a, 0xff, 0xea, 0x48, 0x0a, 0xff,
    0xea, 0x48, 0x09, 0xff, 0xeb, 0x48, 0x09, 0xff, 0xeb, 0x48, 0x09, 0xff,
    0xec, 0x48, 0x08, 0xff, 0xec, 0x48, 0x08, 0xff, 0xed, 0x48, 0x08, 0xff,
    0xed, 0x48, 0x08, 0xff, 0xee, 0x48, 0x08, 0xff, 0xee, 0x48, 0x07, 0xff,
    0xef, 0x48, 0x07, 0xff, 0xef, 0x48, 0x07, 0xff, 0xf0, 0x48, 0x06, 0xff,
    0xf0, 0x48, 0x07, 0xff, 0xf1, 0x48, 0x07, 0xff, 0xf1, 0x48, 0x06, 0xff,
    0xfb, 0xf7, 0xf4, 0xff, 0xfb, 0xf7, 0xf4, 0xff, 0xfb, 0xf7, 0xf4, 0xff,
    0xfb, 0xf7, 0xf4, 0xff, 0xfb, 0xf7, 0xf4, 0xff, 0xfb, 0xf7, 0xf4, 0xff,
    0xfb, 0xf7, 0xf4, 0xff, 0xfb, 0xf7, 0xf4, 0xff, 0xfb, 0xf7, 0xf4, 0xff,
    0xfb, 0xf7, 0xf4, 0xff, 0xfb, 0xf7, 0xf4, 0xff, 0xfb, 0xf7, 0xf4, 0xff,
    0xfb, 0xf7, 0xf4, 0xff, 0xfb, 0xf7, 0xf4, 0xff, 0xfb, 0xf7, 0xf4, 0xff,
    0xfb, 0xf7, 0xf4, 0xff, 0xfb, 0xf7, 0xf4, 0xff, 0xfb, 0xf7, 0xf4, 0xff,
    0xfb, 0xf7, 0xf4, 0xff, 0xfb, 0xf7, 0xf4, 0xff, 0xfb, 0xf7, 0xf4, 0xff,
    0xfb, 0xf7, 0xf4, 0xff, 0xfb, 0xf7, 0xf4, 0xff, 0xfb, 0xf7, 0xf4, 0xff,
    0xfb, 0xf7, 0xf4, 0xff, 0xfb, 0xf7, 0xf4, 0xff, 0xfb, 0xf7, 0xf4, 0xff,
    0xfb, 0xf7, 0xf4, 0xff, 0xfb, 0xf7, 0xf4, 0xff, 0xfb, 0xf7, 0xf4, 0xff,
    0xfb, 0xf7, 0xf4, 0xff, 0xfb, 0xf7, 0xf4, 0xff, 0xfb, 0xf7, 0xf4, 0xff,
    0xfb, 0xf7, 0xf4, 0xff, 0xfb, 0xf7, 0xf4, 0xff, 0xeb, 0xa0, 0x82, 0xff,
    0xdb, 0x48, 0x0f, 0xff, 0xdc, 0x48, 0x0f, 0xff, 0xdc, 0x48, 0x0f, 0xff,
    0xdd, 0x48, 0x0f, 0xff, 0xdd, 0x48, 0x0e, 0xff, 0xde, 0x48, 0x0e, 0xff,
    0xde, 0x48, 0x0e, 0xff, 0xdf, 0x48, 0x0e, 0xff, 0xdf, 0x48, 0x0e, 0xff,
    0xe0, 0x48, 0x0e, 0xff, 0xe1, 0x48, 0x0d, 0xff, 0xe1, 0x48, 0x0d, 0xff,
    0xe2, 0x48, 0x0d, 0xff, 0xe2, 0x48, 0x0d, 0xff, 0xe3, 0x48, 0x0c, 0xff,
    0xec, 0x85, 0x5e, 0xff, 0xf7, 0xce, 0xbf, 0xff, 0xf0, 0x9e, 0x7f, 0xff,
    0xed, 0x83, 0x59, 0xff, 0xed, 0x81, 0x58, 0xff, 0xf0, 0x9a, 0x79, 0xff,
    0xf7, 0xca, 0xb9, 0xff, 0xf1, 0x9b, 0x7a, 0xff, 0xe8, 0x48, 0x0a, 0xff,
    0xe8, 0x48, 0x0a, 0xff, 0xe9, 0x48, 0x0a, 0xff, 0xe9, 0x48, 0x0a, 0xff,
    0xea, 0x48, 0x0a, 0xff, 0xea, 0x48, 0x09, 0xff, 0xeb, 0x48, 0x09, 0xff,
    0xeb, 0x48, 0x09, 0xff, 0xec, 0x48, 0x08, 0xff, 0xec, 0x48, 0x08, 0xff,
    0xed, 0x48, 0x08, 0xff, 0xed, 0x48, 0x08, 0xff, 0xee, 0x48, 0x08, 0xff,
    0xee, 0x48, 0x07, 0xff, 0xef, 0x48, 0x07, 0xff, 0xef, 0x48, 0x07, 0xff,
    0xf0, 0x48, 0x06, 0xff, 0xf0, 0x48, 0x07, 0xff, 0xf1, 0x48, 0x07, 0xff,
    0xf1, 0x48, 0x06, 0xff, 0xf2, 0x48, 0x06, 0xff, 0xfb, 0xf7, 0xf4, 0xff,
    0xfb, 0xf7, 0xf4, 0xff, 0xfb, 0xf7, 0xf4, 0xff, 0xfb, 0xf7, 0xf4, 0xff,
    0xfb, 0xf7, 0xf4, 0xff, 0xfb, 0xf7, 0xf4, 0xff, 0xfb, 0xf7, 0xf4, 0xff,
    0xfb, 0xf7, 0xf4, 0xff, 0xfb, 0xf7, 0xf4, 0xff, 0xfb, 0xf7, 0xf4, 0xff,
    0xfb, 0xf7, 0xf4, 0xff, 0xfb, 0xf7, 0xf4, 0xff, 0xfb, 0xf7, 0xf4, 0xff,
    0xfb, 0xf7, 0xf4, 0xff, 0xfb, 0xf7, 0xf4, 0xff, 0xfb, 0xf7, 0xf4, 0xff,
    0xfb, 0xf7, 0xf4, 0xff, 0xfb, 0xf7, 0xf4, 0xff, 0xfb, 0xf7, 0xf4, 0xff,
    0xfb, 0xf7, 0xf4, 0xff, 0xfb, 0xf7, 0xf4, 0xff, 0xfb, 0xf7, 0xf4, 0xff,
    0xfb, 0xf7, 0xf4, 0xff, 0xfb, 0xf7, 0xf4, 0xff, 0xfb, 0xf7, 0xf4, 0xff,
    0xfb, 0xf7, 0xf4, 0xff, 0xfb, 0xf7, 0xf4, 0xff, 0xfb, 0xf7, 0xf4, 0xff,
    0xfb, 0xf7, 0xf4, 0xff, 0xfb, 0xf7, 0xf4, 0xff, 0xfb, 0xf7, 0xf4, 0xff,
    0xfb, 0xf7, 0xf4, 0xff, 0xfb, 0xf7, 0xf4, 0xff, 0xfb, 0xf7, 0xf4, 0xff,
    0xeb, 0xa0, 0x82, 0xff, 0xdb, 0x48, 0x0f, 0xff, 0xdc, 0x48, 0x0f, 0xff,
    0xdc, 0x48, 0x0f, 0xff, 0xdd, 0x48, 0x0f, 0xff, 0xdd, 0x48, 0x0e, 0xff,
    0xde, 0x48, 0x0e, 0xff, 0xde, 0x48, 0x0e, 0xff, 0xdf, 0x48, 0x0e, 0xff,
    0xdf, 0x48, 0x0e, 0xff, 0xe0, 0x48, 0x0e, 0xff, 0xe1, 0x48, 0x0d, 0xff,
    0xe1, 0x48, 0x0d, 0xff, 0xe2, 0x48, 0x0d, 0xff, 0xe2, 0x48, 0x0d, 0xff,
    0xe3, 0x48, 0x0c, 0xff, 0xe3, 0x48, 0x0c, 0xff, 0xe5, 0x4f, 0x15, 0xff,
    0xe5, 0x4f, 0x15, 0xff, 0xe5, 0x48, 0x0b, 0xff, 0xe5, 0x48, 0x0b, 0xff,
    0xe6, 0x48, 0x0b, 0xff, 0xe7, 0x48, 0x0b, 0xff, 0xe8, 0x4d, 0x12, 0xff,
    0xea, 0x55, 0x1c, 0xff, 0xe8, 0x48, 0x0a, 0xff, 0xe9, 0x48, 0x0a, 0xff,
    0xe9, 0x48, 0x0a, 0xff, 0xea, 0x48, 0x0a, 0xff, 0xea, 0x48, 0x09, 0xff,
    0xeb, 0x48, 0x09, 0xff, 0xeb, 0x48, 0x09, 0xff, 0xec, 0x48, 0x08, 0xff,
    0xec, 0x48, 0x08, 0xff, 0xed, 0x48, 0x08, 0xff, 0xed, 0x48, 0x08, 0xff,
    0xee, 0x48, 0x08, 0xff, 0xee, 0x48, 0x07, 0xff, 0xef, 0x48, 0x07, 0xff,
    0xef, 0x48, 0x07, 0xff, 0xf0, 0x48, 0x06, 0xff, 0xf0, 0x48, 0x07, 0xff,
    0xf1, 0x48, 0x07, 0xff, 0xf1, 0x48, 0x06, 0xff, 0xf2, 0x48, 0x06, 0xff,
    0xf2, 0x48, 0x05, 0xff, 0xfb, 0xf7, 0xf4, 0xff, 0xfb, 0xf7, 0xf4, 0xff,
    0xfb, 0xf7, 0xf4, 0xff, 0xfb, 0xf7, 0xf4, 0xff, 0xfb, 0xf7, 0xf4, 0xff,
    0xfb, 0xf7, 0xf4, 0xff, 0xfb, 0xf7, 0xf4, 0xff, 0xfb, 0xf7, 0xf4, 0xff,
    0xfb, 0xf7, 0xf4, 0xff, 0xfb, 0xf7, 0xf4, 0xff, 0xfb, 0xf7, 0xf4, 0xff,
    0xfb, 0xf7, 0xf4, 0xff, 0xfb, 0xf7, 0xf4, 0xff, 0xfb, 0xf7, 0xf4, 0xff,
    0xfb, 0xf7, 0xf4, 0xff, 0xfb, 0xf7, 0xf4, 0xff, 0xfb, 0xf7, 0xf4, 0xff,
    0xfb, 0xf7, 0xf4, 0xff, 0xfb, 0xf7, 0xf4, 0xff, 0xfb, 0xf7, 0xf4, 0xff,
    0xfb, 0xf7, 0xf4, 0xff, 0xfb, 0xf7, 0xf4, 0xff, 0xfb, 0xf7, 0xf4, 0xff,
    0xfb, 0xf7, 0xf4, 0xff, 0xfb, 0xf7, 0xf4, 0xff, 0xfb, 0xf7, 0xf4, 0xff,
    0xfb, 0xf7, 0xf4, 0xff, 0xfb, 0xf7, 0xf4, 0xff, 0xfb, 0xf7, 0xf4, 0xff,
    0xfb, 0xf7, 0xf4, 0xff, 0xfb, 0xf7, 0xf4, 0xff, 0xfb, 0xf7, 0xf4, 0xff,
    0xfb, 0xf7, 0xf4, 0xff, 0xeb, 0xa0, 0x82, 0xff, 0xdb, 0x48, 0x0f, 0xff,
    0xdc, 0x48, 0x0f, 0xff, 0xdc, 0x48, 0x0f, 0xff, 0xdd, 0x48, 0x0f, 0xff,
    0xdd, 0x48, 0x0e, 0xff, 0xde, 0x48, 0x0e, 0xff, 0xde, 0x48, 0x0e, 0xff,
    0xdf, 0x48, 0x0e, 0xff, 0xdf, 0x48, 0x0e, 0xff, 0xe0, 0x48, 0x0e, 0xff,
    0xe1, 0x48, 0x0d, 0xff, 0xe1, 0x48, 0x0d, 0xff, 0xe2, 0x48, 0x0d, 0xff,
    0xe2, 0x48, 0x0d, 0xff, 0xe3, 0x48, 0x0c, 0xff, 0xe3, 0x48, 0x0c, 0xff,
    0xe4, 0x48, 0x0c, 0xff, 0xe4, 0x48, 0x0c, 0xff, 0xe5, 0x48, 0x0b, 0xff,
    0xe5, 0x48, 0x0b, 0xff, 0xe6, 0x48, 0x0b, 0xff, 0xe7, 0x48, 0x0b, 0xff,
    0xe7, 0x48, 0x0b, 0xff, 0xe8, 0x48, 0x0a, 0xff, 0xe8, 0x48, 0x0a, 0xff,
    0xe9, 0x48, 0x0a, 0xff, 0xe9, 0x48, 0x0a, 0xff, 0xea, 0x48, 0x0a, 0xff,
    0xea, 0x48, 0x09, 0xff, 0xeb, 0x48, 0x09, 0xff, 0xeb, 0x48, 0x09, 0xff,
    0xec, 0x48, 0x08, 0xff, 0xec, 0x48, 0x08, 0xff, 0xed, 0x48, 0x08, 0xff,
    0xed, 0x48, 0x08, 0xff, 0xee, 0x48, 0x08, 0xff, 0xee, 0x48, 0x07, 0xff,
    0xef, 0x48, 0x07, 0xff, 0xef, 0x48, 0x07, 0xff, 0xf0, 0x48, 0x06, 0xff,
    0xf0, 0x48, 0x07, 0xff, 0xf1, 0x48, 0x07, 0xff, 0xf1, 0x48, 0x06, 0xff,
    0xf2, 0x48, 0x06, 0xff, 0xf2, 0x48, 0x05, 0xff, 0xf3, 0x48, 0x06, 0xff,
    0xfb, 0xf7, 0xf4, 0xff, 0xfb, 0xf7, 0xf4, 0xff, 0xfb, 0xf7, 0xf4, 0xff,
    0xfb, 0xf7, 0xf4, 0xff, 0xfb, 0xf7, 0xf4, 0xff, 0xfb, 0xf7, 0xf4, 0xff,
    0xfb, 0xf7, 0xf4, 0xff, 0xfb, 0xf7, 0xf4, 0xff, 0xfb, 0xf7, 0xf4, 0xff,
    0xfb, 0xf7, 0xf4, 0xff, 0xfb, 0xf7, 0xf4, 0xff, 0xfb, 0xf7, 0xf4, 0xff,
    0xfb, 0xf7, 0xf4, 0xff, 0xfb, 0xf7, 0xf4, 0xff, 0xfb, 0xf7, 0xf4, 0xff,
    0xfb, 0xf7, 0xf4, 0xff, 0xfb, 0xf7, 0xf4, 0xff, 0xfb, 0xf7, 0xf4, 0xff,
    0xfb, 0xf7, 0xf4, 0xff, 0xfb, 0xf7, 0xf4, 0xff, 0xfb, 0xf7, 0xf4, 0xff,
    0xfb, 0xf7, 0xf4, 0xff, 0xfb, 0xf7, 0xf4, 0xff, 0xfb, 0xf7, 0xf4, 0xff,
    0xfb, 0xf7, 0xf4, 0xff, 0xfb, 0xf7, 0xf4, 0xff, 0xfb, 0xf7, 0xf4, 0xff,
    0xfb, 0xf7, 0xf4, 0xff, 0xfb, 0xf7, 0xf4, 0xff, 0xfb, 0xf7, 0xf4, 0xff,
    0xfb, 0xf7, 0xf4, 0xff, 0xfb, 0xf7, 0xf4, 0xff, 0xeb, 0xa0, 0x82, 0xff,
    0xdb, 0x48, 0x0f, 0xff, 0xdc, 0x48, 0x0f, 0xff, 0xdc, 0x48, 0x0f, 0xff,
    0xdd, 0x48, 0x0f, 0xff, 0xdd, 0x48, 0x0e, 0xff, 0xde, 0x48, 0x0e, 0xff,
    0xde, 0x48, 0x0e, 0xff, 0xdf, 0x48, 0x0e, 0xff, 0xdf, 0x48, 0x0e, 0xff,
    0xe0, 0x48, 0x0e, 0xff, 0xe1, 0x48, 0x0d, 0xff, 0xe1, 0x48, 0x0d, 0xff,
    0xe2, 0x48, 0x0d, 0xff, 0xe2, 0x48, 0x0d, 0xff, 0xe3, 0x48, 0x0c, 0xff,
    0xe3, 0x48, 0x0c, 0xff, 0xe4, 0x48, 0x0c, 0xff, 0xe4, 0x48, 0x0c, 0xff,
    0xe5, 0x48, 0x0b, 0xff, 0xe5, 0x49, 0x0c, 0xff, 0xf0, 0x94, 0x71, 0xff,
    0xf8, 0xd1, 0xc2, 0xff, 0xf8, 0xd1, 0xc2, 0xff, 0xf1, 0x93, 0x6f, 0xff,
    0xe8, 0x49, 0x0b, 0xff, 0xe9, 0x48, 0x0a, 0xff, 0xe9, 0x48, 0x0a, 0xff,
    0xea, 0x48, 0x0a, 0xff, 0xea, 0x48, 0x09, 0xff, 0xeb, 0x48, 0x09, 0xff,
    0xeb, 0x48, 0x09, 0xff, 0xec, 0x48, 0x08, 0xff, 0xec, 0x48, 0x08, 0xff,
    0xed, 0x48, 0x08, 0xff, 0xed, 0x48, 0x08, 0xff, 0xee, 0x48, 0x08, 0xff,
    0xee, 0x48, 0x07, 0xff, 0xef, 0x48, 0x07, 0xff, 0xef, 0x48, 0x07, 0xff,
    0xf0, 0x48, 0x06, 0xff, 0xf0, 0x48, 0x07, 0xff, 0xf1, 0x48, 0x07, 0xff,
    0xf1, 0x48, 0x06, 0xff, 0xf2, 0x48, 0x06, 0xff, 0xf2, 0x48, 0x05, 0xff,
    0xf3, 0x48, 0x06, 0xff, 0xf3, 0x48, 0x05, 0xff, 0xfb, 0xf7, 0xf4, 0xff,
    0xfb, 0xf7, 0xf4, 0xff, 0xfb, 0xf7, 0xf4, 0xff, 0xfb, 0xf7, 0xf4, 0xff,
    0xfb, 0xf7, 0xf4, 0xff, 0xfb, 0xf7, 0xf4, 0xff, 0xfb, 0xf7, 0xf4, 0xff,
    0xfb, 0xf7, 0xf4, 0xff, 0xfb, 0xf7, 0xf4, 0xff, 0xfb, 0xf7, 0xf4, 0xff,
    0xfb, 0xf7, 0xf4, 0xff, 0xfb, 0xf7, 0xf4, 0xff, 0xfb, 0xf7, 0xf4, 0xff,
    0xfb, 0xf7, 0xf4, 0xff, 0xfb, 0xf7, 0xf4, 0xff, 0xfb, 0xf7, 0xf4, 0xff,
    0xfb, 0xf7, 0xf4, 0xff, 0xfb, 0xf7, 0xf4, 0xff, 0xfb, 0xf7, 0xf4, 0xff,
    0xfb, 0xf7, 0xf4, 0xff, 0xfb, 0xf7, 0xf4, 0xff, 0xfb, 0xf7, 0xf4, 0xff,
    0xfb, 0xf7, 0xf4, 0xff, 0xfb, 0xf7, 0xf4, 0xff, 0xfb, 0xf7, 0xf4, 0xff,
    0xfb, 0xf7, 0xf4, 0xff, 0xfb, 0xf7, 0xf4, 0xff, 0xfb, 0xf7, 0xf4, 0xff,
    0xfb, 0xf7, 0xf4, 0xff, 0xfb, 0xf7, 0xf4, 0xff, 0xfb, 0xf7, 0xf4, 0xff,
    0xeb, 0xa0, 0x82, 0xff, 0xdb, 0x48, 0x0f, 0xff, 0xdc, 0x48, 0x0f, 0xff,
    0xdc, 0x48, 0x0f, 0xff, 0xdd, 0x48, 0x0f, 0xff, 0xdd, 0x48, 0x0e, 0xff,
    0xde, 0x48, 0x0e, 0xff, 0xde, 0x48, 0x0e, 0xff, 0xdf, 0x48, 0x0e, 0xff,
    0xdf, 0x48, 0x0e, 0xff, 0xe0, 0x48, 0x0e, 0xff, 0xe1, 0x48, 0x0d, 0xff,
    0xe1, 0x48, 0x0d, 0xff, 0xe2, 0x48, 0x0d, 0xff, 0xe2, 0x48, 0x0d, 0xff,
    0xe3, 0x48, 0x0c, 0xff, 0xe3, 0x48, 0x0c, 0xff, 0xe4, 0x48, 0x0c, 0xff,
    0xe4, 0x48, 0x0c, 0xff, 0xe5, 0x48, 0x0b, 0xff, 0xe5, 0x48, 0x0b, 0xff,
    0xed, 0x7f, 0x55, 0xff, 0xf9, 0xd8, 0xcc, 0xff, 0xf9, 0xd8, 0xcc, 0xff,
    0xf9, 0xd8, 0xcc, 0xff, 0xf9, 0xd8, 0xcc, 0xff, 0xef, 0x7b, 0x4e, 0xff,
    0xe9, 0x48, 0x0a, 0xff, 0xea, 0x48, 0x0a, 0xff, 0xeb, 0x50, 0x13, 0xff,
    0xeb, 0x49, 0x0b, 0xff, 0xeb, 0x48, 0x09, 0xff, 0xec, 0x48, 0x08, 0xff,
    0xec, 0x48, 0x08, 0xff, 0xed, 0x48, 0x08, 0xff, 0xed, 0x48, 0x08, 0xff,
    0xee, 0x48, 0x08, 0xff, 0xee, 0x48, 0x07, 0xff, 0xef, 0x48, 0x07, 0xff,
    0xef, 0x48, 0x07, 0xff, 0xf0, 0x48, 0x06, 0xff, 0xf0, 0x48, 0x07, 0xff,
    0xf1, 0x48, 0x07, 0xff, 0xf1, 0x48, 0x06, 0xff, 0xf2, 0x48, 0x06, 0xff,
    0xf2, 0x48, 0x05, 0xff, 0xf3, 0x48, 0x06, 0xff, 0xf3, 0x48, 0x05, 0xff,
    0xf3, 0x48, 0x05, 0xff, 0xfb, 0xf7, 0xf4, 0xff, 0xfb, 0xf7, 0xf4, 0xff,
    0xfb, 0xf7, 0xf4, 0xff, 0xfb, 0xf7, 0xf4, 0xff, 0xfb, 0xf7, 0xf4, 0xff,
    0xfb, 0xf7, 0xf4, 0xff, 0xfb, 0xf7, 0xf4, 0xff, 0xfb, 0xf7, 0xf4, 0xff,
    0xfb, 0xf7, 0xf4, 0xff, 0xfb, 0xf7, 0xf4, 0xff, 0xfb, 0xf7, 0xf4, 0xff,
    0xfb, 0xf7, 0xf4, 0xff, 0xfb, 0xf7, 0xf4, 0xff, 0xfb, 0xf7, 0xf4, 0xff,
    0xfb, 0xf7, 0xf4, 0xff, 0xfb, 0xf7, 0xf4, 0xff, 0xfb, 0xf7, 0xf4, 0xff,
    0xfb, 0xf7, 0xf4, 0xff, 0xfb, 0xf7, 0xf4, 0xff, 0xfb, 0xf7, 0xf4, 0xff,
    0xfb, 0xf7, 0xf4, 0xff, 0xfb, 0xf7, 0xf4, 0xff, 0xfb, 0xf7, 0xf4, 0xff,
    0xfb, 0xf7, 0xf4, 0xff, 0xfb, 0xf7, 0xf4, 0xff, 0xfb, 0xf7, 0xf4, 0xff,
    0xfb, 0xf7, 0xf4, 0xff, 0xfb, 0xf7, 0xf4, 0xff, 0xfb, 0xf7, 0xf4, 0xff,
    0xfb, 0xf7, 0xf4, 0xff, 0xeb, 0xa0, 0x82, 0xff, 0xdb, 0x48, 0x0f, 0xff,
    0xdc, 0x48, 0x0f, 0xff, 0xdc, 0x48, 0x0f, 0xff, 0xdd, 0x48, 0x0f, 0xff,
    0xdd, 0x48, 0x0e, 0xff, 0xde, 0x48, 0x0e, 0xff, 0xde, 0x48, 0x0e, 0xff,
    0xdf, 0x48, 0x0e, 0xff, 0xdf, 0x48, 0x0e, 0xff, 0xe0, 0x48, 0x0e, 0xff,
    0xe1, 0x48, 0x0d, 0xff, 0xe1, 0x48, 0x0d, 0xff, 0xe2, 0x48, 0x0d, 0xff,
    0xe4, 0x58, 0x22, 0xff, 0xe9, 0x70, 0x42, 0xff, 0xed, 0x8a, 0x64, 0xff,
    0xf1, 0xa3, 0x85, 0xff, 0xf4, 0xbc, 0xa6, 0xff, 0xf0, 0x9b, 0x7b, 0xff,
    0xe5, 0x48, 0x0b, 0xff, 0xe6, 0x48, 0x0b, 0xff, 0xf2, 0xa4, 0x86, 0xff,
    0xf9, 0xd8, 0xcc, 0xff, 0xf9, 0xd8, 0xcc, 0xff, 0xf9, 0xd8, 0xcc, 0xff,
    0xf9, 0xd8, 0xcc, 0xff, 0xf2, 0x9d, 0x7c, 0xff, 0xea, 0x48, 0x0a, 0xff,
    0xea, 0x48, 0x09, 0xff, 0xf2, 0x93, 0x6e, 0xff, 0xf9, 0xd3, 0xc5, 0xff,
    0xf7, 0xba, 0xa3, 0xff, 0xf4, 0xa1, 0x81, 0xff, 0xf3, 0x88, 0x5f, 0xff,
    0xf0, 0x6f, 0x3d, 0xff, 0xef, 0x55, 0x19, 0xff, 0xee, 0x48, 0x07, 0xff,
    0xef, 0x48, 0x07, 0xff, 0xef, 0x48, 0x07, 0xff, 0xf0, 0x48, 0x06, 0xff,
    0xf0, 0x48, 0x07, 0xff, 0xf1, 0x48, 0x07, 0xff, 0xf1, 0x48, 0x06, 0xff,
    0xf2, 0x48, 0x06, 0xff, 0xf2, 0x48, 0x05, 0xff, 0xf3, 0x48, 0x06, 0xff,
    0xf3, 0x48, 0x05, 0xff, 0xf3, 0x48, 0x05, 0xff, 0xf4, 0x48, 0x05, 0xff,
    0xfb, 0xf7, 0xf4, 0xff, 0xfb, 0xf7, 0xf4, 0xff, 0xfb, 0xf7, 0xf4, 0xff,
    0xfb, 0xf7, 0xf4, 0xff, 0xfb, 0xf7, 0xf4, 0xff, 0xfb, 0xf7, 0xf4, 0xff,
    0xfb, 0xf7, 0xf4, 0xff, 0xfb, 0xf7, 0xf4, 0xff, 0xfb, 0xf7, 0xf4, 0xff,
    0xfb, 0xf7, 0xf4, 0xff, 0xfb, 0xf7, 0xf4, 0xff, 0xfb, 0xf7, 0xf4, 0xff,
    0xfb, 0xf7, 0xf4, 0xff, 0xfb, 0xf7, 0xf4, 0xff, 0xfb, 0xf7, 0xf4, 0xff,
    0xfb, 0xf7, 0xf4, 0xff, 0xfb, 0xf7, 0xf4, 0xff, 0xfb, 0xf7, 0xf4, 0xff,
    0xfb, 0xf7, 0xf4, 0xff, 0xfb, 0xf7, 0xf4, 0xff, 0xfb, 0xf7, 0xf4, 0xff,
    0xfb, 0xf7, 0xf4, 0xff, 0xfb, 0xf7, 0xf4, 0xff, 0xfb, 0xf7, 0xf4, 0xff,
    0xfb, 0xf7, 0xf4, 0xff, 0xfb, 0xf7, 0xf4, 0xff, 0xfb, 0xf7, 0xf4, 0xff,
    0xfb, 0xf7, 0xf4, 0xff, 0xfb, 0xf7, 0xf4, 0xff, 0xeb, 0xa0, 0x82, 0xff,
    0xdb, 0x48, 0x0f, 0xff, 0xdc, 0x48, 0x0f, 0xff, 0xdc, 0x48, 0x0f, 0xff,
    0xdd, 0x48, 0x0f, 0xff, 0xdd, 0x48, 0x0e, 0xff, 0xde, 0x48, 0x0e, 0xff,
    0xde, 0x48, 0x0e, 0xff, 0xdf, 0x48, 0x0e, 0xff, 0xdf, 0x48, 0x0e, 0xff,
    0xe0, 0x48, 0x0e, 0xff, 0xe1, 0x48, 0x0d, 0xff, 0xe3, 0x52, 0x1a, 0xff,
    0xee, 0x9b, 0x7c, 0xff, 0xf6, 0xcb, 0xbb, 0xff, 0xf8, 0xd8, 0xcc, 0xff,
    0xf8, 0xd8, 0xcc, 0xff, 0xf8, 0xd8, 0xcc, 0xff, 0xf8, 0xd8, 0xcc, 0xff,
    0xf8, 0xd8, 0xcc, 0xff, 0xf3, 0xaf, 0x95, 0xff, 0xe6, 0x48, 0x0b, 0xff,
    0xe7, 0x48, 0x0b, 0xff, 0xef, 0x8a, 0x64, 0xff, 0xf9, 0xd8, 0xcc, 0xff,
    0xf9, 0xd8, 0xcc, 0xff, 0xf9, 0xd8, 0xcc, 0xff, 0xf9, 0xd8, 0xcc, 0xff,
    0xf1, 0x86, 0x5e, 0xff, 0xea, 0x48, 0x09, 0xff, 0xeb, 0x48, 0x09, 0xff,
    0xf4, 0xa4, 0x85, 0xff, 0xfa, 0xd8, 0xcb, 0xff, 0xfa, 0xd8, 0xcb, 0xff,
    0xfa, 0xd8, 0xcb, 0xff, 0xfa, 0xd8, 0xcb, 0xff, 0xfa, 0xd8, 0xcb, 0xff,
    0xfa, 0xd7, 0xca, 0xff, 0xf7, 0xb4, 0x9a, 0xff, 0xf1, 0x5f, 0x26, 0xff,
    0xf0, 0x48, 0x06, 0xff, 0xf0, 0x48, 0x07, 0xff, 0xf1, 0x48, 0x07, 0xff,
    0xf1, 0x48, 0x06, 0xff, 0xf2, 0x48, 0x06, 0xff, 0xf2, 0x48, 0x05, 0xff,
    0xf3, 0x48, 0x06, 0xff, 0xf3, 0x48, 0x05, 0xff, 0xf3, 0x48, 0x05, 0xff,
    0xf4, 0x48, 0x05, 0xff, 0xf4, 0x48, 0x05, 0xff, 0xfb, 0xf7, 0xf4, 0xff,
    0xfb, 0xf7, 0xf4, 0xff, 0xfb, 0xf7, 0xf4, 0xff, 0xfb, 0xf7, 0xf4, 0xff,
    0xfb, 0xf7, 0xf4, 0xff, 0xfb, 0xf7, 0xf4, 0xff, 0xfb, 0xf7, 0xf4, 0xff,
    0xfb, 0xf7, 0xf4, 0xff, 0xfb, 0xf7, 0xf4, 0xff, 0xfb, 0xf7, 0xf4, 0xff,
    0xfb, 0xf7, 0xf4, 0xff, 0xfb, 0xf7, 0xf4, 0xff, 0xfb, 0xf7, 0xf4, 0xff,
    0xfb, 0xf7, 0xf4, 0xff, 0xfb, 0xf7, 0xf4, 0xff, 0xfb, 0xf7, 0xf4, 0xff,
    0xfb, 0xf7, 0xf4, 0xff, 0xfb, 0xf7, 0xf4, 0xff, 0xfb, 0xf7, 0xf4, 0xff,
    0xfb, 0xf7, 0xf4, 0xff, 0xfb, 0xf7, 0xf4, 0xff, 0xfb, 0xf7, 0xf4, 0xff,
    0xfb, 0xf7, 0xf4, 0xff, 0xfb, 0xf7, 0xf4, 0xff, 0xfb, 0xf7, 0xf4, 0xff,
    0xfb, 0xf7, 0xf4, 0xff, 0xfb, 0xf7, 0xf4, 0xff, 0xfb, 0xf7, 0xf4, 0xff,
    0xeb, 0xa0, 0x82, 0xff, 0xdb, 0x48, 0x0f, 0xff, 0xdc, 0x48, 0x0f, 0xff,
    0xdc, 0x48, 0x0f, 0xff, 0xdd, 0x48, 0x0f, 0xff, 0xdd, 0x48, 0x0e, 0xff,
    0xde, 0x48, 0x0e, 0xff, 0xde, 0x48, 0x0e, 0xff, 0xdf, 0x48, 0x0e, 0xff,
    0xdf, 0x48, 0x0e, 0xff, 0xe0, 0x48, 0x0e, 0xff, 0xe1, 0x48, 0x0d, 0xff,
    0xe3, 0x52, 0x1a, 0xff, 0xf4, 0xc2, 0xaf, 0xff, 0xf8, 0xd8, 0xcc, 0xff,
    0xf8, 0xd8, 0xcc, 0xff, 0xf8, 0xd8, 0xcc, 0xff, 0xf8, 0xd8, 0xcc, 0xff,
    0xf8, 0xd8, 0xcc, 0xff, 0xf8, 0xd8, 0xcc, 0xff, 0xf8, 0xd8, 0xcc, 0xff,
    0xf7, 0xd1, 0xc2, 0xff, 0xe8, 0x51, 0x17, 0xff, 0xe7, 0x48, 0x0b, 0xff,
    0xe9, 0x4e, 0x12, 0xff, 0xf3, 0xa9, 0x8d, 0xff, 0xf9, 0xd8, 0xcc, 0xff,
    0xf9, 0xd8, 0xcc, 0xff, 0xf4, 0xa7, 0x89, 0xff, 0xea, 0x4a, 0x0c, 0xff,
    0xeb, 0x48, 0x09, 0xff, 0xeb, 0x4c, 0x0f, 0xff, 0xf8, 0xc8, 0xb6, 0xff,
    0xfa, 0xd8, 0xcb, 0xff, 0xfa, 0xd8, 0xcb, 0xff, 0xfa, 0xd8, 0xcb, 0xff,
    0xfa, 0xd8, 0xcb, 0xff, 0xfa, 0xd8, 0xcb, 0xff, 0xfa, 0xd8, 0xcb, 0xff,
    0xfa, 0xd8, 0xcb, 0xff, 0xfa, 0xcc, 0xba, 0xff, 0xf1, 0x58, 0x1c, 0xff,
    0xf1, 0x48, 0x07, 0xff, 0xf1, 0x48, 0x06, 0xff, 0xf2, 0x48, 0x06, 0xff,
    0xf2, 0x48, 0x05, 0xff, 0xf3, 0x48, 0x06, 0xff, 0xf3, 0x48, 0x05, 0xff,
    0xf3, 0x48, 0x05, 0xff, 0xf4, 0x48, 0x05, 0xff, 0xf4, 0x48, 0x05, 0xff,
    0xf5, 0x48, 0x04, 0xff, 0xfb, 0xf7, 0xf4, 0xff, 0xfb, 0xf7, 0xf4, 0xff,
    0xfb, 0xf7, 0xf4, 0xff, 0xfb, 0xf7, 0xf4, 0xff, 0xfb, 0xf7, 0xf4, 0xff,
    0xfb, 0xf7, 0xf4, 0xff, 0xfb, 0xf7, 0xf4, 0xff, 0xfb, 0xf7, 0xf4, 0xff,
    0xfb, 0xf7, 0xf4, 0xff, 0xfb, 0xf7, 0xf4, 0xff, 0xfb, 0xf7, 0xf4, 0xff,
    0xfb, 0xf7, 0xf4, 0xff, 0xfb, 0xf7, 0xf4, 0xff, 0xfb, 0xf7, 0xf4, 0xff,
    0xfb, 0xf7, 0xf4, 0xff, 0xfb, 0xf7, 0xf4, 0xff, 0xfb, 0xf7, 0xf4, 0xff,
    0xfb, 0xf7, 0xf4, 0xff, 0xfb, 0xf7, 0xf4, 0xff, 0xfb, 0xf7, 0xf4, 0xff,
    0xfb, 0xf7, 0xf4, 0xff, 0xfb, 0xf7, 0xf4, 0xff, 0xfb, 0xf7, 0xf4, 0xff,
    0xfb, 0xf7, 0xf4, 0xff, 0xfb, 0xf7, 0xf4, 0xff, 0xfb, 0xf7, 0xf4, 0xff,
    0xfb, 0xf7, 0xf4, 0xff, 0xeb, 0xa0, 0x82, 0xff, 0xdb, 0x48, 0x0f, 0xff,
    0xdc, 0x48, 0x0f, 0xff, 0xdc, 0x48, 0x0f, 0xff, 0xdd, 0x48, 0x0f, 0xff,
    0xdd, 0x48, 0x0e, 0xff, 0xde, 0x48, 0x0e, 0xff, 0xde, 0x48, 0x0e, 0xff,
    0xdf, 0x48, 0x0e, 0xff, 0xdf, 0x48, 0x0e, 0xff, 0xe0, 0x48, 0x0e, 0xff,
    0xe1, 0x48, 0x0d, 0xff, 0xe1, 0x48, 0x0d, 0xff, 0xee, 0x99, 0x79, 0xff,
    0xf8, 0xd8, 0xcc, 0xff, 0xf8, 0xd8, 0xcc, 0xff, 0xf8, 0xd8, 0xcc, 0xff,
    0xf8, 0xd8, 0xcc, 0xff, 0xf8, 0xd8, 0xcc, 0xff, 0xf8, 0xd8, 0xcc, 0xff,
    0xf8, 0xd8, 0xcc, 0xff, 0xf8, 0xd8, 0xcc, 0xff, 0xf9, 0xd8, 0xcc, 0xff,
    0xf2, 0xa0, 0x80, 0xff, 0xe8, 0x48, 0x0a, 0xff, 0xe8, 0x48, 0x0a, 0xff,
    0xe9, 0x48, 0x0a, 0xff, 0xeb, 0x59, 0x21, 0xff, 0xec, 0x58, 0x1f, 0xff,
    0xea, 0x48, 0x09, 0xff, 0xeb, 0x48, 0x09, 0xff, 0xeb, 0x48, 0x09, 0xff,
    0xf3, 0x91, 0x6b, 0xff, 0xfa, 0xd8, 0xcb, 0xff, 0xfa, 0xd8, 0xcb, 0xff,
    0xfa, 0xd8, 0xcb, 0xff, 0xfa, 0xd8, 0xcb, 0xff, 0xfa, 0xd8, 0xcb, 0xff,
    0xfa, 0xd8, 0xcb, 0xff, 0xfa, 0xd8, 0xcb, 0xff, 0xfa, 0xd8, 0xcb, 0xff,
    0xfa, 0xd8, 0xcb, 0xff, 0xf7, 0x9e, 0x7c, 0xff, 0xf1, 0x48, 0x06, 0xff,
    0xf2, 0x48, 0x06, 0xff, 0xf2, 0x48, 0x05, 0xff, 0xf3, 0x48, 0x06, 0xff,
    0xf3, 0x48, 0x05, 0xff, 0xf3, 0x48, 0x05, 0xff, 0xf4, 0x48, 0x05, 0xff,
    0xf4, 0x48, 0x05, 0xff, 0xf5, 0x48, 0x04, 0xff, 0xf5, 0x48, 0x04, 0xff,
    0xfb, 0xf7, 0xf4, 0xff, 0xfb, 0xf7, 0xf4, 0xff, 0xfb, 0xf7, 0xf4, 0xff,
    0xfb, 0xf7, 0xf4, 0xff, 0xfb, 0xf7, 0xf4, 0xff, 0xfb, 0xf7, 0xf4, 0xff,
    0xfb, 0xf7, 0xf4, 0xff, 0xfb, 0xf7, 0xf4, 0xff, 0xfb, 0xf7, 0xf4, 0xff,
    0xfb, 0xf7, 0xf4, 0xff, 0xfb, 0xf7, 0xf4, 0xff, 0xfb, 0xf7, 0xf4, 0xff,
    0xfb, 0xf7, 0xf4, 0xff, 0xfb, 0xf7, 0xf4, 0xff, 0xfb, 0xf7, 0xf4, 0xff,
    0xfb, 0xf7, 0xf4, 0xff, 0xfb, 0xf7, 0xf4, 0xff, 0xfb, 0xf7, 0xf4, 0xff,
    0xfb, 0xf7, 0xf4, 0xff, 0xfb, 0xf7, 0xf4, 0xff, 0xfb, 0xf7, 0xf4, 0xff,
    0xfb, 0xf7, 0xf4, 0xff, 0xfb, 0xf7, 0xf4, 0xff, 0xfb, 0xf7, 0xf4, 0xff,
    0xfb, 0xf7, 0xf4, 0xff, 0xfb, 0xf7, 0xf4, 0xff, 0xeb, 0xa0, 0x82, 0xff,
    0xdb, 0x48, 0x0f, 0xff, 0xdc, 0x48, 0x0f, 0xff, 0xdc, 0x48, 0x0f, 0xff,
    0xdd, 0x48, 0x0f, 0xff, 0xdd, 0x48, 0x0e, 0xff, 0xde, 0x48, 0x0e, 0xff,
    0xde, 0x48, 0x0e, 0xff, 0xdf, 0x48, 0x0e, 0xff, 0xdf, 0x48, 0x0e, 0xff,
    0xe0, 0x48, 0x0e, 0xff, 0xe1, 0x48, 0x0d, 0xff, 0xe1, 0x48, 0x0d, 0xff,
    0xe2, 0x48, 0x0d, 0xff, 0xf5, 0xc7, 0xb6, 0xff, 0xf8, 0xd8, 0xcc, 0xff,
    0xf8, 0xd8, 0xcc, 0xff, 0xf8, 0xd8, 0xcc, 0xff, 0xf8, 0xd8, 0xcc, 0xff,
    0xf8, 0xd8, 0xcc, 0xff, 0xf8, 0xd8, 0xcc, 0xff, 0xf8, 0xd8, 0xcc, 0xff,
    0xf9, 0xd8, 0xcc, 0xff, 0xf9, 0xd8, 0xcc, 0xff, 0xf9, 0xd8, 0xcc, 0xff,
    0xf2, 0x9b, 0x7a, 0xff, 0xea, 0x4d, 0x11, 0xff, 0xe9, 0x48, 0x0a, 0xff,
    0xea, 0x48, 0x0a, 0xff, 0xea, 0x48, 0x09, 0xff, 0xeb, 0x48, 0x09, 0xff,
    0xeb, 0x4c, 0x0e, 0xff, 0xf3, 0x92, 0x6c, 0xff, 0xfa, 0xd7, 0xca, 0xff,
    0xfa, 0xd8, 0xcb, 0xff, 0xfa, 0xd8, 0xcb, 0xff, 0xfa, 0xd8, 0xcb, 0xff,
    0xfa, 0xd8, 0xcb, 0xff, 0xfa, 0xd8, 0xcb, 0xff, 0xfa, 0xd8, 0xcb, 0xff,
    0xfa, 0xd8, 0xcb, 0xff, 0xfa, 0xd8, 0xcb, 0xff, 0xfb, 0xd8, 0xcb, 0xff,
    0xfa, 0xc9, 0xb7, 0xff, 0xf2, 0x48, 0x06, 0xff, 0xf2, 0x48, 0x05, 0xff,
    0xf3, 0x48, 0x06, 0xff, 0xf3, 0x48, 0x05, 0xff, 0xf3, 0x48, 0x05, 0xff,
    0xf4, 0x48, 0x05, 0xff, 0xf4, 0x48, 0x05, 0xff, 0xf5, 0x48, 0x04, 0xff,
    0xf5, 0x48, 0x04, 0xff, 0xf6, 0x48, 0x04, 0xff, 0xfb, 0xf7, 0xf4, 0xff,
    0xfb, 0xf7, 0xf4, 0xff, 0xfb, 0xf7, 0xf4, 0xff, 0xfb, 0xf7, 0xf4, 0xff,
    0xfb, 0xf7, 0xf4, 0xff, 0xfb, 0xf7, 0xf4, 0xff, 0xfb, 0xf7, 0xf4, 0xff,
    0xfb, 0xf7, 0xf4, 0xff, 0xfb, 0xf7, 0xf4, 0xff, 0xfb, 0xf7, 0xf4, 0xff,
    0xfb, 0xf7, 0xf4, 0xff, 0xfb, 0xf7, 0xf4, 0xff, 0xfb, 0xf7, 0xf4, 0xff,
    0xfb, 0xf7, 0xf4, 0xff, 0xfb, 0xf7, 0xf4, 0xff, 0xfb, 0xf7, 0xf4, 0xff,
    0xfb, 0xf7, 0xf4, 0xff, 0xfb, 0xf7, 0xf4, 0xff, 0xfb, 0xf7, 0xf4, 0xff,
    0xfb, 0xf7, 0xf4, 0xff, 0xfb, 0xf7, 0xf4, 0xff, 0xfb, 0xf7, 0xf4, 0xff,
    0xfb, 0xf7, 0xf4, 0xff, 0xfb, 0xf7, 0xf4, 0xff, 0xfb, 0xf7, 0xf4, 0xff,
    0xeb, 0xa0, 0x82, 0xff, 0xdb, 0x48, 0x0f, 0xff, 0xdc, 0x48, 0x0f, 0xff,
    0xdc, 0x48, 0x0f, 0xff, 0xdd, 0x48, 0x0f, 0xff, 0xdd, 0x48, 0x0e, 0xff,
    0xde, 0x48, 0x0e, 0xff, 0xde, 0x48, 0x0e, 0xff, 0xdf, 0x48, 0x0e, 0xff,
    0xdf, 0x48, 0x0e, 0xff, 0xe0, 0x48, 0x0e, 0xff, 0xe1, 0x48, 0x0d, 0xff,
    0xe1, 0x48, 0x0d, 0xff, 0xe2, 0x48, 0x0d, 0xff, 0xe2, 0x48, 0x0d, 0xff,
    0xf8, 0xd7, 0xca, 0xff, 0xf8, 0xd8, 0xcc, 0xff, 0xf8, 0xd8, 0xcc, 0xff,
    0xf8, 0xd8, 0xcc, 0xff, 0xf8, 0xd8, 0xcc, 0xff, 0xf8, 0xd8, 0xcc, 0xff,
    0xf8, 0xd8, 0xcc, 0xff, 0xf9, 0xd8, 0xcc, 0xff, 0xf9, 0xd8, 0xcc, 0xff,
    0xf9, 0xd8, 0xcc, 0xff, 0xf9, 0xd8, 0xcc, 0xff, 0xf9, 0xd8, 0xcc, 0xff,
    0xf0, 0x8a, 0x63, 0xff, 0xea, 0x48, 0x0a, 0xff, 0xea, 0x48, 0x09, 0xff,
    0xeb, 0x48, 0x09, 0xff, 0xeb, 0x48, 0x09, 0xff, 0xf0, 0x74, 0x43, 0xff,
    0xfa, 0xd7, 0xca, 0xff, 0xfa, 0xd8, 0xcb, 0xff, 0xfa, 0xd8, 0xcb, 0xff,
    0xfa, 0xd8, 0xcb, 0xff, 0xfa, 0xd8, 0xcb, 0xff, 0xfa, 0xd8, 0xcb, 0xff,
    0xfa, 0xd8, 0xcb, 0xff, 0xfa, 0xd8, 0xcb, 0xff, 0xfa, 0xd8, 0xcb, 0xff,
    0xfb, 0xd8, 0xcb, 0xff, 0xfb, 0xd8, 0xcb, 0xff, 0xfb, 0xd4, 0xc5, 0xff,
    0xf2, 0x48, 0x05, 0xff, 0xf3, 0x48, 0x06, 0xff, 0xf3, 0x48, 0x05, 0xff,
    0xf3, 0x48, 0x05, 0xff, 0xf4, 0x48, 0x05, 0xff, 0xf4, 0x48, 0x05, 0xff,
    0xf5, 0x48, 0x04, 0xff, 0xf5, 0x48, 0x04, 0xff, 0xf6, 0x48, 0x04, 0xff,
    0xf6, 0x48, 0x04, 0xff, 0xfb, 0xf7, 0xf4, 0xff, 0xfb, 0xf7, 0xf4, 0xff,
    0xfb, 0xf7, 0xf4, 0xff, 0xfb, 0xf7, 0xf4, 0xff, 0xfb, 0xf7, 0xf4, 0xff,
    0xfb, 0xf7, 0xf4, 0xff, 0xfb, 0xf7, 0xf4, 0xff, 0xfb, 0xf7, 0xf4, 0xff,
    0xfb, 0xf7, 0xf4, 0xff, 0xfb, 0xf7, 0xf4, 0xff, 0xfb, 0xf7, 0xf4, 0xff,
    0xfb, 0xf7, 0xf4, 0xff, 0xfb, 0xf7, 0xf4, 0xff, 0xfb, 0xf7, 0xf4, 0xff,
    0xfb, 0xf7, 0xf4, 0xff, 0xfb, 0xf7, 0xf4, 0xff, 0xfb, 0xf7, 0xf4, 0xff,
    0xfb, 0xf7, 0xf4, 0xff, 0xfb, 0xf7, 0xf4, 0xff, 0xfb, 0xf7, 0xf4, 0xff,
    0xfb, 0xf7, 0xf4, 0xff, 0xfb, 0xf7, 0xf4, 0xff, 0xfb, 0xf7, 0xf4, 0xff,
    0xfb, 0xf7, 0xf4, 0xff, 0xeb, 0xa0, 0x82, 0xff, 0xdb, 0x48, 0x0f, 0xff,
    0xdc, 0x48, 0x0f, 0xff, 0xdc, 0x48, 0x0f, 0xff, 0xdd, 0x48, 0x0f, 0xff,
    0xdd, 0x48, 0x0e, 0xff, 0xde, 0x48, 0x0e, 0xff, 0xde, 0x48, 0x0e, 0xff,
    0xdf, 0x48, 0x0e, 0xff, 0xdf, 0x48, 0x0e, 0xff, 0xe0, 0x48, 0x0e, 0xff,
    0xe1, 0x48, 0x0d, 0xff, 0xe1, 0x48, 0x0d, 0xff, 0xe2, 0x48, 0x0d, 0xff,
    0xe2, 0x48, 0x0d, 0xff, 0xe3, 0x48, 0x0c, 0xff, 0xf5, 0xc4, 0xb2, 0xff,
    0xf8, 0xd8, 0xcc, 0xff, 0xf8, 0xd8, 0xcc, 0xff, 0xf8, 0xd8, 0xcc, 0xff,
    0xf8, 0xd8, 0xcc, 0xff, 0xf8, 0xd8, 0xcc, 0xff, 0xf9, 0xd8, 0xcc, 0xff,
    0xf9, 0xd8, 0xcc, 0xff, 0xf9, 0xd8, 0xcc, 0xff, 0xf9, 0xd8, 0xcc, 0xff,
    0xf9, 0xd8, 0xcc, 0xff, 0xf3, 0xa4, 0x86, 0xff, 0xea, 0x49, 0x0b, 0xff,
    0xea, 0x48, 0x09, 0xff, 0xeb, 0x48, 0x09, 0xff, 0xeb, 0x48, 0x09, 0xff,
    0xec, 0x48, 0x08, 0xff, 0xec, 0x48, 0x08, 0xff, 0xf3, 0x8c, 0x64, 0xff,
    0xfa, 0xd8, 0xcb, 0xff, 0xfa, 0xd8, 0xcb, 0xff, 0xfa, 0xd8, 0xcb, 0xff,
    0xfa, 0xd8, 0xcb, 0xff, 0xfa, 0xd8, 0xcb, 0xff, 0xfa, 0xd8, 0xcb, 0xff,
    0xfa, 0xd8, 0xcb, 0xff, 0xfb, 0xd8, 0xcb, 0xff, 0xfb, 0xd8, 0xcb, 0xff,
    0xfb, 0xd8, 0xcb, 0xff, 0xf9, 0xc2, 0xad, 0xff, 0xf3, 0x48, 0x06, 0xff,
    0xf3, 0x48, 0x05, 0xff, 0xf3, 0x48, 0x05, 0xff, 0xf4, 0x48, 0x05, 0xff,
    0xf4, 0x48, 0x05, 0xff, 0xf5, 0x48, 0x04, 0xff, 0xf5, 0x48, 0x04, 0xff,
    0xf6, 0x48, 0x04, 0xff, 0xf6, 0x48, 0x04, 0xff, 0xf7, 0x48, 0x04, 0xff,
    0xfb, 0xf7, 0xf4, 0xff, 0xfb, 0xf7, 0xf4, 0xff, 0xfb, 0xf7, 0xf4, 0xff,
    0xfb, 0xf7, 0xf4, 0xff, 0xfb, 0xf7, 0xf4, 0xff, 0xfb, 0xf7, 0xf4, 0xff,
    0xfb, 0xf7, 0xf4, 0xff, 0xfb, 0xf7, 0xf4, 0xff, 0xfb, 0xf7, 0xf4, 0xff,
    0xfb, 0xf7, 0xf4, 0xff, 0xfb, 0xf7, 0xf4, 0xff, 0xfb, 0xf7, 0xf4, 0xff,
    0xfb, 0xf7, 0xf4, 0xff, 0xfb, 0xf7, 0xf4, 0xff, 0xfb, 0xf7, 0xf4, 0xff,
    0xfb, 0xf7, 0xf4, 0xff, 0xfb, 0xf7, 0xf4, 0xff, 0xfb, 0xf7, 0xf4, 0xff,
    0xfb, 0xf7, 0xf4, 0xff, 0xfb, 0xf7, 0xf4, 0xff, 0xfb, 0xf7, 0xf4, 0xff,
    0xfb, 0xf7, 0xf4, 0xff, 0xfb, 0xf7, 0xf4, 0xff, 0xeb, 0xa0, 0x82, 0xff,
    0xdb, 0x48, 0x0f, 0xff, 0xdc, 0x48, 0x0f, 0xff, 0xdc, 0x48, 0x0f, 0xff,
    0xdd, 0x48, 0x0f, 0xff, 0xdd, 0x48, 0x0e, 0xff, 0xde, 0x48, 0x0e, 0xff,
    0xde, 0x48, 0x0e, 0xff, 0xdf, 0x48, 0x0e, 0xff, 0xdf, 0x48, 0x0e, 0xff,
    0xe0, 0x48, 0x0e, 0xff, 0xe1, 0x48, 0x0d, 0xff, 0xe1, 0x48, 0x0d, 0xff,
    0xe2, 0x48, 0x0d, 0xff, 0xe2, 0x48, 0x0d, 0xff, 0xe3, 0x48, 0x0c, 0xff,
    0xe3, 0x48, 0x0c, 0xff, 0xef, 0x95, 0x73, 0xff, 0xf8, 0xd8, 0xcc, 0xff,
    0xf8, 0xd8, 0xcc, 0xff, 0xf8, 0xd8, 0xcc, 0xff, 0xf8, 0xd8, 0xcc, 0xff,
    0xf9, 0xd8, 0xcc, 0xff, 0xf9, 0xd8, 0xcc, 0xff, 0xf9, 0xd8, 0xcc, 0xff,
    0xf9, 0xd8, 0xcc, 0xff, 0xf9, 0xd8, 0xcc, 0xff, 0xf5, 0xb3, 0x99, 0xff,
    0xea, 0x4c, 0x0f, 0xff, 0xea, 0x48, 0x09, 0xff, 0xeb, 0x48, 0x09, 0xff,
    0xeb, 0x48, 0x09, 0xff, 0xec, 0x48, 0x08, 0xff, 0xec, 0x48, 0x08, 0xff,
    0xed, 0x48, 0x08, 0xff, 0xed, 0x48, 0x08, 0xff, 0xf4, 0x95, 0x70, 0xff,
    0xfa, 0xd8, 0xcb, 0xff, 0xfa, 0xd8, 0xcb, 0xff, 0xfa, 0xd8, 0xcb, 0xff,
    0xfa, 0xd8, 0xcb, 0xff, 0xfa, 0xd8, 0xcb, 0xff, 0xfb, 0xd8, 0xcb, 0xff,
    0xfb, 0xd8, 0xcb, 0xff, 0xfb, 0xd8, 0xcb, 0xff, 0xfb, 0xd8, 0xcb, 0xff,
    0xf7, 0x92, 0x6b, 0xff, 0xf3, 0x48, 0x05, 0xff, 0xf3, 0x48, 0x05, 0xff,
    0xf4, 0x48, 0x05, 0xff, 0xf4, 0x48, 0x05, 0xff, 0xf5, 0x48, 0x04, 0xff,
    0xf5, 0x48, 0x04, 0xff, 0xf6, 0x48, 0x04, 0xff, 0xf6, 0x48, 0x04, 0xff,
    0xf7, 0x48, 0x04, 0xff, 0xf7, 0x48, 0x03, 0xff, 0xfb, 0xf7, 0xf4, 0xff,
    0xfb, 0xf7, 0xf4, 0xff, 0xfb, 0xf7, 0xf4, 0xff, 0xfb, 0xf7, 0xf4, 0xff,
    0xfb, 0xf7, 0xf4, 0xff, 0xfb, 0xf7, 0xf4, 0xff, 0xfb, 0xf7, 0xf4, 0xff,
    0xfb, 0xf7, 0xf4, 0xff, 0xfb, 0xf7, 0xf4, 0xff, 0xfb, 0xf7, 0xf4, 0xff,
    0xfb, 0xf7, 0xf4, 0xff, 0xfb, 0xf7, 0xf4, 0xff, 0xfb, 0xf7, 0xf4, 0xff,
    0xfb, 0xf7, 0xf4, 0xff, 0xfb, 0xf7, 0xf4, 0xff, 0xfb, 0xf7, 0xf4, 0xff,
    0xfb, 0xf7, 0xf4, 0xff, 0xfb, 0xf7, 0xf4, 0xff, 0xfb, 0xf7, 0xf4, 0xff,
    0xfb, 0xf7, 0xf4, 0xff, 0xfb, 0xf7, 0xf4, 0xff, 0xfb, 0xf7, 0xf4, 0xff,
    0xeb, 0xa0, 0x82, 0xff, 0xdb, 0x48, 0x0f, 0xff, 0xdc, 0x48, 0x0f, 0xff,
    0xdc, 0x48, 0x0f, 0xff, 0xdd, 0x48, 0x0f, 0xff, 0xdd, 0x48, 0x0e, 0xff,
    0xde, 0x48, 0x0e, 0xff, 0xde, 0x48, 0x0e, 0xff, 0xdf, 0x48, 0x0e, 0xff,
    0xdf, 0x48, 0x0e, 0xff, 0xe0, 0x48, 0x0e, 0xff, 0xe1, 0x48, 0x0d, 0xff,
    0xe1, 0x48, 0x0d, 0xff, 0xe2, 0x48, 0x0d, 0xff, 0xe2, 0x48, 0x0d, 0xff,
    0xe3, 0x48, 0x0c, 0xff, 0xe3, 0x48, 0x0c, 0xff, 0xe4, 0x48, 0x0c, 0xff,
    0xe6, 0x54, 0x1c, 0xff, 0xf7, 0xcb, 0xbb, 0xff, 0xf8, 0xd8, 0xcc, 0xff,
    0xf8, 0xd8, 0xcc, 0xff, 0xf9, 0xd8, 0xcc, 0xff, 0xf9, 0xd8, 0xcc, 0xff,
    0xf9, 0xd8, 0xcc, 0xff, 0xf9, 0xd8, 0xcc, 0xff, 0xf9, 0xd8, 0xcc, 0xff,
    0xf6, 0xbe, 0xa8, 0xff, 0xeb, 0x50, 0x15, 0xff, 0xea, 0x48, 0x09, 0xff,
    0xeb, 0x48, 0x09, 0xff, 0xeb, 0x48, 0x09, 0xff, 0xec, 0x48, 0x08, 0xff,
    0xec, 0x48, 0x08, 0xff, 0xed, 0x48, 0x08, 0xff, 0xed, 0x48, 0x08, 0xff,
    0xee, 0x48, 0x08, 0xff, 0xee, 0x49, 0x08, 0xff, 0xf6, 0xa4, 0x85, 0xff,
    0xfa, 0xd8, 0xcb, 0xff, 0xfa, 0xd8, 0xcb, 0xff, 0xfa, 0xd8, 0xcb, 0xff,
    0xfb, 0xd8, 0xcb, 0xff, 0xfb, 0xd8, 0xcb, 0xff, 0xfb, 0xd8, 0xcb, 0xff,
    0xfb, 0xd8, 0xcb, 0xff, 0xfa, 0xc8, 0xb5, 0xff, 0xf3, 0x50, 0x11, 0xff,
    0xf3, 0x48, 0x05, 0xff, 0xf4, 0x48, 0x05, 0xff, 0xf4, 0x48, 0x05, 0xff,
    0xf5, 0x48, 0x04, 0xff, 0xf5, 0x48, 0x04, 0xff, 0xf6, 0x48, 0x04, 0xff,
    0xf6, 0x48, 0x04, 0xff, 0xf7, 0x48, 0x04, 0xff, 0xf7, 0x48, 0x03, 0xff,
    0xf7, 0x48, 0x04, 0xff, 0xfb, 0xf7, 0xf4, 0xff, 0xfb, 0xf7, 0xf4, 0xff,
    0xfb, 0xf7, 0xf4, 0xff, 0xfb, 0xf7, 0xf4, 0xff, 0xfb, 0xf7, 0xf4, 0xff,
    0xfb, 0xf7, 0xf4, 0xff, 0xfb, 0xf7, 0xf4, 0xff, 0xfb, 0xf7, 0xf4, 0xff,
    0xfb, 0xf7, 0xf4, 0xff, 0xfb, 0xf7, 0xf4, 0xff, 0xfb, 0xf7, 0xf4, 0xff,
    0xfb, 0xf7, 0xf4, 0xff, 0xfb, 0xf7, 0xf4, 0xff, 0xfb, 0xf7, 0xf4, 0xff,
    0xfb, 0xf7, 0xf4, 0xff, 0xfb, 0xf7, 0xf4, 0xff, 0xfb, 0xf7, 0xf4, 0xff,
    0xfb, 0xf7, 0xf4, 0xff, 0xfb, 0xf7, 0xf4, 0xff, 0xfb, 0xf7, 0xf4, 0xff,
    0xfb, 0xf7, 0xf4, 0xff, 0xeb, 0xa0, 0x82, 0xff, 0xdb, 0x48, 0x0f, 0xff,
    0xdc, 0x48, 0x0f, 0xff, 0xdc, 0x48, 0x0f, 0xff, 0xdd, 0x48, 0x0f, 0xff,
    0xdd, 0x48, 0x0e, 0xff, 0xde, 0x48, 0x0e, 0xff, 0xde, 0x48, 0x0e, 0xff,
    0xdf, 0x48, 0x0e, 0xff, 0xdf, 0x48, 0x0e, 0xff, 0xe0, 0x48, 0x0e, 0xff,
    0xe1, 0x48, 0x0d, 0xff, 0xe1, 0x48, 0x0d, 0xff, 0xe2, 0x48, 0x0d, 0xff,
    0xe2, 0x48, 0x0d, 0xff, 0xe3, 0x48, 0x0c, 0xff, 0xe3, 0x48, 0x0c, 0xff,
    0xe4, 0x48, 0x0c, 0xff, 0xe4, 0x48, 0x0c, 0xff, 0xe5, 0x48, 0x0b, 0xff,
    0xe9, 0x65, 0x32, 0xff, 0xf7, 0xcb, 0xbb, 0xff, 0xf9, 0xd8, 0xcc, 0xff,
    0xf9, 0xd8, 0xcc, 0xff, 0xf9, 0xd8, 0xcc, 0xff, 0xf9, 0xd8, 0xcc, 0xff,
    0xf9, 0xd8, 0xcc, 0xff, 0xf7, 0xc2, 0xae, 0xff, 0xeb, 0x54, 0x1a, 0xff,
    0xea, 0x48, 0x09, 0xff, 0xeb, 0x48, 0x09, 0xff, 0xeb, 0x48, 0x09, 0xff,
    0xec, 0x48, 0x08, 0xff, 0xec, 0x48, 0x08, 0xff, 0xed, 0x48, 0x08, 0xff,
    0xed, 0x48, 0x08, 0xff, 0xee, 0x48, 0x08, 0xff, 0xee, 0x48, 0x07, 0xff,
    0xef, 0x48, 0x07, 0xff, 0xef, 0x4c, 0x0c, 0xff, 0xf7, 0xae, 0x91, 0xff,
    0xfa, 0xd8, 0xcb, 0xff, 0xfb, 0xd8, 0xcb, 0xff, 0xfb, 0xd8, 0xcb, 0xff,
    0xfb, 0xd8, 0xcb, 0xff, 0xfb, 0xd8, 0xcb, 0xff, 0xfa, 0xc7, 0xb4, 0xff,
    0xf4, 0x5d, 0x22, 0xff, 0xf3, 0x48, 0x05, 0xff, 0xf4, 0x48, 0x05, 0xff,
    0xf4, 0x48, 0x05, 0xff, 0xf5, 0x48, 0x04, 0xff, 0xf5, 0x48, 0x04, 0xff,
    0xf6, 0x48, 0x04, 0xff, 0xf6, 0x48, 0x04, 0xff, 0xf7, 0x48, 0x04, 0xff,
    0xf7, 0x48, 0x03, 0xff, 0xf7, 0x48, 0x04, 0xff, 0xf8, 0x48, 0x03, 0xff,
    0xfb, 0xf7, 0xf4, 0xff, 0xfb, 0xf7, 0xf4, 0xff, 0xfb, 0xf7, 0xf4, 0xff,
    0xfb, 0xf7, 0xf4, 0xff, 0xfb, 0xf7, 0xf4, 0xff, 0xfb, 0xf7, 0xf4, 0xff,
    0xfb, 0xf7, 0xf4, 0xff, 0xfb, 0xf7, 0xf4, 0xff, 0xfb, 0xf7, 0xf4, 0xff,
    0xfb, 0xf7, 0xf4, 0xff, 0xfb, 0xf7, 0xf4, 0xff, 0xfb, 0xf7, 0xf4, 0xff,
    0xfb, 0xf7, 0xf4, 0xff, 0xfb, 0xf7, 0xf4, 0xff, 0xfb, 0xf7, 0xf4, 0xff,
    0xfb, 0xf7, 0xf4, 0xff, 0xfb, 0xf7, 0xf4, 0xff, 0xfb, 0xf7, 0xf4, 0xff,
    0xfb, 0xf7, 0xf4, 0xff, 0xfb, 0xf7, 0xf4, 0xff, 0xeb, 0xa0, 0x82, 0xff,
    0xdb, 0x48, 0x0f, 0xff, 0xdc, 0x48, 0x0f, 0xff, 0xdc, 0x48, 0x0f, 0xff,
    0xdd, 0x48, 0x0f, 0xff, 0xdd, 0x48, 0x0e, 0xff, 0xde, 0x48, 0x0e, 0xff,
    0xde, 0x48, 0x0e, 0xff, 0xdf, 0x48, 0x0e, 0xff, 0xdf, 0x48, 0x0e, 0xff,
    0xe0, 0x48, 0x0e, 0xff, 0xe1, 0x48, 0x0d, 0xff, 0xe1, 0x48, 0x0d, 0xff,
    0xe2, 0x48, 0x0d, 0xff, 0xe2, 0x48, 0x0d, 0xff, 0xe3, 0x48, 0x0c, 0xff,
    0xe3, 0x48, 0x0c, 0xff, 0xe4, 0x48, 0x0c, 0xff, 0xe4, 0x48, 0x0c, 0xff,
    0xe5, 0x48, 0x0b, 0xff, 0xe5, 0x48, 0x0b, 0xff, 0xe6, 0x48, 0x0b, 0xff,
    0xe8, 0x54, 0x1b, 0xff, 0xf0, 0x91, 0x6d, 0xff, 0xf6, 0xc4, 0xb1, 0xff,
    0xf9, 0xd7, 0xca, 0xff, 0xf7, 0xc8, 0xb7, 0xff, 0xf2, 0x99, 0x77, 0xff,
    0xeb, 0x52, 0x17, 0xff, 0xea, 0x48, 0x09, 0xff, 0xeb, 0x48, 0x09, 0xff,
    0xeb, 0x48, 0x09, 0xff, 0xec, 0x48, 0x08, 0xff, 0xec, 0x48, 0x08, 0xff,
    0xed, 0x48, 0x08, 0xff, 0xed, 0x48, 0x08, 0xff, 0xee, 0x48, 0x08, 0xff,
    0xee, 0x48, 0x07, 0xff, 0xef, 0x48, 0x07, 0xff, 0xef, 0x48, 0x07, 0xff,
    0xf0, 0x48, 0x06, 0xff, 0xf0, 0x4a, 0x0a, 0xff, 0xf5, 0x83, 0x57, 0xff,
    0xf8, 0xb8, 0x9e, 0xff, 0xfa, 0xc6, 0xb2, 0xff, 0xf9, 0xb9, 0xa0, 0xff,
    0xf7, 0x8d, 0x65, 0xff, 0xf3, 0x4f, 0x0f, 0xff, 0xf3, 0x48, 0x05, 0xff,
    0xf4, 0x48, 0x05, 0xff, 0xf4, 0x48, 0x05, 0xff, 0xf5, 0x48, 0x04, 0xff,
    0xf5, 0x48, 0x04, 0xff, 0xf6, 0x48, 0x04, 0xff, 0xf6, 0x48, 0x04, 0xff,
    0xf7, 0x48, 0x04, 0xff, 0xf7, 0x48, 0x03, 0xff, 0xf7, 0x48, 0x04, 0xff,
    0xf8, 0x48, 0x03, 0xff, 0xf8, 0x48, 0x02, 0xff, 0xfb, 0xf7, 0xf4, 0xff,
    0xfb, 0xf7, 0xf4, 0xff, 0xfb, 0xf7, 0xf4, 0xff, 0xfb, 0xf7, 0xf4, 0xff,
    0xfb, 0xf7, 0xf4, 0xff, 0xfb, 0xf7, 0xf4, 0xff, 0xfb, 0xf7, 0xf4, 0xff,
    0xfb, 0xf7, 0xf4, 0xff, 0xfb, 0xf7, 0xf4, 0xff, 0xfb, 0xf7, 0xf4, 0xff,
    0xfb, 0xf7, 0xf4, 0xff, 0xfb, 0xf7, 0xf4, 0xff, 0xfb, 0xf7, 0xf4, 0xff,
    0xfb, 0xf7, 0xf4, 0xff, 0xfb, 0xf7, 0xf4, 0xff, 0xfb, 0xf7, 0xf4, 0xff,
    0xfb, 0xf7, 0xf4, 0xff, 0xfb, 0xf7, 0xf4, 0xff, 0xfb, 0xf7, 0xf4, 0xff,
    0xeb, 0xa0, 0x82, 0xff, 0xdb, 0x48, 0x0f, 0xff, 0xdc, 0x48, 0x0f, 0xff,
    0xdc, 0x48, 0x0f, 0xff, 0xdd, 0x48, 0x0f, 0xff, 0xdd, 0x48, 0x0e, 0xff,
    0xde, 0x48, 0x0e, 0xff, 0xde, 0x48, 0x0e, 0xff, 0xdf, 0x48, 0x0e, 0xff,
    0xdf, 0x48, 0x0e, 0xff, 0xe0, 0x48, 0x0e, 0xff, 0xe1, 0x48, 0x0d, 0xff,
    0xe1, 0x48, 0x0d, 0xff, 0xe2, 0x48, 0x0d, 0xff, 0xe2, 0x48, 0x0d, 0xff,
    0xe3, 0x48, 0x0c, 0xff, 0xe3, 0x48, 0x0c, 0xff, 0xe4, 0x48, 0x0c, 0xff,
    0xe4, 0x48, 0x0c, 0xff, 0xe5, 0x48, 0x0b, 0xff, 0xe5, 0x48, 0x0b, 0xff,
    0xe6, 0x48, 0x0b, 0xff, 0xe7, 0x48, 0x0b, 0xff, 0xe7, 0x48, 0x0b, 0xff,
    0xe8, 0x48, 0x0a, 0xff, 0xe8, 0x48, 0x0a, 0xff, 0xe9, 0x48, 0x0a, 0xff,
    0xe9, 0x48, 0x0a, 0xff, 0xea, 0x48, 0x0a, 0xff, 0xea, 0x48, 0x09, 0xff,
    0xeb, 0x48, 0x09, 0xff, 0xeb, 0x48, 0x09, 0xff, 0xec, 0x48, 0x08, 0xff,
    0xec, 0x48, 0x08, 0xff, 0xed, 0x48, 0x08, 0xff, 0xed, 0x48, 0x08, 0xff,
    0xee, 0x48, 0x08, 0xff, 0xee, 0x48, 0x07, 0xff, 0xef, 0x48, 0x07, 0xff,
    0xef, 0x48, 0x07, 0xff, 0xf0, 0x48, 0x06, 0xff, 0xf0, 0x48, 0x07, 0xff,
    0xf1, 0x48, 0x07, 0xff, 0xf1, 0x48, 0x06, 0xff, 0xf2, 0x48, 0x06, 0xff,
    0xf2, 0x48, 0x05, 0xff, 0xf3, 0x48, 0x06, 0xff, 0xf3, 0x48, 0x05, 0xff,
    0xf3, 0x48, 0x05, 0xff, 0xf4, 0x48, 0x05, 0xff, 0xf4, 0x48, 0x05, 0xff,
    0xf5, 0x48, 0x04, 0xff, 0xf5, 0x48, 0x04, 0xff, 0xf6, 0x48, 0x04, 0xff,
    0xf6, 0x48, 0x04, 0xff, 0xf7, 0x48, 0x04, 0xff, 0xf7, 0x48, 0x03, 0xff,
    0xf7, 0x48, 0x04, 0xff, 0xf8, 0x48, 0x03, 0xff, 0xf8, 0x48, 0x02, 0xff,
    0xf8, 0x48, 0x02, 0xfa, 0xfb, 0xf7, 0xf4, 0xff, 0xfb, 0xf7, 0xf4, 0xff,
    0xfb, 0xf7, 0xf4, 0xff, 0xfb, 0xf7, 0xf4, 0xff, 0xfb, 0xf7, 0xf4, 0xff,
    0xfb, 0xf7, 0xf4, 0xff, 0xfb, 0xf7, 0xf4, 0xff, 0xfb, 0xf7, 0xf4, 0xff,
    0xfb, 0xf7, 0xf4, 0xff, 0xfb, 0xf7, 0xf4, 0xff, 0xfb, 0xf7, 0xf4, 0xff,
    0xfb, 0xf7, 0xf4, 0xff, 0xfb, 0xf7, 0xf4, 0xff, 0xfb, 0xf7, 0xf4, 0xff,
    0xfb, 0xf7, 0xf4, 0xff, 0xfb, 0xf7, 0xf4, 0xff, 0xfb, 0xf7, 0xf4, 0xff,
    0xfb, 0xf7, 0xf4, 0xff, 0xeb, 0xa0, 0x82, 0xff, 0xdb, 0x48, 0x0f, 0xff,
    0xdc, 0x48, 0x0f, 0xff, 0xdc, 0x48, 0x0f, 0xff, 0xdd, 0x48, 0x0f, 0xff,
    0xdd, 0x48, 0x0e, 0xff, 0xde, 0x48, 0x0e, 0xff, 0xde, 0x48, 0x0e, 0xff,
    0xdf, 0x48, 0x0e, 0xff, 0xdf, 0x48, 0x0e, 0xff, 0xe0, 0x48, 0x0e, 0xff,
    0xe1, 0x48, 0x0d, 0xff, 0xe1, 0x48, 0x0d, 0xff, 0xe2, 0x48, 0x0d, 0xff,
    0xe2, 0x48, 0x0d, 0xff, 0xe3, 0x48, 0x0c, 0xff, 0xe3, 0x48, 0x0c, 0xff,
    0xe4, 0x48, 0x0c, 0xff, 0xe4, 0x48, 0x0c, 0xff, 0xe5, 0x48, 0x0b, 0xff,
    0xe5, 0x48, 0x0b, 0xff, 0xe6, 0x48, 0x0b, 0xff, 0xe7, 0x48, 0x0b, 0xff,
    0xe7, 0x48, 0x0b, 0xff, 0xe8, 0x48, 0x0a, 0xff, 0xe8, 0x48, 0x0a, 0xff,
    0xe9, 0x48, 0x0a, 0xff, 0xe9, 0x48, 0x0a, 0xff, 0xea, 0x48, 0x0a, 0xff,
    0xea, 0x48, 0x09, 0xff, 0xeb, 0x48, 0x09, 0xff, 0xeb, 0x48, 0x09, 0xff,
    0xec, 0x48, 0x08, 0xff, 0xec, 0x48, 0x08, 0xff, 0xed, 0x48, 0x08, 0xff,
    0xed, 0x48, 0x08, 0xff, 0xee, 0x48, 0x08, 0xff, 0xee, 0x48, 0x07, 0xff,
    0xef, 0x48, 0x07, 0xff, 0xef, 0x48, 0x07, 0xff, 0xf0, 0x48, 0x06, 0xff,
    0xf0, 0x48, 0x07, 0xff, 0xf1, 0x48, 0x07, 0xff, 0xf1, 0x48, 0x06, 0xff,
    0xf2, 0x48, 0x06, 0xff, 0xf2, 0x48, 0x05, 0xff, 0xf3, 0x48, 0x06, 0xff,
    0xf3, 0x48, 0x05, 0xff, 0xf3, 0x48, 0x05, 0xff, 0xf4, 0x48, 0x05, 0xff,
    0xf4, 0x48, 0x05, 0xff, 0xf5, 0x48, 0x04, 0xff, 0xf5, 0x48, 0x04, 0xff,
    0xf6, 0x48, 0x04, 0xff, 0xf6, 0x48, 0x04, 0xff, 0xf7, 0x48, 0x04, 0xff,
    0xf7, 0x48, 0x03, 0xff, 0xf7, 0x48, 0x04, 0xff, 0xf8, 0x48, 0x03, 0xff,
    0xf8, 0x48, 0x02, 0xff, 0xf8, 0x48, 0x02, 0xff, 0xf7, 0x48, 0x03, 0xe4,
    0xfb, 0xf7, 0xf4, 0xff, 0xfb, 0xf7, 0xf4, 0xff, 0xfb, 0xf7, 0xf4, 0xff,
    0xfb, 0xf7, 0xf4, 0xff, 0xfb, 0xf7, 0xf4, 0xff, 0xfb, 0xf7, 0xf4, 0xff,
    0xfb, 0xf7, 0xf4, 0xff, 0xfb, 0xf7, 0xf4, 0xff, 0xfb, 0xf7, 0xf4, 0xff,
    0xfb, 0xf7, 0xf4, 0xff, 0xfb, 0xf7, 0xf4, 0xff, 0xfb, 0xf7, 0xf4, 0xff,
    0xfb, 0xf7, 0xf4, 0xff, 0xfb, 0xf7, 0xf4, 0xff, 0xfb, 0xf7, 0xf4, 0xff,
    0xfb, 0xf7, 0xf4, 0xff, 0xfb, 0xf7, 0xf4, 0xff, 0xeb, 0xa0, 0x82, 0xff,
    0xdb, 0x48, 0x0f, 0xff, 0xdc, 0x48, 0x0f, 0xff, 0xdc, 0x48, 0x0f, 0xff,
    0xdd, 0x48, 0x0f, 0xff, 0xdd, 0x48, 0x0e, 0xff, 0xde, 0x48, 0x0e, 0xff,
    0xde, 0x48, 0x0e, 0xff, 0xdf, 0x48, 0x0e, 0xff, 0xdf, 0x48, 0x0e, 0xff,
    0xe0, 0x48, 0x0e, 0xff, 0xe1, 0x48, 0x0d, 0xff, 0xe1, 0x48, 0x0d, 0xff,
    0xe2, 0x48, 0x0d, 0xff, 0xe2, 0x48, 0x0d, 0xff, 0xe3, 0x48, 0x0c, 0xff,
    0xe3, 0x48, 0x0c, 0xff, 0xe4, 0x48, 0x0c, 0xff, 0xe4, 0x48, 0x0c, 0xff,
    0xe5, 0x48, 0x0b, 0xff, 0xe5, 0x48, 0x0b, 0xff, 0xe6, 0x48, 0x0b, 0xff,
    0xe7, 0x48, 0x0b, 0xff, 0xe7, 0x48, 0x0b, 0xff, 0xe8, 0x48, 0x0a, 0xff,
    0xe8, 0x48, 0x0a, 0xff, 0xe9, 0x48, 0x0a, 0xff, 0xe9, 0x48, 0x0a, 0xff,
    0xea, 0x48, 0x0a, 0xff, 0xea, 0x48, 0x09, 0xff, 0xeb, 0x48, 0x09, 0xff,
    0xeb, 0x48, 0x09, 0xff, 0xec, 0x48, 0x08, 0xff, 0xec, 0x48, 0x08, 0xff,
    0xed, 0x48, 0x08, 0xff, 0xed, 0x48, 0x08, 0xff, 0xee, 0x48, 0x08, 0xff,
    0xee, 0x48, 0x07, 0xff, 0xef, 0x48, 0x07, 0xff, 0xef, 0x48, 0x07, 0xff,
    0xf0, 0x48, 0x06, 0xff, 0xf0, 0x48, 0x07, 0xff, 0xf1, 0x48, 0x07, 0xff,
    0xf1, 0x48, 0x06, 0xff, 0xf2, 0x48, 0x06, 0xff, 0xf2, 0x48, 0x05, 0xff,
    0xf3, 0x48, 0x06, 0xff, 0xf3, 0x48, 0x05, 0xff, 0xf3, 0x48, 0x05, 0xff,
    0xf4, 0x48, 0x05, 0xff, 0xf4, 0x48, 0x05, 0xff, 0xf5, 0x48, 0x04, 0xff,
    0xf5, 0x48, 0x04, 0xff, 0xf6, 0x48, 0x04, 0xff, 0xf6, 0x48, 0x04, 0xff,
    0xf7, 0x48, 0x04, 0xff, 0xf7, 0x48, 0x03, 0xff, 0xf7, 0x48, 0x04, 0xff,
    0xf8, 0x48, 0x03, 0xff, 0xf8, 0x48, 0x02, 0xff, 0xf8, 0x48, 0x02, 0xff,
    0xf9, 0x48, 0x02, 0xff, 0xf4, 0x48, 0x04, 0xb5, 0xfb, 0xf7, 0xf4, 0xff,
    0xfb, 0xf7, 0xf4, 0xff, 0xfb, 0xf7, 0xf4, 0xff, 0xfb, 0xf7, 0xf4, 0xff,
    0xfb, 0xf7, 0xf4, 0xff, 0xfb, 0xf7, 0xf4, 0xff, 0xfb, 0xf7, 0xf4, 0xff,
    0xfb, 0xf7, 0xf4, 0xff, 0xfb, 0xf7, 0xf4, 0xff, 0xfb, 0xf7, 0xf4, 0xff,
    0xfb, 0xf7, 0xf4, 0xff, 0xfb, 0xf7, 0xf4, 0xff, 0xfb, 0xf7, 0xf4, 0xff,
    0xfb, 0xf7, 0xf4, 0xff, 0xfb, 0xf7, 0xf4, 0xff, 0xfb, 0xf7, 0xf4, 0xff,
    0xeb, 0xa0, 0x82, 0xff, 0xdb, 0x48, 0x0f, 0xff, 0xdc, 0x48, 0x0f, 0xff,
    0xdc, 0x48, 0x0f, 0xff, 0xdd, 0x48, 0x0f, 0xff, 0xdd, 0x48, 0x0e, 0xff,
    0xde, 0x48, 0x0e, 0xff, 0xde, 0x48, 0x0e, 0xff, 0xdf, 0x48, 0x0e, 0xff,
    0xdf, 0x48, 0x0e, 0xff, 0xe0, 0x48, 0x0e, 0xff, 0xe1, 0x48, 0x0d, 0xff,
    0xe1, 0x48, 0x0d, 0xff, 0xe2, 0x48, 0x0d, 0xff, 0xe2, 0x48, 0x0d, 0xff,
    0xe3, 0x48, 0x0c, 0xff, 0xe3, 0x48, 0x0c, 0xff, 0xe4, 0x48, 0x0c, 0xff,
    0xe4, 0x48, 0x0c, 0xff, 0xe5, 0x48, 0x0b, 0xff, 0xe5, 0x48, 0x0b, 0xff,
    0xe6, 0x48, 0x0b, 0xff, 0xe7, 0x48, 0x0b, 0xff, 0xe7, 0x48, 0x0b, 0xff,
    0xe8, 0x48, 0x0a, 0xff, 0xe8, 0x48, 0x0a, 0xff, 0xe9, 0x48, 0x0a, 0xff,
    0xe9, 0x48, 0x0a, 0xff, 0xea, 0x48, 0x0a, 0xff, 0xea, 0x48, 0x09, 0xff,
    0xeb, 0x48, 0x09, 0xff, 0xeb, 0x48, 0x09, 0xff, 0xec, 0x48, 0x08, 0xff,
    0xec, 0x48, 0x08, 0xff, 0xed, 0x48, 0x08, 0xff, 0xed, 0x48, 0x08, 0xff,
    0xee, 0x48, 0x08, 0xff, 0xee, 0x48, 0x07, 0xff, 0xef, 0x48, 0x07, 0xff,
    0xef, 0x48, 0x07, 0xff, 0xf0, 0x48, 0x06, 0xff, 0xf0, 0x48, 0x07, 0xff,
    0xf1, 0x48, 0x07, 0xff, 0xf1, 0x48, 0x06, 0xff, 0xf2, 0x48, 0x06, 0xff,
    0xf2, 0x48, 0x05, 0xff, 0xf3, 0x48, 0x06, 0xff, 0xf3, 0x48, 0x05, 0xff,
    0xf3, 0x48, 0x05, 0xff, 0xf4, 0x48, 0x05, 0xff, 0xf4, 0x48, 0x05, 0xff,
    0xf5, 0x48, 0x04, 0xff, 0xf5, 0x48, 0x04, 0xff, 0xf6, 0x48, 0x04, 0xff,
    0xf6, 0x48, 0x04, 0xff, 0xf7, 0x48, 0x04, 0xff, 0xf7, 0x48, 0x03, 0xff,
    0xf7, 0x48, 0x04, 0xff, 0xf8, 0x48, 0x03, 0xff, 0xf8, 0x48, 0x02, 0xff,
    0xf8, 0x48, 0x02, 0xff, 0xf9, 0x48, 0x02, 0xff, 0xf9, 0x48, 0x02, 0xff,
    0xe8, 0x49, 0x09, 0x6f, 0xfb, 0xf7, 0xf4, 0xff, 0xfb, 0xf7, 0xf4, 0xff,
    0xfb, 0xf7, 0xf4, 0xff, 0xfb, 0xf7, 0xf4, 0xff, 0xfb, 0xf7, 0xf4, 0xff,
    0xfb, 0xf7, 0xf4, 0xff, 0xfb, 0xf7, 0xf4, 0xff, 0xfb, 0xf7, 0xf4, 0xff,
    0xfb, 0xf7, 0xf4, 0xff, 0xfb, 0xf7, 0xf4, 0xff, 0xfb, 0xf7, 0xf4, 0xff,
    0xfb, 0xf7, 0xf4, 0xff, 0xfb, 0xf7, 0xf4, 0xff, 0xfb, 0xf7, 0xf4, 0xff,
    0xfb, 0xf7, 0xf4, 0xff, 0xeb, 0xa0, 0x82, 0xff, 0xdb, 0x48, 0x0f, 0xff,
    0xdc, 0x48, 0x0f, 0xff, 0xdc, 0x48, 0x0f, 0xff, 0xdd, 0x48, 0x0f, 0xff,
    0xdd, 0x48, 0x0e, 0xff, 0xde, 0x48, 0x0e, 0xff, 0xde, 0x48, 0x0e, 0xff,
    0xdf, 0x48, 0x0e, 0xff, 0xdf, 0x48, 0x0e, 0xff, 0xe0, 0x48, 0x0e, 0xff,
    0xe1, 0x48, 0x0d, 0xff, 0xe1, 0x48, 0x0d, 0xff, 0xe2, 0x48, 0x0d, 0xff,
    0xe2, 0x48, 0x0d, 0xff, 0xe3, 0x48, 0x0c, 0xff, 0xe3, 0x48, 0x0c, 0xff,
    0xe4, 0x48, 0x0c, 0xff, 0xe4, 0x48, 0x0c, 0xff, 0xe5, 0x48, 0x0b, 0xff,
    0xe5, 0x48, 0x0b, 0xff, 0xe6, 0x48, 0x0b, 0xff, 0xe7, 0x48, 0x0b, 0xff,
    0xe7, 0x48, 0x0b, 0xff, 0xe8, 0x48, 0x0a, 0xff, 0xe8, 0x48, 0x0a, 0xff,
    0xe9, 0x48, 0x0a, 0xff, 0xe9, 0x48, 0x0a, 0xff, 0xea, 0x48, 0x0a, 0xff,
    0xea, 0x48, 0x09, 0xff, 0xeb, 0x48, 0x09, 0xff, 0xeb, 0x48, 0x09, 0xff,
    0xec, 0x48, 0x08, 0xff, 0xec, 0x48, 0x08, 0xff, 0xed, 0x48, 0x08, 0xff,
    0xed, 0x48, 0x08, 0xff, 0xee, 0x48, 0x08, 0xff, 0xee, 0x48, 0x07, 0xff,
    0xef, 0x48, 0x07, 0xff, 0xef, 0x48, 0x07, 0xff, 0xf0, 0x48, 0x06, 0xff,
    0xf0, 0x48, 0x07, 0xff, 0xf1, 0x48, 0x07, 0xff, 0xf1, 0x48, 0x06, 0xff,
    0xf2, 0x48, 0x06, 0xff, 0xf2, 0x48, 0x05, 0xff, 0xf3, 0x48, 0x06, 0xff,
    0xf3, 0x48, 0x05, 0xff, 0xf3, 0x48, 0x05, 0xff, 0xf4, 0x48, 0x05, 0xff,
    0xf4, 0x48, 0x05, 0xff, 0xf5, 0x48, 0x04, 0xff, 0xf5, 0x48, 0x04, 0xff,
    0xf6, 0x48, 0x04, 0xff, 0xf6, 0x48, 0x04, 0xff, 0xf7, 0x48, 0x04, 0xff,
    0xf7, 0x48, 0x03, 0xff, 0xf7, 0x48, 0x04, 0xff, 0xf8, 0x48, 0x03, 0xff,
    0xf8, 0x48, 0x02, 0xff, 0xf8, 0x48, 0x02, 0xff, 0xf9, 0x48, 0x02, 0xff,
    0xf9, 0x48, 0x02, 0xff, 0xf9, 0x48, 0x03, 0xe7, 0xaa, 0x4d, 0x27, 0x21,
    0xfb, 0xf7, 0xf4, 0xff, 0xfb, 0xf7, 0xf4, 0xff, 0xfb, 0xf7, 0xf4, 0xff,
    0xfb, 0xf7, 0xf4, 0xff, 0xfb, 0xf7, 0xf4, 0xff, 0xfb, 0xf7, 0xf4, 0xff,
    0xfb, 0xf7, 0xf4, 0xff, 0xfb, 0xf7, 0xf4, 0xff, 0xfb, 0xf7, 0xf4, 0xff,
    0xfb, 0xf7, 0xf4, 0xff, 0xfb, 0xf7, 0xf4, 0xff, 0xfb, 0xf7, 0xf4, 0xff,
    0xfb, 0xf7, 0xf4, 0xff, 0xfb, 0xf7, 0xf4, 0xff, 0xeb, 0xa0, 0x82, 0xff,
    0xdb, 0x48, 0x0f, 0xff, 0xdc, 0x48, 0x0f, 0xff, 0xdc, 0x48, 0x0f, 0xff,
    0xdd, 0x48, 0x0f, 0xff, 0xdd, 0x48, 0x0e, 0xff, 0xde, 0x48, 0x0e, 0xff,
    0xde, 0x48, 0x0e, 0xff, 0xdf, 0x48, 0x0e, 0xff, 0xdf, 0x48, 0x0e, 0xff,
    0xe0, 0x48, 0x0e, 0xff, 0xe1, 0x48, 0x0d, 0xff, 0xe1, 0x48, 0x0d, 0xff,
    0xe2, 0x48, 0x0d, 0xff, 0xe2, 0x48, 0x0d, 0xff, 0xe3, 0x48, 0x0c, 0xff,
    0xe3, 0x48, 0x0c, 0xff, 0xe4, 0x48, 0x0c, 0xff, 0xe4, 0x48, 0x0c, 0xff,
    0xe5, 0x48, 0x0b, 0xff, 0xe5, 0x48, 0x0b, 0xff, 0xe6, 0x48, 0x0b, 0xff,
    0xe7, 0x48, 0x0b, 0xff, 0xe7, 0x48, 0x0b, 0xff, 0xe8, 0x48, 0x0a, 0xff,
    0xe8, 0x48, 0x0a, 0xff, 0xe9, 0x48, 0x0a, 0xff, 0xe9, 0x48, 0x0a, 0xff,
    0xea, 0x48, 0x0a, 0xff, 0xea, 0x48, 0x09, 0xff, 0xeb, 0x48, 0x09, 0xff,
    0xeb, 0x48, 0x09, 0xff, 0xec, 0x48, 0x08, 0xff, 0xec, 0x48, 0x08, 0xff,
    0xed, 0x48, 0x08, 0xff, 0xed, 0x48, 0x08, 0xff, 0xee, 0x48, 0x08, 0xff,
    0xee, 0x48, 0x07, 0xff, 0xef, 0x48, 0x07, 0xff, 0xef, 0x48, 0x07, 0xff,
    0xf0, 0x48, 0x06, 0xff, 0xf0, 0x48, 0x07, 0xff, 0xf1, 0x48, 0x07, 0xff,
    0xf1, 0x48, 0x06, 0xff, 0xf2, 0x48, 0x06, 0xff, 0xf2, 0x48, 0x05, 0xff,
    0xf3, 0x48, 0x06, 0xff, 0xf3, 0x48, 0x05, 0xff, 0xf3, 0x48, 0x05, 0xff,
    0xf4, 0x48, 0x05, 0xff, 0xf4, 0x48, 0x05, 0xff, 0xf5, 0x48, 0x04, 0xff,
    0xf5, 0x48, 0x04, 0xff, 0xf6, 0x48, 0x04, 0xff, 0xf6, 0x48, 0x04, 0xff,
    0xf7, 0x48, 0x04, 0xff, 0xf7, 0x48, 0x03, 0xff, 0xf7, 0x48, 0x04, 0xff,
    0xf8, 0x48, 0x03, 0xff, 0xf8, 0x48, 0x02, 0xff, 0xf8, 0x48, 0x02, 0xff,
    0xf9, 0x48, 0x02, 0xff, 0xf9, 0x48, 0x02, 0xff, 0xfa, 0x48, 0x02, 0xff,
    0xe6, 0x4a, 0x0a, 0x68, 0x99, 0x52, 0x33, 0x19, 0xfb, 0xf7, 0xf4, 0xff,
    0xfb, 0xf7, 0xf4, 0xff, 0xfb, 0xf7, 0xf4, 0xff, 0xfb, 0xf7, 0xf4, 0xff,
    0xfb, 0xf7, 0xf4, 0xff, 0xfb, 0xf7, 0xf4, 0xff, 0xfb, 0xf7, 0xf4, 0xff,
    0xfb, 0xf7, 0xf4, 0xff, 0xfb, 0xf7, 0xf4, 0xff, 0xfb, 0xf7, 0xf4, 0xff,
    0xfb, 0xf7, 0xf4, 0xff, 0xfb, 0xf7, 0xf4, 0xff, 0xfb, 0xf7, 0xf4, 0xff,
    0xeb, 0xa0, 0x82, 0xff, 0xdb, 0x48, 0x0f, 0xff, 0xdc, 0x48, 0x0f, 0xff,
    0xdc, 0x48, 0x0f, 0xff, 0xdd, 0x48, 0x0f, 0xff, 0xdd, 0x48, 0x0e, 0xff,
    0xde, 0x48, 0x0e, 0xff, 0xde, 0x48, 0x0e, 0xff, 0xdf, 0x48, 0x0e, 0xff,
    0xdf, 0x48, 0x0e, 0xff, 0xe0, 0x48, 0x0e, 0xff, 0xe1, 0x48, 0x0d, 0xff,
    0xe1, 0x48, 0x0d, 0xff, 0xe2, 0x48, 0x0d, 0xff, 0xe2, 0x48, 0x0d, 0xff,
    0xe3, 0x48, 0x0c, 0xff, 0xe3, 0x48, 0x0c, 0xff, 0xe4, 0x48, 0x0c, 0xff,
    0xe4, 0x48, 0x0c, 0xff, 0xe5, 0x48, 0x0b, 0xff, 0xe5, 0x48, 0x0b, 0xff,
    0xe6, 0x48, 0x0b, 0xff, 0xe7, 0x48, 0x0b, 0xff, 0xe7, 0x48, 0x0b, 0xff,
    0xe8, 0x48, 0x0a, 0xff, 0xe8, 0x48, 0x0a, 0xff, 0xe9, 0x48, 0x0a, 0xff,
    0xe9, 0x48, 0x0a, 0xff, 0xea, 0x48, 0x0a, 0xff, 0xea, 0x48, 0x09, 0xff,
    0xeb, 0x48, 0x09, 0xff, 0xeb, 0x48, 0x09, 0xff, 0xec, 0x48, 0x08, 0xff,
    0xec, 0x48, 0x08, 0xff, 0xed, 0x48, 0x08, 0xff, 0xed, 0x48, 0x08, 0xff,
    0xee, 0x48, 0x08, 0xff, 0xee, 0x48, 0x07, 0xff, 0xef, 0x48, 0x07, 0xff,
    0xef, 0x48, 0x07, 0xff, 0xf0, 0x48, 0x06, 0xff, 0xf0, 0x48, 0x07, 0xff,
    0xf1, 0x48, 0x07, 0xff, 0xf1, 0x48, 0x06, 0xff, 0xf2, 0x48, 0x06, 0xff,
    0xf2, 0x48, 0x05, 0xff, 0xf3, 0x48, 0x06, 0xff, 0xf3, 0x48, 0x05, 0xff,
    0xf3, 0x48, 0x05, 0xff, 0xf4, 0x48, 0x05, 0xff, 0xf4, 0x48, 0x05, 0xff,
    0xf5, 0x48, 0x04, 0xff, 0xf5, 0x48, 0x04, 0xff, 0xf6, 0x48, 0x04, 0xff,
    0xf6, 0x48, 0x04, 0xff, 0xf7, 0x48, 0x04, 0xff, 0xf7, 0x48, 0x03, 0xff,
    0xf7, 0x48, 0x04, 0xff, 0xf8, 0x48, 0x03, 0xff, 0xf8, 0x48, 0x02, 0xff,
    0xf8, 0x48, 0x02, 0xff, 0xf9, 0x48, 0x02, 0xff, 0xf9, 0x48, 0x02, 0xff,
    0xfa, 0x48, 0x02, 0xff, 0xf2, 0x48, 0x07, 0x98, 0x93, 0x4e, 0x27, 0x1a,
    0x90, 0x4e, 0x2c, 0x17, 0xfb, 0xf7, 0xf4, 0xff, 0xfb, 0xf7, 0xf4, 0xff,
    0xfb, 0xf7, 0xf4, 0xff, 0xfb, 0xf7, 0xf4, 0xff, 0xfb, 0xf7, 0xf4, 0xff,
    0xfb, 0xf7, 0xf4, 0xff, 0xfb, 0xf7, 0xf4, 0xff, 0xfb, 0xf7, 0xf4, 0xff,
    0xfb, 0xf7, 0xf4, 0xff, 0xfb, 0xf7, 0xf4, 0xff, 0xfb, 0xf7, 0xf4, 0xff,
    0xfb, 0xf7, 0xf4, 0xff, 0xeb, 0xa0, 0x82, 0xff, 0xdb, 0x48, 0x0f, 0xff,
    0xdc, 0x48, 0x0f, 0xff, 0xdc, 0x48, 0x0f, 0xff, 0xdd, 0x48, 0x0f, 0xff,
    0xdd, 0x48, 0x0e, 0xff, 0xde, 0x48, 0x0e, 0xff, 0xde, 0x48, 0x0e, 0xff,
    0xdf, 0x48, 0x0e, 0xff, 0xdf, 0x48, 0x0e, 0xff, 0xe0, 0x48, 0x0e, 0xff,
    0xe1, 0x48, 0x0d, 0xff, 0xe1, 0x48, 0x0d, 0xff, 0xe2, 0x48, 0x0d, 0xff,
    0xe2, 0x48, 0x0d, 0xff, 0xe3, 0x48, 0x0c, 0xff, 0xe3, 0x48, 0x0c, 0xff,
    0xe4, 0x48, 0x0c, 0xff, 0xe4, 0x48, 0x0c, 0xff, 0xe5, 0x48, 0x0b, 0xff,
    0xe5, 0x48, 0x0b, 0xff, 0xe6, 0x48, 0x0b, 0xff, 0xe7, 0x48, 0x0b, 0xff,
    0xe7, 0x48, 0x0b, 0xff, 0xe8, 0x48, 0x0a, 0xff, 0xe8, 0x48, 0x0a, 0xff,
    0xe9, 0x48, 0x0a, 0xff, 0xe9, 0x48, 0x0a, 0xff, 0xea, 0x48, 0x0a, 0xff,
    0xea, 0x48, 0x09, 0xff, 0xeb, 0x48, 0x09, 0xff, 0xeb, 0x48, 0x09, 0xff,
    0xec, 0x48, 0x08, 0xff, 0xec, 0x48, 0x08, 0xff, 0xed, 0x48, 0x08, 0xff,
    0xed, 0x48, 0x08, 0xff, 0xee, 0x48, 0x08, 0xff, 0xee, 0x48, 0x07, 0xff,
    0xef, 0x48, 0x07, 0xff, 0xef, 0x48, 0x07, 0xff, 0xf0, 0x48, 0x06, 0xff,
    0xf0, 0x48, 0x07, 0xff, 0xf1, 0x48, 0x07, 0xff, 0xf1, 0x48, 0x06, 0xff,
    0xf2, 0x48, 0x06, 0xff, 0xf2, 0x48, 0x05, 0xff, 0xf3, 0x48, 0x06, 0xff,
    0xf3, 0x48, 0x05, 0xff, 0xf3, 0x48, 0x05, 0xff, 0xf4, 0x48, 0x05, 0xff,
    0xf4, 0x48, 0x05, 0xff, 0xf5, 0x48, 0x04, 0xff, 0xf5, 0x48, 0x04, 0xff,
    0xf6, 0x48, 0x04, 0xff, 0xf6, 0x48, 0x04, 0xff, 0xf7, 0x48, 0x04, 0xff,
    0xf7, 0x48, 0x03, 0xff, 0xf7, 0x48, 0x04, 0xff, 0xf8, 0x48, 0x03, 0xff,
    0xf8, 0x48, 0x02, 0xff, 0xf8, 0x48, 0x02, 0xff, 0xf9, 0x48, 0x02, 0xff,
    0xf9, 0x48, 0x02, 0xff, 0xfa, 0x48, 0x02, 0xff, 0xf1, 0x47, 0x05, 0xa1,
    0x9e, 0x46, 0x23, 0x1d, 0x95, 0x4a, 0x2a, 0x18, 0x97, 0x51, 0x3a, 0x16,
    0xfb, 0xf7, 0xf4, 0xff, 0xfb, 0xf7, 0xf4, 0xff, 0xfb, 0xf7, 0xf4, 0xff,
    0xfb, 0xf7, 0xf4, 0xff, 0xfb, 0xf7, 0xf4, 0xff, 0xfb, 0xf7, 0xf4, 0xff,
    0xfb, 0xf7, 0xf4, 0xff, 0xfb, 0xf7, 0xf4, 0xff, 0xfb, 0xf7, 0xf4, 0xff,
    0xfb, 0xf7, 0xf4, 0xff, 0xfb, 0xf7, 0xf4, 0xff, 0xeb, 0xa0, 0x82, 0xff,
    0xdb, 0x48, 0x0f, 0xff, 0xdc, 0x48, 0x0f, 0xff, 0xdc, 0x48, 0x0f, 0xff,
    0xdd, 0x48, 0x0f, 0xff, 0xdd, 0x48, 0x0e, 0xff, 0xde, 0x48, 0x0e, 0xff,
    0xde, 0x48, 0x0e, 0xff, 0xdf, 0x48, 0x0e, 0xff, 0xdf, 0x48, 0x0e, 0xff,
    0xe0, 0x48, 0x0e, 0xff, 0xe1, 0x48, 0x0d, 0xff, 0xe1, 0x48, 0x0d, 0xff,
    0xe2, 0x48, 0x0d, 0xff, 0xe2, 0x48, 0x0d, 0xff, 0xe3, 0x48, 0x0c, 0xff,
    0xe3, 0x48, 0x0c, 0xff, 0xe4, 0x48, 0x0c, 0xff, 0xe4, 0x48, 0x0c, 0xff,
    0xe5, 0x48, 0x0b, 0xff, 0xe5, 0x48, 0x0b, 0xff, 0xe6, 0x48, 0x0b, 0xff,
    0xe7, 0x48, 0x0b, 0xff, 0xe7, 0x48, 0x0b, 0xff, 0xe8, 0x48, 0x0a, 0xff,
    0xe8, 0x48, 0x0a, 0xff, 0xe9, 0x48, 0x0a, 0xff, 0xe9, 0x48, 0x0a, 0xff,
    0xea, 0x48, 0x0a, 0xff, 0xea, 0x48, 0x09, 0xff, 0xeb, 0x48, 0x09, 0xff,
    0xeb, 0x48, 0x09, 0xff, 0xec, 0x48, 0x08, 0xff, 0xec, 0x48, 0x08, 0xff,
    0xed, 0x48, 0x08, 0xff, 0xed, 0x48, 0x08, 0xff, 0xee, 0x48, 0x08, 0xff,
    0xee, 0x48, 0x07, 0xff, 0xef, 0x48, 0x07, 0xff, 0xef, 0x48, 0x07, 0xff,
    0xf0, 0x48, 0x06, 0xff, 0xf0, 0x48, 0x07, 0xff, 0xf1, 0x48, 0x07, 0xff,
    0xf1, 0x48, 0x06, 0xff, 0xf2, 0x48, 0x06, 0xff, 0xf2, 0x48, 0x05, 0xff,
    0xf3, 0x48, 0x06, 0xff, 0xf3, 0x48, 0x05, 0xff, 0xf3, 0x48, 0x05, 0xff,
    0xf4, 0x48, 0x05, 0xff, 0xf4, 0x48, 0x05, 0xff, 0xf5, 0x48, 0x04, 0xff,
    0xf5, 0x48, 0x04, 0xff, 0xf6, 0x48, 0x04, 0xff, 0xf6, 0x48, 0x04, 0xff,
    0xf7, 0x48, 0x04, 0xff, 0xf7, 0x48, 0x03, 0xff, 0xf7, 0x48, 0x04, 0xff,
    0xf8, 0x48, 0x03, 0xff, 0xf8, 0x48, 0x02, 0xff, 0xf8, 0x48, 0x02, 0xff,
    0xf9, 0x48, 0x02, 0xff, 0xf9, 0x48, 0x02, 0xff, 0xf8, 0x48, 0x03, 0xdf,
    0xe4, 0x47, 0x0a, 0x68, 0x8e, 0x42, 0x26, 0x1b, 0x95, 0x4a, 0x2a, 0x18,
    0x90, 0x4e, 0x2c, 0x17, 0x99, 0x59, 0x33, 0x14, 0xfb, 0xf7, 0xf4, 0xff,
    0xfb, 0xf7, 0xf4, 0xff, 0xfb, 0xf7, 0xf4, 0xff, 0xfb, 0xf7, 0xf4, 0xff,
    0xfb, 0xf7, 0xf4, 0xff, 0xfb, 0xf7, 0xf4, 0xff, 0xfb, 0xf7, 0xf4, 0xff,
    0xfb, 0xf7, 0xf4, 0xff, 0xfb, 0xf7, 0xf4, 0xff, 0xfb, 0xf7, 0xf4, 0xff,
    0xeb, 0xa0, 0x82, 0xff, 0xdb, 0x48, 0x0f, 0xff, 0xdc, 0x48, 0x0f, 0xff,
    0xdc, 0x48, 0x0f, 0xff, 0xdd, 0x48, 0x0f, 0xff, 0xdd, 0x48, 0x0e, 0xff,
    0xde, 0x48, 0x0e, 0xff, 0xde, 0x48, 0x0e, 0xff, 0xdf, 0x48, 0x0e, 0xff,
    0xdf, 0x48, 0x0e, 0xff, 0xe0, 0x48, 0x0e, 0xff, 0xe1, 0x48, 0x0d, 0xff,
    0xe1, 0x48, 0x0d, 0xff, 0xe2, 0x48, 0x0d, 0xff, 0xe2, 0x48, 0x0d, 0xff,
    0xe3, 0x48, 0x0c, 0xff, 0xe3, 0x48, 0x0c, 0xff, 0xe4, 0x48, 0x0c, 0xff,
    0xe4, 0x48, 0x0c, 0xff, 0xe5, 0x48, 0x0b, 0xff, 0xe5, 0x48, 0x0b, 0xff,
    0xe6, 0x48, 0x0b, 0xff, 0xe7, 0x48, 0x0b, 0xff, 0xe7, 0x48, 0x0b, 0xff,
    0xe8, 0x48, 0x0a, 0xff, 0xe8, 0x48, 0x0a, 0xff, 0xe9, 0x48, 0x0a, 0xff,
    0xe9, 0x48, 0x0a, 0xff, 0xea, 0x48, 0x0a, 0xff, 0xea, 0x48, 0x09, 0xff,
    0xeb, 0x48, 0x09, 0xff, 0xeb, 0x48, 0x09, 0xff, 0xec, 0x48, 0x08, 0xff,
    0xec, 0x48, 0x08, 0xff, 0xed, 0x48, 0x08, 0xff, 0xed, 0x48, 0x08, 0xff,
    0xee, 0x48, 0x08, 0xff, 0xee, 0x48, 0x07, 0xff, 0xef, 0x48, 0x07, 0xff,
    0xef, 0x48, 0x07, 0xff, 0xf0, 0x48, 0x06, 0xff, 0xf0, 0x48, 0x07, 0xff,
    0xf1, 0x48, 0x07, 0xff, 0xf1, 0x48, 0x06, 0xff, 0xf2, 0x48, 0x06, 0xff,
    0xf2, 0x48, 0x05, 0xff, 0xf3, 0x48, 0x06, 0xff, 0xf3, 0x48, 0x05, 0xff,
    0xf3, 0x48, 0x05, 0xff, 0xf4, 0x48, 0x05, 0xff, 0xf4, 0x48, 0x05, 0xff,
    0xf5, 0x48, 0x04, 0xff, 0xf5, 0x48, 0x04, 0xff, 0xf6, 0x48, 0x04, 0xff,
    0xf6, 0x48, 0x04, 0xff, 0xf7, 0x48, 0x04, 0xff, 0xf7, 0x48, 0x03, 0xff,
    0xf7, 0x48, 0x04, 0xff, 0xf8, 0x48, 0x03, 0xff, 0xf8, 0x48, 0x02, 0xff,
    0xf8, 0x48, 0x02, 0xfb, 0xf7, 0x48, 0x02, 0xe3, 0xf2, 0x47, 0x04, 0xb6,
    0xe8, 0x48, 0x07, 0x6e, 0xa2, 0x3e, 0x17, 0x21, 0x89, 0x45, 0x1d, 0x1a,
    0x8a, 0x40, 0x20, 0x18, 0x97, 0x51, 0x2e, 0x16, 0x92, 0x55, 0x31, 0x15,
    0x96, 0x5a, 0x3c, 0x11
};
