// 4.26.1 0x25baff90 D0 AN R0 FARGB8888 U888 N0 SExtFlashSection
// Generated by imageconverter. Please, do not edit!

#include <touchgfx/hal/Config.hpp>

LOCATION_PRAGMA("ExtFlashSection")
KEEP extern const unsigned char image_fan_corner_04[] LOCATION_ATTRIBUTE("ExtFlashSection") = { // 80x80 ARGB8888 pixels.
    0xfb, 0xf8, 0xf5, 0xff, 0xfb, 0xf8, 0xf5, 0xff, 0xfb, 0xf8, 0xf5, 0xff,
    0xfb, 0xf8, 0xf5, 0xff, 0xfb, 0xf8, 0xf5, 0xff, 0xfb, 0xf8, 0xf5, 0xff,
    0xfb, 0xf8, 0xf5, 0xff, 0xfb, 0xf8, 0xf5, 0xff, 0xfb, 0xf8, 0xf5, 0xff,
    0xfb, 0xf8, 0xf5, 0xff, 0xfb, 0xf8, 0xf5, 0xff, 0xfb, 0xf8, 0xf5, 0xff,
    0xfb, 0xf8, 0xf5, 0xff, 0xfb, 0xf7, 0xf5, 0xff, 0xfb, 0xf7, 0xf5, 0xff,
    0xfb, 0xf7, 0xf5, 0xff, 0xfb, 0xf7, 0xf5, 0xff, 0xfb, 0xf7, 0xf5, 0xff,
    0xfb, 0xf7, 0xf5, 0xff, 0xfb, 0xf7, 0xf4, 0xff, 0xfb, 0xf7, 0xf4, 0xff,
    0xfb, 0xf7, 0xf4, 0xff, 0xfb, 0xf7, 0xf4, 0xff, 0xfb, 0xf7, 0xf4, 0xff,
    0xfb, 0xf7, 0xf4, 0xff, 0xfb, 0xf7, 0xf4, 0xff, 0xfb, 0xf7, 0xf4, 0xff,
    0xfb, 0xf7, 0xf4, 0xff, 0xfb, 0xf7, 0xf4, 0xff, 0xfb, 0xf7, 0xf4, 0xff,
    0xfb, 0xf7, 0xf4, 0xff, 0xfb, 0xf7, 0xf4, 0xff, 0xfb, 0xf7, 0xf4, 0xff,
    0xfb, 0xf7, 0xf4, 0xff, 0xfb, 0xf7, 0xf4, 0xff, 0xfb, 0xf7, 0xf4, 0xff,
    0xfb, 0xf7, 0xf4, 0xff, 0xfb, 0xf7, 0xf4, 0xff, 0xfb, 0xf7, 0xf4, 0xff,
    0xfb, 0xf7, 0xf4, 0xff, 0xfb, 0xf7, 0xf4, 0xff, 0xfb, 0xf7, 0xf4, 0xff,
    0xfb, 0xf7, 0xf4, 0xff, 0xfb, 0xf7, 0xf4, 0xff, 0xfb, 0xf7, 0xf4, 0xff,
    0xfb, 0xf7, 0xf4, 0xff, 0xfb, 0xf7, 0xf4, 0xff, 0xfb, 0xf7, 0xf4, 0xff,
    0xfb, 0xf7, 0xf4, 0xff, 0xfb, 0xf7, 0xf4, 0xff, 0xfb, 0xf7, 0xf4, 0xff,
    0xfb, 0xf7, 0xf4, 0xff, 0xfb, 0xf7, 0xf4, 0xff, 0xfb, 0xf7, 0xf4, 0xff,
    0xfb, 0xf7, 0xf4, 0xff, 0xfb, 0xf7, 0xf4, 0xff, 0xfb, 0xf7, 0xf4, 0xff,
    0xfb, 0xf7, 0xf4, 0xff, 0xfb, 0xf7, 0xf4, 0xff, 0xfb, 0xf7, 0xf4, 0xff,
    0xfb, 0xf7, 0xf4, 0xff, 0xfb, 0xf7, 0xf4, 0xff, 0xfb, 0xf7, 0xf4, 0xff,
    0xfb, 0xf7, 0xf4, 0xff, 0xfb, 0xf7, 0xf4, 0xff, 0xfb, 0xf7, 0xf4, 0xff,
    0xfb, 0xf7, 0xf4, 0xff, 0xfb, 0xf7, 0xf4, 0xff, 0xfb, 0xf7, 0xf4, 0xff,
    0xfb, 0xf7, 0xf4, 0xff, 0xfb, 0xf7, 0xf4, 0xff, 0xfb, 0xf7, 0xf4, 0xff,
    0xfb, 0xf7, 0xf4, 0xff, 0xfb, 0xf7, 0xf4, 0xff, 0xfb, 0xf7, 0xf4, 0xff,
    0xfb, 0xf7, 0xf4, 0xff, 0xfb, 0xf7, 0xf4, 0xff, 0xfb, 0xf7, 0xf4, 0xff,
    0xfb, 0xf7, 0xf4, 0xff, 0xfb, 0xf7, 0xf4, 0xff, 0xfb, 0xf8, 0xf5, 0xff,
    0xfb, 0xf8, 0xf5, 0xff, 0xfb, 0xf8, 0xf5, 0xff, 0xfb, 0xf8, 0xf5, 0xff,
    0xfb, 0xf8, 0xf5, 0xff, 0xfb, 0xf8, 0xf5, 0xff, 0xfb, 0xf8, 0xf5, 0xff,
    0xfb, 0xf8, 0xf5, 0xff, 0xfb, 0xf8, 0xf5, 0xff, 0xfb, 0xf8, 0xf5, 0xff,
    0xfb, 0xf8, 0xf5, 0xff, 0xfb, 0xf7, 0xf5, 0xff, 0xfb, 0xf7, 0xf5, 0xff,
    0xfb, 0xf7, 0xf5, 0xff, 0xfb, 0xf7, 0xf5, 0xff, 0xfb, 0xf7, 0xf5, 0xff,
    0xfb, 0xf7, 0xf5, 0xff, 0xfb, 0xf7, 0xf5, 0xff, 0xfb, 0xf7, 0xf4, 0xff,
    0xfb, 0xf7, 0xf4, 0xff, 0xfb, 0xf7, 0xf4, 0xff, 0xfb, 0xf7, 0xf4, 0xff,
    0xfb, 0xf7, 0xf4, 0xff, 0xfb, 0xf7, 0xf4, 0xff, 0xfb, 0xf7, 0xf4, 0xff,
    0xfb, 0xf7, 0xf4, 0xff, 0xfb, 0xf7, 0xf4, 0xff, 0xfb, 0xf7, 0xf4, 0xff,
    0xfb, 0xf7, 0xf4, 0xff, 0xfb, 0xf7, 0xf4, 0xff, 0xfb, 0xf7, 0xf4, 0xff,
    0xfb, 0xf7, 0xf4, 0xff, 0xfb, 0xf7, 0xf4, 0xff, 0xfb, 0xf7, 0xf4, 0xff,
    0xfb, 0xf7, 0xf4, 0xff, 0xfb, 0xf7, 0xf4, 0xff, 0xfb, 0xf7, 0xf4, 0xff,
    0xfb, 0xf7, 0xf4, 0xff, 0xfb, 0xf7, 0xf4, 0xff, 0xfb, 0xf7, 0xf4, 0xff,
    0xfb, 0xf7, 0xf4, 0xff, 0xfb, 0xf7, 0xf4, 0xff, 0xfb, 0xf7, 0xf4, 0xff,
    0xfb, 0xf7, 0xf4, 0xff, 0xfb, 0xf7, 0xf4, 0xff, 0xfb, 0xf7, 0xf4, 0xff,
    0xfb, 0xf7, 0xf4, 0xff, 0xfb, 0xf7, 0xf4, 0xff, 0xfb, 0xf7, 0xf4, 0xff,
    0xfb, 0xf7, 0xf4, 0xff, 0xfb, 0xf7, 0xf4, 0xff, 0xfb, 0xf7, 0xf4, 0xff,
    0xfb, 0xf7, 0xf4, 0xff, 0xfb, 0xf7, 0xf4, 0xff, 0xfb, 0xf7, 0xf4, 0xff,
    0xfb, 0xf7, 0xf4, 0xff, 0xfb, 0xf7, 0xf4, 0xff, 0xfb, 0xf7, 0xf4, 0xff,
    0xfb, 0xf7, 0xf4, 0xff, 0xfb, 0xf7, 0xf4, 0xff, 0xfb, 0xf7, 0xf4, 0xff,
    0xfb, 0xf7, 0xf4, 0xff, 0xfb, 0xf7, 0xf4, 0xff, 0xfb, 0xf7, 0xf4, 0xff,
    0xfb, 0xf7, 0xf4, 0xff, 0xfb, 0xf7, 0xf4, 0xff, 0xfb, 0xf7, 0xf4, 0xff,
    0xfb, 0xf7, 0xf4, 0xff, 0xfb, 0xf7, 0xf4, 0xff, 0xfb, 0xf7, 0xf4, 0xff,
    0xfb, 0xf7, 0xf4, 0xff, 0xfb, 0xf7, 0xf4, 0xff, 0xfb, 0xf7, 0xf4, 0xff,
    0xfb, 0xf7, 0xf4, 0xff, 0xfb, 0xf7, 0xf4, 0xff, 0xfb, 0xf7, 0xf4, 0xff,
    0xfb, 0xf7, 0xf4, 0xff, 0xfb, 0xf7, 0xf4, 0xff, 0xfb, 0xf7, 0xf4, 0xff,
    0xfb, 0xf7, 0xf4, 0xff, 0xfb, 0xf8, 0xf5, 0xff, 0xfb, 0xf8, 0xf5, 0xff,
    0xfb, 0xf8, 0xf5, 0xff, 0xfb, 0xf8, 0xf5, 0xff, 0xfb, 0xf8, 0xf5, 0xff,
    0xfb, 0xf8, 0xf5, 0xff, 0xfb, 0xf8, 0xf5, 0xff, 0xfb, 0xf8, 0xf5, 0xff,
    0xfb, 0xf8, 0xf5, 0xff, 0xfb, 0xf8, 0xf5, 0xff, 0xfb, 0xf7, 0xf5, 0xff,
    0xfb, 0xf7, 0xf5, 0xff, 0xfb, 0xf7, 0xf5, 0xff, 0xfb, 0xf7, 0xf5, 0xff,
    0xfb, 0xf7, 0xf5, 0xff, 0xfb, 0xf7, 0xf5, 0xff, 0xfb, 0xf7, 0xf5, 0xff,
    0xfb, 0xf7, 0xf4, 0xff, 0xfb, 0xf7, 0xf4, 0xff, 0xfb, 0xf7, 0xf4, 0xff,
    0xfb, 0xf7, 0xf4, 0xff, 0xfb, 0xf7, 0xf4, 0xff, 0xfb, 0xf7, 0xf4, 0xff,
    0xfb, 0xf7, 0xf4, 0xff, 0xfb, 0xf7, 0xf4, 0xff, 0xfb, 0xf7, 0xf4, 0xff,
    0xfb, 0xf7, 0xf4, 0xff, 0xfb, 0xf7, 0xf4, 0xff, 0xfb, 0xf7, 0xf4, 0xff,
    0xfb, 0xf7, 0xf4, 0xff, 0xfb, 0xf7, 0xf4, 0xff, 0xfb, 0xf7, 0xf4, 0xff,
    0xfb, 0xf7, 0xf4, 0xff, 0xfb, 0xf7, 0xf4, 0xff, 0xfb, 0xf7, 0xf4, 0xff,
    0xfb, 0xf7, 0xf4, 0xff, 0xfb, 0xf7, 0xf4, 0xff, 0xfb, 0xf7, 0xf4, 0xff,
    0xfb, 0xf7, 0xf4, 0xff, 0xfb, 0xf7, 0xf4, 0xff, 0xfb, 0xf7, 0xf4, 0xff,
    0xfb, 0xf7, 0xf4, 0xff, 0xfb, 0xf7, 0xf4, 0xff, 0xfb, 0xf7, 0xf4, 0xff,
    0xfb, 0xf7, 0xf4, 0xff, 0xfb, 0xf7, 0xf4, 0xff, 0xfb, 0xf7, 0xf4, 0xff,
    0xfb, 0xf7, 0xf4, 0xff, 0xfb, 0xf7, 0xf4, 0xff, 0xfb, 0xf7, 0xf4, 0xff,
    0xfb, 0xf7, 0xf4, 0xff, 0xfb, 0xf7, 0xf4, 0xff, 0xfb, 0xf7, 0xf4, 0xff,
    0xfb, 0xf7, 0xf4, 0xff, 0xfb, 0xf7, 0xf4, 0xff, 0xfb, 0xf7, 0xf4, 0xff,
    0xfb, 0xf7, 0xf4, 0xff, 0xfb, 0xf7, 0xf4, 0xff, 0xfb, 0xf7, 0xf4, 0xff,
    0xfb, 0xf7, 0xf4, 0xff, 0xfb, 0xf7, 0xf4, 0xff, 0xfb, 0xf7, 0xf4, 0xff,
    0xfb, 0xf7, 0xf4, 0xff, 0xfb, 0xf7, 0xf4, 0xff, 0xfb, 0xf7, 0xf4, 0xff,
    0xfb, 0xf7, 0xf4, 0xff, 0xfb, 0xf7, 0xf4, 0xff, 0xfb, 0xf7, 0xf4, 0xff,
    0xfb, 0xf7, 0xf4, 0xff, 0xfb, 0xf7, 0xf4, 0xff, 0xfb, 0xf7, 0xf4, 0xff,
    0xfb, 0xf7, 0xf4, 0xff, 0xfb, 0xf7, 0xf4, 0xff, 0xfb, 0xf7, 0xf4, 0xff,
    0xfb, 0xf7, 0xf4, 0xff, 0xfb, 0xf7, 0xf4, 0xff, 0xfb, 0xf7, 0xf4, 0xff,
    0xfb, 0xf7, 0xf4, 0xff, 0xfb, 0xf7, 0xf4, 0xff, 0xfb, 0xf7, 0xf4, 0xff,
    0xfb, 0xf8, 0xf5, 0xff, 0xfb, 0xf8, 0xf5, 0xff, 0xfb, 0xf8, 0xf5, 0xff,
    0xfb, 0xf8, 0xf5, 0xff, 0xfb, 0xf8, 0xf5, 0xff, 0xfb, 0xf8, 0xf5, 0xff,
    0xfb, 0xf8, 0xf5, 0xff, 0xfb, 0xf8, 0xf5, 0xff, 0xfb, 0xf8, 0xf5, 0xff,
    0xfb, 0xf7, 0xf5, 0xff, 0xfb, 0xf7, 0xf5, 0xff, 0xfb, 0xf7, 0xf5, 0xff,
    0xfb, 0xf7, 0xf5, 0xff, 0xfb, 0xf7, 0xf5, 0xff, 0xfb, 0xf7, 0xf5, 0xff,
    0xfb, 0xf7, 0xf5, 0xff, 0xfb, 0xf7, 0xf4, 0xff, 0xfb, 0xf7, 0xf4, 0xff,
    0xfb, 0xf7, 0xf4, 0xff, 0xfb, 0xf7, 0xf4, 0xff, 0xfb, 0xf7, 0xf4, 0xff,
    0xfb, 0xf7, 0xf4, 0xff, 0xfb, 0xf7, 0xf4, 0xff, 0xfb, 0xf7, 0xf4, 0xff,
    0xfb, 0xf7, 0xf4, 0xff, 0xfb, 0xf7, 0xf4, 0xff, 0xfb, 0xf7, 0xf4, 0xff,
    0xfb, 0xf7, 0xf4, 0xff, 0xfb, 0xf7, 0xf4, 0xff, 0xfb, 0xf7, 0xf4, 0xff,
    0xfb, 0xf7, 0xf4, 0xff, 0xfb, 0xf7, 0xf4, 0xff, 0xfb, 0xf7, 0xf4, 0xff,
    0xfb, 0xf7, 0xf4, 0xff, 0xfb, 0xf7, 0xf4, 0xff, 0xfb, 0xf7, 0xf4, 0xff,
    0xfb, 0xf7, 0xf4, 0xff, 0xfb, 0xf7, 0xf4, 0xff, 0xfb, 0xf7, 0xf4, 0xff,
    0xfb, 0xf7, 0xf4, 0xff, 0xfb, 0xf7, 0xf4, 0xff, 0xfb, 0xf7, 0xf4, 0xff,
    0xfb, 0xf7, 0xf4, 0xff, 0xfb, 0xf7, 0xf4, 0xff, 0xfb, 0xf7, 0xf4, 0xff,
    0xfb, 0xf7, 0xf4, 0xff, 0xfb, 0xf7, 0xf4, 0xff, 0xfb, 0xf7, 0xf4, 0xff,
    0xfb, 0xf7, 0xf4, 0xff, 0xfb, 0xf7, 0xf4, 0xff, 0xfb, 0xf7, 0xf4, 0xff,
    0xfb, 0xf7, 0xf4, 0xff, 0xfb, 0xf7, 0xf4, 0xff, 0xfb, 0xf7, 0xf4, 0xff,
    0xfb, 0xf7, 0xf4, 0xff, 0xfb, 0xf7, 0xf4, 0xff, 0xfb, 0xf7, 0xf4, 0xff,
    0xfb, 0xf7, 0xf4, 0xff, 0xfb, 0xf7, 0xf4, 0xff, 0xfb, 0xf7, 0xf4, 0xff,
    0xfb, 0xf7, 0xf4, 0xff, 0xfb, 0xf7, 0xf4, 0xff, 0xfb, 0xf7, 0xf4, 0xff,
    0xfb, 0xf7, 0xf4, 0xff, 0xfb, 0xf7, 0xf4, 0xff, 0xfb, 0xf7, 0xf4, 0xff,
    0xfb, 0xf7, 0xf4, 0xff, 0xfb, 0xf7, 0xf4, 0xff, 0xfb, 0xf7, 0xf4, 0xff,
    0xfb, 0xf7, 0xf4, 0xff, 0xfb, 0xf7, 0xf4, 0xff, 0xfb, 0xf7, 0xf4, 0xff,
    0xfb, 0xf7, 0xf4, 0xff, 0xfb, 0xf7, 0xf4, 0xff, 0xfb, 0xf7, 0xf4, 0xff,
    0xfb, 0xf7, 0xf4, 0xff, 0xfb, 0xf7, 0xf4, 0xff, 0xfb, 0xf7, 0xf4, 0xff,
    0xfb, 0xf7, 0xf4, 0xff, 0xfb, 0xf7, 0xf4, 0xff, 0xfb, 0xf8, 0xf5, 0xff,
    0xfb, 0xf8, 0xf5, 0xff, 0xfb, 0xf8, 0xf5, 0xff, 0xfb, 0xf8, 0xf5, 0xff,
    0xfb, 0xf8, 0xf5, 0xff, 0xfb, 0xf8, 0xf5, 0xff, 0xfb, 0xf8, 0xf5, 0xff,
    0xfb, 0xf8, 0xf5, 0xff, 0xfb, 0xf7, 0xf5, 0xff, 0xfb, 0xf7, 0xf5, 0xff,
    0xfb, 0xf7, 0xf5, 0xff, 0xfb, 0xf7, 0xf5, 0xff, 0xfb, 0xf7, 0xf5, 0xff,
    0xfb, 0xf7, 0xf5, 0xff, 0xfb, 0xf7, 0xf5, 0xff, 0xfb, 0xf7, 0xf4, 0xff,
    0xfb, 0xf7, 0xf4, 0xff, 0xfb, 0xf7, 0xf4, 0xff, 0xfb, 0xf7, 0xf4, 0xff,
    0xfb, 0xf7, 0xf4, 0xff, 0xfb, 0xf7, 0xf4, 0xff, 0xfb, 0xf7, 0xf4, 0xff,
    0xfb, 0xf7, 0xf4, 0xff, 0xfb, 0xf7, 0xf4, 0xff, 0xfb, 0xf7, 0xf4, 0xff,
    0xfb, 0xf7, 0xf4, 0xff, 0xfb, 0xf7, 0xf4, 0xff, 0xfb, 0xf7, 0xf4, 0xff,
    0xfb, 0xf7, 0xf4, 0xff, 0xfb, 0xf7, 0xf4, 0xff, 0xfb, 0xf7, 0xf4, 0xff,
    0xfb, 0xf7, 0xf4, 0xff, 0xfb, 0xf7, 0xf4, 0xff, 0xfb, 0xf7, 0xf4, 0xff,
    0xfb, 0xf7, 0xf4, 0xff, 0xfb, 0xf7, 0xf4, 0xff, 0xfb, 0xf7, 0xf4, 0xff,
    0xfb, 0xf7, 0xf4, 0xff, 0xfb, 0xf7, 0xf4, 0xff, 0xfb, 0xf7, 0xf4, 0xff,
    0xfb, 0xf7, 0xf4, 0xff, 0xfb, 0xf7, 0xf4, 0xff, 0xfb, 0xf7, 0xf4, 0xff,
    0xfb, 0xf7, 0xf4, 0xff, 0xfb, 0xf7, 0xf4, 0xff, 0xfb, 0xf7, 0xf4, 0xff,
    0xfb, 0xf7, 0xf4, 0xff, 0xfb, 0xf7, 0xf4, 0xff, 0xfb, 0xf7, 0xf4, 0xff,
    0xfb, 0xf7, 0xf4, 0xff, 0xfb, 0xf7, 0xf4, 0xff, 0xfb, 0xf7, 0xf4, 0xff,
    0xfb, 0xf7, 0xf4, 0xff, 0xfb, 0xf7, 0xf4, 0xff, 0xfb, 0xf7, 0xf4, 0xff,
    0xfb, 0xf7, 0xf4, 0xff, 0xfb, 0xf7, 0xf4, 0xff, 0xfb, 0xf7, 0xf4, 0xff,
    0xfb, 0xf7, 0xf4, 0xff, 0xfb, 0xf7, 0xf4, 0xff, 0xfb, 0xf7, 0xf4, 0xff,
    0xfb, 0xf7, 0xf4, 0xff, 0xfb, 0xf7, 0xf4, 0xff, 0xfb, 0xf7, 0xf4, 0xff,
    0xfb, 0xf7, 0xf4, 0xff, 0xfb, 0xf7, 0xf4, 0xff, 0xfb, 0xf7, 0xf4, 0xff,
    0xfb, 0xf7, 0xf4, 0xff, 0xfb, 0xf7, 0xf4, 0xff, 0xfb, 0xf7, 0xf4, 0xff,
    0xfb, 0xf7, 0xf4, 0xff, 0xfb, 0xf7, 0xf4, 0xff, 0xfb, 0xf7, 0xf4, 0xff,
    0xfb, 0xf7, 0xf4, 0xff, 0xfb, 0xf7, 0xf4, 0xff, 0xfb, 0xf7, 0xf4, 0xff,
    0xfb, 0xf7, 0xf4, 0xff, 0xfb, 0xf7, 0xf4, 0xff, 0xfb, 0xf7, 0xf4, 0xff,
    0xfb, 0xf7, 0xf4, 0xff, 0xfb, 0xf8, 0xf5, 0xff, 0xfb, 0xf8, 0xf5, 0xff,
    0xfb, 0xf8, 0xf5, 0xff, 0xfb, 0xf8, 0xf5, 0xff, 0xfb, 0xf8, 0xf5, 0xff,
    0xfb, 0xf8, 0xf5, 0xff, 0xfb, 0xf8, 0xf5, 0xff, 0xfb, 0xf7, 0xf5, 0xff,
    0xfb, 0xf7, 0xf5, 0xff, 0xfb, 0xf7, 0xf5, 0xff, 0xfb, 0xf7, 0xf5, 0xff,
    0xfb, 0xf7, 0xf5, 0xff, 0xfb, 0xf7, 0xf5, 0xff, 0xfb, 0xf7, 0xf5, 0xff,
    0xfb, 0xf7, 0xf4, 0xff, 0xfb, 0xf7, 0xf4, 0xff, 0xfb, 0xf7, 0xf4, 0xff,
    0xfb, 0xf7, 0xf4, 0xff, 0xfb, 0xf7, 0xf4, 0xff, 0xfb, 0xf7, 0xf4, 0xff,
    0xfb, 0xf7, 0xf4, 0xff, 0xfb, 0xf7, 0xf4, 0xff, 0xfb, 0xf7, 0xf4, 0xff,
    0xfb, 0xf7, 0xf4, 0xff, 0xfb, 0xf7, 0xf4, 0xff, 0xfb, 0xf7, 0xf4, 0xff,
    0xfb, 0xf7, 0xf4, 0xff, 0xfb, 0xf7, 0xf4, 0xff, 0xfb, 0xf7, 0xf4, 0xff,
    0xfb, 0xf7, 0xf4, 0xff, 0xfb, 0xf7, 0xf4, 0xff, 0xfb, 0xf7, 0xf4, 0xff,
    0xfb, 0xf7, 0xf4, 0xff, 0xfb, 0xf7, 0xf4, 0xff, 0xfb, 0xf7, 0xf4, 0xff,
    0xfb, 0xf7, 0xf4, 0xff, 0xfb, 0xf7, 0xf4, 0xff, 0xfb, 0xf7, 0xf4, 0xff,
    0xfb, 0xf7, 0xf4, 0xff, 0xfb, 0xf7, 0xf4, 0xff, 0xfb, 0xf7, 0xf4, 0xff,
    0xfb, 0xf7, 0xf4, 0xff, 0xfb, 0xf7, 0xf4, 0xff, 0xfb, 0xf7, 0xf4, 0xff,
    0xfb, 0xf7, 0xf4, 0xff, 0xfb, 0xf7, 0xf4, 0xff, 0xfb, 0xf7, 0xf4, 0xff,
    0xfb, 0xf7, 0xf4, 0xff, 0xfb, 0xf7, 0xf4, 0xff, 0xfb, 0xf7, 0xf4, 0xff,
    0xfb, 0xf7, 0xf4, 0xff, 0xfb, 0xf7, 0xf4, 0xff, 0xfb, 0xf7, 0xf4, 0xff,
    0xfb, 0xf7, 0xf4, 0xff, 0xfb, 0xf7, 0xf4, 0xff, 0xfb, 0xf7, 0xf4, 0xff,
    0xfb, 0xf7, 0xf4, 0xff, 0xfb, 0xf7, 0xf4, 0xff, 0xfb, 0xf7, 0xf4, 0xff,
    0xfb, 0xf7, 0xf4, 0xff, 0xfb, 0xf7, 0xf4, 0xff, 0xfb, 0xf7, 0xf4, 0xff,
    0xfb, 0xf7, 0xf4, 0xff, 0xfb, 0xf7, 0xf4, 0xff, 0xfb, 0xf7, 0xf4, 0xff,
    0xfb, 0xf7, 0xf4, 0xff, 0xfb, 0xf7, 0xf4, 0xff, 0xfb, 0xf7, 0xf4, 0xff,
    0xfb, 0xf7, 0xf4, 0xff, 0xfb, 0xf7, 0xf4, 0xff, 0xfb, 0xf7, 0xf4, 0xff,
    0xfb, 0xf7, 0xf4, 0xff, 0xfb, 0xf7, 0xf4, 0xff, 0xfb, 0xf7, 0xf4, 0xff,
    0xfb, 0xf7, 0xf4, 0xff, 0xfb, 0xf7, 0xf4, 0xff, 0xfb, 0xf7, 0xf4, 0xff,
    0xfb, 0xf7, 0xf4, 0xff, 0xfb, 0xf7, 0xf4, 0xff, 0xfb, 0xf7, 0xf4, 0xff,
    0xfb, 0xf8, 0xf5, 0xff, 0xfb, 0xf8, 0xf5, 0xff, 0xfb, 0xf8, 0xf5, 0xff,
    0xfb, 0xf8, 0xf5, 0xff, 0xfb, 0xf8, 0xf5, 0xff, 0xfb, 0xf8, 0xf5, 0xff,
    0xfb, 0xf7, 0xf5, 0xff, 0xfb, 0xf7, 0xf5, 0xff, 0xfb, 0xf7, 0xf5, 0xff,
    0xfb, 0xf7, 0xf5, 0xff, 0xfb, 0xf7, 0xf5, 0xff, 0xfb, 0xf7, 0xf5, 0xff,
    0xfb, 0xf7, 0xf5, 0xff, 0xfb, 0xf7, 0xf4, 0xff, 0xfb, 0xf7, 0xf4, 0xff,
    0xfb, 0xf7, 0xf4, 0xff, 0xfb, 0xf7, 0xf4, 0xff, 0xfb, 0xf7, 0xf4, 0xff,
    0xfb, 0xf7, 0xf4, 0xff, 0xfb, 0xf7, 0xf4, 0xff, 0xfb, 0xf7, 0xf4, 0xff,
    0xfb, 0xf7, 0xf4, 0xff, 0xfb, 0xf7, 0xf4, 0xff, 0xfb, 0xf7, 0xf4, 0xff,
    0xfb, 0xf7, 0xf4, 0xff, 0xfb, 0xf7, 0xf4, 0xff, 0xfb, 0xf7, 0xf4, 0xff,
    0xfb, 0xf7, 0xf4, 0xff, 0xfb, 0xf7, 0xf4, 0xff, 0xfb, 0xf7, 0xf4, 0xff,
    0xfb, 0xf7, 0xf4, 0xff, 0xfb, 0xf7, 0xf4, 0xff, 0xfb, 0xf7, 0xf4, 0xff,
    0xfb, 0xf7, 0xf4, 0xff, 0xfb, 0xf7, 0xf4, 0xff, 0xfb, 0xf7, 0xf4, 0xff,
    0xfb, 0xf7, 0xf4, 0xff, 0xfb, 0xf7, 0xf4, 0xff, 0xfb, 0xf7, 0xf4, 0xff,
    0xfb, 0xf7, 0xf4, 0xff, 0xfb, 0xf7, 0xf4, 0xff, 0xfb, 0xf7, 0xf4, 0xff,
    0xfb, 0xf7, 0xf4, 0xff, 0xfb, 0xf7, 0xf4, 0xff, 0xfb, 0xf7, 0xf4, 0xff,
    0xfb, 0xf7, 0xf4, 0xff, 0xfb, 0xf7, 0xf4, 0xff, 0xfb, 0xf7, 0xf4, 0xff,
    0xfb, 0xf7, 0xf4, 0xff, 0xfb, 0xf7, 0xf4, 0xff, 0xfb, 0xf7, 0xf4, 0xff,
    0xfb, 0xf7, 0xf4, 0xff, 0xfb, 0xf7, 0xf4, 0xff, 0xfb, 0xf7, 0xf4, 0xff,
    0xfb, 0xf7, 0xf4, 0xff, 0xfb, 0xf7, 0xf4, 0xff, 0xfb, 0xf7, 0xf4, 0xff,
    0xfb, 0xf7, 0xf4, 0xff, 0xfb, 0xf7, 0xf4, 0xff, 0xfb, 0xf7, 0xf4, 0xff,
    0xfb, 0xf7, 0xf4, 0xff, 0xfb, 0xf7, 0xf4, 0xff, 0xfb, 0xf7, 0xf4, 0xff,
    0xfb, 0xf7, 0xf4, 0xff, 0xfb, 0xf7, 0xf4, 0xff, 0xfb, 0xf7, 0xf4, 0xff,
    0xfb, 0xf7, 0xf4, 0xff, 0xfb, 0xf7, 0xf4, 0xff, 0xfb, 0xf7, 0xf4, 0xff,
    0xfb, 0xf7, 0xf4, 0xff, 0xfb, 0xf7, 0xf4, 0xff, 0xfb, 0xf7, 0xf4, 0xff,
    0xfb, 0xf7, 0xf4, 0xff, 0xfb, 0xf7, 0xf4, 0xff, 0xfb, 0xf7, 0xf4, 0xff,
    0xfb, 0xf7, 0xf4, 0xff, 0xfb, 0xf7, 0xf4, 0xff, 0xfb, 0xf7, 0xf4, 0xff,
    0xfb, 0xf7, 0xf4, 0xff, 0xfb, 0xf7, 0xf4, 0xff, 0xfb, 0xf8, 0xf5, 0xff,
    0xfb, 0xf8, 0xf5, 0xff, 0xfb, 0xf8, 0xf5, 0xff, 0xfb, 0xf8, 0xf5, 0xff,
    0xfb, 0xf8, 0xf5, 0xff, 0xfb, 0xf7, 0xf5, 0xff, 0xfb, 0xf7, 0xf5, 0xff,
    0xfb, 0xf7, 0xf5, 0xff, 0xfb, 0xf7, 0xf5, 0xff, 0xfb, 0xf7, 0xf5, 0xff,
    0xfb, 0xf7, 0xf5, 0xff, 0xfb, 0xf7, 0xf5, 0xff, 0xfb, 0xf7, 0xf4, 0xff,
    0xfb, 0xf7, 0xf4, 0xff, 0xfb, 0xf7, 0xf4, 0xff, 0xfb, 0xf7, 0xf4, 0xff,
    0xfb, 0xf7, 0xf4, 0xff, 0xfb, 0xf7, 0xf4, 0xff, 0xfb, 0xf7, 0xf4, 0xff,
    0xfb, 0xf7, 0xf4, 0xff, 0xfb, 0xf7, 0xf4, 0xff, 0xfb, 0xf7, 0xf4, 0xff,
    0xfb, 0xf7, 0xf4, 0xff, 0xfb, 0xf7, 0xf4, 0xff, 0xfb, 0xf7, 0xf4, 0xff,
    0xfb, 0xf7, 0xf4, 0xff, 0xfb, 0xf7, 0xf4, 0xff, 0xfb, 0xf7, 0xf4, 0xff,
    0xfb, 0xf7, 0xf4, 0xff, 0xfb, 0xf7, 0xf4, 0xff, 0xfb, 0xf7, 0xf4, 0xff,
    0xfb, 0xf7, 0xf4, 0xff, 0xfb, 0xf7, 0xf4, 0xff, 0xfb, 0xf7, 0xf4, 0xff,
    0xfb, 0xf7, 0xf4, 0xff, 0xfb, 0xf7, 0xf4, 0xff, 0xfb, 0xf7, 0xf4, 0xff,
    0xfb, 0xf7, 0xf4, 0xff, 0xfb, 0xf7, 0xf4, 0xff, 0xfb, 0xf7, 0xf4, 0xff,
    0xfb, 0xf7, 0xf4, 0xff, 0xfb, 0xf7, 0xf4, 0xff, 0xfb, 0xf7, 0xf4, 0xff,
    0xfb, 0xf7, 0xf4, 0xff, 0xfb, 0xf7, 0xf4, 0xff, 0xfb, 0xf7, 0xf4, 0xff,
    0xfb, 0xf7, 0xf4, 0xff, 0xfb, 0xf7, 0xf4, 0xff, 0xfb, 0xf7, 0xf4, 0xff,
    0xfb, 0xf7, 0xf4, 0xff, 0xfb, 0xf7, 0xf4, 0xff, 0xfb, 0xf7, 0xf4, 0xff,
    0xfb, 0xf7, 0xf4, 0xff, 0xfb, 0xf7, 0xf4, 0xff, 0xfb, 0xf7, 0xf4, 0xff,
    0xfb, 0xf7, 0xf4, 0xff, 0xfb, 0xf7, 0xf4, 0xff, 0xfb, 0xf7, 0xf4, 0xff,
    0xfb, 0xf7, 0xf4, 0xff, 0xfb, 0xf7, 0xf4, 0xff, 0xfb, 0xf7, 0xf4, 0xff,
    0xfb, 0xf7, 0xf4, 0xff, 0xfb, 0xf7, 0xf4, 0xff, 0xfb, 0xf7, 0xf4, 0xff,
    0xfb, 0xf7, 0xf4, 0xff, 0xfb, 0xf7, 0xf4, 0xff, 0xfb, 0xf7, 0xf4, 0xff,
    0xfb, 0xf7, 0xf4, 0xff, 0xfb, 0xf7, 0xf4, 0xff, 0xfb, 0xf7, 0xf4, 0xff,
    0xfb, 0xf7, 0xf4, 0xff, 0xfb, 0xf7, 0xf4, 0xff, 0xfb, 0xf7, 0xf4, 0xff,
    0xfb, 0xf7, 0xf4, 0xff, 0xfb, 0xf7, 0xf4, 0xff, 0xfb, 0xf7, 0xf4, 0xff,
    0xfb, 0xf7, 0xf4, 0xff, 0xfb, 0xf7, 0xf4, 0xff, 0xfb, 0xf7, 0xf4, 0xff,
    0xfb, 0xf7, 0xf4, 0xff, 0xfb, 0xf8, 0xf5, 0xff, 0xfb, 0xf8, 0xf5, 0xff,
    0xfb, 0xf8, 0xf5, 0xff, 0xfb, 0xf8, 0xf5, 0xff, 0xfb, 0xf7, 0xf5, 0xff,
    0xfb, 0xf7, 0xf5, 0xff, 0xfb, 0xf7, 0xf5, 0xff, 0xfb, 0xf7, 0xf5, 0xff,
    0xfb, 0xf7, 0xf5, 0xff, 0xfb, 0xf7, 0xf5, 0xff, 0xfb, 0xf7, 0xf5, 0xff,
    0xfb, 0xf7, 0xf4, 0xff, 0xfb, 0xf7, 0xf4, 0xff, 0xfb, 0xf7, 0xf4, 0xff,
    0xfb, 0xf7, 0xf4, 0xff, 0xfb, 0xf7, 0xf4, 0xff, 0xfb, 0xf7, 0xf4, 0xff,
    0xfb, 0xf7, 0xf4, 0xff, 0xfb, 0xf7, 0xf4, 0xff, 0xfb, 0xf7, 0xf4, 0xff,
    0xfb, 0xf7, 0xf4, 0xff, 0xfb, 0xf7, 0xf4, 0xff, 0xfb, 0xf7, 0xf4, 0xff,
    0xfb, 0xf7, 0xf4, 0xff, 0xfb, 0xf7, 0xf4, 0xff, 0xfb, 0xf7, 0xf4, 0xff,
    0xfb, 0xf7, 0xf4, 0xff, 0xfb, 0xf7, 0xf4, 0xff, 0xfb, 0xf7, 0xf4, 0xff,
    0xfb, 0xf7, 0xf4, 0xff, 0xfb, 0xf7, 0xf4, 0xff, 0xfb, 0xf7, 0xf4, 0xff,
    0xfb, 0xf7, 0xf4, 0xff, 0xfb, 0xf7, 0xf4, 0xff, 0xfb, 0xf7, 0xf4, 0xff,
    0xfb, 0xf7, 0xf4, 0xff, 0xfb, 0xf7, 0xf4, 0xff, 0xfb, 0xf7, 0xf4, 0xff,
    0xfb, 0xf7, 0xf4, 0xff, 0xfb, 0xf7, 0xf4, 0xff, 0xfb, 0xf7, 0xf4, 0xff,
    0xfb, 0xf7, 0xf4, 0xff, 0xfb, 0xf7, 0xf4, 0xff, 0xfb, 0xf7, 0xf4, 0xff,
    0xfb, 0xf7, 0xf4, 0xff, 0xfb, 0xf7, 0xf4, 0xff, 0xfb, 0xf7, 0xf4, 0xff,
    0xfb, 0xf7, 0xf4, 0xff, 0xfb, 0xf7, 0xf4, 0xff, 0xfb, 0xf7, 0xf4, 0xff,
    0xfb, 0xf7, 0xf4, 0xff, 0xfb, 0xf7, 0xf4, 0xff, 0xfb, 0xf7, 0xf4, 0xff,
    0xfb, 0xf7, 0xf4, 0xff, 0xfb, 0xf7, 0xf4, 0xff, 0xfb, 0xf7, 0xf4, 0xff,
    0xfb, 0xf7, 0xf4, 0xff, 0xfb, 0xf7, 0xf4, 0xff, 0xfb, 0xf7, 0xf4, 0xff,
    0xfb, 0xf7, 0xf4, 0xff, 0xfb, 0xf7, 0xf4, 0xff, 0xfb, 0xf7, 0xf4, 0xff,
    0xfb, 0xf7, 0xf4, 0xff, 0xfb, 0xf7, 0xf4, 0xff, 0xfb, 0xf7, 0xf4, 0xff,
    0xfb, 0xf7, 0xf4, 0xff, 0xfb, 0xf7, 0xf4, 0xff, 0xfb, 0xf7, 0xf4, 0xff,
    0xfb, 0xf7, 0xf4, 0xff, 0xfb, 0xf7, 0xf4, 0xff, 0xfb, 0xf7, 0xf4, 0xff,
    0xfb, 0xf7, 0xf4, 0xff, 0xfb, 0xf7, 0xf4, 0xff, 0xfb, 0xf7, 0xf4, 0xff,
    0xfb, 0xf7, 0xf4, 0xff, 0xfb, 0xf7, 0xf4, 0xff, 0xfb, 0xf7, 0xf4, 0xff,
    0xfb, 0xf7, 0xf4, 0xff, 0xfb, 0xf7, 0xf4, 0xff, 0xfb, 0xf7, 0xf4, 0xff,
    0xfb, 0xf8, 0xf5, 0xff, 0xfb, 0xf8, 0xf5, 0xff, 0xfb, 0xf8, 0xf5, 0xff,
    0xfb, 0xf7, 0xf5, 0xff, 0xfb, 0xf7, 0xf5, 0xff, 0xfb, 0xf7, 0xf5, 0xff,
    0xfb, 0xf7, 0xf5, 0xff, 0xfb, 0xf7, 0xf5, 0xff, 0xfb, 0xf7, 0xf5, 0xff,
    0xfb, 0xf7, 0xf5, 0xff, 0xfb, 0xf7, 0xf4, 0xff, 0xfb, 0xf7, 0xf4, 0xff,
    0xfb, 0xf7, 0xf4, 0xff, 0xfb, 0xf7, 0xf4, 0xff, 0xfb, 0xf7, 0xf4, 0xff,
    0xfb, 0xf7, 0xf4, 0xff, 0xfb, 0xf7, 0xf4, 0xff, 0xfb, 0xf7, 0xf4, 0xff,
    0xfb, 0xf7, 0xf4, 0xff, 0xfb, 0xf7, 0xf4, 0xff, 0xfb, 0xf7, 0xf4, 0xff,
    0xfb, 0xf7, 0xf4, 0xff, 0xfb, 0xf7, 0xf4, 0xff, 0xfb, 0xf7, 0xf4, 0xff,
    0xfb, 0xf7, 0xf4, 0xff, 0xfb, 0xf7, 0xf4, 0xff, 0xfb, 0xf7, 0xf4, 0xff,
    0xfb, 0xf7, 0xf4, 0xff, 0xfb, 0xf7, 0xf4, 0xff, 0xfb, 0xf7, 0xf4, 0xff,
    0xfb, 0xf7, 0xf4, 0xff, 0xfb, 0xf7, 0xf4, 0xff, 0xfb, 0xf7, 0xf4, 0xff,
    0xfb, 0xf7, 0xf4, 0xff, 0xfb, 0xf7, 0xf4, 0xff, 0xfb, 0xf7, 0xf4, 0xff,
    0xfb, 0xf7, 0xf4, 0xff, 0xfb, 0xf7, 0xf4, 0xff, 0xfb, 0xf7, 0xf4, 0xff,
    0xfb, 0xf7, 0xf4, 0xff, 0xfb, 0xf7, 0xf4, 0xff, 0xfb, 0xf7, 0xf4, 0xff,
    0xfb, 0xf7, 0xf4, 0xff, 0xfb, 0xf7, 0xf4, 0xff, 0xfb, 0xf7, 0xf4, 0xff,
    0xfb, 0xf7, 0xf4, 0xff, 0xfb, 0xf7, 0xf4, 0xff, 0xfb, 0xf7, 0xf4, 0xff,
    0xfb, 0xf7, 0xf4, 0xff, 0xfb, 0xf7, 0xf4, 0xff, 0xfb, 0xf7, 0xf4, 0xff,
    0xfb, 0xf7, 0xf4, 0xff, 0xfb, 0xf7, 0xf4, 0xff, 0xfb, 0xf7, 0xf4, 0xff,
    0xfb, 0xf7, 0xf4, 0xff, 0xfb, 0xf7, 0xf4, 0xff, 0xfb, 0xf7, 0xf4, 0xff,
    0xfb, 0xf7, 0xf4, 0xff, 0xfb, 0xf7, 0xf4, 0xff, 0xfb, 0xf7, 0xf4, 0xff,
    0xfb, 0xf7, 0xf4, 0xff, 0xfb, 0xf7, 0xf4, 0xff, 0xfb, 0xf7, 0xf4, 0xff,
    0xfb, 0xf7, 0xf4, 0xff, 0xfb, 0xf7, 0xf4, 0xff, 0xfb, 0xf7, 0xf4, 0xff,
    0xfb, 0xf7, 0xf4, 0xff, 0xfb, 0xf7, 0xf4, 0xff, 0xfb, 0xf7, 0xf4, 0xff,
    0xfb, 0xf7, 0xf4, 0xff, 0xfb, 0xf7, 0xf4, 0xff, 0xfb, 0xf7, 0xf4, 0xff,
    0xfb, 0xf7, 0xf4, 0xff, 0xfb, 0xf7, 0xf4, 0xff, 0xfb, 0xf7, 0xf4, 0xff,
    0xfb, 0xf7, 0xf4, 0xff, 0xfb, 0xf7, 0xf4, 0xff, 0xfb, 0xf7, 0xf4, 0xff,
    0xfb, 0xf7, 0xf4, 0xff, 0xfb, 0xf7, 0xf4, 0xff, 0xfb, 0xf8, 0xf5, 0xff,
    0xfb, 0xf8, 0xf5, 0xff, 0xfb, 0xf7, 0xf5, 0xff, 0xfb, 0xf7, 0xf5, 0xff,
    0xfb, 0xf7, 0xf5, 0xff, 0xfb, 0xf7, 0xf5, 0xff, 0xfb, 0xf7, 0xf5, 0xff,
    0xfb, 0xf7, 0xf5, 0xff, 0xfb, 0xf7, 0xf5, 0xff, 0xfb, 0xf7, 0xf4, 0xff,
    0xfb, 0xf7, 0xf4, 0xff, 0xfb, 0xf7, 0xf4, 0xff, 0xfb, 0xf7, 0xf4, 0xff,
    0xfb, 0xf7, 0xf4, 0xff, 0xfb, 0xf7, 0xf4, 0xff, 0xfb, 0xf7, 0xf4, 0xff,
    0xfb, 0xf7, 0xf4, 0xff, 0xfb, 0xf7, 0xf4, 0xff, 0xfb, 0xf7, 0xf4, 0xff,
    0xfb, 0xf7, 0xf4, 0xff, 0xfb, 0xf7, 0xf4, 0xff, 0xfb, 0xf7, 0xf4, 0xff,
    0xfb, 0xf7, 0xf4, 0xff, 0xfb, 0xf7, 0xf4, 0xff, 0xfb, 0xf7, 0xf4, 0xff,
    0xfb, 0xf7, 0xf4, 0xff, 0xfb, 0xf7, 0xf4, 0xff, 0xfb, 0xf7, 0xf4, 0xff,
    0xfb, 0xf7, 0xf4, 0xff, 0xfb, 0xf7, 0xf4, 0xff, 0xfb, 0xf7, 0xf4, 0xff,
    0xfb, 0xf7, 0xf4, 0xff, 0xfb, 0xf7, 0xf4, 0xff, 0xfb, 0xf7, 0xf4, 0xff,
    0xfb, 0xf7, 0xf4, 0xff, 0xfb, 0xf7, 0xf4, 0xff, 0xfb, 0xf7, 0xf4, 0xff,
    0xfb, 0xf7, 0xf4, 0xff, 0xfb, 0xf7, 0xf4, 0xff, 0xfb, 0xf7, 0xf4, 0xff,
    0xfb, 0xf7, 0xf4, 0xff, 0xfb, 0xf7, 0xf4, 0xff, 0xfb, 0xf7, 0xf4, 0xff,
    0xfb, 0xf7, 0xf4, 0xff, 0xfb, 0xf7, 0xf4, 0xff, 0xfb, 0xf7, 0xf4, 0xff,
    0xfb, 0xf7, 0xf4, 0xff, 0xfb, 0xf7, 0xf4, 0xff, 0xfb, 0xf7, 0xf4, 0xff,
    0xfb, 0xf7, 0xf4, 0xff, 0xfb, 0xf7, 0xf4, 0xff, 0xfb, 0xf7, 0xf4, 0xff,
    0xfb, 0xf7, 0xf4, 0xff, 0xfb, 0xf7, 0xf4, 0xff, 0xfb, 0xf7, 0xf4, 0xff,
    0xfb, 0xf7, 0xf4, 0xff, 0xfb, 0xf7, 0xf4, 0xff, 0xfb, 0xf7, 0xf4, 0xff,
    0xfb, 0xf7, 0xf4, 0xff, 0xfb, 0xf7, 0xf4, 0xff, 0xfb, 0xf7, 0xf4, 0xff,
    0xfb, 0xf7, 0xf4, 0xff, 0xfb, 0xf7, 0xf4, 0xff, 0xfb, 0xf7, 0xf4, 0xff,
    0xfb, 0xf7, 0xf4, 0xff, 0xfb, 0xf7, 0xf4, 0xff, 0xfb, 0xf7, 0xf4, 0xff,
    0xfb, 0xf7, 0xf4, 0xff, 0xfb, 0xf7, 0xf4, 0xff, 0xfb, 0xf7, 0xf4, 0xff,
    0xfb, 0xf7, 0xf4, 0xff, 0xfb, 0xf7, 0xf4, 0xff, 0xfb, 0xf7, 0xf4, 0xff,
    0xfb, 0xf7, 0xf4, 0xff, 0xfb, 0xf7, 0xf4, 0xff, 0xfb, 0xf7, 0xf4, 0xff,
    0xfb, 0xf7, 0xf4, 0xff, 0xfb, 0xf7, 0xf4, 0xff, 0xfb, 0xf7, 0xf4, 0xff,
    0xfb, 0xf7, 0xf4, 0xff, 0xfb, 0xf8, 0xf5, 0xff, 0xfb, 0xf7, 0xf5, 0xff,
    0xfb, 0xf7, 0xf5, 0xff, 0xfb, 0xf7, 0xf5, 0xff, 0xfb, 0xf7, 0xf5, 0xff,
    0xfb, 0xf7, 0xf5, 0xff, 0xfb, 0xf7, 0xf5, 0xff, 0xfb, 0xf7, 0xf5, 0xff,
    0xfb, 0xf7, 0xf4, 0xff, 0xfb, 0xf7, 0xf4, 0xff, 0xfb, 0xf7, 0xf4, 0xff,
    0xfb, 0xf7, 0xf4, 0xff, 0xfb, 0xf7, 0xf4, 0xff, 0xfb, 0xf7, 0xf4, 0xff,
    0xfb, 0xf7, 0xf4, 0xff, 0xfb, 0xf7, 0xf4, 0xff, 0xfb, 0xf7, 0xf4, 0xff,
    0xfb, 0xf7, 0xf4, 0xff, 0xfb, 0xf7, 0xf4, 0xff, 0xfb, 0xf7, 0xf4, 0xff,
    0xfb, 0xf7, 0xf4, 0xff, 0xfb, 0xf7, 0xf4, 0xff, 0xfb, 0xf7, 0xf4, 0xff,
    0xfb, 0xf7, 0xf4, 0xff, 0xfb, 0xf7, 0xf4, 0xff, 0xfb, 0xf7, 0xf4, 0xff,
    0xfb, 0xf7, 0xf4, 0xff, 0xfb, 0xf7, 0xf4, 0xff, 0xfb, 0xf7, 0xf4, 0xff,
    0xfb, 0xf7, 0xf4, 0xff, 0xfb, 0xf7, 0xf4, 0xff, 0xfb, 0xf7, 0xf4, 0xff,
    0xfb, 0xf7, 0xf4, 0xff, 0xfb, 0xf7, 0xf4, 0xff, 0xfb, 0xf7, 0xf4, 0xff,
    0xfb, 0xf7, 0xf4, 0xff, 0xfb, 0xf7, 0xf4, 0xff, 0xfb, 0xf7, 0xf4, 0xff,
    0xfb, 0xf7, 0xf4, 0xff, 0xfb, 0xf7, 0xf4, 0xff, 0xfb, 0xf7, 0xf4, 0xff,
    0xfb, 0xf7, 0xf4, 0xff, 0xfb, 0xf7, 0xf4, 0xff, 0xfb, 0xf7, 0xf4, 0xff,
    0xfb, 0xf7, 0xf4, 0xff, 0xfb, 0xf7, 0xf4, 0xff, 0xfb, 0xf7, 0xf4, 0xff,
    0xfb, 0xf7, 0xf4, 0xff, 0xfb, 0xf7, 0xf4, 0xff, 0xfb, 0xf7, 0xf4, 0xff,
    0xfb, 0xf7, 0xf4, 0xff, 0xfb, 0xf7, 0xf4, 0xff, 0xfb, 0xf7, 0xf4, 0xff,
    0xfb, 0xf7, 0xf4, 0xff, 0xfb, 0xf7, 0xf4, 0xff, 0xfb, 0xf7, 0xf4, 0xff,
    0xfb, 0xf7, 0xf4, 0xff, 0xfb, 0xf7, 0xf4, 0xff, 0xfb, 0xf7, 0xf4, 0xff,
    0xfb, 0xf7, 0xf4, 0xff, 0xfb, 0xf7, 0xf4, 0xff, 0xfb, 0xf7, 0xf4, 0xff,
    0xfb, 0xf7, 0xf4, 0xff, 0xfb, 0xf7, 0xf4, 0xff, 0xfb, 0xf7, 0xf4, 0xff,
    0xfb, 0xf7, 0xf4, 0xff, 0xfb, 0xf7, 0xf4, 0xff, 0xfb, 0xf7, 0xf4, 0xff,
    0xfb, 0xf7, 0xf4, 0xff, 0xfb, 0xf7, 0xf4, 0xff, 0xfb, 0xf7, 0xf4, 0xff,
    0xfb, 0xf7, 0xf4, 0xff, 0xfb, 0xf7, 0xf4, 0xff, 0xfb, 0xf7, 0xf4, 0xff,
    0xfb, 0xf7, 0xf4, 0xff, 0xfb, 0xf7, 0xf4, 0xff, 0xfb, 0xf7, 0xf4, 0xff,
    0xfb, 0xf7, 0xf4, 0xff, 0xfb, 0xf7, 0xf4, 0xff, 0xfb, 0xf7, 0xf4, 0xff,
    0xfb, 0xf7, 0xf5, 0xff, 0xfb, 0xf7, 0xf5, 0xff, 0xfb, 0xf7, 0xf5, 0xff,
    0xfb, 0xf7, 0xf5, 0xff, 0xfb, 0xf7, 0xf5, 0xff, 0xfb, 0xf7, 0xf5, 0xff,
    0xfb, 0xf7, 0xf5, 0xff, 0xfb, 0xf7, 0xf4, 0xff, 0xfb, 0xf7, 0xf4, 0xff,
    0xfb, 0xf7, 0xf4, 0xff, 0xfb, 0xf7, 0xf4, 0xff, 0xfb, 0xf7, 0xf4, 0xff,
    0xfb, 0xf7, 0xf4, 0xff, 0xfb, 0xf7, 0xf4, 0xff, 0xfb, 0xf7, 0xf4, 0xff,
    0xfb, 0xf7, 0xf4, 0xff, 0xfb, 0xf7, 0xf4, 0xff, 0xfb, 0xf7, 0xf4, 0xff,
    0xfb, 0xf7, 0xf4, 0xff, 0xfb, 0xf7, 0xf4, 0xff, 0xfb, 0xf7, 0xf4, 0xff,
    0xfb, 0xf7, 0xf4, 0xff, 0xfb, 0xf7, 0xf4, 0xff, 0xfb, 0xf7, 0xf4, 0xff,
    0xfb, 0xf7, 0xf4, 0xff, 0xfb, 0xf7, 0xf4, 0xff, 0xfb, 0xf7, 0xf4, 0xff,
    0xfb, 0xf7, 0xf4, 0xff, 0xfb, 0xf7, 0xf4, 0xff, 0xfb, 0xf7, 0xf4, 0xff,
    0xfb, 0xf7, 0xf4, 0xff, 0xfb, 0xf7, 0xf4, 0xff, 0xfb, 0xf7, 0xf4, 0xff,
    0xfb, 0xf7, 0xf4, 0xff, 0xfb, 0xf7, 0xf4, 0xff, 0xfb, 0xf7, 0xf4, 0xff,
    0xfb, 0xf7, 0xf4, 0xff, 0xfb, 0xf7, 0xf4, 0xff, 0xfb, 0xf7, 0xf4, 0xff,
    0xfb, 0xf7, 0xf4, 0xff, 0xfb, 0xf7, 0xf4, 0xff, 0xfb, 0xf7, 0xf4, 0xff,
    0xfb, 0xf7, 0xf4, 0xff, 0xfb, 0xf7, 0xf4, 0xff, 0xfb, 0xf7, 0xf4, 0xff,
    0xfb, 0xf7, 0xf4, 0xff, 0xfb, 0xf7, 0xf4, 0xff, 0xfb, 0xf7, 0xf4, 0xff,
    0xfb, 0xf7, 0xf4, 0xff, 0xfb, 0xf7, 0xf4, 0xff, 0xfb, 0xf7, 0xf4, 0xff,
    0xfb, 0xf7, 0xf4, 0xff, 0xfb, 0xf7, 0xf4, 0xff, 0xfb, 0xf7, 0xf4, 0xff,
    0xfb, 0xf7, 0xf4, 0xff, 0xfb, 0xf7, 0xf4, 0xff, 0xfb, 0xf7, 0xf4, 0xff,
    0xfb, 0xf7, 0xf4, 0xff, 0xfb, 0xf7, 0xf4, 0xff, 0xfb, 0xf7, 0xf4, 0xff,
    0xfb, 0xf7, 0xf4, 0xff, 0xfb, 0xf7, 0xf4, 0xff, 0xfb, 0xf7, 0xf4, 0xff,
    0xfb, 0xf7, 0xf4, 0xff, 0xfb, 0xf7, 0xf4, 0xff, 0xfb, 0xf7, 0xf4, 0xff,
    0xfb, 0xf7, 0xf4, 0xff, 0xfb, 0xf7, 0xf4, 0xff, 0xfb, 0xf7, 0xf4, 0xff,
    0xfb, 0xf7, 0xf4, 0xff, 0xfb, 0xf7, 0xf4, 0xff, 0xfb, 0xf7, 0xf4, 0xff,
    0xfb, 0xf7, 0xf4, 0xff, 0xfb, 0xf7, 0xf4, 0xff, 0xfb, 0xf7, 0xf4, 0xff,
    0xfb, 0xf7, 0xf4, 0xff, 0xfb, 0xf7, 0xf4, 0xff, 0xfb, 0xf7, 0xf4, 0xff,
    0xfb, 0xf7, 0xf4, 0xff, 0xfb, 0xf7, 0xf4, 0xff, 0xfb, 0xf7, 0xf5, 0xff,
    0xfb, 0xf7, 0xf5, 0xff, 0xfb, 0xf7, 0xf5, 0xff, 0xfb, 0xf7, 0xf5, 0xff,
    0xfb, 0xf7, 0xf5, 0xff, 0xfb, 0xf7, 0xf5, 0xff, 0xfb, 0xf7, 0xf4, 0xff,
    0xfb, 0xf7, 0xf4, 0xff, 0xfb, 0xf7, 0xf4, 0xff, 0xfb, 0xf7, 0xf4, 0xff,
    0xfb, 0xf7, 0xf4, 0xff, 0xfb, 0xf7, 0xf4, 0xff, 0xfb, 0xf7, 0xf4, 0xff,
    0xfb, 0xf7, 0xf4, 0xff, 0xfb, 0xf7, 0xf4, 0xff, 0xfb, 0xf7, 0xf4, 0xff,
    0xfb, 0xf7, 0xf4, 0xff, 0xfb, 0xf7, 0xf4, 0xff, 0xfb, 0xf7, 0xf4, 0xff,
    0xfb, 0xf7, 0xf4, 0xff, 0xfb, 0xf7, 0xf4, 0xff, 0xfb, 0xf7, 0xf4, 0xff,
    0xfb, 0xf7, 0xf4, 0xff, 0xfb, 0xf7, 0xf4, 0xff, 0xfb, 0xf7, 0xf4, 0xff,
    0xfb, 0xf7, 0xf4, 0xff, 0xfb, 0xf7, 0xf4, 0xff, 0xfb, 0xf7, 0xf4, 0xff,
    0xfb, 0xf7, 0xf4, 0xff, 0xfb, 0xf7, 0xf4, 0xff, 0xfb, 0xf7, 0xf4, 0xff,
    0xfb, 0xf7, 0xf4, 0xff, 0xfb, 0xf7, 0xf4, 0xff, 0xfb, 0xf7, 0xf4, 0xff,
    0xfb, 0xf7, 0xf4, 0xff, 0xfb, 0xf7, 0xf4, 0xff, 0xfb, 0xf7, 0xf4, 0xff,
    0xfb, 0xf7, 0xf4, 0xff, 0xfb, 0xf7, 0xf4, 0xff, 0xfb, 0xf7, 0xf4, 0xff,
    0xfb, 0xf7, 0xf4, 0xff, 0xfb, 0xf7, 0xf4, 0xff, 0xfb, 0xf7, 0xf4, 0xff,
    0xfb, 0xf7, 0xf4, 0xff, 0xfb, 0xf7, 0xf4, 0xff, 0xfb, 0xf7, 0xf4, 0xff,
    0xfb, 0xf7, 0xf4, 0xff, 0xfb, 0xf7, 0xf4, 0xff, 0xfb, 0xf7, 0xf4, 0xff,
    0xfb, 0xf7, 0xf4, 0xff, 0xfb, 0xf7, 0xf4, 0xff, 0xfb, 0xf7, 0xf4, 0xff,
    0xfb, 0xf7, 0xf4, 0xff, 0xfb, 0xf7, 0xf4, 0xff, 0xfb, 0xf7, 0xf4, 0xff,
    0xfb, 0xf7, 0xf4, 0xff, 0xfb, 0xf7, 0xf4, 0xff, 0xfb, 0xf7, 0xf4, 0xff,
    0xfb, 0xf7, 0xf4, 0xff, 0xfb, 0xf7, 0xf4, 0xff, 0xfb, 0xf7, 0xf4, 0xff,
    0xfb, 0xf7, 0xf4, 0xff, 0xfb, 0xf7, 0xf4, 0xff, 0xfb, 0xf7, 0xf4, 0xff,
    0xfb, 0xf7, 0xf4, 0xff, 0xfb, 0xf7, 0xf4, 0xff, 0xfb, 0xf7, 0xf4, 0xff,
    0xfb, 0xf7, 0xf4, 0xff, 0xfb, 0xf7, 0xf4, 0xff, 0xfb, 0xf7, 0xf4, 0xff,
    0xfb, 0xf7, 0xf4, 0xff, 0xfb, 0xf7, 0xf4, 0xff, 0xfb, 0xf7, 0xf4, 0xff,
    0xfb, 0xf7, 0xf4, 0xff, 0xfb, 0xf7, 0xf4, 0xff, 0xfb, 0xf7, 0xf4, 0xff,
    0xfb, 0xf7, 0xf4, 0xff, 0xfb, 0xf7, 0xf4, 0xff, 0xfb, 0xf7, 0xf4, 0xff,
    0xfb, 0xf7, 0xf4, 0xff, 0xfb, 0xf7, 0xf5, 0xff, 0xfb, 0xf7, 0xf5, 0xff,
    0xfb, 0xf7, 0xf5, 0xff, 0xfb, 0xf7, 0xf5, 0xff, 0xfb, 0xf7, 0xf5, 0xff,
    0xfb, 0xf7, 0xf4, 0xff, 0xfb, 0xf7, 0xf4, 0xff, 0xfb, 0xf7, 0xf4, 0xff,
    0xfb, 0xf7, 0xf4, 0xff, 0xfb, 0xf7, 0xf4, 0xff, 0xfb, 0xf7, 0xf4, 0xff,
    0xfb, 0xf7, 0xf4, 0xff, 0xfb, 0xf7, 0xf4, 0xff, 0xfb, 0xf7, 0xf4, 0xff,
    0xfb, 0xf7, 0xf4, 0xff, 0xfb, 0xf7, 0xf4, 0xff, 0xfb, 0xf7, 0xf4, 0xff,
    0xfb, 0xf7, 0xf4, 0xff, 0xfb, 0xf7, 0xf4, 0xff, 0xfb, 0xf7, 0xf4, 0xff,
    0xfb, 0xf7, 0xf4, 0xff, 0xfb, 0xf7, 0xf4, 0xff, 0xfb, 0xf7, 0xf4, 0xff,
    0xfb, 0xf7, 0xf4, 0xff, 0xfb, 0xf7, 0xf4, 0xff, 0xfb, 0xf7, 0xf4, 0xff,
    0xfb, 0xf7, 0xf4, 0xff, 0xfb, 0xf7, 0xf4, 0xff, 0xfb, 0xf7, 0xf4, 0xff,
    0xfb, 0xf7, 0xf4, 0xff, 0xfb, 0xf7, 0xf4, 0xff, 0xfb, 0xf7, 0xf4, 0xff,
    0xfb, 0xf7, 0xf4, 0xff, 0xfb, 0xf7, 0xf4, 0xff, 0xfb, 0xf7, 0xf4, 0xff,
    0xfb, 0xf7, 0xf4, 0xff, 0xfb, 0xf7, 0xf4, 0xff, 0xfb, 0xf7, 0xf4, 0xff,
    0xfb, 0xf7, 0xf4, 0xff, 0xfb, 0xf7, 0xf4, 0xff, 0xfb, 0xf7, 0xf4, 0xff,
    0xfb, 0xf7, 0xf4, 0xff, 0xfb, 0xf7, 0xf4, 0xff, 0xfb, 0xf7, 0xf4, 0xff,
    0xfb, 0xf7, 0xf4, 0xff, 0xfb, 0xf7, 0xf4, 0xff, 0xfb, 0xf7, 0xf4, 0xff,
    0xfb, 0xf7, 0xf4, 0xff, 0xfb, 0xf7, 0xf4, 0xff, 0xfb, 0xf7, 0xf4, 0xff,
    0xfb, 0xf7, 0xf4, 0xff, 0xfb, 0xf7, 0xf4, 0xff, 0xfb, 0xf7, 0xf4, 0xff,
    0xfb, 0xf7, 0xf4, 0xff, 0xfb, 0xf7, 0xf4, 0xff, 0xfb, 0xf7, 0xf4, 0xff,
    0xfb, 0xf7, 0xf4, 0xff, 0xfb, 0xf7, 0xf4, 0xff, 0xfb, 0xf7, 0xf4, 0xff,
    0xfb, 0xf7, 0xf4, 0xff, 0xfb, 0xf7, 0xf4, 0xff, 0xfb, 0xf7, 0xf4, 0xff,
    0xfb, 0xf7, 0xf4, 0xff, 0xfb, 0xf7, 0xf4, 0xff, 0xfb, 0xf7, 0xf4, 0xff,
    0xfb, 0xf7, 0xf4, 0xff, 0xfb, 0xf7, 0xf4, 0xff, 0xfb, 0xf7, 0xf4, 0xff,
    0xfb, 0xf7, 0xf4, 0xff, 0xfb, 0xf7, 0xf4, 0xff, 0xfb, 0xf7, 0xf4, 0xff,
    0xfb, 0xf7, 0xf4, 0xff, 0xfb, 0xf7, 0xf4, 0xff, 0xfb, 0xf7, 0xf4, 0xff,
    0xfb, 0xf7, 0xf4, 0xff, 0xfb, 0xf7, 0xf4, 0xff, 0xfb, 0xf7, 0xf4, 0xff,
    0xfb, 0xf7, 0xf4, 0xff, 0xfb, 0xf7, 0xf4, 0xff, 0xfb, 0xf7, 0xf4, 0xff,
    0xfb, 0xf7, 0xf5, 0xff, 0xfb, 0xf7, 0xf5, 0xff, 0xfb, 0xf7, 0xf5, 0xff,
    0xfb, 0xf7, 0xf5, 0xff, 0xfb, 0xf7, 0xf4, 0xff, 0xfb, 0xf7, 0xf4, 0xff,
    0xfb, 0xf7, 0xf4, 0xff, 0xfb, 0xf7, 0xf4, 0xff, 0xfb, 0xf7, 0xf4, 0xff,
    0xfb, 0xf7, 0xf4, 0xff, 0xfb, 0xf7, 0xf4, 0xff, 0xfb, 0xf7, 0xf4, 0xff,
    0xfb, 0xf7, 0xf4, 0xff, 0xfb, 0xf7, 0xf4, 0xff, 0xfb, 0xf7, 0xf4, 0xff,
    0xfb, 0xf7, 0xf4, 0xff, 0xfb, 0xf7, 0xf4, 0xff, 0xfb, 0xf7, 0xf4, 0xff,
    0xfb, 0xf7, 0xf4, 0xff, 0xfb, 0xf7, 0xf4, 0xff, 0xfb, 0xf7, 0xf4, 0xff,
    0xfb, 0xf7, 0xf4, 0xff, 0xfb, 0xf7, 0xf4, 0xff, 0xfb, 0xf7, 0xf4, 0xff,
    0xfb, 0xf7, 0xf4, 0xff, 0xfb, 0xf7, 0xf4, 0xff, 0xfb, 0xf7, 0xf4, 0xff,
    0xfb, 0xf7, 0xf4, 0xff, 0xfb, 0xf7, 0xf4, 0xff, 0xfb, 0xf7, 0xf4, 0xff,
    0xfb, 0xf7, 0xf4, 0xff, 0xfb, 0xf7, 0xf4, 0xff, 0xfb, 0xf7, 0xf4, 0xff,
    0xfb, 0xf7, 0xf4, 0xff, 0xfb, 0xf7, 0xf4, 0xff, 0xfb, 0xf7, 0xf4, 0xff,
    0xfb, 0xf7, 0xf4, 0xff, 0xfb, 0xf7, 0xf4, 0xff, 0xfb, 0xf7, 0xf4, 0xff,
    0xfb, 0xf7, 0xf4, 0xff, 0xfb, 0xf7, 0xf4, 0xff, 0xfb, 0xf7, 0xf4, 0xff,
    0xfb, 0xf7, 0xf4, 0xff, 0xfb, 0xf7, 0xf4, 0xff, 0xfb, 0xf7, 0xf4, 0xff,
    0xfb, 0xf7, 0xf4, 0xff, 0xfb, 0xf7, 0xf4, 0xff, 0xfb, 0xf7, 0xf4, 0xff,
    0xfb, 0xf7, 0xf4, 0xff, 0xfb, 0xf7, 0xf4, 0xff, 0xfb, 0xf7, 0xf4, 0xff,
    0xfb, 0xf7, 0xf4, 0xff, 0xfb, 0xf7, 0xf4, 0xff, 0xfb, 0xf7, 0xf4, 0xff,
    0xfb, 0xf7, 0xf4, 0xff, 0xfb, 0xf7, 0xf4, 0xff, 0xfb, 0xf7, 0xf4, 0xff,
    0xfb, 0xf7, 0xf4, 0xff, 0xfb, 0xf7, 0xf4, 0xff, 0xfb, 0xf7, 0xf4, 0xff,
    0xfb, 0xf7, 0xf4, 0xff, 0xfb, 0xf7, 0xf4, 0xff, 0xfb, 0xf7, 0xf4, 0xff,
    0xfb, 0xf7, 0xf4, 0xff, 0xfb, 0xf7, 0xf4, 0xff, 0xfb, 0xf7, 0xf4, 0xff,
    0xfb, 0xf7, 0xf4, 0xff, 0xfb, 0xf7, 0xf4, 0xff, 0xfb, 0xf7, 0xf4, 0xff,
    0xfb, 0xf7, 0xf4, 0xff, 0xfb, 0xf7, 0xf4, 0xff, 0xfb, 0xf7, 0xf4, 0xff,
    0xfb, 0xf7, 0xf4, 0xff, 0xfb, 0xf7, 0xf4, 0xff, 0xfb, 0xf7, 0xf4, 0xff,
    0xfb, 0xf7, 0xf4, 0xff, 0xfb, 0xf7, 0xf4, 0xff, 0xfb, 0xf7, 0xf4, 0xff,
    0xfb, 0xf7, 0xf4, 0xff, 0xfb, 0xf7, 0xf4, 0xff, 0xfb, 0xf7, 0xf5, 0xff,
    0xfb, 0xf7, 0xf5, 0xff, 0xfb, 0xf7, 0xf5, 0xff, 0xfb, 0xf7, 0xf4, 0xff,
    0xfb, 0xf7, 0xf4, 0xff, 0xfb, 0xf7, 0xf4, 0xff, 0xfb, 0xf7, 0xf4, 0xff,
    0xfb, 0xf7, 0xf4, 0xff, 0xfb, 0xf7, 0xf4, 0xff, 0xfb, 0xf7, 0xf4, 0xff,
    0xfb, 0xf7, 0xf4, 0xff, 0xfb, 0xf7, 0xf4, 0xff, 0xfb, 0xf7, 0xf4, 0xff,
    0xfb, 0xf7, 0xf4, 0xff, 0xfb, 0xf7, 0xf4, 0xff, 0xfb, 0xf7, 0xf4, 0xff,
    0xfb, 0xf7, 0xf4, 0xff, 0xfb, 0xf7, 0xf4, 0xff, 0xfb, 0xf7, 0xf4, 0xff,
    0xfb, 0xf7, 0xf4, 0xff, 0xfb, 0xf7, 0xf4, 0xff, 0xfb, 0xf7, 0xf4, 0xff,
    0xfb, 0xf7, 0xf4, 0xff, 0xfb, 0xf7, 0xf4, 0xff, 0xfb, 0xf7, 0xf4, 0xff,
    0xfb, 0xf7, 0xf4, 0xff, 0xfb, 0xf7, 0xf4, 0xff, 0xfb, 0xf7, 0xf4, 0xff,
    0xfb, 0xf7, 0xf4, 0xff, 0xfb, 0xf7, 0xf4, 0xff, 0xfb, 0xf7, 0xf4, 0xff,
    0xfb, 0xf7, 0xf4, 0xff, 0xfb, 0xf7, 0xf4, 0xff, 0xfb, 0xf7, 0xf4, 0xff,
    0xfb, 0xf7, 0xf4, 0xff, 0xfb, 0xf7, 0xf4, 0xff, 0xfb, 0xf7, 0xf4, 0xff,
    0xfb, 0xf7, 0xf4, 0xff, 0xfb, 0xf7, 0xf4, 0xff, 0xfb, 0xf7, 0xf4, 0xff,
    0xfb, 0xf7, 0xf4, 0xff, 0xfb, 0xf7, 0xf4, 0xff, 0xfb, 0xf7, 0xf4, 0xff,
    0xfb, 0xf7, 0xf4, 0xff, 0xfb, 0xf7, 0xf4, 0xff, 0xfb, 0xf7, 0xf4, 0xff,
    0xfb, 0xf7, 0xf4, 0xff, 0xfb, 0xf7, 0xf4, 0xff, 0xfb, 0xf7, 0xf4, 0xff,
    0xfb, 0xf7, 0xf4, 0xff, 0xfb, 0xf7, 0xf4, 0xff, 0xfb, 0xf7, 0xf4, 0xff,
    0xfb, 0xf7, 0xf4, 0xff, 0xfb, 0xf7, 0xf4, 0xff, 0xfb, 0xf7, 0xf4, 0xff,
    0xfb, 0xf7, 0xf4, 0xff, 0xfb, 0xf7, 0xf4, 0xff, 0xfb, 0xf7, 0xf4, 0xff,
    0xfb, 0xf7, 0xf4, 0xff, 0xfb, 0xf7, 0xf4, 0xff, 0xfb, 0xf7, 0xf4, 0xff,
    0xfb, 0xf7, 0xf4, 0xff, 0xfb, 0xf7, 0xf4, 0xff, 0xfb, 0xf7, 0xf4, 0xff,
    0xfb, 0xf7, 0xf4, 0xff, 0xfb, 0xf7, 0xf4, 0xff, 0xfb, 0xf7, 0xf4, 0xff,
    0xfb, 0xf7, 0xf4, 0xff, 0xfb, 0xf7, 0xf4, 0xff, 0xfb, 0xf7, 0xf4, 0xff,
    0xfb, 0xf7, 0xf4, 0xff, 0xfb, 0xf7, 0xf4, 0xff, 0xfb, 0xf7, 0xf4, 0xff,
    0xfb, 0xf7, 0xf4, 0xff, 0xfb, 0xf7, 0xf4, 0xff, 0xfb, 0xf7, 0xf4, 0xff,
    0xfb, 0xf7, 0xf4, 0xff, 0xfb, 0xf7, 0xf4, 0xff, 0xfb, 0xf7, 0xf4, 0xff,
    0xfb, 0xf7, 0xf4, 0xff, 0xfb, 0xf7, 0xf5, 0xff, 0xfb, 0xf7, 0xf5, 0xff,
    0xfb, 0xf7, 0xf4, 0xff, 0xfb, 0xf7, 0xf4, 0xff, 0xfb, 0xf7, 0xf4, 0xff,
    0xfb, 0xf7, 0xf4, 0xff, 0xfb, 0xf7, 0xf4, 0xff, 0xfb, 0xf7, 0xf4, 0xff,
    0xfb, 0xf7, 0xf4, 0xff, 0xfb, 0xf7, 0xf4, 0xff, 0xfb, 0xf7, 0xf4, 0xff,
    0xfb, 0xf7, 0xf4, 0xff, 0xfb, 0xf7, 0xf4, 0xff, 0xfb, 0xf7, 0xf4, 0xff,
    0xfb, 0xf7, 0xf4, 0xff, 0xfb, 0xf7, 0xf4, 0xff, 0xfb, 0xf7, 0xf4, 0xff,
    0xfb, 0xf7, 0xf4, 0xff, 0xfb, 0xf7, 0xf4, 0xff, 0xfb, 0xf7, 0xf4, 0xff,
    0xfb, 0xf7, 0xf4, 0xff, 0xfb, 0xf7, 0xf4, 0xff, 0xfb, 0xf7, 0xf4, 0xff,
    0xfb, 0xf7, 0xf4, 0xff, 0xfb, 0xf7, 0xf4, 0xff, 0xfb, 0xf7, 0xf4, 0xff,
    0xfb, 0xf7, 0xf4, 0xff, 0xfb, 0xf7, 0xf4, 0xff, 0xfb, 0xf7, 0xf4, 0xff,
    0xfb, 0xf7, 0xf4, 0xff, 0xfb, 0xf7, 0xf4, 0xff, 0xfb, 0xf7, 0xf4, 0xff,
    0xfb, 0xf7, 0xf4, 0xff, 0xfb, 0xf7, 0xf4, 0xff, 0xfb, 0xf7, 0xf4, 0xff,
    0xfb, 0xf7, 0xf4, 0xff, 0xfb, 0xf7, 0xf4, 0xff, 0xfb, 0xf7, 0xf4, 0xff,
    0xfb, 0xf7, 0xf4, 0xff, 0xfb, 0xf7, 0xf4, 0xff, 0xfb, 0xf7, 0xf4, 0xff,
    0xfb, 0xf7, 0xf4, 0xff, 0xfb, 0xf7, 0xf4, 0xff, 0xfb, 0xf7, 0xf4, 0xff,
    0xfb, 0xf7, 0xf4, 0xff, 0xfb, 0xf7, 0xf4, 0xff, 0xfb, 0xf7, 0xf4, 0xff,
    0xfb, 0xf7, 0xf4, 0xff, 0xfb, 0xf7, 0xf4, 0xff, 0xfb, 0xf7, 0xf4, 0xff,
    0xfb, 0xf7, 0xf4, 0xff, 0xfb, 0xf7, 0xf4, 0xff, 0xfb, 0xf7, 0xf4, 0xff,
    0xfb, 0xf7, 0xf4, 0xff, 0xfb, 0xf7, 0xf4, 0xff, 0xfb, 0xf7, 0xf4, 0xff,
    0xfb, 0xf7, 0xf4, 0xff, 0xfb, 0xf7, 0xf4, 0xff, 0xfb, 0xf7, 0xf4, 0xff,
    0xfb, 0xf7, 0xf4, 0xff, 0xfb, 0xf7, 0xf4, 0xff, 0xfb, 0xf7, 0xf4, 0xff,
    0xfb, 0xf7, 0xf4, 0xff, 0xfb, 0xf7, 0xf4, 0xff, 0xfb, 0xf7, 0xf4, 0xff,
    0xfb, 0xf7, 0xf4, 0xff, 0xfb, 0xf7, 0xf4, 0xff, 0xfb, 0xf7, 0xf4, 0xff,
    0xfb, 0xf7, 0xf4, 0xff, 0xfb, 0xf7, 0xf4, 0xff, 0xfb, 0xf7, 0xf4, 0xff,
    0xfb, 0xf7, 0xf4, 0xff, 0xfb, 0xf7, 0xf4, 0xff, 0xfb, 0xf7, 0xf4, 0xff,
    0xfb, 0xf7, 0xf4, 0xff, 0xfb, 0xf7, 0xf4, 0xff, 0xfb, 0xf7, 0xf4, 0xff,
    0xfb, 0xf7, 0xf4, 0xff, 0xfb, 0xf7, 0xf4, 0xff, 0xfb, 0xf7, 0xf4, 0xff,
    0xfb, 0xf7, 0xf5, 0xff, 0xfb, 0xf7, 0xf4, 0xff, 0xfb, 0xf7, 0xf4, 0xff,
    0xfb, 0xf7, 0xf4, 0xff, 0xfb, 0xf7, 0xf4, 0xff, 0xfb, 0xf7, 0xf4, 0xff,
    0xfb, 0xf7, 0xf4, 0xff, 0xfb, 0xf7, 0xf4, 0xff, 0xfb, 0xf7, 0xf4, 0xff,
    0xfb, 0xf7, 0xf4, 0xff, 0xfb, 0xf7, 0xf4, 0xff, 0xfb, 0xf7, 0xf4, 0xff,
    0xfb, 0xf7, 0xf4, 0xff, 0xfb, 0xf7, 0xf4, 0xff, 0xfb, 0xf7, 0xf4, 0xff,
    0xfb, 0xf7, 0xf4, 0xff, 0xfb, 0xf7, 0xf4, 0xff, 0xfb, 0xf7, 0xf4, 0xff,
    0xfb, 0xf7, 0xf4, 0xff, 0xfb, 0xf7, 0xf4, 0xff, 0xfb, 0xf7, 0xf4, 0xff,
    0xfb, 0xf7, 0xf4, 0xff, 0xfb, 0xf7, 0xf4, 0xff, 0xfb, 0xf7, 0xf4, 0xff,
    0xfb, 0xf7, 0xf4, 0xff, 0xfb, 0xf7, 0xf4, 0xff, 0xfb, 0xf7, 0xf4, 0xff,
    0xfb, 0xf7, 0xf4, 0xff, 0xfb, 0xf7, 0xf4, 0xff, 0xfb, 0xf7, 0xf4, 0xff,
    0xfb, 0xf7, 0xf4, 0xff, 0xfb, 0xf7, 0xf4, 0xff, 0xfb, 0xf7, 0xf4, 0xff,
    0xfb, 0xf7, 0xf4, 0xff, 0xfb, 0xf7, 0xf4, 0xff, 0xfb, 0xf7, 0xf4, 0xff,
    0xfb, 0xf7, 0xf4, 0xff, 0xfb, 0xf7, 0xf4, 0xff, 0xfb, 0xf7, 0xf4, 0xff,
    0xfb, 0xf7, 0xf4, 0xff, 0xfb, 0xf7, 0xf4, 0xff, 0xfb, 0xf7, 0xf4, 0xff,
    0xfb, 0xf7, 0xf4, 0xff, 0xfb, 0xf7, 0xf4, 0xff, 0xfb, 0xf7, 0xf4, 0xff,
    0xfb, 0xf7, 0xf4, 0xff, 0xfb, 0xf7, 0xf4, 0xff, 0xfb, 0xf7, 0xf4, 0xff,
    0xfb, 0xf7, 0xf4, 0xff, 0xfb, 0xf7, 0xf4, 0xff, 0xfb, 0xf7, 0xf4, 0xff,
    0xfb, 0xf7, 0xf4, 0xff, 0xfb, 0xf7, 0xf4, 0xff, 0xfb, 0xf7, 0xf4, 0xff,
    0xfb, 0xf7, 0xf4, 0xff, 0xfb, 0xf7, 0xf4, 0xff, 0xfb, 0xf7, 0xf4, 0xff,
    0xfb, 0xf7, 0xf4, 0xff, 0xfb, 0xf7, 0xf4, 0xff, 0xfb, 0xf7, 0xf4, 0xff,
    0xfb, 0xf7, 0xf4, 0xff, 0xfb, 0xf7, 0xf4, 0xff, 0xfb, 0xf7, 0xf4, 0xff,
    0xfb, 0xf7, 0xf4, 0xff, 0xfb, 0xf7, 0xf4, 0xff, 0xfb, 0xf7, 0xf4, 0xff,
    0xfb, 0xf7, 0xf4, 0xff, 0xfb, 0xf7, 0xf4, 0xff, 0xfb, 0xf7, 0xf4, 0xff,
    0xfb, 0xf7, 0xf4, 0xff, 0xfb, 0xf7, 0xf4, 0xff, 0xfb, 0xf7, 0xf4, 0xff,
    0xfb, 0xf7, 0xf4, 0xff, 0xfb, 0xf7, 0xf4, 0xff, 0xfb, 0xf7, 0xf4, 0xff,
    0xfb, 0xf7, 0xf4, 0xff, 0xfb, 0xf7, 0xf4, 0xff, 0xfb, 0xf7, 0xf4, 0xff,
    0xfb, 0xf7, 0xf4, 0xff, 0xfb, 0xf7, 0xf4, 0xff, 0xfb, 0xf7, 0xf4, 0xff,
    0xfb, 0xf7, 0xf4, 0xff, 0xfb, 0xf7, 0xf4, 0xff, 0xfb, 0xf7, 0xf4, 0xff,
    0xfb, 0xf7, 0xf4, 0xff, 0xfb, 0xf7, 0xf4, 0xff, 0xfb, 0xf7, 0xf4, 0xff,
    0xfb, 0xf7, 0xf4, 0xff, 0xfb, 0xf7, 0xf4, 0xff, 0xfb, 0xf7, 0xf4, 0xff,
    0xfb, 0xf7, 0xf4, 0xff, 0xfb, 0xf7, 0xf4, 0xff, 0xfb, 0xf7, 0xf4, 0xff,
    0xfb, 0xf7, 0xf4, 0xff, 0xfb, 0xf7, 0xf4, 0xff, 0xfb, 0xf7, 0xf4, 0xff,
    0xfb, 0xf7, 0xf4, 0xff, 0xfb, 0xf7, 0xf4, 0xff, 0xfb, 0xf7, 0xf4, 0xff,
    0xfb, 0xf7, 0xf4, 0xff, 0xfb, 0xf7, 0xf4, 0xff, 0xfb, 0xf7, 0xf4, 0xff,
    0xfb, 0xf7, 0xf4, 0xff, 0xfb, 0xf7, 0xf4, 0xff, 0xfb, 0xf7, 0xf4, 0xff,
    0xfb, 0xf7, 0xf4, 0xff, 0xfb, 0xf7, 0xf4, 0xff, 0xfb, 0xf7, 0xf4, 0xff,
    0xfb, 0xf7, 0xf4, 0xff, 0xfb, 0xf7, 0xf4, 0xff, 0xfb, 0xf7, 0xf4, 0xff,
    0xfb, 0xf7, 0xf4, 0xff, 0xfb, 0xf7, 0xf4, 0xff, 0xfb, 0xf7, 0xf4, 0xff,
    0xfb, 0xf7, 0xf4, 0xff, 0xfb, 0xf7, 0xf4, 0xff, 0xfb, 0xf7, 0xf4, 0xff,
    0xfb, 0xf7, 0xf4, 0xff, 0xfb, 0xf7, 0xf4, 0xff, 0xfb, 0xf7, 0xf4, 0xff,
    0xfb, 0xf7, 0xf4, 0xff, 0xfb, 0xf7, 0xf4, 0xff, 0xfb, 0xf7, 0xf4, 0xff,
    0xfb, 0xf7, 0xf4, 0xff, 0xfb, 0xf7, 0xf4, 0xff, 0xfb, 0xf7, 0xf4, 0xff,
    0xfb, 0xf7, 0xf4, 0xff, 0xfb, 0xf7, 0xf4, 0xff, 0xfb, 0xf7, 0xf4, 0xff,
    0xfb, 0xf7, 0xf4, 0xff, 0xfb, 0xf7, 0xf4, 0xff, 0xfb, 0xf7, 0xf4, 0xff,
    0xfb, 0xf7, 0xf4, 0xff, 0xfb, 0xf7, 0xf4, 0xff, 0xfb, 0xf7, 0xf4, 0xff,
    0xfb, 0xf7, 0xf4, 0xff, 0xfb, 0xf7, 0xf4, 0xff, 0xfb, 0xf7, 0xf4, 0xff,
    0xfb, 0xf7, 0xf4, 0xff, 0xfb, 0xf7, 0xf4, 0xff, 0xfb, 0xf7, 0xf4, 0xff,
    0xfb, 0xf7, 0xf4, 0xff, 0xfb, 0xf7, 0xf4, 0xff, 0xfb, 0xf7, 0xf4, 0xff,
    0xfb, 0xf7, 0xf4, 0xff, 0xfb, 0xf7, 0xf4, 0xff, 0xfb, 0xf7, 0xf4, 0xff,
    0xfb, 0xf7, 0xf4, 0xff, 0xfb, 0xf7, 0xf4, 0xff, 0xfb, 0xf7, 0xf4, 0xff,
    0xfb, 0xf7, 0xf4, 0xff, 0xfb, 0xf7, 0xf4, 0xff, 0xfb, 0xf7, 0xf4, 0xff,
    0xfb, 0xf7, 0xf4, 0xff, 0xfb, 0xf7, 0xf4, 0xff, 0xfb, 0xf7, 0xf4, 0xff,
    0xfb, 0xf7, 0xf4, 0xff, 0xfb, 0xf7, 0xf4, 0xff, 0xfb, 0xf7, 0xf4, 0xff,
    0xfb, 0xf7, 0xf4, 0xff, 0xfb, 0xf7, 0xf4, 0xff, 0xfb, 0xf7, 0xf4, 0xff,
    0xfb, 0xf7, 0xf4, 0xff, 0xfb, 0xf7, 0xf4, 0xff, 0xfb, 0xf7, 0xf4, 0xff,
    0xfb, 0xf7, 0xf4, 0xff, 0xfb, 0xf7, 0xf4, 0xff, 0xfb, 0xf7, 0xf4, 0xff,
    0xfb, 0xf7, 0xf4, 0xff, 0xfb, 0xf7, 0xf4, 0xff, 0xfb, 0xf7, 0xf4, 0xff,
    0xfb, 0xf7, 0xf4, 0xff, 0xfb, 0xf7, 0xf4, 0xff, 0xfb, 0xf7, 0xf4, 0xff,
    0xfb, 0xf7, 0xf4, 0xff, 0xfb, 0xf7, 0xf4, 0xff, 0xfb, 0xf7, 0xf4, 0xff,
    0xfb, 0xf7, 0xf4, 0xff, 0xfb, 0xf7, 0xf4, 0xff, 0xfb, 0xf7, 0xf4, 0xff,
    0xfb, 0xf7, 0xf4, 0xff, 0xfb, 0xf7, 0xf4, 0xff, 0xfb, 0xf7, 0xf4, 0xff,
    0xfb, 0xf7, 0xf4, 0xff, 0xfb, 0xf7, 0xf4, 0xff, 0xfb, 0xf7, 0xf4, 0xff,
    0xfb, 0xf7, 0xf4, 0xff, 0xfb, 0xf7, 0xf4, 0xff, 0xfb, 0xf7, 0xf4, 0xff,
    0xfb, 0xf7, 0xf4, 0xff, 0xfb, 0xf7, 0xf4, 0xff, 0xfb, 0xf7, 0xf4, 0xff,
    0xfb, 0xf7, 0xf4, 0xff, 0xfb, 0xf7, 0xf4, 0xff, 0xfb, 0xf7, 0xf4, 0xff,
    0xfb, 0xf7, 0xf4, 0xff, 0xfb, 0xf7, 0xf4, 0xff, 0xfb, 0xf7, 0xf4, 0xff,
    0xfb, 0xf7, 0xf4, 0xff, 0xfb, 0xf7, 0xf4, 0xff, 0xfb, 0xf7, 0xf4, 0xff,
    0xfb, 0xf7, 0xf4, 0xff, 0xfb, 0xf7, 0xf4, 0xff, 0xfb, 0xf7, 0xf4, 0xff,
    0xfb, 0xf7, 0xf4, 0xff, 0xfb, 0xf7, 0xf4, 0xff, 0xfb, 0xf7, 0xf4, 0xff,
    0xfb, 0xf7, 0xf4, 0xff, 0xfb, 0xf7, 0xf4, 0xff, 0xfb, 0xf7, 0xf4, 0xff,
    0xfb, 0xf7, 0xf4, 0xff, 0xfb, 0xf7, 0xf4, 0xff, 0xfb, 0xf7, 0xf4, 0xff,
    0xfb, 0xf7, 0xf4, 0xff, 0xfb, 0xf7, 0xf4, 0xff, 0xfb, 0xf7, 0xf4, 0xff,
    0xfb, 0xf7, 0xf4, 0xff, 0xfb, 0xf7, 0xf4, 0xff, 0xfb, 0xf7, 0xf4, 0xff,
    0xfb, 0xf7, 0xf4, 0xff, 0xfb, 0xf7, 0xf4, 0xff, 0xfb, 0xf7, 0xf4, 0xff,
    0xfb, 0xf7, 0xf4, 0xff, 0xfb, 0xf7, 0xf4, 0xff, 0xfb, 0xf7, 0xf4, 0xff,
    0xfb, 0xf7, 0xf4, 0xff, 0xfb, 0xf7, 0xf4, 0xff, 0xfb, 0xf7, 0xf4, 0xff,
    0xfb, 0xf7, 0xf4, 0xff, 0xfb, 0xf7, 0xf4, 0xff, 0xfb, 0xf7, 0xf4, 0xff,
    0xfb, 0xf7, 0xf4, 0xff, 0xfb, 0xf7, 0xf4, 0xff, 0xfb, 0xf7, 0xf4, 0xff,
    0xfb, 0xf7, 0xf4, 0xff, 0xfb, 0xf7, 0xf4, 0xff, 0xfb, 0xf7, 0xf4, 0xff,
    0xfb, 0xf7, 0xf4, 0xff, 0xfb, 0xf7, 0xf4, 0xff, 0xfb, 0xf7, 0xf4, 0xff,
    0xfb, 0xf7, 0xf4, 0xff, 0xfb, 0xf7, 0xf4, 0xff, 0xfb, 0xf7, 0xf4, 0xff,
    0xfb, 0xf7, 0xf4, 0xff, 0xfb, 0xf7, 0xf4, 0xff, 0xfb, 0xf7, 0xf4, 0xff,
    0xfb, 0xf7, 0xf4, 0xff, 0xfb, 0xf7, 0xf4, 0xff, 0xfb, 0xf7, 0xf4, 0xff,
    0xfb, 0xf7, 0xf4, 0xff, 0xfb, 0xf7, 0xf4, 0xff, 0xfb, 0xf7, 0xf4, 0xff,
    0xfb, 0xf7, 0xf4, 0xff, 0xfb, 0xf7, 0xf4, 0xff, 0xfb, 0xf7, 0xf4, 0xff,
    0xfb, 0xf7, 0xf4, 0xff, 0xfb, 0xf7, 0xf4, 0xff, 0xfb, 0xf7, 0xf4, 0xff,
    0xfb, 0xf7, 0xf4, 0xff, 0xfb, 0xf7, 0xf4, 0xff, 0xfb, 0xf7, 0xf4, 0xff,
    0xfb, 0xf7, 0xf4, 0xff, 0xfb, 0xf7, 0xf4, 0xff, 0xfb, 0xf7, 0xf4, 0xff,
    0xfb, 0xf7, 0xf4, 0xff, 0xfb, 0xf7, 0xf4, 0xff, 0xfb, 0xf7, 0xf4, 0xff,
    0xfb, 0xf7, 0xf4, 0xff, 0xfb, 0xf7, 0xf4, 0xff, 0xfb, 0xf7, 0xf4, 0xff,
    0xfb, 0xf7, 0xf4, 0xff, 0xfb, 0xf7, 0xf4, 0xff, 0xfb, 0xf7, 0xf4, 0xff,
    0xfb, 0xf7, 0xf4, 0xff, 0xfb, 0xf7, 0xf4, 0xff, 0xfb, 0xf7, 0xf4, 0xff,
    0xfb, 0xf7, 0xf4, 0xff, 0xfb, 0xf7, 0xf4, 0xff, 0xfb, 0xf7, 0xf4, 0xff,
    0xfb, 0xf7, 0xf4, 0xff, 0xfb, 0xf7, 0xf4, 0xff, 0xfb, 0xf7, 0xf4, 0xff,
    0xfb, 0xf7, 0xf4, 0xff, 0xfb, 0xf7, 0xf4, 0xff, 0xfb, 0xf7, 0xf4, 0xff,
    0xfb, 0xf7, 0xf4, 0xff, 0xfb, 0xf7, 0xf4, 0xff, 0xfb, 0xf7, 0xf4, 0xff,
    0xfb, 0xf7, 0xf4, 0xff, 0xfb, 0xf7, 0xf4, 0xff, 0xfb, 0xf7, 0xf4, 0xff,
    0xfb, 0xf7, 0xf4, 0xff, 0xfb, 0xf7, 0xf4, 0xff, 0xfb, 0xf7, 0xf4, 0xff,
    0xfb, 0xf7, 0xf4, 0xff, 0xfb, 0xf7, 0xf4, 0xff, 0xfb, 0xf7, 0xf4, 0xff,
    0xfb, 0xf7, 0xf4, 0xff, 0xfb, 0xf7, 0xf4, 0xff, 0xfb, 0xf7, 0xf4, 0xff,
    0xfb, 0xf7, 0xf4, 0xff, 0xfb, 0xf7, 0xf4, 0xff, 0xfb, 0xf7, 0xf4, 0xff,
    0xfb, 0xf7, 0xf4, 0xff, 0xfb, 0xf7, 0xf4, 0xff, 0xfb, 0xf7, 0xf4, 0xff,
    0xfb, 0xf7, 0xf4, 0xff, 0xfb, 0xf7, 0xf4, 0xff, 0xfb, 0xf7, 0xf4, 0xff,
    0xfb, 0xf7, 0xf4, 0xff, 0xfb, 0xf7, 0xf4, 0xff, 0xfb, 0xf7, 0xf4, 0xff,
    0xfb, 0xf7, 0xf4, 0xff, 0xfb, 0xf7, 0xf4, 0xff, 0xfb, 0xf7, 0xf4, 0xff,
    0xfb, 0xf7, 0xf4, 0xff, 0xfb, 0xf7, 0xf4, 0xff, 0xfb, 0xf7, 0xf4, 0xff,
    0xfb, 0xf7, 0xf4, 0xff, 0xfb, 0xf7, 0xf4, 0xff, 0xfb, 0xf7, 0xf4, 0xff,
    0xfb, 0xf7, 0xf4, 0xff, 0xfb, 0xf7, 0xf4, 0xff, 0xfb, 0xf7, 0xf4, 0xff,
    0xfb, 0xf7, 0xf4, 0xff, 0xfb, 0xf7, 0xf4, 0xff, 0xfb, 0xf7, 0xf4, 0xff,
    0xfb, 0xf7, 0xf4, 0xff, 0xfb, 0xf7, 0xf4, 0xff, 0xfb, 0xf7, 0xf4, 0xff,
    0xfb, 0xf7, 0xf4, 0xff, 0xfb, 0xf7, 0xf4, 0xff, 0xfb, 0xf7, 0xf4, 0xff,
    0xfb, 0xf7, 0xf4, 0xff, 0xfb, 0xf7, 0xf4, 0xff, 0xfb, 0xf7, 0xf4, 0xff,
    0xfb, 0xf7, 0xf4, 0xff, 0xfb, 0xf7, 0xf4, 0xff, 0xfb, 0xf7, 0xf4, 0xff,
    0xfb, 0xf7, 0xf4, 0xff, 0xfb, 0xf7, 0xf4, 0xff, 0xfb, 0xf7, 0xf4, 0xff,
    0xfb, 0xf7, 0xf4, 0xff, 0xfb, 0xf7, 0xf4, 0xff, 0xfb, 0xf7, 0xf4, 0xff,
    0xfb, 0xf7, 0xf4, 0xff, 0xfb, 0xf7, 0xf4, 0xff, 0xfb, 0xf7, 0xf4, 0xff,
    0xfb, 0xf7, 0xf4, 0xff, 0xfb, 0xf7, 0xf4, 0xff, 0xfb, 0xf7, 0xf4, 0xff,
    0xfb, 0xf7, 0xf4, 0xff, 0xfb, 0xf7, 0xf4, 0xff, 0xfb, 0xf7, 0xf4, 0xff,
    0xfb, 0xf7, 0xf4, 0xff, 0xfb, 0xf7, 0xf4, 0xff, 0xfb, 0xf7, 0xf4, 0xff,
    0xfb, 0xf7, 0xf4, 0xff, 0xfb, 0xf7, 0xf4, 0xff, 0xfb, 0xf7, 0xf4, 0xff,
    0xfb, 0xf7, 0xf4, 0xff, 0xfb, 0xf7, 0xf4, 0xff, 0xfb, 0xf7, 0xf4, 0xff,
    0xfb, 0xf7, 0xf4, 0xff, 0xfb, 0xf7, 0xf4, 0xff, 0xfb, 0xf7, 0xf4, 0xff,
    0xfb, 0xf7, 0xf4, 0xff, 0xfb, 0xf7, 0xf4, 0xff, 0xfb, 0xf7, 0xf4, 0xff,
    0xfb, 0xf7, 0xf4, 0xff, 0xfb, 0xf7, 0xf4, 0xff, 0xfb, 0xf7, 0xf4, 0xff,
    0xfb, 0xf7, 0xf4, 0xff, 0xfb, 0xf7, 0xf4, 0xff, 0xfb, 0xf7, 0xf4, 0xff,
    0xfb, 0xf7, 0xf4, 0xff, 0xfb, 0xf7, 0xf4, 0xff, 0xfb, 0xf7, 0xf4, 0xff,
    0xfb, 0xf7, 0xf4, 0xff, 0xfb, 0xf7, 0xf4, 0xff, 0xfb, 0xf7, 0xf4, 0xff,
    0xfb, 0xf7, 0xf4, 0xff, 0xfb, 0xf7, 0xf4, 0xff, 0xfb, 0xf7, 0xf4, 0xff,
    0xfb, 0xf7, 0xf4, 0xff, 0xfb, 0xf7, 0xf4, 0xff, 0xfb, 0xf7, 0xf4, 0xff,
    0xfb, 0xf7, 0xf4, 0xff, 0xfb, 0xf7, 0xf4, 0xff, 0xfb, 0xf7, 0xf4, 0xff,
    0xfb, 0xf7, 0xf4, 0xff, 0xfb, 0xf7, 0xf4, 0xff, 0xfb, 0xf7, 0xf4, 0xff,
    0xfb, 0xf7, 0xf4, 0xff, 0xfb, 0xf7, 0xf4, 0xff, 0xfb, 0xf7, 0xf4, 0xff,
    0xfb, 0xf7, 0xf4, 0xff, 0xfb, 0xf7, 0xf4, 0xff, 0xfb, 0xf7, 0xf4, 0xff,
    0xfb, 0xf7, 0xf4, 0xff, 0xfb, 0xf7, 0xf4, 0xff, 0xfb, 0xf7, 0xf4, 0xff,
    0xfb, 0xf7, 0xf4, 0xff, 0xfb, 0xf7, 0xf4, 0xff, 0xfb, 0xf7, 0xf4, 0xff,
    0xfb, 0xf7, 0xf4, 0xff, 0xfb, 0xf7, 0xf4, 0xff, 0xfb, 0xf7, 0xf4, 0xff,
    0xfb, 0xf7, 0xf4, 0xff, 0xfb, 0xf7, 0xf4, 0xff, 0xfb, 0xf7, 0xf4, 0xff,
    0xfb, 0xf7, 0xf4, 0xff, 0xfb, 0xf7, 0xf4, 0xff, 0xfb, 0xf7, 0xf4, 0xff,
    0xfb, 0xf7, 0xf4, 0xff, 0xfb, 0xf7, 0xf4, 0xff, 0xfb, 0xf7, 0xf4, 0xff,
    0xfb, 0xf7, 0xf4, 0xff, 0xfb, 0xf7, 0xf4, 0xff, 0xfb, 0xf7, 0xf4, 0xff,
    0xfb, 0xf7, 0xf4, 0xff, 0xfb, 0xf7, 0xf4, 0xff, 0xfb, 0xf7, 0xf4, 0xff,
    0xfb, 0xf7, 0xf4, 0xff, 0xfb, 0xf7, 0xf4, 0xff, 0xfb, 0xf7, 0xf4, 0xff,
    0xfb, 0xf7, 0xf4, 0xff, 0xfb, 0xf7, 0xf4, 0xff, 0xfb, 0xf7, 0xf4, 0xff,
    0xfb, 0xf7, 0xf4, 0xff, 0xfb, 0xf7, 0xf4, 0xff, 0xfb, 0xf7, 0xf4, 0xff,
    0xfb, 0xf7, 0xf4, 0xff, 0xfb, 0xf7, 0xf4, 0xff, 0xfb, 0xf7, 0xf4, 0xff,
    0xfb, 0xf7, 0xf4, 0xff, 0xfb, 0xf7, 0xf4, 0xff, 0xfb, 0xf7, 0xf4, 0xff,
    0xfb, 0xf7, 0xf4, 0xff, 0xfb, 0xf7, 0xf4, 0xff, 0xfb, 0xf7, 0xf4, 0xff,
    0xfb, 0xf7, 0xf4, 0xff, 0xfb, 0xf7, 0xf4, 0xff, 0xfb, 0xf7, 0xf4, 0xff,
    0xfb, 0xf7, 0xf4, 0xff, 0xfb, 0xf7, 0xf4, 0xff, 0xfb, 0xf7, 0xf4, 0xff,
    0xfb, 0xf7, 0xf4, 0xff, 0xfb, 0xf7, 0xf4, 0xff, 0xfb, 0xf7, 0xf4, 0xff,
    0xfb, 0xf7, 0xf4, 0xff, 0xfb, 0xf7, 0xf4, 0xff, 0xfb, 0xf7, 0xf4, 0xff,
    0xfb, 0xf7, 0xf4, 0xff, 0xfb, 0xf7, 0xf4, 0xff, 0xfb, 0xf7, 0xf4, 0xff,
    0xfb, 0xf7, 0xf4, 0xff, 0xfb, 0xf7, 0xf4, 0xff, 0xfb, 0xf7, 0xf4, 0xff,
    0xfb, 0xf7, 0xf4, 0xff, 0xfb, 0xf7, 0xf4, 0xff, 0xfb, 0xf7, 0xf4, 0xff,
    0xfb, 0xf7, 0xf4, 0xff, 0xfb, 0xf7, 0xf4, 0xff, 0xfb, 0xf7, 0xf4, 0xff,
    0xfb, 0xf7, 0xf4, 0xff, 0xfb, 0xf7, 0xf4, 0xff, 0xfb, 0xf7, 0xf4, 0xff,
    0xfb, 0xf7, 0xf4, 0xff, 0xfb, 0xf7, 0xf4, 0xff, 0xfb, 0xf7, 0xf4, 0xff,
    0xfb, 0xf7, 0xf4, 0xff, 0xfb, 0xf7, 0xf4, 0xff, 0xfb, 0xf7, 0xf4, 0xff,
    0xfb, 0xf7, 0xf4, 0xff, 0xfb, 0xf7, 0xf4, 0xff, 0xfb, 0xf7, 0xf4, 0xff,
    0xfb, 0xf7, 0xf4, 0xff, 0xfb, 0xf7, 0xf4, 0xff, 0xfb, 0xf7, 0xf4, 0xff,
    0xfb, 0xf7, 0xf4, 0xff, 0xfb, 0xf7, 0xf4, 0xff, 0xfb, 0xf7, 0xf4, 0xff,
    0xfb, 0xf7, 0xf4, 0xff, 0xfb, 0xf7, 0xf4, 0xff, 0xfb, 0xf7, 0xf4, 0xff,
    0xfb, 0xf7, 0xf4, 0xff, 0xfb, 0xf7, 0xf4, 0xff, 0xfb, 0xf7, 0xf4, 0xff,
    0xfb, 0xf7, 0xf4, 0xff, 0xfb, 0xf7, 0xf4, 0xff, 0xfb, 0xf7, 0xf4, 0xff,
    0xfb, 0xf7, 0xf4, 0xff, 0xfb, 0xf7, 0xf4, 0xff, 0xfb, 0xf7, 0xf4, 0xff,
    0xfb, 0xf7, 0xf4, 0xff, 0xfb, 0xf7, 0xf4, 0xff, 0xfb, 0xf7, 0xf4, 0xff,
    0xfb, 0xf7, 0xf4, 0xff, 0xfb, 0xf7, 0xf4, 0xff, 0xfb, 0xf7, 0xf4, 0xff,
    0xfb, 0xf7, 0xf4, 0xff, 0xfb, 0xf7, 0xf4, 0xff, 0xfb, 0xf7, 0xf4, 0xff,
    0xfb, 0xf7, 0xf4, 0xff, 0xfb, 0xf7, 0xf4, 0xff, 0xfb, 0xf7, 0xf4, 0xff,
    0xfb, 0xf7, 0xf4, 0xff, 0xfb, 0xf7, 0xf4, 0xff, 0xfb, 0xf7, 0xf4, 0xff,
    0xfb, 0xf7, 0xf4, 0xff, 0xfb, 0xf7, 0xf4, 0xff, 0xfb, 0xf7, 0xf4, 0xff,
    0xfb, 0xf7, 0xf4, 0xff, 0xfb, 0xf7, 0xf4, 0xff, 0xfb, 0xf7, 0xf4, 0xff,
    0xfb, 0xf7, 0xf4, 0xff, 0xfb, 0xf7, 0xf4, 0xff, 0xfb, 0xf7, 0xf4, 0xff,
    0xfb, 0xf7, 0xf4, 0xff, 0xfb, 0xf7, 0xf4, 0xff, 0xfb, 0xf7, 0xf4, 0xff,
    0xfb, 0xf7, 0xf4, 0xff, 0xfb, 0xf7, 0xf4, 0xff, 0xfb, 0xf7, 0xf4, 0xff,
    0xfb, 0xf7, 0xf4, 0xff, 0xfb, 0xf7, 0xf4, 0xff, 0xfb, 0xf7, 0xf4, 0xff,
    0xfb, 0xf7, 0xf4, 0xff, 0xfb, 0xf7, 0xf4, 0xff, 0xfb, 0xf7, 0xf4, 0xff,
    0xfb, 0xf7, 0xf4, 0xff, 0xfb, 0xf7, 0xf4, 0xff, 0xfb, 0xf7, 0xf4, 0xff,
    0xfb, 0xf7, 0xf4, 0xff, 0xfb, 0xf7, 0xf4, 0xff, 0xfb, 0xf7, 0xf4, 0xff,
    0xfb, 0xf7, 0xf4, 0xff, 0xfb, 0xf7, 0xf4, 0xff, 0xfb, 0xf7, 0xf4, 0xff,
    0xfb, 0xf7, 0xf4, 0xff, 0xfb, 0xf7, 0xf4, 0xff, 0xfb, 0xf7, 0xf4, 0xff,
    0xfb, 0xf7, 0xf4, 0xff, 0xfb, 0xf7, 0xf4, 0xff, 0xfb, 0xf7, 0xf4, 0xff,
    0xfb, 0xf7, 0xf4, 0xff, 0xfb, 0xf7, 0xf4, 0xff, 0xfb, 0xf7, 0xf4, 0xff,
    0xfb, 0xf7, 0xf4, 0xff, 0xfb, 0xf7, 0xf4, 0xff, 0xfb, 0xf7, 0xf4, 0xff,
    0xfb, 0xf7, 0xf4, 0xff, 0xfb, 0xf7, 0xf4, 0xff, 0xfb, 0xf7, 0xf4, 0xff,
    0xfb, 0xf7, 0xf4, 0xff, 0xfb, 0xf7, 0xf4, 0xff, 0xfb, 0xf7, 0xf4, 0xff,
    0xfb, 0xf7, 0xf4, 0xff, 0xfb, 0xf7, 0xf4, 0xff, 0xfb, 0xf7, 0xf4, 0xff,
    0xfb, 0xf7, 0xf4, 0xff, 0xfb, 0xf7, 0xf4, 0xff, 0xfb, 0xf7, 0xf4, 0xff,
    0xfb, 0xf7, 0xf4, 0xff, 0xfb, 0xf7, 0xf4, 0xff, 0xfb, 0xf7, 0xf4, 0xff,
    0xfb, 0xf7, 0xf4, 0xff, 0xfb, 0xf7, 0xf4, 0xff, 0xfb, 0xf7, 0xf4, 0xff,
    0xfb, 0xf7, 0xf4, 0xff, 0xfb, 0xf7, 0xf4, 0xff, 0xfb, 0xf7, 0xf4, 0xff,
    0xfb, 0xf7, 0xf4, 0xff, 0xfb, 0xf7, 0xf4, 0xff, 0xfb, 0xf7, 0xf4, 0xff,
    0xfb, 0xf7, 0xf4, 0xff, 0xfb, 0xf7, 0xf4, 0xff, 0xfb, 0xf7, 0xf4, 0xff,
    0xfb, 0xf7, 0xf4, 0xff, 0xfb, 0xf7, 0xf4, 0xff, 0xfb, 0xf7, 0xf4, 0xff,
    0xfb, 0xf7, 0xf4, 0xff, 0xfb, 0xf7, 0xf4, 0xff, 0xfb, 0xf7, 0xf4, 0xff,
    0xfb, 0xf7, 0xf4, 0xff, 0xfb, 0xf7, 0xf4, 0xff, 0xfb, 0xf7, 0xf4, 0xff,
    0xfb, 0xf7, 0xf4, 0xff, 0xfb, 0xf7, 0xf4, 0xff, 0xfb, 0xf7, 0xf4, 0xff,
    0xfb, 0xf7, 0xf4, 0xff, 0xfb, 0xf7, 0xf4, 0xff, 0xfb, 0xf7, 0xf4, 0xff,
    0xfb, 0xf7, 0xf4, 0xff, 0xfb, 0xf7, 0xf4, 0xff, 0xfb, 0xf7, 0xf4, 0xff,
    0xfb, 0xf7, 0xf4, 0xff, 0xfb, 0xf7, 0xf4, 0xff, 0xfb, 0xf7, 0xf4, 0xff,
    0xfb, 0xf7, 0xf4, 0xff, 0xfb, 0xf7, 0xf4, 0xff, 0xfb, 0xf7, 0xf4, 0xff,
    0xfb, 0xf7, 0xf4, 0xff, 0xfb, 0xf7, 0xf4, 0xff, 0xfb, 0xf7, 0xf4, 0xff,
    0xfb, 0xf7, 0xf4, 0xff, 0xfb, 0xf7, 0xf4, 0xff, 0xfb, 0xf7, 0xf4, 0xff,
    0xfb, 0xf7, 0xf4, 0xff, 0xfb, 0xf7, 0xf4, 0xff, 0xfb, 0xf7, 0xf4, 0xff,
    0xfb, 0xf7, 0xf4, 0xff, 0xfb, 0xf7, 0xf4, 0xff, 0xfb, 0xf7, 0xf4, 0xff,
    0xfb, 0xf7, 0xf4, 0xff, 0xfb, 0xf7, 0xf4, 0xff, 0xfb, 0xf7, 0xf4, 0xff,
    0xfb, 0xf7, 0xf4, 0xff, 0xfb, 0xf7, 0xf4, 0xff, 0xfb, 0xf7, 0xf4, 0xff,
    0xfb, 0xf7, 0xf4, 0xff, 0xfb, 0xf7, 0xf4, 0xff, 0xfb, 0xf7, 0xf4, 0xff,
    0xfb, 0xf7, 0xf4, 0xff, 0xfb, 0xf7, 0xf4, 0xff, 0xfb, 0xf7, 0xf4, 0xff,
    0xfb, 0xf7, 0xf4, 0xff, 0xfb, 0xf7, 0xf4, 0xff, 0xfb, 0xf7, 0xf4, 0xff,
    0xfb, 0xf7, 0xf4, 0xff, 0xfb, 0xf7, 0xf4, 0xff, 0xfb, 0xf7, 0xf4, 0xff,
    0xfb, 0xf7, 0xf4, 0xff, 0xfb, 0xf7, 0xf4, 0xff, 0xfb, 0xf7, 0xf4, 0xff,
    0xfb, 0xf7, 0xf4, 0xff, 0xfb, 0xf7, 0xf4, 0xff, 0xfb, 0xf7, 0xf4, 0xff,
    0xfb, 0xf7, 0xf4, 0xff, 0xfb, 0xf7, 0xf4, 0xff, 0xfb, 0xf7, 0xf4, 0xff,
    0xfb, 0xf7, 0xf4, 0xff, 0xfb, 0xf7, 0xf4, 0xff, 0xfb, 0xf7, 0xf4, 0xff,
    0xfb, 0xf7, 0xf4, 0xff, 0xfb, 0xf7, 0xf4, 0xff, 0xfb, 0xf7, 0xf4, 0xff,
    0xfb, 0xf7, 0xf4, 0xff, 0xfb, 0xf7, 0xf4, 0xff, 0xfb, 0xf7, 0xf4, 0xff,
    0xfb, 0xf7, 0xf4, 0xff, 0xfb, 0xf7, 0xf4, 0xff, 0xfb, 0xf7, 0xf4, 0xff,
    0xfb, 0xf7, 0xf4, 0xff, 0xfb, 0xf7, 0xf4, 0xff, 0xfb, 0xf7, 0xf4, 0xff,
    0xfb, 0xf7, 0xf4, 0xff, 0xfb, 0xf7, 0xf4, 0xff, 0xfb, 0xf7, 0xf4, 0xff,
    0xfb, 0xf7, 0xf4, 0xff, 0xfb, 0xf7, 0xf4, 0xff, 0xfb, 0xf7, 0xf4, 0xff,
    0xfb, 0xf7, 0xf4, 0xff, 0xfb, 0xf7, 0xf4, 0xff, 0xfb, 0xf7, 0xf4, 0xff,
    0xfb, 0xf7, 0xf4, 0xff, 0xfb, 0xf7, 0xf4, 0xff, 0xfb, 0xf7, 0xf4, 0xff,
    0xfb, 0xf7, 0xf4, 0xff, 0xfb, 0xf7, 0xf4, 0xff, 0xfb, 0xf7, 0xf4, 0xff,
    0xfb, 0xf7, 0xf4, 0xff, 0xfb, 0xf7, 0xf4, 0xff, 0xfb, 0xf7, 0xf4, 0xff,
    0xfb, 0xf7, 0xf4, 0xff, 0xfb, 0xf7, 0xf4, 0xff, 0xfb, 0xf7, 0xf4, 0xff,
    0xfb, 0xf7, 0xf4, 0xff, 0xfb, 0xf7, 0xf4, 0xff, 0xfb, 0xf7, 0xf4, 0xff,
    0xfb, 0xf7, 0xf4, 0xff, 0xfb, 0xf7, 0xf4, 0xff, 0xfb, 0xf7, 0xf4, 0xff,
    0xfb, 0xf7, 0xf4, 0xff, 0xfb, 0xf7, 0xf4, 0xff, 0xfb, 0xf7, 0xf4, 0xff,
    0xfb, 0xf7, 0xf4, 0xff, 0xfb, 0xf7, 0xf4, 0xff, 0xfb, 0xf7, 0xf4, 0xff,
    0xfb, 0xf7, 0xf4, 0xff, 0xfb, 0xf7, 0xf4, 0xff, 0xfb, 0xf7, 0xf4, 0xff,
    0xfb, 0xf7, 0xf4, 0xff, 0xfb, 0xf7, 0xf4, 0xff, 0xfb, 0xf7, 0xf4, 0xff,
    0xfb, 0xf7, 0xf4, 0xff, 0xfb, 0xf7, 0xf4, 0xff, 0xfb, 0xf7, 0xf4, 0xff,
    0xfb, 0xf7, 0xf4, 0xff, 0xfb, 0xf7, 0xf4, 0xff, 0xfb, 0xf7, 0xf4, 0xff,
    0xfb, 0xf7, 0xf4, 0xff, 0xfb, 0xf7, 0xf4, 0xff, 0xfb, 0xf7, 0xf4, 0xff,
    0xfb, 0xf7, 0xf4, 0xff, 0xfb, 0xf7, 0xf4, 0xff, 0xfb, 0xf7, 0xf4, 0xff,
    0xfb, 0xf7, 0xf4, 0xff, 0xfb, 0xf7, 0xf4, 0xff, 0xfb, 0xf7, 0xf4, 0xff,
    0xfb, 0xf7, 0xf4, 0xff, 0xfb, 0xf7, 0xf4, 0xff, 0xfb, 0xf7, 0xf4, 0xff,
    0xfb, 0xf7, 0xf4, 0xff, 0xfb, 0xf7, 0xf4, 0xff, 0xfb, 0xf7, 0xf4, 0xff,
    0xfb, 0xf7, 0xf4, 0xff, 0xfb, 0xf7, 0xf4, 0xff, 0xfb, 0xf7, 0xf4, 0xff,
    0xfb, 0xf7, 0xf4, 0xff, 0xfb, 0xf7, 0xf4, 0xff, 0xfb, 0xf7, 0xf4, 0xff,
    0xfb, 0xf7, 0xf4, 0xff, 0xfb, 0xf7, 0xf4, 0xff, 0xfb, 0xf7, 0xf4, 0xff,
    0xfb, 0xf7, 0xf4, 0xff, 0xfb, 0xf7, 0xf4, 0xff, 0xfb, 0xf7, 0xf4, 0xff,
    0xfb, 0xf7, 0xf4, 0xff, 0xfb, 0xf7, 0xf4, 0xff, 0xfb, 0xf7, 0xf4, 0xff,
    0xfb, 0xf7, 0xf4, 0xff, 0xfb, 0xf7, 0xf4, 0xff, 0xfb, 0xf7, 0xf4, 0xff,
    0xfb, 0xf7, 0xf4, 0xff, 0xfb, 0xf7, 0xf4, 0xff, 0xfb, 0xf7, 0xf4, 0xff,
    0xfb, 0xf7, 0xf4, 0xff, 0xfb, 0xf7, 0xf4, 0xff, 0xfb, 0xf7, 0xf4, 0xff,
    0xfb, 0xf7, 0xf4, 0xff, 0xfb, 0xf7, 0xf4, 0xff, 0xfb, 0xf7, 0xf4, 0xff,
    0xfb, 0xf7, 0xf4, 0xff, 0xfb, 0xf7, 0xf4, 0xff, 0xfb, 0xf7, 0xf4, 0xff,
    0xfb, 0xf7, 0xf4, 0xff, 0xfb, 0xf7, 0xf4, 0xff, 0xfb, 0xf7, 0xf4, 0xff,
    0xfb, 0xf7, 0xf4, 0xff, 0xfb, 0xf7, 0xf4, 0xff, 0xfb, 0xf7, 0xf4, 0xff,
    0xfb, 0xf7, 0xf4, 0xff, 0xfb, 0xf7, 0xf4, 0xff, 0xfb, 0xf7, 0xf4, 0xff,
    0xfb, 0xf7, 0xf4, 0xff, 0xfb, 0xf7, 0xf4, 0xff, 0xfb, 0xf7, 0xf4, 0xff,
    0xfb, 0xf7, 0xf4, 0xff, 0xfb, 0xf7, 0xf4, 0xff, 0xfb, 0xf7, 0xf4, 0xff,
    0xfb, 0xf7, 0xf4, 0xff, 0xfb, 0xf7, 0xf4, 0xff, 0xfb, 0xf7, 0xf4, 0xff,
    0xfb, 0xf7, 0xf4, 0xff, 0xfb, 0xf7, 0xf4, 0xff, 0xfb, 0xf7, 0xf4, 0xff,
    0xfb, 0xf7, 0xf4, 0xff, 0xfb, 0xf7, 0xf4, 0xff, 0xfb, 0xf7, 0xf4, 0xff,
    0xfb, 0xf7, 0xf4, 0xff, 0xfb, 0xf7, 0xf4, 0xff, 0xfb, 0xf7, 0xf4, 0xff,
    0xfb, 0xf7, 0xf4, 0xff, 0xfb, 0xf7, 0xf4, 0xff, 0xfb, 0xf7, 0xf4, 0xff,
    0xfb, 0xf7, 0xf4, 0xff, 0xfb, 0xf7, 0xf4, 0xff, 0xfb, 0xf7, 0xf4, 0xff,
    0xfb, 0xf7, 0xf4, 0xff, 0xfb, 0xf7, 0xf4, 0xff, 0xfb, 0xf7, 0xf4, 0xff,
    0xfb, 0xf7, 0xf4, 0xff, 0xfb, 0xf7, 0xf4, 0xff, 0xfb, 0xf7, 0xf4, 0xff,
    0xfb, 0xf7, 0xf4, 0xff, 0xfb, 0xf7, 0xf4, 0xff, 0xfb, 0xf7, 0xf4, 0xff,
    0xfb, 0xf7, 0xf4, 0xff, 0xfb, 0xf7, 0xf4, 0xff, 0xfb, 0xf7, 0xf4, 0xff,
    0xfb, 0xf7, 0xf4, 0xff, 0xfb, 0xf7, 0xf4, 0xff, 0xfb, 0xf7, 0xf4, 0xff,
    0xfb, 0xf7, 0xf4, 0xff, 0xfb, 0xf7, 0xf4, 0xff, 0xfb, 0xf7, 0xf4, 0xff,
    0xfb, 0xf7, 0xf4, 0xff, 0xfb, 0xf7, 0xf4, 0xff, 0xfb, 0xf7, 0xf4, 0xff,
    0xfb, 0xf7, 0xf4, 0xff, 0xfb, 0xf7, 0xf4, 0xff, 0xfb, 0xf7, 0xf4, 0xff,
    0xfb, 0xf7, 0xf4, 0xff, 0xfb, 0xf7, 0xf4, 0xff, 0xfb, 0xf7, 0xf4, 0xff,
    0xfb, 0xf7, 0xf4, 0xff, 0xfb, 0xf7, 0xf4, 0xff, 0xfb, 0xf7, 0xf4, 0xff,
    0xfb, 0xf7, 0xf4, 0xff, 0xfb, 0xf7, 0xf4, 0xff, 0xfb, 0xf7, 0xf4, 0xff,
    0xfb, 0xf7, 0xf4, 0xff, 0xfb, 0xf7, 0xf4, 0xff, 0xfb, 0xf7, 0xf4, 0xff,
    0xfb, 0xf7, 0xf4, 0xff, 0xfb, 0xf7, 0xf4, 0xff, 0xfb, 0xf7, 0xf4, 0xff,
    0xfb, 0xf7, 0xf4, 0xff, 0xfb, 0xf7, 0xf4, 0xff, 0xfb, 0xf7, 0xf4, 0xff,
    0xfb, 0xf7, 0xf4, 0xff, 0xfb, 0xf7, 0xf4, 0xff, 0xfb, 0xf7, 0xf4, 0xff,
    0xfb, 0xf7, 0xf4, 0xff, 0xfb, 0xf7, 0xf4, 0xff, 0xfb, 0xf7, 0xf4, 0xff,
    0xfb, 0xf7, 0xf4, 0xff, 0xfb, 0xf7, 0xf4, 0xff, 0xfb, 0xf7, 0xf4, 0xff,
    0xfb, 0xf7, 0xf4, 0xff, 0xfb, 0xf7, 0xf4, 0xff, 0xfb, 0xf7, 0xf4, 0xff,
    0xfb, 0xf7, 0xf4, 0xff, 0xfb, 0xf7, 0xf4, 0xff, 0xfb, 0xf7, 0xf4, 0xff,
    0xfb, 0xf7, 0xf4, 0xff, 0xfb, 0xf7, 0xf4, 0xff, 0xfb, 0xf7, 0xf4, 0xff,
    0xfb, 0xf7, 0xf4, 0xff, 0xfb, 0xf7, 0xf4, 0xff, 0xfb, 0xf7, 0xf4, 0xff,
    0xfb, 0xf7, 0xf4, 0xff, 0xfb, 0xf7, 0xf4, 0xff, 0xfb, 0xf7, 0xf4, 0xff,
    0xfb, 0xf7, 0xf4, 0xff, 0xfb, 0xf7, 0xf4, 0xff, 0xfb, 0xf7, 0xf4, 0xff,
    0xfb, 0xf7, 0xf4, 0xff, 0xfb, 0xf7, 0xf4, 0xff, 0xfb, 0xf7, 0xf4, 0xff,
    0xfb, 0xf7, 0xf4, 0xff, 0xfb, 0xf7, 0xf4, 0xff, 0xfb, 0xf7, 0xf4, 0xff,
    0xfb, 0xf7, 0xf4, 0xff, 0xfb, 0xf7, 0xf4, 0xff, 0xfb, 0xf7, 0xf4, 0xff,
    0xfb, 0xf7, 0xf4, 0xff, 0xfb, 0xf7, 0xf4, 0xff, 0xfb, 0xf7, 0xf4, 0xff,
    0xfb, 0xf7, 0xf4, 0xff, 0xfb, 0xf7, 0xf4, 0xff, 0xfb, 0xf7, 0xf4, 0xff,
    0xfb, 0xf7, 0xf4, 0xff, 0xfb, 0xf7, 0xf4, 0xff, 0xfb, 0xf7, 0xf4, 0xff,
    0xfb, 0xf7, 0xf4, 0xff, 0xfb, 0xf7, 0xf4, 0xff, 0xfb, 0xf7, 0xf4, 0xff,
    0xfb, 0xf7, 0xf4, 0xff, 0xfb, 0xf7, 0xf4, 0xff, 0xfb, 0xf7, 0xf4, 0xff,
    0xfb, 0xf7, 0xf4, 0xff, 0xfb, 0xf7, 0xf4, 0xff, 0xfb, 0xf7, 0xf4, 0xff,
    0xfb, 0xf7, 0xf4, 0xff, 0xfb, 0xf7, 0xf4, 0xff, 0xfb, 0xf7, 0xf4, 0xff,
    0xfb, 0xf7, 0xf4, 0xff, 0xfb, 0xf7, 0xf4, 0xff, 0xfb, 0xf7, 0xf4, 0xff,
    0xfb, 0xf7, 0xf4, 0xff, 0xfb, 0xf7, 0xf4, 0xff, 0xfb, 0xf7, 0xf4, 0xff,
    0xfb, 0xf7, 0xf4, 0xff, 0xfb, 0xf7, 0xf4, 0xff, 0xfb, 0xf7, 0xf4, 0xff,
    0xfb, 0xf7, 0xf4, 0xff, 0xfb, 0xf7, 0xf4, 0xff, 0xfb, 0xf7, 0xf4, 0xff,
    0xfb, 0xf7, 0xf4, 0xff, 0xfb, 0xf7, 0xf4, 0xff, 0xfb, 0xf7, 0xf4, 0xff,
    0xfb, 0xf7, 0xf4, 0xff, 0xfb, 0xf7, 0xf4, 0xff, 0xfb, 0xf7, 0xf4, 0xff,
    0xfb, 0xf7, 0xf4, 0xff, 0xfb, 0xf7, 0xf4, 0xff, 0xfb, 0xf7, 0xf4, 0xff,
    0xfb, 0xf7, 0xf4, 0xff, 0xfb, 0xf7, 0xf4, 0xff, 0xfb, 0xf7, 0xf4, 0xff,
    0xfb, 0xf7, 0xf4, 0xff, 0xfb, 0xf7, 0xf4, 0xff, 0xfb, 0xf7, 0xf4, 0xff,
    0xfb, 0xf7, 0xf4, 0xff, 0xfb, 0xf7, 0xf4, 0xff, 0xfb, 0xf7, 0xf4, 0xff,
    0xfb, 0xf7, 0xf4, 0xff, 0xfb, 0xf7, 0xf4, 0xff, 0xfb, 0xf7, 0xf4, 0xff,
    0xfb, 0xf7, 0xf4, 0xff, 0xfb, 0xf7, 0xf4, 0xff, 0xfb, 0xf7, 0xf4, 0xff,
    0xfb, 0xf7, 0xf4, 0xff, 0xfb, 0xf7, 0xf4, 0xff, 0xfb, 0xf7, 0xf4, 0xff,
    0xfb, 0xf7, 0xf4, 0xff, 0xfb, 0xf7, 0xf4, 0xff, 0xfb, 0xf7, 0xf4, 0xff,
    0xfb, 0xf7, 0xf4, 0xff, 0xfb, 0xf7, 0xf4, 0xff, 0xfb, 0xf7, 0xf4, 0xff,
    0xfb, 0xf7, 0xf4, 0xff, 0xfb, 0xf7, 0xf4, 0xff, 0xfb, 0xf7, 0xf4, 0xff,
    0xfb, 0xf7, 0xf4, 0xff, 0xfb, 0xf7, 0xf4, 0xff, 0xfb, 0xf7, 0xf4, 0xff,
    0xfb, 0xf7, 0xf4, 0xff, 0xfb, 0xf7, 0xf4, 0xff, 0xfb, 0xf7, 0xf4, 0xff,
    0xfb, 0xf7, 0xf4, 0xff, 0xfb, 0xf7, 0xf4, 0xff, 0xfb, 0xf7, 0xf4, 0xff,
    0xfb, 0xf7, 0xf4, 0xff, 0xfb, 0xf7, 0xf4, 0xff, 0xfb, 0xf7, 0xf4, 0xff,
    0xfb, 0xf7, 0xf4, 0xff, 0xfb, 0xf7, 0xf4, 0xff, 0xfb, 0xf7, 0xf4, 0xff,
    0xfb, 0xf7, 0xf4, 0xff, 0xfb, 0xf7, 0xf4, 0xff, 0xfb, 0xf7, 0xf4, 0xff,
    0xfb, 0xf7, 0xf4, 0xff, 0xfb, 0xf7, 0xf4, 0xff, 0xfb, 0xf7, 0xf4, 0xff,
    0xfb, 0xf7, 0xf4, 0xff, 0xfb, 0xf7, 0xf4, 0xff, 0xfb, 0xf7, 0xf4, 0xff,
    0xfb, 0xf7, 0xf4, 0xff, 0xfb, 0xf7, 0xf4, 0xff, 0xfb, 0xf7, 0xf4, 0xff,
    0xfb, 0xf7, 0xf4, 0xff, 0xfb, 0xf7, 0xf4, 0xff, 0xfb, 0xf7, 0xf4, 0xff,
    0xfb, 0xf7, 0xf4, 0xff, 0xfb, 0xf7, 0xf4, 0xff, 0xfb, 0xf7, 0xf4, 0xff,
    0xfb, 0xf7, 0xf4, 0xff, 0xfb, 0xf7, 0xf4, 0xff, 0xfb, 0xf7, 0xf4, 0xff,
    0xfb, 0xf7, 0xf4, 0xff, 0xfb, 0xf7, 0xf4, 0xff, 0xfb, 0xf7, 0xf4, 0xff,
    0xfb, 0xf7, 0xf4, 0xff, 0xfb, 0xf7, 0xf4, 0xff, 0xfb, 0xf7, 0xf4, 0xff,
    0xfb, 0xf7, 0xf4, 0xff, 0xfb, 0xf7, 0xf4, 0xff, 0xfb, 0xf7, 0xf4, 0xff,
    0xfb, 0xf7, 0xf4, 0xff, 0xfb, 0xf7, 0xf4, 0xff, 0xfb, 0xf7, 0xf4, 0xff,
    0xfb, 0xf7, 0xf4, 0xff, 0xfb, 0xf7, 0xf4, 0xff, 0xfb, 0xf7, 0xf4, 0xff,
    0xfb, 0xf7, 0xf4, 0xff, 0xfb, 0xf7, 0xf4, 0xff, 0xfb, 0xf7, 0xf4, 0xff,
    0xfb, 0xf7, 0xf4, 0xff, 0xfb, 0xf7, 0xf4, 0xff, 0xfb, 0xf7, 0xf4, 0xff,
    0xfb, 0xf7, 0xf4, 0xff, 0xfb, 0xf7, 0xf4, 0xff, 0xfb, 0xf7, 0xf4, 0xff,
    0xfb, 0xf7, 0xf4, 0xff, 0xfb, 0xf7, 0xf4, 0xff, 0xfb, 0xf7, 0xf4, 0xff,
    0xfb, 0xf7, 0xf4, 0xff, 0xfb, 0xf7, 0xf4, 0xff, 0xfb, 0xf7, 0xf4, 0xff,
    0xfb, 0xf7, 0xf4, 0xff, 0xfb, 0xf7, 0xf4, 0xff, 0xfb, 0xf7, 0xf4, 0xff,
    0xfb, 0xf7, 0xf4, 0xff, 0xfb, 0xf7, 0xf4, 0xff, 0xfb, 0xf7, 0xf4, 0xff,
    0xfb, 0xf7, 0xf4, 0xff, 0xfb, 0xf7, 0xf4, 0xff, 0xfb, 0xf7, 0xf4, 0xff,
    0xfb, 0xf7, 0xf4, 0xff, 0xfb, 0xf7, 0xf4, 0xff, 0xfb, 0xf7, 0xf4, 0xff,
    0xfb, 0xf7, 0xf4, 0xff, 0xfb, 0xf7, 0xf4, 0xff, 0xfb, 0xf7, 0xf4, 0xff,
    0xfb, 0xf7, 0xf4, 0xff, 0xfb, 0xf7, 0xf4, 0xff, 0xfb, 0xf7, 0xf4, 0xff,
    0xfb, 0xf7, 0xf4, 0xff, 0xfb, 0xf7, 0xf4, 0xff, 0xfb, 0xf7, 0xf4, 0xff,
    0xfb, 0xf7, 0xf4, 0xff, 0xfb, 0xf7, 0xf4, 0xff, 0xfb, 0xf7, 0xf4, 0xff,
    0xfb, 0xf7, 0xf4, 0xff, 0xfb, 0xf7, 0xf4, 0xff, 0xfb, 0xf7, 0xf4, 0xff,
    0xfb, 0xf7, 0xf4, 0xff, 0xfb, 0xf7, 0xf4, 0xff, 0xfb, 0xf7, 0xf4, 0xff,
    0xfb, 0xf7, 0xf4, 0xff, 0xfb, 0xf7, 0xf4, 0xff, 0xfb, 0xf7, 0xf4, 0xff,
    0xfb, 0xf7, 0xf4, 0xff, 0xfb, 0xf7, 0xf4, 0xff, 0xfb, 0xf7, 0xf4, 0xff,
    0xfb, 0xf7, 0xf4, 0xff, 0xfb, 0xf7, 0xf4, 0xff, 0xfb, 0xf7, 0xf4, 0xff,
    0xfb, 0xf7, 0xf4, 0xff, 0xfb, 0xf7, 0xf4, 0xff, 0xfb, 0xf7, 0xf4, 0xff,
    0xfb, 0xf7, 0xf4, 0xff, 0xfb, 0xf7, 0xf4, 0xff, 0xfb, 0xf7, 0xf4, 0xff,
    0xfb, 0xf7, 0xf4, 0xff, 0xeb, 0xa0, 0x82, 0xff, 0xfb, 0xf7, 0xf4, 0xff,
    0xfb, 0xf7, 0xf4, 0xff, 0xfb, 0xf7, 0xf4, 0xff, 0xfb, 0xf7, 0xf4, 0xff,
    0xfb, 0xf7, 0xf4, 0xff, 0xfb, 0xf7, 0xf4, 0xff, 0xfb, 0xf7, 0xf4, 0xff,
    0xfb, 0xf7, 0xf4, 0xff, 0xfb, 0xf7, 0xf4, 0xff, 0xfb, 0xf7, 0xf4, 0xff,
    0xfb, 0xf7, 0xf4, 0xff, 0xfb, 0xf7, 0xf4, 0xff, 0xfb, 0xf7, 0xf4, 0xff,
    0xfb, 0xf7, 0xf4, 0xff, 0xfb, 0xf7, 0xf4, 0xff, 0xfb, 0xf7, 0xf4, 0xff,
    0xfb, 0xf7, 0xf4, 0xff, 0xfb, 0xf7, 0xf4, 0xff, 0xfb, 0xf7, 0xf4, 0xff,
    0xfb, 0xf7, 0xf4, 0xff, 0xfb, 0xf7, 0xf4, 0xff, 0xfb, 0xf7, 0xf4, 0xff,
    0xfb, 0xf7, 0xf4, 0xff, 0xfb, 0xf7, 0xf4, 0xff, 0xfb, 0xf7, 0xf4, 0xff,
    0xfb, 0xf7, 0xf4, 0xff, 0xfb, 0xf7, 0xf4, 0xff, 0xfb, 0xf7, 0xf4, 0xff,
    0xfb, 0xf7, 0xf4, 0xff, 0xfb, 0xf7, 0xf4, 0xff, 0xfb, 0xf7, 0xf4, 0xff,
    0xfb, 0xf7, 0xf4, 0xff, 0xfb, 0xf7, 0xf4, 0xff, 0xfb, 0xf7, 0xf4, 0xff,
    0xfb, 0xf7, 0xf4, 0xff, 0xfb, 0xf7, 0xf4, 0xff, 0xfb, 0xf7, 0xf4, 0xff,
    0xfb, 0xf7, 0xf4, 0xff, 0xfb, 0xf7, 0xf4, 0xff, 0xfb, 0xf7, 0xf4, 0xff,
    0xfb, 0xf7, 0xf4, 0xff, 0xfb, 0xf7, 0xf4, 0xff, 0xfb, 0xf7, 0xf4, 0xff,
    0xfb, 0xf7, 0xf4, 0xff, 0xfb, 0xf7, 0xf4, 0xff, 0xfb, 0xf7, 0xf4, 0xff,
    0xfb, 0xf7, 0xf4, 0xff, 0xfb, 0xf7, 0xf4, 0xff, 0xfb, 0xf7, 0xf4, 0xff,
    0xfb, 0xf7, 0xf4, 0xff, 0xfb, 0xf7, 0xf4, 0xff, 0xfb, 0xf7, 0xf4, 0xff,
    0xfb, 0xf7, 0xf4, 0xff, 0xfb, 0xf7, 0xf4, 0xff, 0xfb, 0xf7, 0xf4, 0xff,
    0xfb, 0xf7, 0xf4, 0xff, 0xfb, 0xf7, 0xf4, 0xff, 0xfb, 0xf7, 0xf4, 0xff,
    0xfb, 0xf7, 0xf4, 0xff, 0xfb, 0xf7, 0xf4, 0xff, 0xfb, 0xf7, 0xf4, 0xff,
    0xfb, 0xf7, 0xf4, 0xff, 0xfb, 0xf7, 0xf4, 0xff, 0xfb, 0xf7, 0xf4, 0xff,
    0xfb, 0xf7, 0xf4, 0xff, 0xfb, 0xf7, 0xf4, 0xff, 0xfb, 0xf7, 0xf4, 0xff,
    0xfb, 0xf7, 0xf4, 0xff, 0xfb, 0xf7, 0xf4, 0xff, 0xfb, 0xf7, 0xf4, 0xff,
    0xfb, 0xf7, 0xf4, 0xff, 0xfb, 0xf7, 0xf4, 0xff, 0xfb, 0xf7, 0xf4, 0xff,
    0xfb, 0xf7, 0xf4, 0xff, 0xfb, 0xf7, 0xf4, 0xff, 0xfb, 0xf7, 0xf4, 0xff,
    0xfb, 0xf7, 0xf4, 0xff, 0xfb, 0xf7, 0xf4, 0xff, 0xeb, 0xa0, 0x82, 0xff,
    0xdb, 0x48, 0x0f, 0xff, 0xfb, 0xf7, 0xf4, 0xff, 0xfb, 0xf7, 0xf4, 0xff,
    0xfb, 0xf7, 0xf4, 0xff, 0xfb, 0xf7, 0xf4, 0xff, 0xfb, 0xf7, 0xf4, 0xff,
    0xfb, 0xf7, 0xf4, 0xff, 0xfb, 0xf7, 0xf4, 0xff, 0xfb, 0xf7, 0xf4, 0xff,
    0xfb, 0xf7, 0xf4, 0xff, 0xfb, 0xf7, 0xf4, 0xff, 0xfb, 0xf7, 0xf4, 0xff,
    0xfb, 0xf7, 0xf4, 0xff, 0xfb, 0xf7, 0xf4, 0xff, 0xfb, 0xf7, 0xf4, 0xff,
    0xfb, 0xf7, 0xf4, 0xff, 0xfb, 0xf7, 0xf4, 0xff, 0xfb, 0xf7, 0xf4, 0xff,
    0xfb, 0xf7, 0xf4, 0xff, 0xfb, 0xf7, 0xf4, 0xff, 0xfb, 0xf7, 0xf4, 0xff,
    0xfb, 0xf7, 0xf4, 0xff, 0xfb, 0xf7, 0xf4, 0xff, 0xfb, 0xf7, 0xf4, 0xff,
    0xfb, 0xf7, 0xf4, 0xff, 0xfb, 0xf7, 0xf4, 0xff, 0xfb, 0xf7, 0xf4, 0xff,
    0xfb, 0xf7, 0xf4, 0xff, 0xfb, 0xf7, 0xf4, 0xff, 0xfb, 0xf7, 0xf4, 0xff,
    0xfb, 0xf7, 0xf4, 0xff, 0xfb, 0xf7, 0xf4, 0xff, 0xfb, 0xf7, 0xf4, 0xff,
    0xfb, 0xf7, 0xf4, 0xff, 0xfb, 0xf7, 0xf4, 0xff, 0xfb, 0xf7, 0xf4, 0xff,
    0xfb, 0xf7, 0xf4, 0xff, 0xfb, 0xf7, 0xf4, 0xff, 0xfb, 0xf7, 0xf4, 0xff,
    0xfb, 0xf7, 0xf4, 0xff, 0xfb, 0xf7, 0xf4, 0xff, 0xfb, 0xf7, 0xf4, 0xff,
    0xfb, 0xf7, 0xf4, 0xff, 0xfb, 0xf7, 0xf4, 0xff, 0xfb, 0xf7, 0xf4, 0xff,
    0xfb, 0xf7, 0xf4, 0xff, 0xfb, 0xf7, 0xf4, 0xff, 0xfb, 0xf7, 0xf4, 0xff,
    0xfb, 0xf7, 0xf4, 0xff, 0xfb, 0xf7, 0xf4, 0xff, 0xfb, 0xf7, 0xf4, 0xff,
    0xfb, 0xf7, 0xf4, 0xff, 0xfb, 0xf7, 0xf4, 0xff, 0xfb, 0xf7, 0xf4, 0xff,
    0xfb, 0xf7, 0xf4, 0xff, 0xfb, 0xf7, 0xf4, 0xff, 0xfb, 0xf7, 0xf4, 0xff,
    0xfb, 0xf7, 0xf4, 0xff, 0xfb, 0xf7, 0xf4, 0xff, 0xfb, 0xf7, 0xf4, 0xff,
    0xfb, 0xf7, 0xf4, 0xff, 0xfb, 0xf7, 0xf4, 0xff, 0xfb, 0xf7, 0xf4, 0xff,
    0xfb, 0xf7, 0xf4, 0xff, 0xfb, 0xf7, 0xf4, 0xff, 0xfb, 0xf7, 0xf4, 0xff,
    0xfb, 0xf7, 0xf4, 0xff, 0xfb, 0xf7, 0xf4, 0xff, 0xfb, 0xf7, 0xf4, 0xff,
    0xfb, 0xf7, 0xf4, 0xff, 0xfb, 0xf7, 0xf4, 0xff, 0xfb, 0xf7, 0xf4, 0xff,
    0xfb, 0xf7, 0xf4, 0xff, 0xfb, 0xf7, 0xf4, 0xff, 0xfb, 0xf7, 0xf4, 0xff,
    0xfb, 0xf7, 0xf4, 0xff, 0xfb, 0xf7, 0xf4, 0xff, 0xfb, 0xf7, 0xf4, 0xff,
    0xeb, 0xa0, 0x82, 0xff, 0xdb, 0x48, 0x0f, 0xff, 0xdc, 0x48, 0x0f, 0xff,
    0xfb, 0xf7, 0xf4, 0xff, 0xfb, 0xf7, 0xf4, 0xff, 0xfb, 0xf7, 0xf4, 0xff,
    0xfb, 0xf7, 0xf4, 0xff, 0xfb, 0xf7, 0xf4, 0xff, 0xfb, 0xf7, 0xf4, 0xff,
    0xfb, 0xf7, 0xf4, 0xff, 0xfb, 0xf7, 0xf4, 0xff, 0xfb, 0xf7, 0xf4, 0xff,
    0xfb, 0xf7, 0xf4, 0xff, 0xfb, 0xf7, 0xf4, 0xff, 0xfb, 0xf7, 0xf4, 0xff,
    0xfb, 0xf7, 0xf4, 0xff, 0xfb, 0xf7, 0xf4, 0xff, 0xfb, 0xf7, 0xf4, 0xff,
    0xfb, 0xf7, 0xf4, 0xff, 0xfb, 0xf7, 0xf4, 0xff, 0xfb, 0xf7, 0xf4, 0xff,
    0xfb, 0xf7, 0xf4, 0xff, 0xfb, 0xf7, 0xf4, 0xff, 0xfb, 0xf7, 0xf4, 0xff,
    0xfb, 0xf7, 0xf4, 0xff, 0xfb, 0xf7, 0xf4, 0xff, 0xfb, 0xf7, 0xf4, 0xff,
    0xfb, 0xf7, 0xf4, 0xff, 0xfb, 0xf7, 0xf4, 0xff, 0xfb, 0xf7, 0xf4, 0xff,
    0xfb, 0xf7, 0xf4, 0xff, 0xfb, 0xf7, 0xf4, 0xff, 0xfb, 0xf7, 0xf4, 0xff,
    0xfb, 0xf7, 0xf4, 0xff, 0xfb, 0xf7, 0xf4, 0xff, 0xfb, 0xf7, 0xf4, 0xff,
    0xfb, 0xf7, 0xf4, 0xff, 0xfb, 0xf7, 0xf4, 0xff, 0xfb, 0xf7, 0xf4, 0xff,
    0xfb, 0xf7, 0xf4, 0xff, 0xfb, 0xf7, 0xf4, 0xff, 0xfb, 0xf7, 0xf4, 0xff,
    0xfb, 0xf7, 0xf4, 0xff, 0xfb, 0xf7, 0xf4, 0xff, 0xfb, 0xf7, 0xf4, 0xff,
    0xfb, 0xf7, 0xf4, 0xff, 0xfb, 0xf7, 0xf4, 0xff, 0xfb, 0xf7, 0xf4, 0xff,
    0xfb, 0xf7, 0xf4, 0xff, 0xfb, 0xf7, 0xf4, 0xff, 0xfb, 0xf7, 0xf4, 0xff,
    0xfb, 0xf7, 0xf4, 0xff, 0xfb, 0xf7, 0xf4, 0xff, 0xfb, 0xf7, 0xf4, 0xff,
    0xfb, 0xf7, 0xf4, 0xff, 0xfb, 0xf7, 0xf4, 0xff, 0xfb, 0xf7, 0xf4, 0xff,
    0xfb, 0xf7, 0xf4, 0xff, 0xfb, 0xf7, 0xf4, 0xff, 0xfb, 0xf7, 0xf4, 0xff,
    0xfb, 0xf7, 0xf4, 0xff, 0xfb, 0xf7, 0xf4, 0xff, 0xfb, 0xf7, 0xf4, 0xff,
    0xfb, 0xf7, 0xf4, 0xff, 0xfb, 0xf7, 0xf4, 0xff, 0xfb, 0xf7, 0xf4, 0xff,
    0xfb, 0xf7, 0xf4, 0xff, 0xfb, 0xf7, 0xf4, 0xff, 0xfb, 0xf7, 0xf4, 0xff,
    0xfb, 0xf7, 0xf4, 0xff, 0xfb, 0xf7, 0xf4, 0xff, 0xfb, 0xf7, 0xf4, 0xff,
    0xfb, 0xf7, 0xf4, 0xff, 0xfb, 0xf7, 0xf4, 0xff, 0xfb, 0xf7, 0xf4, 0xff,
    0xfb, 0xf7, 0xf4, 0xff, 0xfb, 0xf7, 0xf4, 0xff, 0xfb, 0xf7, 0xf4, 0xff,
    0xfb, 0xf7, 0xf4, 0xff, 0xeb, 0xa0, 0x82, 0xff, 0xdb, 0x48, 0x0f, 0xff,
    0xdc, 0x48, 0x0f, 0xff, 0xdc, 0x48, 0x0f, 0xff, 0xfb, 0xf7, 0xf4, 0xff,
    0xfb, 0xf7, 0xf4, 0xff, 0xfb, 0xf7, 0xf4, 0xff, 0xfb, 0xf7, 0xf4, 0xff,
    0xfb, 0xf7, 0xf4, 0xff, 0xfb, 0xf7, 0xf4, 0xff, 0xfb, 0xf7, 0xf4, 0xff,
    0xfb, 0xf7, 0xf4, 0xff, 0xfb, 0xf7, 0xf4, 0xff, 0xfb, 0xf7, 0xf4, 0xff,
    0xfb, 0xf7, 0xf4, 0xff, 0xfb, 0xf7, 0xf4, 0xff, 0xfb, 0xf7, 0xf4, 0xff,
    0xfb, 0xf7, 0xf4, 0xff, 0xfb, 0xf7, 0xf4, 0xff, 0xfb, 0xf7, 0xf4, 0xff,
    0xfb, 0xf7, 0xf4, 0xff, 0xfb, 0xf7, 0xf4, 0xff, 0xfb, 0xf7, 0xf4, 0xff,
    0xfb, 0xf7, 0xf4, 0xff, 0xfb, 0xf7, 0xf4, 0xff, 0xfb, 0xf7, 0xf4, 0xff,
    0xfb, 0xf7, 0xf4, 0xff, 0xfb, 0xf7, 0xf4, 0xff, 0xfb, 0xf7, 0xf4, 0xff,
    0xfb, 0xf7, 0xf4, 0xff, 0xfb, 0xf7, 0xf4, 0xff, 0xfb, 0xf7, 0xf4, 0xff,
    0xfb, 0xf7, 0xf4, 0xff, 0xfb, 0xf7, 0xf4, 0xff, 0xfb, 0xf7, 0xf4, 0xff,
    0xfb, 0xf7, 0xf4, 0xff, 0xfb, 0xf7, 0xf4, 0xff, 0xfb, 0xf7, 0xf4, 0xff,
    0xfb, 0xf7, 0xf4, 0xff, 0xfb, 0xf7, 0xf4, 0xff, 0xfb, 0xf7, 0xf4, 0xff,
    0xfb, 0xf7, 0xf4, 0xff, 0xfb, 0xf7, 0xf4, 0xff, 0xfb, 0xf7, 0xf4, 0xff,
    0xfb, 0xf7, 0xf4, 0xff, 0xfb, 0xf7, 0xf4, 0xff, 0xfb, 0xf7, 0xf4, 0xff,
    0xfb, 0xf7, 0xf4, 0xff, 0xfb, 0xf7, 0xf4, 0xff, 0xfb, 0xf7, 0xf4, 0xff,
    0xfb, 0xf7, 0xf4, 0xff, 0xfb, 0xf7, 0xf4, 0xff, 0xfb, 0xf7, 0xf4, 0xff,
    0xfb, 0xf7, 0xf4, 0xff, 0xfb, 0xf7, 0xf4, 0xff, 0xfb, 0xf7, 0xf4, 0xff,
    0xfb, 0xf7, 0xf4, 0xff, 0xfb, 0xf7, 0xf4, 0xff, 0xfb, 0xf7, 0xf4, 0xff,
    0xfb, 0xf7, 0xf4, 0xff, 0xfb, 0xf7, 0xf4, 0xff, 0xfb, 0xf7, 0xf4, 0xff,
    0xfb, 0xf7, 0xf4, 0xff, 0xfb, 0xf7, 0xf4, 0xff, 0xfb, 0xf7, 0xf4, 0xff,
    0xfb, 0xf7, 0xf4, 0xff, 0xfb, 0xf7, 0xf4, 0xff, 0xfb, 0xf7, 0xf4, 0xff,
    0xfb, 0xf7, 0xf4, 0xff, 0xfb, 0xf7, 0xf4, 0xff, 0xfb, 0xf7, 0xf4, 0xff,
    0xfb, 0xf7, 0xf4, 0xff, 0xfb, 0xf7, 0xf4, 0xff, 0xfb, 0xf7, 0xf4, 0xff,
    0xfb, 0xf7, 0xf4, 0xff, 0xfb, 0xf7, 0xf4, 0xff, 0xfb, 0xf7, 0xf4, 0xff,
    0xfb, 0xf7, 0xf4, 0xff, 0xfb, 0xf7, 0xf4, 0xff, 0xeb, 0xa0, 0x82, 0xff,
    0xdb, 0x48, 0x0f, 0xff, 0xdc, 0x48, 0x0f, 0xff, 0xdc, 0x48, 0x0f, 0xff,
    0xdd, 0x48, 0x0f, 0xff, 0xfb, 0xf7, 0xf4, 0xff, 0xfb, 0xf7, 0xf4, 0xff,
    0xfb, 0xf7, 0xf4, 0xff, 0xfb, 0xf7, 0xf4, 0xff, 0xfb, 0xf7, 0xf4, 0xff,
    0xfb, 0xf7, 0xf4, 0xff, 0xfb, 0xf7, 0xf4, 0xff, 0xfb, 0xf7, 0xf4, 0xff,
    0xfb, 0xf7, 0xf4, 0xff, 0xfb, 0xf7, 0xf4, 0xff, 0xfb, 0xf7, 0xf4, 0xff,
    0xfb, 0xf7, 0xf4, 0xff, 0xfb, 0xf7, 0xf4, 0xff, 0xfb, 0xf7, 0xf4, 0xff,
    0xfb, 0xf7, 0xf4, 0xff, 0xfb, 0xf7, 0xf4, 0xff, 0xfb, 0xf7, 0xf4, 0xff,
    0xfb, 0xf7, 0xf4, 0xff, 0xfb, 0xf7, 0xf4, 0xff, 0xfb, 0xf7, 0xf4, 0xff,
    0xfb, 0xf7, 0xf4, 0xff, 0xfb, 0xf7, 0xf4, 0xff, 0xfb, 0xf7, 0xf4, 0xff,
    0xfb, 0xf7, 0xf4, 0xff, 0xfb, 0xf7, 0xf4, 0xff, 0xfb, 0xf7, 0xf4, 0xff,
    0xfb, 0xf7, 0xf4, 0xff, 0xfb, 0xf7, 0xf4, 0xff, 0xfb, 0xf7, 0xf4, 0xff,
    0xfb, 0xf7, 0xf4, 0xff, 0xfb, 0xf7, 0xf4, 0xff, 0xfb, 0xf7, 0xf4, 0xff,
    0xfb, 0xf7, 0xf4, 0xff, 0xfb, 0xf7, 0xf4, 0xff, 0xfb, 0xf7, 0xf4, 0xff,
    0xfb, 0xf7, 0xf4, 0xff, 0xfb, 0xf7, 0xf4, 0xff, 0xfb, 0xf7, 0xf4, 0xff,
    0xfb, 0xf7, 0xf4, 0xff, 0xfb, 0xf7, 0xf4, 0xff, 0xfb, 0xf7, 0xf4, 0xff,
    0xfb, 0xf7, 0xf4, 0xff, 0xfb, 0xf7, 0xf4, 0xff, 0xfb, 0xf7, 0xf4, 0xff,
    0xfb, 0xf7, 0xf4, 0xff, 0xfb, 0xf7, 0xf4, 0xff, 0xfb, 0xf7, 0xf4, 0xff,
    0xfb, 0xf7, 0xf4, 0xff, 0xfb, 0xf7, 0xf4, 0xff, 0xfb, 0xf7, 0xf4, 0xff,
    0xfb, 0xf7, 0xf4, 0xff, 0xfb, 0xf7, 0xf4, 0xff, 0xfb, 0xf7, 0xf4, 0xff,
    0xfb, 0xf7, 0xf4, 0xff, 0xfb, 0xf7, 0xf4, 0xff, 0xfb, 0xf7, 0xf4, 0xff,
    0xfb, 0xf7, 0xf4, 0xff, 0xfb, 0xf7, 0xf4, 0xff, 0xfb, 0xf7, 0xf4, 0xff,
    0xfb, 0xf7, 0xf4, 0xff, 0xfb, 0xf7, 0xf4, 0xff, 0xfb, 0xf7, 0xf4, 0xff,
    0xfb, 0xf7, 0xf4, 0xff, 0xfb, 0xf7, 0xf4, 0xff, 0xfb, 0xf7, 0xf4, 0xff,
    0xfb, 0xf7, 0xf4, 0xff, 0xfb, 0xf7, 0xf4, 0xff, 0xfb, 0xf7, 0xf4, 0xff,
    0xfb, 0xf7, 0xf4, 0xff, 0xfb, 0xf7, 0xf4, 0xff, 0xfb, 0xf7, 0xf4, 0xff,
    0xfb, 0xf7, 0xf4, 0xff, 0xfb, 0xf7, 0xf4, 0xff, 0xfb, 0xf7, 0xf4, 0xff,
    0xeb, 0xa0, 0x82, 0xff, 0xdb, 0x48, 0x0f, 0xff, 0xdc, 0x48, 0x0f, 0xff,
    0xdc, 0x48, 0x0f, 0xff, 0xdd, 0x48, 0x0f, 0xff, 0xdd, 0x48, 0x0e, 0xff,
    0xfb, 0xf7, 0xf4, 0xff, 0xfb, 0xf7, 0xf4, 0xff, 0xfb, 0xf7, 0xf4, 0xff,
    0xfb, 0xf7, 0xf4, 0xff, 0xfb, 0xf7, 0xf4, 0xff, 0xfb, 0xf7, 0xf4, 0xff,
    0xfb, 0xf7, 0xf4, 0xff, 0xfb, 0xf7, 0xf4, 0xff, 0xfb, 0xf7, 0xf4, 0xff,
    0xfb, 0xf7, 0xf4, 0xff, 0xfb, 0xf7, 0xf4, 0xff, 0xfb, 0xf7, 0xf4, 0xff,
    0xfb, 0xf7, 0xf4, 0xff, 0xfb, 0xf7, 0xf4, 0xff, 0xfb, 0xf7, 0xf4, 0xff,
    0xfb, 0xf7, 0xf4, 0xff, 0xfb, 0xf7, 0xf4, 0xff, 0xfb, 0xf7, 0xf4, 0xff,
    0xfb, 0xf7, 0xf4, 0xff, 0xfb, 0xf7, 0xf4, 0xff, 0xfb, 0xf7, 0xf4, 0xff,
    0xfb, 0xf7, 0xf4, 0xff, 0xfb, 0xf7, 0xf4, 0xff, 0xfb, 0xf7, 0xf4, 0xff,
    0xfb, 0xf7, 0xf4, 0xff, 0xfb, 0xf7, 0xf4, 0xff, 0xfb, 0xf7, 0xf4, 0xff,
    0xfb, 0xf7, 0xf4, 0xff, 0xfb, 0xf7, 0xf4, 0xff, 0xfb, 0xf7, 0xf4, 0xff,
    0xfb, 0xf7, 0xf4, 0xff, 0xfb, 0xf7, 0xf4, 0xff, 0xfb, 0xf7, 0xf4, 0xff,
    0xfb, 0xf7, 0xf4, 0xff, 0xfb, 0xf7, 0xf4, 0xff, 0xfb, 0xf7, 0xf4, 0xff,
    0xfb, 0xf7, 0xf4, 0xff, 0xfb, 0xf7, 0xf4, 0xff, 0xfb, 0xf7, 0xf4, 0xff,
    0xfb, 0xf7, 0xf4, 0xff, 0xfb, 0xf7, 0xf4, 0xff, 0xfb, 0xf7, 0xf4, 0xff,
    0xfb, 0xf7, 0xf4, 0xff, 0xfb, 0xf7, 0xf4, 0xff, 0xfb, 0xf7, 0xf4, 0xff,
    0xfb, 0xf7, 0xf4, 0xff, 0xfb, 0xf7, 0xf4, 0xff, 0xfb, 0xf7, 0xf4, 0xff,
    0xfb, 0xf7, 0xf4, 0xff, 0xfb, 0xf7, 0xf4, 0xff, 0xfb, 0xf7, 0xf4, 0xff,
    0xfb, 0xf7, 0xf4, 0xff, 0xfb, 0xf7, 0xf4, 0xff, 0xfb, 0xf7, 0xf4, 0xff,
    0xfb, 0xf7, 0xf4, 0xff, 0xfb, 0xf7, 0xf4, 0xff, 0xfb, 0xf7, 0xf4, 0xff,
    0xfb, 0xf7, 0xf4, 0xff, 0xfb, 0xf7, 0xf4, 0xff, 0xfb, 0xf7, 0xf4, 0xff,
    0xfb, 0xf7, 0xf4, 0xff, 0xfb, 0xf7, 0xf4, 0xff, 0xfb, 0xf7, 0xf4, 0xff,
    0xfb, 0xf7, 0xf4, 0xff, 0xfb, 0xf7, 0xf4, 0xff, 0xfb, 0xf7, 0xf4, 0xff,
    0xfb, 0xf7, 0xf4, 0xff, 0xfb, 0xf7, 0xf4, 0xff, 0xfb, 0xf7, 0xf4, 0xff,
    0xfb, 0xf7, 0xf4, 0xff, 0xfb, 0xf7, 0xf4, 0xff, 0xfb, 0xf7, 0xf4, 0xff,
    0xfb, 0xf7, 0xf4, 0xff, 0xeb, 0xa0, 0x82, 0xff, 0xdb, 0x48, 0x0f, 0xff,
    0xdc, 0x48, 0x0f, 0xff, 0xdc, 0x48, 0x0f, 0xff, 0xdd, 0x48, 0x0f, 0xff,
    0xdd, 0x48, 0x0e, 0xff, 0xde, 0x48, 0x0e, 0xff, 0xfb, 0xf7, 0xf4, 0xff,
    0xfb, 0xf7, 0xf4, 0xff, 0xfb, 0xf7, 0xf4, 0xff, 0xfb, 0xf7, 0xf4, 0xff,
    0xfb, 0xf7, 0xf4, 0xff, 0xfb, 0xf7, 0xf4, 0xff, 0xfb, 0xf7, 0xf4, 0xff,
    0xfb, 0xf7, 0xf4, 0xff, 0xfb, 0xf7, 0xf4, 0xff, 0xfb, 0xf7, 0xf4, 0xff,
    0xfb, 0xf7, 0xf4, 0xff, 0xfb, 0xf7, 0xf4, 0xff, 0xfb, 0xf7, 0xf4, 0xff,
    0xfb, 0xf7, 0xf4, 0xff, 0xfb, 0xf7, 0xf4, 0xff, 0xfb, 0xf7, 0xf4, 0xff,
    0xfb, 0xf7, 0xf4, 0xff, 0xfb, 0xf7, 0xf4, 0xff, 0xfb, 0xf7, 0xf4, 0xff,
    0xfb, 0xf7, 0xf4, 0xff, 0xfb, 0xf7, 0xf4, 0xff, 0xfb, 0xf7, 0xf4, 0xff,
    0xfb, 0xf7, 0xf4, 0xff, 0xfb, 0xf7, 0xf4, 0xff, 0xfb, 0xf7, 0xf4, 0xff,
    0xfb, 0xf7, 0xf4, 0xff, 0xfb, 0xf7, 0xf4, 0xff, 0xfb, 0xf7, 0xf4, 0xff,
    0xfb, 0xf7, 0xf4, 0xff, 0xfb, 0xf7, 0xf4, 0xff, 0xfb, 0xf7, 0xf4, 0xff,
    0xfb, 0xf7, 0xf4, 0xff, 0xfb, 0xf7, 0xf4, 0xff, 0xfb, 0xf7, 0xf4, 0xff,
    0xfb, 0xf7, 0xf4, 0xff, 0xfb, 0xf7, 0xf4, 0xff, 0xfb, 0xf7, 0xf4, 0xff,
    0xfb, 0xf7, 0xf4, 0xff, 0xfb, 0xf7, 0xf4, 0xff, 0xfb, 0xf7, 0xf4, 0xff,
    0xfb, 0xf7, 0xf4, 0xff, 0xfb, 0xf7, 0xf4, 0xff, 0xfb, 0xf7, 0xf4, 0xff,
    0xfb, 0xf7, 0xf4, 0xff, 0xfb, 0xf7, 0xf4, 0xff, 0xfb, 0xf7, 0xf4, 0xff,
    0xfb, 0xf7, 0xf4, 0xff, 0xfb, 0xf7, 0xf4, 0xff, 0xfb, 0xf7, 0xf4, 0xff,
    0xfb, 0xf7, 0xf4, 0xff, 0xfb, 0xf7, 0xf4, 0xff, 0xfb, 0xf7, 0xf4, 0xff,
    0xfb, 0xf7, 0xf4, 0xff, 0xfb, 0xf7, 0xf4, 0xff, 0xfb, 0xf7, 0xf4, 0xff,
    0xfb, 0xf7, 0xf4, 0xff, 0xfb, 0xf7, 0xf4, 0xff, 0xfb, 0xf7, 0xf4, 0xff,
    0xfb, 0xf7, 0xf4, 0xff, 0xfb, 0xf7, 0xf4, 0xff, 0xfb, 0xf7, 0xf4, 0xff,
    0xfb, 0xf7, 0xf4, 0xff, 0xfb, 0xf7, 0xf4, 0xff, 0xfb, 0xf7, 0xf4, 0xff,
    0xfb, 0xf7, 0xf4, 0xff, 0xfb, 0xf7, 0xf4, 0xff, 0xfb, 0xf7, 0xf4, 0xff,
    0xfb, 0xf7, 0xf4, 0xff, 0xfb, 0xf7, 0xf4, 0xff, 0xfb, 0xf7, 0xf4, 0xff,
    0xfb, 0xf7, 0xf4, 0xff, 0xfb, 0xf7, 0xf4, 0xff, 0xeb, 0xa0, 0x82, 0xff,
    0xdb, 0x48, 0x0f, 0xff, 0xdc, 0x48, 0x0f, 0xff, 0xdc, 0x48, 0x0f, 0xff,
    0xdd, 0x48, 0x0f, 0xff, 0xdd, 0x48, 0x0e, 0xff, 0xde, 0x48, 0x0e, 0xff,
    0xde, 0x48, 0x0e, 0xff, 0xfb, 0xf7, 0xf4, 0xff, 0xfb, 0xf7, 0xf4, 0xff,
    0xfb, 0xf7, 0xf4, 0xff, 0xfb, 0xf7, 0xf4, 0xff, 0xfb, 0xf7, 0xf4, 0xff,
    0xfb, 0xf7, 0xf4, 0xff, 0xfb, 0xf7, 0xf4, 0xff, 0xfb, 0xf7, 0xf4, 0xff,
    0xfb, 0xf7, 0xf4, 0xff, 0xfb, 0xf7, 0xf4, 0xff, 0xfb, 0xf7, 0xf4, 0xff,
    0xfb, 0xf7, 0xf4, 0xff, 0xfb, 0xf7, 0xf4, 0xff, 0xfb, 0xf7, 0xf4, 0xff,
    0xfb, 0xf7, 0xf4, 0xff, 0xfb, 0xf7, 0xf4, 0xff, 0xfb, 0xf7, 0xf4, 0xff,
    0xfb, 0xf7, 0xf4, 0xff, 0xfb, 0xf7, 0xf4, 0xff, 0xfb, 0xf7, 0xf4, 0xff,
    0xfb, 0xf7, 0xf4, 0xff, 0xfb, 0xf7, 0xf4, 0xff, 0xfb, 0xf7, 0xf4, 0xff,
    0xfb, 0xf7, 0xf4, 0xff, 0xfb, 0xf7, 0xf4, 0xff, 0xfb, 0xf7, 0xf4, 0xff,
    0xfb, 0xf7, 0xf4, 0xff, 0xfb, 0xf7, 0xf4, 0xff, 0xfb, 0xf7, 0xf4, 0xff,
    0xfb, 0xf7, 0xf4, 0xff, 0xfb, 0xf7, 0xf4, 0xff, 0xfb, 0xf7, 0xf4, 0xff,
    0xfb, 0xf7, 0xf4, 0xff, 0xfb, 0xf7, 0xf4, 0xff, 0xfb, 0xf7, 0xf4, 0xff,
    0xfb, 0xf7, 0xf4, 0xff, 0xfb, 0xf7, 0xf4, 0xff, 0xfb, 0xf7, 0xf4, 0xff,
    0xfb, 0xf7, 0xf4, 0xff, 0xfb, 0xf7, 0xf4, 0xff, 0xfb, 0xf7, 0xf4, 0xff,
    0xfb, 0xf7, 0xf4, 0xff, 0xfb, 0xf7, 0xf4, 0xff, 0xfb, 0xf7, 0xf4, 0xff,
    0xfb, 0xf7, 0xf4, 0xff, 0xfb, 0xf7, 0xf4, 0xff, 0xfb, 0xf7, 0xf4, 0xff,
    0xfb, 0xf7, 0xf4, 0xff, 0xfb, 0xf7, 0xf4, 0xff, 0xfb, 0xf7, 0xf4, 0xff,
    0xfb, 0xf7, 0xf4, 0xff, 0xfb, 0xf7, 0xf4, 0xff, 0xfb, 0xf7, 0xf4, 0xff,
    0xfb, 0xf7, 0xf4, 0xff, 0xfb, 0xf7, 0xf4, 0xff, 0xfb, 0xf7, 0xf4, 0xff,
    0xfb, 0xf7, 0xf4, 0xff, 0xfb, 0xf7, 0xf4, 0xff, 0xfb, 0xf7, 0xf4, 0xff,
    0xfb, 0xf7, 0xf4, 0xff, 0xfb, 0xf7, 0xf4, 0xff, 0xfb, 0xf7, 0xf4, 0xff,
    0xfb, 0xf7, 0xf4, 0xff, 0xfb, 0xf7, 0xf4, 0xff, 0xfb, 0xf7, 0xf4, 0xff,
    0xfb, 0xf7, 0xf4, 0xff, 0xfb, 0xf7, 0xf4, 0xff, 0xfb, 0xf7, 0xf4, 0xff,
    0xfb, 0xf7, 0xf4, 0xff, 0xfb, 0xf7, 0xf4, 0xff, 0xfb, 0xf7, 0xf4, 0xff,
    0xeb, 0xa0, 0x82, 0xff, 0xdb, 0x48, 0x0f, 0xff, 0xdc, 0x48, 0x0f, 0xff,
    0xdc, 0x48, 0x0f, 0xff, 0xdd, 0x48, 0x0f, 0xff, 0xdd, 0x48, 0x0e, 0xff,
    0xde, 0x48, 0x0e, 0xff, 0xde, 0x48, 0x0e, 0xff, 0xdf, 0x48, 0x0e, 0xff,
    0xfb, 0xf7, 0xf4, 0xff, 0xfb, 0xf7, 0xf4, 0xff, 0xfb, 0xf7, 0xf4, 0xff,
    0xfb, 0xf7, 0xf4, 0xff, 0xfb, 0xf7, 0xf4, 0xff, 0xfb, 0xf7, 0xf4, 0xff,
    0xfb, 0xf7, 0xf4, 0xff, 0xfb, 0xf7, 0xf4, 0xff, 0xfb, 0xf7, 0xf4, 0xff,
    0xfb, 0xf7, 0xf4, 0xff, 0xfb, 0xf7, 0xf4, 0xff, 0xfb, 0xf7, 0xf4, 0xff,
    0xfb, 0xf7, 0xf4, 0xff, 0xfb, 0xf7, 0xf4, 0xff, 0xfb, 0xf7, 0xf4, 0xff,
    0xfb, 0xf7, 0xf4, 0xff, 0xfb, 0xf7, 0xf4, 0xff, 0xfb, 0xf7, 0xf4, 0xff,
    0xfb, 0xf7, 0xf4, 0xff, 0xfb, 0xf7, 0xf4, 0xff, 0xfb, 0xf7, 0xf4, 0xff,
    0xfb, 0xf7, 0xf4, 0xff, 0xfb, 0xf7, 0xf4, 0xff, 0xfb, 0xf7, 0xf4, 0xff,
    0xfb, 0xf7, 0xf4, 0xff, 0xfb, 0xf7, 0xf4, 0xff, 0xfb, 0xf7, 0xf4, 0xff,
    0xfb, 0xf7, 0xf4, 0xff, 0xfb, 0xf7, 0xf4, 0xff, 0xfb, 0xf7, 0xf4, 0xff,
    0xfb, 0xf7, 0xf4, 0xff, 0xfb, 0xf7, 0xf4, 0xff, 0xfb, 0xf7, 0xf4, 0xff,
    0xfb, 0xf7, 0xf4, 0xff, 0xfb, 0xf7, 0xf4, 0xff, 0xfb, 0xf7, 0xf4, 0xff,
    0xfb, 0xf7, 0xf4, 0xff, 0xfb, 0xf7, 0xf4, 0xff, 0xfb, 0xf7, 0xf4, 0xff,
    0xfb, 0xf7, 0xf4, 0xff, 0xfb, 0xf7, 0xf4, 0xff, 0xfb, 0xf7, 0xf4, 0xff,
    0xfb, 0xf7, 0xf4, 0xff, 0xfb, 0xf7, 0xf4, 0xff, 0xfb, 0xf7, 0xf4, 0xff,
    0xfb, 0xf7, 0xf4, 0xff, 0xfb, 0xf7, 0xf4, 0xff, 0xfb, 0xf7, 0xf4, 0xff,
    0xfb, 0xf7, 0xf4, 0xff, 0xfb, 0xf7, 0xf4, 0xff, 0xfb, 0xf7, 0xf4, 0xff,
    0xfb, 0xf7, 0xf4, 0xff, 0xfb, 0xf7, 0xf4, 0xff, 0xfb, 0xf7, 0xf4, 0xff,
    0xfb, 0xf7, 0xf4, 0xff, 0xfb, 0xf7, 0xf4, 0xff, 0xfb, 0xf7, 0xf4, 0xff,
    0xfb, 0xf7, 0xf4, 0xff, 0xfb, 0xf7, 0xf4, 0xff, 0xfb, 0xf7, 0xf4, 0xff,
    0xfb, 0xf7, 0xf4, 0xff, 0xfb, 0xf7, 0xf4, 0xff, 0xfb, 0xf7, 0xf4, 0xff,
    0xfb, 0xf7, 0xf4, 0xff, 0xfb, 0xf7, 0xf4, 0xff, 0xfb, 0xf7, 0xf4, 0xff,
    0xfb, 0xf7, 0xf4, 0xff, 0xfb, 0xf7, 0xf4, 0xff, 0xfb, 0xf7, 0xf4, 0xff,
    0xfb, 0xf7, 0xf4, 0xff, 0xeb, 0xa0, 0x82, 0xff, 0xdb, 0x48, 0x0f, 0xff,
    0xdc, 0x48, 0x0f, 0xff, 0xdc, 0x48, 0x0f, 0xff, 0xdd, 0x48, 0x0f, 0xff,
    0xdd, 0x48, 0x0e, 0xff, 0xde, 0x48, 0x0e, 0xff, 0xde, 0x48, 0x0e, 0xff,
    0xdf, 0x48, 0x0e, 0xff, 0xdf, 0x48, 0x0e, 0xff, 0xfb, 0xf7, 0xf4, 0xff,
    0xfb, 0xf7, 0xf4, 0xff, 0xfb, 0xf7, 0xf4, 0xff, 0xfb, 0xf7, 0xf4, 0xff,
    0xfb, 0xf7, 0xf4, 0xff, 0xfb, 0xf7, 0xf4, 0xff, 0xfb, 0xf7, 0xf4, 0xff,
    0xfb, 0xf7, 0xf4, 0xff, 0xfb, 0xf7, 0xf4, 0xff, 0xfb, 0xf7, 0xf4, 0xff,
    0xfb, 0xf7, 0xf4, 0xff, 0xfb, 0xf7, 0xf4, 0xff, 0xfb, 0xf7, 0xf4, 0xff,
    0xfb, 0xf7, 0xf4, 0xff, 0xfb, 0xf7, 0xf4, 0xff, 0xfb, 0xf7, 0xf4, 0xff,
    0xfb, 0xf7, 0xf4, 0xff, 0xfb, 0xf7, 0xf4, 0xff, 0xfb, 0xf7, 0xf4, 0xff,
    0xfb, 0xf7, 0xf4, 0xff, 0xfb, 0xf7, 0xf4, 0xff, 0xfb, 0xf7, 0xf4, 0xff,
    0xfb, 0xf7, 0xf4, 0xff, 0xfb, 0xf7, 0xf4, 0xff, 0xfb, 0xf7, 0xf4, 0xff,
    0xfb, 0xf7, 0xf4, 0xff, 0xfb, 0xf7, 0xf4, 0xff, 0xfb, 0xf7, 0xf4, 0xff,
    0xfb, 0xf7, 0xf4, 0xff, 0xfb, 0xf7, 0xf4, 0xff, 0xfb, 0xf7, 0xf4, 0xff,
    0xfb, 0xf7, 0xf4, 0xff, 0xfb, 0xf7, 0xf4, 0xff, 0xfb, 0xf7, 0xf4, 0xff,
    0xfb, 0xf7, 0xf4, 0xff, 0xfb, 0xf7, 0xf4, 0xff, 0xfb, 0xf7, 0xf4, 0xff,
    0xfb, 0xf7, 0xf4, 0xff, 0xfb, 0xf7, 0xf4, 0xff, 0xfb, 0xf7, 0xf4, 0xff,
    0xfb, 0xf7, 0xf4, 0xff, 0xfb, 0xf7, 0xf4, 0xff, 0xfb, 0xf7, 0xf4, 0xff,
    0xfb, 0xf7, 0xf4, 0xff, 0xfb, 0xf7, 0xf4, 0xff, 0xfb, 0xf7, 0xf4, 0xff,
    0xfb, 0xf7, 0xf4, 0xff, 0xfb, 0xf7, 0xf4, 0xff, 0xfb, 0xf7, 0xf4, 0xff,
    0xfb, 0xf7, 0xf4, 0xff, 0xfb, 0xf7, 0xf4, 0xff, 0xfb, 0xf7, 0xf4, 0xff,
    0xfb, 0xf7, 0xf4, 0xff, 0xfb, 0xf7, 0xf4, 0xff, 0xfb, 0xf7, 0xf4, 0xff,
    0xfb, 0xf7, 0xf4, 0xff, 0xfb, 0xf7, 0xf4, 0xff, 0xfb, 0xf7, 0xf4, 0xff,
    0xfb, 0xf7, 0xf4, 0xff, 0xfb, 0xf7, 0xf4, 0xff, 0xfb, 0xf7, 0xf4, 0xff,
    0xfb, 0xf7, 0xf4, 0xff, 0xfb, 0xf7, 0xf4, 0xff, 0xfb, 0xf7, 0xf4, 0xff,
    0xfb, 0xf7, 0xf4, 0xff, 0xfb, 0xf7, 0xf4, 0xff, 0xfb, 0xf7, 0xf4, 0xff,
    0xfb, 0xf7, 0xf4, 0xff, 0xfb, 0xf7, 0xf4, 0xff, 0xeb, 0xa0, 0x82, 0xff,
    0xdb, 0x48, 0x0f, 0xff, 0xdc, 0x48, 0x0f, 0xff, 0xdc, 0x48, 0x0f, 0xff,
    0xdd, 0x48, 0x0f, 0xff, 0xdd, 0x48, 0x0e, 0xff, 0xde, 0x48, 0x0e, 0xff,
    0xde, 0x48, 0x0e, 0xff, 0xdf, 0x48, 0x0e, 0xff, 0xdf, 0x48, 0x0e, 0xff,
    0xe0, 0x48, 0x0e, 0xff, 0xfb, 0xf7, 0xf4, 0xff, 0xfb, 0xf7, 0xf4, 0xff,
    0xfb, 0xf7, 0xf4, 0xff, 0xfb, 0xf7, 0xf4, 0xff, 0xfb, 0xf7, 0xf4, 0xff,
    0xfb, 0xf7, 0xf4, 0xff, 0xfb, 0xf7, 0xf4, 0xff, 0xfb, 0xf7, 0xf4, 0xff,
    0xfb, 0xf7, 0xf4, 0xff, 0xfb, 0xf7, 0xf4, 0xff, 0xfb, 0xf7, 0xf4, 0xff,
    0xfb, 0xf7, 0xf4, 0xff, 0xfb, 0xf7, 0xf4, 0xff, 0xfb, 0xf7, 0xf4, 0xff,
    0xfb, 0xf7, 0xf4, 0xff, 0xfb, 0xf7, 0xf4, 0xff, 0xfb, 0xf7, 0xf4, 0xff,
    0xfb, 0xf7, 0xf4, 0xff, 0xfb, 0xf7, 0xf4, 0xff, 0xfb, 0xf7, 0xf4, 0xff,
    0xfb, 0xf7, 0xf4, 0xff, 0xfb, 0xf7, 0xf4, 0xff, 0xfb, 0xf7, 0xf4, 0xff,
    0xfb, 0xf7, 0xf4, 0xff, 0xfb, 0xf7, 0xf4, 0xff, 0xfb, 0xf7, 0xf4, 0xff,
    0xfb, 0xf7, 0xf4, 0xff, 0xfb, 0xf7, 0xf4, 0xff, 0xfb, 0xf7, 0xf4, 0xff,
    0xfb, 0xf7, 0xf4, 0xff, 0xfb, 0xf7, 0xf4, 0xff, 0xfb, 0xf7, 0xf4, 0xff,
    0xfb, 0xf7, 0xf4, 0xff, 0xfb, 0xf7, 0xf4, 0xff, 0xfb, 0xf7, 0xf4, 0xff,
    0xfb, 0xf7, 0xf4, 0xff, 0xfb, 0xf7, 0xf4, 0xff, 0xfb, 0xf7, 0xf4, 0xff,
    0xfb, 0xf7, 0xf4, 0xff, 0xfb, 0xf7, 0xf4, 0xff, 0xfb, 0xf7, 0xf4, 0xff,
    0xfb, 0xf7, 0xf4, 0xff, 0xfb, 0xf7, 0xf4, 0xff, 0xfb, 0xf7, 0xf4, 0xff,
    0xfb, 0xf7, 0xf4, 0xff, 0xfb, 0xf7, 0xf4, 0xff, 0xfb, 0xf7, 0xf4, 0xff,
    0xfb, 0xf7, 0xf4, 0xff, 0xfb, 0xf7, 0xf4, 0xff, 0xfb, 0xf7, 0xf4, 0xff,
    0xfb, 0xf7, 0xf4, 0xff, 0xfb, 0xf7, 0xf4, 0xff, 0xfb, 0xf7, 0xf4, 0xff,
    0xfb, 0xf7, 0xf4, 0xff, 0xfb, 0xf7, 0xf4, 0xff, 0xfb, 0xf7, 0xf4, 0xff,
    0xfb, 0xf7, 0xf4, 0xff, 0xfb, 0xf7, 0xf4, 0xff, 0xfb, 0xf7, 0xf4, 0xff,
    0xfb, 0xf7, 0xf4, 0xff, 0xfb, 0xf7, 0xf4, 0xff, 0xfb, 0xf7, 0xf4, 0xff,
    0xfb, 0xf7, 0xf4, 0xff, 0xfb, 0xf7, 0xf4, 0xff, 0xfb, 0xf7, 0xf4, 0xff,
    0xfb, 0xf7, 0xf4, 0xff, 0xfb, 0xf7, 0xf4, 0xff, 0xfb, 0xf7, 0xf4, 0xff,
    0xeb, 0xa0, 0x82, 0xff, 0xdb, 0x48, 0x0f, 0xff, 0xdc, 0x48, 0x0f, 0xff,
    0xdc, 0x48, 0x0f, 0xff, 0xdd, 0x48, 0x0f, 0xff, 0xdd, 0x48, 0x0e, 0xff,
    0xde, 0x48, 0x0e, 0xff, 0xde, 0x48, 0x0e, 0xff, 0xdf, 0x48, 0x0e, 0xff,
    0xdf, 0x48, 0x0e, 0xff, 0xe0, 0x48, 0x0e, 0xff, 0xe1, 0x48, 0x0d, 0xff,
    0xfb, 0xf7, 0xf4, 0xff, 0xfb, 0xf7, 0xf4, 0xff, 0xfb, 0xf7, 0xf4, 0xff,
    0xfb, 0xf7, 0xf4, 0xff, 0xfb, 0xf7, 0xf4, 0xff, 0xfb, 0xf7, 0xf4, 0xff,
    0xfb, 0xf7, 0xf4, 0xff, 0xfb, 0xf7, 0xf4, 0xff, 0xfb, 0xf7, 0xf4, 0xff,
    0xfb, 0xf7, 0xf4, 0xff, 0xfb, 0xf7, 0xf4, 0xff, 0xfb, 0xf7, 0xf4, 0xff,
    0xfb, 0xf7, 0xf4, 0xff, 0xfb, 0xf7, 0xf4, 0xff, 0xfb, 0xf7, 0xf4, 0xff,
    0xfb, 0xf7, 0xf4, 0xff, 0xfb, 0xf7, 0xf4, 0xff, 0xfb, 0xf7, 0xf4, 0xff,
    0xfb, 0xf7, 0xf4, 0xff, 0xfb, 0xf7, 0xf4, 0xff, 0xfb, 0xf7, 0xf4, 0xff,
    0xfb, 0xf7, 0xf4, 0xff, 0xfb, 0xf7, 0xf4, 0xff, 0xfb, 0xf7, 0xf4, 0xff,
    0xfb, 0xf7, 0xf4, 0xff, 0xfb, 0xf7, 0xf4, 0xff, 0xfb, 0xf7, 0xf4, 0xff,
    0xfb, 0xf7, 0xf4, 0xff, 0xfb, 0xf7, 0xf4, 0xff, 0xfb, 0xf7, 0xf4, 0xff,
    0xfb, 0xf7, 0xf4, 0xff, 0xfb, 0xf7, 0xf4, 0xff, 0xfb, 0xf7, 0xf4, 0xff,
    0xfb, 0xf7, 0xf4, 0xff, 0xfb, 0xf7, 0xf4, 0xff, 0xfb, 0xf7, 0xf4, 0xff,
    0xfb, 0xf7, 0xf4, 0xff, 0xfb, 0xf7, 0xf4, 0xff, 0xfb, 0xf7, 0xf4, 0xff,
    0xfb, 0xf7, 0xf4, 0xff, 0xfb, 0xf7, 0xf4, 0xff, 0xfb, 0xf7, 0xf4, 0xff,
    0xfb, 0xf7, 0xf4, 0xff, 0xfb, 0xf7, 0xf4, 0xff, 0xfb, 0xf7, 0xf4, 0xff,
    0xfb, 0xf7, 0xf4, 0xff, 0xfb, 0xf7, 0xf4, 0xff, 0xfb, 0xf7, 0xf4, 0xff,
    0xfb, 0xf7, 0xf4, 0xff, 0xfb, 0xf7, 0xf4, 0xff, 0xfb, 0xf7, 0xf4, 0xff,
    0xfb, 0xf7, 0xf4, 0xff, 0xfb, 0xf7, 0xf4, 0xff, 0xfb, 0xf7, 0xf4, 0xff,
    0xfb, 0xf7, 0xf4, 0xff, 0xfb, 0xf7, 0xf4, 0xff, 0xfb, 0xf7, 0xf4, 0xff,
    0xfb, 0xf7, 0xf4, 0xff, 0xfb, 0xf7, 0xf4, 0xff, 0xfb, 0xf7, 0xf4, 0xff,
    0xfb, 0xf7, 0xf4, 0xff, 0xfb, 0xf7, 0xf4, 0xff, 0xfb, 0xf7, 0xf4, 0xff,
    0xfb, 0xf7, 0xf4, 0xff, 0xfb, 0xf7, 0xf4, 0xff, 0xfb, 0xf7, 0xf4, 0xff,
    0xfb, 0xf7, 0xf4, 0xff, 0xeb, 0xa0, 0x82, 0xff, 0xdb, 0x48, 0x0f, 0xff,
    0xdc, 0x48, 0x0f, 0xff, 0xdc, 0x48, 0x0f, 0xff, 0xdd, 0x48, 0x0f, 0xff,
    0xdd, 0x48, 0x0e, 0xff, 0xde, 0x48, 0x0e, 0xff, 0xde, 0x48, 0x0e, 0xff,
    0xdf, 0x48, 0x0e, 0xff, 0xdf, 0x48, 0x0e, 0xff, 0xe0, 0x48, 0x0e, 0xff,
    0xe1, 0x48, 0x0d, 0xff, 0xe1, 0x48, 0x0d, 0xff, 0xfb, 0xf7, 0xf4, 0xff,
    0xfb, 0xf7, 0xf4, 0xff, 0xfb, 0xf7, 0xf4, 0xff, 0xfb, 0xf7, 0xf4, 0xff,
    0xfb, 0xf7, 0xf4, 0xff, 0xfb, 0xf7, 0xf4, 0xff, 0xfb, 0xf7, 0xf4, 0xff,
    0xfb, 0xf7, 0xf4, 0xff, 0xfb, 0xf7, 0xf4, 0xff, 0xfb, 0xf7, 0xf4, 0xff,
    0xfb, 0xf7, 0xf4, 0xff, 0xfb, 0xf7, 0xf4, 0xff, 0xfb, 0xf7, 0xf4, 0xff,
    0xfb, 0xf7, 0xf4, 0xff, 0xfb, 0xf7, 0xf4, 0xff, 0xfb, 0xf7, 0xf4, 0xff,
    0xfb, 0xf7, 0xf4, 0xff, 0xfb, 0xf7, 0xf4, 0xff, 0xfb, 0xf7, 0xf4, 0xff,
    0xfb, 0xf7, 0xf4, 0xff, 0xfb, 0xf7, 0xf4, 0xff, 0xfb, 0xf7, 0xf4, 0xff,
    0xfb, 0xf7, 0xf4, 0xff, 0xfb, 0xf7, 0xf4, 0xff, 0xfb, 0xf7, 0xf4, 0xff,
    0xfb, 0xf7, 0xf4, 0xff, 0xfb, 0xf7, 0xf4, 0xff, 0xfb, 0xf7, 0xf4, 0xff,
    0xfb, 0xf7, 0xf4, 0xff, 0xfb, 0xf7, 0xf4, 0xff, 0xfb, 0xf7, 0xf4, 0xff,
    0xfb, 0xf7, 0xf4, 0xff, 0xfb, 0xf7, 0xf4, 0xff, 0xfb, 0xf7, 0xf4, 0xff,
    0xfb, 0xf7, 0xf4, 0xff, 0xfb, 0xf7, 0xf4, 0xff, 0xfb, 0xf7, 0xf4, 0xff,
    0xfb, 0xf7, 0xf4, 0xff, 0xfb, 0xf7, 0xf4, 0xff, 0xfb, 0xf7, 0xf4, 0xff,
    0xfb, 0xf7, 0xf4, 0xff, 0xfb, 0xf7, 0xf4, 0xff, 0xfb, 0xf7, 0xf4, 0xff,
    0xfb, 0xf7, 0xf4, 0xff, 0xfb, 0xf7, 0xf4, 0xff, 0xfb, 0xf7, 0xf4, 0xff,
    0xfb, 0xf7, 0xf4, 0xff, 0xfb, 0xf7, 0xf4, 0xff, 0xfb, 0xf7, 0xf4, 0xff,
    0xfb, 0xf7, 0xf4, 0xff, 0xfb, 0xf7, 0xf4, 0xff, 0xfb, 0xf7, 0xf4, 0xff,
    0xfb, 0xf7, 0xf4, 0xff, 0xfb, 0xf7, 0xf4, 0xff, 0xfb, 0xf7, 0xf4, 0xff,
    0xfb, 0xf7, 0xf4, 0xff, 0xfb, 0xf7, 0xf4, 0xff, 0xfb, 0xf7, 0xf4, 0xff,
    0xfb, 0xf7, 0xf4, 0xff, 0xfb, 0xf7, 0xf4, 0xff, 0xfb, 0xf7, 0xf4, 0xff,
    0xfb, 0xf7, 0xf4, 0xff, 0xfb, 0xf7, 0xf4, 0xff, 0xfb, 0xf7, 0xf4, 0xff,
    0xfb, 0xf7, 0xf4, 0xff, 0xfb, 0xf7, 0xf4, 0xff, 0xeb, 0xa0, 0x82, 0xff,
    0xdb, 0x48, 0x0f, 0xff, 0xdc, 0x48, 0x0f, 0xff, 0xdc, 0x48, 0x0f, 0xff,
    0xdd, 0x48, 0x0f, 0xff, 0xdd, 0x48, 0x0e, 0xff, 0xde, 0x48, 0x0e, 0xff,
    0xde, 0x48, 0x0e, 0xff, 0xdf, 0x48, 0x0e, 0xff, 0xdf, 0x48, 0x0e, 0xff,
    0xe0, 0x48, 0x0e, 0xff, 0xe1, 0x48, 0x0d, 0xff, 0xe1, 0x48, 0x0d, 0xff,
    0xe2, 0x48, 0x0d, 0xff, 0xfb, 0xf7, 0xf4, 0xff, 0xfb, 0xf7, 0xf4, 0xff,
    0xfb, 0xf7, 0xf4, 0xff, 0xfb, 0xf7, 0xf4, 0xff, 0xfb, 0xf7, 0xf4, 0xff,
    0xfb, 0xf7, 0xf4, 0xff, 0xfb, 0xf7, 0xf4, 0xff, 0xfb, 0xf7, 0xf4, 0xff,
    0xfb, 0xf7, 0xf4, 0xff, 0xfb, 0xf7, 0xf4, 0xff, 0xfb, 0xf7, 0xf4, 0xff,
    0xfb, 0xf7, 0xf4, 0xff, 0xfb, 0xf7, 0xf4, 0xff, 0xfb, 0xf7, 0xf4, 0xff,
    0xfb, 0xf7, 0xf4, 0xff, 0xfb, 0xf7, 0xf4, 0xff, 0xfb, 0xf7, 0xf4, 0xff,
    0xfb, 0xf7, 0xf4, 0xff, 0xfb, 0xf7, 0xf4, 0xff, 0xfb, 0xf7, 0xf4, 0xff,
    0xfb, 0xf7, 0xf4, 0xff, 0xfb, 0xf7, 0xf4, 0xff, 0xfb, 0xf7, 0xf4, 0xff,
    0xfb, 0xf7, 0xf4, 0xff, 0xfb, 0xf7, 0xf4, 0xff, 0xfb, 0xf7, 0xf4, 0xff,
    0xfb, 0xf7, 0xf4, 0xff, 0xfb, 0xf7, 0xf4, 0xff, 0xfb, 0xf7, 0xf4, 0xff,
    0xfb, 0xf7, 0xf4, 0xff, 0xfb, 0xf7, 0xf4, 0xff, 0xfb, 0xf7, 0xf4, 0xff,
    0xfb, 0xf7, 0xf4, 0xff, 0xfb, 0xf7, 0xf4, 0xff, 0xfb, 0xf7, 0xf4, 0xff,
    0xfb, 0xf7, 0xf4, 0xff, 0xfb, 0xf7, 0xf4, 0xff, 0xfb, 0xf7, 0xf4, 0xff,
    0xfb, 0xf7, 0xf4, 0xff, 0xfb, 0xf7, 0xf4, 0xff, 0xfb, 0xf7, 0xf4, 0xff,
    0xfb, 0xf7, 0xf4, 0xff, 0xfb, 0xf7, 0xf4, 0xff, 0xfb, 0xf7, 0xf4, 0xff,
    0xfb, 0xf7, 0xf4, 0xff, 0xfb, 0xf7, 0xf4, 0xff, 0xfb, 0xf7, 0xf4, 0xff,
    0xfb, 0xf7, 0xf4, 0xff, 0xfb, 0xf7, 0xf4, 0xff, 0xfb, 0xf7, 0xf4, 0xff,
    0xfb, 0xf7, 0xf4, 0xff, 0xfb, 0xf7, 0xf4, 0xff, 0xfb, 0xf8, 0xf5, 0xff,
    0xfc, 0xf9, 0xf6, 0xff, 0xfc, 0xf9, 0xf7, 0xff, 0xfc, 0xf9, 0xf7, 0xff,
    0xfc, 0xf9, 0xf7, 0xff, 0xfb, 0xf8, 0xf6, 0xff, 0xfb, 0xf7, 0xf4, 0xff,
    0xfb, 0xf7, 0xf4, 0xff, 0xfb, 0xf7, 0xf4, 0xff, 0xfb, 0xf7, 0xf4, 0xff,
    0xfb, 0xf7, 0xf4, 0xff, 0xfb, 0xf7, 0xf4, 0xff, 0xfb, 0xf7, 0xf4, 0xff,
    0xeb, 0xa0, 0x82, 0xff, 0xdb, 0x48, 0x0f, 0xff, 0xdc, 0x48, 0x0f, 0xff,
    0xdc, 0x48, 0x0f, 0xff, 0xdd, 0x48, 0x0f, 0xff, 0xdd, 0x48, 0x0e, 0xff,
    0xde, 0x48, 0x0e, 0xff, 0xde, 0x48, 0x0e, 0xff, 0xdf, 0x48, 0x0e, 0xff,
    0xdf, 0x48, 0x0e, 0xff, 0xe0, 0x48, 0x0e, 0xff, 0xe1, 0x48, 0x0d, 0xff,
    0xe1, 0x48, 0x0d, 0xff, 0xe2, 0x48, 0x0d, 0xff, 0xe2, 0x48, 0x0d, 0xff,
    0xfb, 0xf7, 0xf4, 0xff, 0xfb, 0xf7, 0xf4, 0xff, 0xfb, 0xf7, 0xf4, 0xff,
    0xfb, 0xf7, 0xf4, 0xff, 0xfb, 0xf7, 0xf4, 0xff, 0xfb, 0xf7, 0xf4, 0xff,
    0xfb, 0xf7, 0xf4, 0xff, 0xfb, 0xf7, 0xf4, 0xff, 0xfb, 0xf7, 0xf4, 0xff,
    0xfb, 0xf7, 0xf4, 0xff, 0xfb, 0xf7, 0xf4, 0xff, 0xfb, 0xf7, 0xf4, 0xff,
    0xfb, 0xf7, 0xf4, 0xff, 0xfb, 0xf7, 0xf4, 0xff, 0xfb, 0xf7, 0xf4, 0xff,
    0xfb, 0xf7, 0xf4, 0xff, 0xfb, 0xf7, 0xf4, 0xff, 0xfb, 0xf7, 0xf4, 0xff,
    0xfb, 0xf7, 0xf4, 0xff, 0xfb, 0xf7, 0xf4, 0xff, 0xfb, 0xf7, 0xf4, 0xff,
    0xfb, 0xf7, 0xf4, 0xff, 0xfb, 0xf7, 0xf4, 0xff, 0xfb, 0xf7, 0xf4, 0xff,
    0xfb, 0xf7, 0xf4, 0xff, 0xfb, 0xf7, 0xf4, 0xff, 0xfb, 0xf7, 0xf4, 0xff,
    0xfb, 0xf7, 0xf4, 0xff, 0xfb, 0xf7, 0xf4, 0xff, 0xfb, 0xf7, 0xf4, 0xff,
    0xfb, 0xf7, 0xf4, 0xff, 0xfb, 0xf7, 0xf4, 0xff, 0xfb, 0xf7, 0xf4, 0xff,
    0xfb, 0xf7, 0xf4, 0xff, 0xfb, 0xf7, 0xf4, 0xff, 0xfb, 0xf7, 0xf4, 0xff,
    0xfb, 0xf7, 0xf4, 0xff, 0xfb, 0xf7, 0xf4, 0xff, 0xfb, 0xf7, 0xf4, 0xff,
    0xfb, 0xf7, 0xf4, 0xff, 0xfb, 0xf7, 0xf4, 0xff, 0xfb, 0xf7, 0xf4, 0xff,
    0xfb, 0xf7, 0xf4, 0xff, 0xfb, 0xf7, 0xf4, 0xff, 0xfb, 0xf7, 0xf4, 0xff,
    0xfb, 0xf7, 0xf4, 0xff, 0xfb, 0xf7, 0xf4, 0xff, 0xfb, 0xf7, 0xf4, 0xff,
    0xfb, 0xf7, 0xf4, 0xff, 0xfb, 0xf7, 0xf4, 0xff, 0xfb, 0xf7, 0xf4, 0xff,
    0xfc, 0xf9, 0xf7, 0xff, 0xfc, 0xf9, 0xf7, 0xff, 0xfc, 0xf9, 0xf7, 0xff,
    0xfc, 0xf9, 0xf7, 0xff, 0xfc, 0xf9, 0xf7, 0xff, 0xfc, 0xf9, 0xf7, 0xff,
    0xfc, 0xf9, 0xf7, 0xff, 0xfc, 0xf9, 0xf7, 0xff, 0xfb, 0xf7, 0xf5, 0xff,
    0xfb, 0xf7, 0xf4, 0xff, 0xfb, 0xf7, 0xf4, 0xff, 0xfb, 0xf7, 0xf4, 0xff,
    0xfb, 0xf7, 0xf4, 0xff, 0xeb, 0xa0, 0x82, 0xff, 0xdb, 0x48, 0x0f, 0xff,
    0xdc, 0x48, 0x0f, 0xff, 0xdc, 0x48, 0x0f, 0xff, 0xdd, 0x48, 0x0f, 0xff,
    0xdd, 0x48, 0x0e, 0xff, 0xde, 0x48, 0x0e, 0xff, 0xde, 0x48, 0x0e, 0xff,
    0xdf, 0x48, 0x0e, 0xff, 0xdf, 0x48, 0x0e, 0xff, 0xe0, 0x48, 0x0e, 0xff,
    0xe1, 0x48, 0x0d, 0xff, 0xe1, 0x48, 0x0d, 0xff, 0xe2, 0x48, 0x0d, 0xff,
    0xe2, 0x48, 0x0d, 0xff, 0xe3, 0x48, 0x0c, 0xff, 0xfb, 0xf7, 0xf4, 0xff,
    0xfb, 0xf7, 0xf4, 0xff, 0xfb, 0xf7, 0xf4, 0xff, 0xfb, 0xf7, 0xf4, 0xff,
    0xfb, 0xf7, 0xf4, 0xff, 0xfb, 0xf7, 0xf4, 0xff, 0xfb, 0xf7, 0xf4, 0xff,
    0xfb, 0xf7, 0xf4, 0xff, 0xfb, 0xf7, 0xf4, 0xff, 0xfb, 0xf7, 0xf4, 0xff,
    0xfb, 0xf7, 0xf4, 0xff, 0xfb, 0xf7, 0xf4, 0xff, 0xfb, 0xf7, 0xf4, 0xff,
    0xfb, 0xf7, 0xf4, 0xff, 0xfb, 0xf7, 0xf4, 0xff, 0xfb, 0xf7, 0xf4, 0xff,
    0xfb, 0xf7, 0xf4, 0xff, 0xfb, 0xf7, 0xf4, 0xff, 0xfb, 0xf7, 0xf4, 0xff,
    0xfb, 0xf7, 0xf4, 0xff, 0xfb, 0xf7, 0xf4, 0xff, 0xfb, 0xf7, 0xf4, 0xff,
    0xfb, 0xf7, 0xf4, 0xff, 0xfb, 0xf7, 0xf4, 0xff, 0xfb, 0xf7, 0xf4, 0xff,
    0xfb, 0xf7, 0xf4, 0xff, 0xfb, 0xf7, 0xf4, 0xff, 0xfb, 0xf7, 0xf4, 0xff,
    0xfb, 0xf7, 0xf4, 0xff, 0xfb, 0xf7, 0xf4, 0xff, 0xfb, 0xf7, 0xf4, 0xff,
    0xfb, 0xf7, 0xf4, 0xff, 0xfb, 0xf7, 0xf4, 0xff, 0xfb, 0xf7, 0xf4, 0xff,
    0xfb, 0xf7, 0xf4, 0xff, 0xfb, 0xf7, 0xf4, 0xff, 0xfb, 0xf7, 0xf4, 0xff,
    0xfb, 0xf7, 0xf4, 0xff, 0xfb, 0xf7, 0xf4, 0xff, 0xfb, 0xf7, 0xf4, 0xff,
    0xfb, 0xf7, 0xf4, 0xff, 0xfb, 0xf7, 0xf4, 0xff, 0xfb, 0xf7, 0xf4, 0xff,
    0xfb, 0xf7, 0xf4, 0xff, 0xfb, 0xf7, 0xf4, 0xff, 0xfb, 0xf7, 0xf4, 0xff,
    0xfb, 0xf7, 0xf4, 0xff, 0xfb, 0xf7, 0xf4, 0xff, 0xfb, 0xf7, 0xf4, 0xff,
    0xfb, 0xf7, 0xf4, 0xff, 0xfc, 0xf8, 0xf6, 0xff, 0xfc, 0xf9, 0xf7, 0xff,
    0xfc, 0xf9, 0xf7, 0xff, 0xfc, 0xf9, 0xf7, 0xff, 0xfc, 0xf9, 0xf7, 0xff,
    0xfc, 0xf9, 0xf7, 0xff, 0xfc, 0xf9, 0xf7, 0xff, 0xfc, 0xf9, 0xf7, 0xff,
    0xfc, 0xf9, 0xf7, 0xff, 0xfc, 0xf9, 0xf7, 0xff, 0xfb, 0xf7, 0xf4, 0xff,
    0xfb, 0xf7, 0xf4, 0xff, 0xfb, 0xf7, 0xf4, 0xff, 0xeb, 0xa0, 0x82, 0xff,
    0xdb, 0x48, 0x0f, 0xff, 0xdc, 0x48, 0x0f, 0xff, 0xdc, 0x48, 0x0f, 0xff,
    0xdd, 0x48, 0x0f, 0xff, 0xdd, 0x48, 0x0e, 0xff, 0xde, 0x48, 0x0e, 0xff,
    0xde, 0x48, 0x0e, 0xff, 0xdf, 0x48, 0x0e, 0xff, 0xdf, 0x48, 0x0e, 0xff,
    0xe0, 0x48, 0x0e, 0xff, 0xe1, 0x48, 0x0d, 0xff, 0xe1, 0x48, 0x0d, 0xff,
    0xe2, 0x48, 0x0d, 0xff, 0xe2, 0x48, 0x0d, 0xff, 0xe3, 0x48, 0x0c, 0xff,
    0xe3, 0x48, 0x0c, 0xff, 0xfb, 0xf7, 0xf4, 0xff, 0xfb, 0xf7, 0xf4, 0xff,
    0xfb, 0xf7, 0xf4, 0xff, 0xfb, 0xf7, 0xf4, 0xff, 0xfb, 0xf7, 0xf4, 0xff,
    0xfb, 0xf7, 0xf4, 0xff, 0xfb, 0xf7, 0xf4, 0xff, 0xfb, 0xf7, 0xf4, 0xff,
    0xfb, 0xf7, 0xf4, 0xff, 0xfb, 0xf7, 0xf4, 0xff, 0xfb, 0xf7, 0xf4, 0xff,
    0xfb, 0xf7, 0xf4, 0xff, 0xfb, 0xf7, 0xf4, 0xff, 0xfb, 0xf7, 0xf4, 0xff,
    0xfb, 0xf7, 0xf4, 0xff, 0xfb, 0xf7, 0xf4, 0xff, 0xfb, 0xf7, 0xf4, 0xff,
    0xfb, 0xf7, 0xf4, 0xff, 0xfb, 0xf7, 0xf4, 0xff, 0xfb, 0xf7, 0xf4, 0xff,
    0xfb, 0xf7, 0xf4, 0xff, 0xfb, 0xf7, 0xf4, 0xff, 0xfb, 0xf7, 0xf4, 0xff,
    0xfb, 0xf7, 0xf4, 0xff, 0xfb, 0xf7, 0xf4, 0xff, 0xfb, 0xf7, 0xf4, 0xff,
    0xfb, 0xf7, 0xf4, 0xff, 0xfb, 0xf7, 0xf4, 0xff, 0xfb, 0xf7, 0xf4, 0xff,
    0xfb, 0xf7, 0xf4, 0xff, 0xfb, 0xf7, 0xf4, 0xff, 0xfb, 0xf7, 0xf4, 0xff,
    0xfb, 0xf7, 0xf4, 0xff, 0xfb, 0xf7, 0xf4, 0xff, 0xfb, 0xf7, 0xf4, 0xff,
    0xfb, 0xf7, 0xf4, 0xff, 0xfb, 0xf7, 0xf4, 0xff, 0xfb, 0xf7, 0xf4, 0xff,
    0xfb, 0xf7, 0xf4, 0xff, 0xfb, 0xf7, 0xf4, 0xff, 0xfb, 0xf7, 0xf4, 0xff,
    0xfb, 0xf7, 0xf4, 0xff, 0xfb, 0xf7, 0xf4, 0xff, 0xfb, 0xf7, 0xf4, 0xff,
    0xfb, 0xf7, 0xf4, 0xff, 0xfb, 0xf7, 0xf4, 0xff, 0xfb, 0xf7, 0xf4, 0xff,
    0xfb, 0xf7, 0xf4, 0xff, 0xfb, 0xf7, 0xf4, 0xff, 0xfb, 0xf7, 0xf5, 0xff,
    0xfc, 0xf9, 0xf7, 0xff, 0xfc, 0xf9, 0xf7, 0xff, 0xfc, 0xf9, 0xf7, 0xff,
    0xfc, 0xf9, 0xf7, 0xff, 0xfc, 0xf9, 0xf7, 0xff, 0xfc, 0xf9, 0xf7, 0xff,
    0xfc, 0xf9, 0xf7, 0xff, 0xfc, 0xf9, 0xf7, 0xff, 0xfc, 0xf9, 0xf7, 0xff,
    0xfc, 0xf9, 0xf7, 0xff, 0xfb, 0xf8, 0xf5, 0xff, 0xfb, 0xf7, 0xf4, 0xff,
    0xeb, 0xa0, 0x82, 0xff, 0xdb, 0x48, 0x0f, 0xff, 0xdc, 0x48, 0x0f, 0xff,
    0xdc, 0x48, 0x0f, 0xff, 0xdd, 0x48, 0x0f, 0xff, 0xdd, 0x48, 0x0e, 0xff,
    0xde, 0x48, 0x0e, 0xff, 0xde, 0x48, 0x0e, 0xff, 0xdf, 0x48, 0x0e, 0xff,
    0xdf, 0x48, 0x0e, 0xff, 0xe0, 0x48, 0x0e, 0xff, 0xe1, 0x48, 0x0d, 0xff,
    0xe1, 0x48, 0x0d, 0xff, 0xe2, 0x48, 0x0d, 0xff, 0xe2, 0x48, 0x0d, 0xff,
    0xe3, 0x48, 0x0c, 0xff, 0xe3, 0x48, 0x0c, 0xff, 0xe4, 0x48, 0x0c, 0xff,
    0xfb, 0xf7, 0xf4, 0xff, 0xfb, 0xf7, 0xf4, 0xff, 0xfb, 0xf7, 0xf4, 0xff,
    0xfb, 0xf7, 0xf4, 0xff, 0xfb, 0xf7, 0xf4, 0xff, 0xfb, 0xf7, 0xf4, 0xff,
    0xfb, 0xf7, 0xf4, 0xff, 0xfb, 0xf7, 0xf4, 0xff, 0xfb, 0xf7, 0xf4, 0xff,
    0xfb, 0xf7, 0xf4, 0xff, 0xfb, 0xf7, 0xf4, 0xff, 0xfb, 0xf7, 0xf4, 0xff,
    0xfb, 0xf7, 0xf4, 0xff, 0xfb, 0xf7, 0xf4, 0xff, 0xfb, 0xf7, 0xf4, 0xff,
    0xfb, 0xf7, 0xf4, 0xff, 0xfb, 0xf7, 0xf4, 0xff, 0xfb, 0xf7, 0xf4, 0xff,
    0xfb, 0xf7, 0xf4, 0xff, 0xfb, 0xf7, 0xf4, 0xff, 0xfb, 0xf7, 0xf4, 0xff,
    0xfb, 0xf7, 0xf4, 0xff, 0xfb, 0xf7, 0xf4, 0xff, 0xfb, 0xf7, 0xf4, 0xff,
    0xfb, 0xf7, 0xf4, 0xff, 0xfb, 0xf7, 0xf4, 0xff, 0xfb, 0xf7, 0xf4, 0xff,
    0xfb, 0xf7, 0xf4, 0xff, 0xfb, 0xf7, 0xf4, 0xff, 0xfb, 0xf7, 0xf4, 0xff,
    0xfb, 0xf7, 0xf4, 0xff, 0xfb, 0xf7, 0xf4, 0xff, 0xfb, 0xf7, 0xf4, 0xff,
    0xfb, 0xf7, 0xf4, 0xff, 0xfb, 0xf7, 0xf4, 0xff, 0xfb, 0xf7, 0xf4, 0xff,
    0xfb, 0xf7, 0xf4, 0xff, 0xfb, 0xf7, 0xf4, 0xff, 0xfb, 0xf7, 0xf4, 0xff,
    0xfb, 0xf7, 0xf4, 0xff, 0xfb, 0xf7, 0xf4, 0xff, 0xfb, 0xf7, 0xf4, 0xff,
    0xfb, 0xf7, 0xf4, 0xff, 0xfb, 0xf7, 0xf4, 0xff, 0xfb, 0xf7, 0xf4, 0xff,
    0xfb, 0xf7, 0xf4, 0xff, 0xfb, 0xf7, 0xf4, 0xff, 0xfb, 0xf7, 0xf4, 0xff,
    0xfb, 0xf7, 0xf4, 0xff, 0xfb, 0xf8, 0xf5, 0xff, 0xfc, 0xf9, 0xf7, 0xff,
    0xfc, 0xf9, 0xf7, 0xff, 0xfc, 0xf9, 0xf7, 0xff, 0xfc, 0xf9, 0xf7, 0xff,
    0xfc, 0xf9, 0xf7, 0xff, 0xfc, 0xf9, 0xf7, 0xff, 0xfc, 0xf9, 0xf7, 0xff,
    0xfc, 0xf9, 0xf7, 0xff, 0xfc, 0xf9, 0xf7, 0xff, 0xfc, 0xf9, 0xf7, 0xff,
    0xfb, 0xf8, 0xf6, 0xff, 0xeb, 0xa0, 0x82, 0xff, 0xdb, 0x48, 0x0f, 0xff,
    0xdc, 0x48, 0x0f, 0xff, 0xdc, 0x48, 0x0f, 0xff, 0xdd, 0x48, 0x0f, 0xff,
    0xdd, 0x48, 0x0e, 0xff, 0xde, 0x48, 0x0e, 0xff, 0xde, 0x48, 0x0e, 0xff,
    0xdf, 0x48, 0x0e, 0xff, 0xdf, 0x48, 0x0e, 0xff, 0xe0, 0x48, 0x0e, 0xff,
    0xe1, 0x48, 0x0d, 0xff, 0xe1, 0x48, 0x0d, 0xff, 0xe2, 0x48, 0x0d, 0xff,
    0xe2, 0x48, 0x0d, 0xff, 0xe3, 0x48, 0x0c, 0xff, 0xe3, 0x48, 0x0c, 0xff,
    0xe4, 0x48, 0x0c, 0xff, 0xe4, 0x48, 0x0c, 0xff, 0xfb, 0xf7, 0xf4, 0xff,
    0xfb, 0xf7, 0xf4, 0xff, 0xfb, 0xf7, 0xf4, 0xff, 0xfb, 0xf7, 0xf4, 0xff,
    0xfb, 0xf7, 0xf4, 0xff, 0xfb, 0xf7, 0xf4, 0xff, 0xfb, 0xf7, 0xf4, 0xff,
    0xfb, 0xf7, 0xf4, 0xff, 0xfb, 0xf7, 0xf4, 0xff, 0xfb, 0xf7, 0xf4, 0xff,
    0xfb, 0xf7, 0xf4, 0xff, 0xfb, 0xf7, 0xf4, 0xff, 0xfb, 0xf7, 0xf4, 0xff,
    0xfb, 0xf7, 0xf4, 0xff, 0xfb, 0xf7, 0xf4, 0xff, 0xfb, 0xf7, 0xf4, 0xff,
    0xfb, 0xf7, 0xf4, 0xff, 0xfb, 0xf7, 0xf4, 0xff, 0xfb, 0xf7, 0xf4, 0xff,
    0xfb, 0xf7, 0xf4, 0xff, 0xfb, 0xf7, 0xf4, 0xff, 0xfb, 0xf7, 0xf4, 0xff,
    0xfb, 0xf7, 0xf4, 0xff, 0xfb, 0xf7, 0xf4, 0xff, 0xfb, 0xf7, 0xf4, 0xff,
    0xfb, 0xf7, 0xf4, 0xff, 0xfb, 0xf7, 0xf4, 0xff, 0xfb, 0xf7, 0xf4, 0xff,
    0xfb, 0xf7, 0xf4, 0xff, 0xfb, 0xf7, 0xf4, 0xff, 0xfb, 0xf7, 0xf4, 0xff,
    0xfb, 0xf7, 0xf4, 0xff, 0xfb, 0xf7, 0xf4, 0xff, 0xfb, 0xf7, 0xf4, 0xff,
    0xfb, 0xf7, 0xf4, 0xff, 0xfb, 0xf7, 0xf4, 0xff, 0xfb, 0xf7, 0xf4, 0xff,
    0xfb, 0xf7, 0xf4, 0xff, 0xfb, 0xf7, 0xf4, 0xff, 0xfb, 0xf7, 0xf4, 0xff,
    0xfb, 0xf7, 0xf4, 0xff, 0xfb, 0xf7, 0xf4, 0xff, 0xfb, 0xf7, 0xf4, 0xff,
    0xfb, 0xf7, 0xf4, 0xff, 0xfb, 0xf7, 0xf4, 0xff, 0xfb, 0xf7, 0xf4, 0xff,
    0xfb, 0xf7, 0xf4, 0xff, 0xfb, 0xf7, 0xf4, 0xff, 0xfb, 0xf7, 0xf4, 0xff,
    0xfb, 0xf7, 0xf5, 0xff, 0xfc, 0xf9, 0xf7, 0xff, 0xfc, 0xf9, 0xf7, 0xff,
    0xfc, 0xf9, 0xf7, 0xff, 0xfc, 0xf9, 0xf7, 0xff, 0xfc, 0xf9, 0xf7, 0xff,
    0xfc, 0xf9, 0xf7, 0xff, 0xfc, 0xf9, 0xf7, 0xff, 0xfc, 0xf9, 0xf7, 0xff,
    0xfc, 0xf9, 0xf7, 0xff, 0xfc, 0xf9, 0xf7, 0xff, 0xee, 0xae, 0x95, 0xff,
    0xdb, 0x48, 0x0f, 0xff, 0xdc, 0x48, 0x0f, 0xff, 0xdc, 0x48, 0x0f, 0xff,
    0xdd, 0x48, 0x0f, 0xff, 0xdd, 0x48, 0x0e, 0xff, 0xde, 0x48, 0x0e, 0xff,
    0xde, 0x48, 0x0e, 0xff, 0xdf, 0x48, 0x0e, 0xff, 0xdf, 0x48, 0x0e, 0xff,
    0xe0, 0x48, 0x0e, 0xff, 0xe1, 0x48, 0x0d, 0xff, 0xe1, 0x48, 0x0d, 0xff,
    0xe2, 0x48, 0x0d, 0xff, 0xe2, 0x48, 0x0d, 0xff, 0xe3, 0x48, 0x0c, 0xff,
    0xe3, 0x48, 0x0c, 0xff, 0xe4, 0x48, 0x0c, 0xff, 0xe4, 0x48, 0x0c, 0xff,
    0xe5, 0x48, 0x0b, 0xff, 0xfb, 0xf7, 0xf4, 0xff, 0xfb, 0xf7, 0xf4, 0xff,
    0xfb, 0xf7, 0xf4, 0xff, 0xfb, 0xf7, 0xf4, 0xff, 0xfb, 0xf7, 0xf4, 0xff,
    0xfb, 0xf7, 0xf4, 0xff, 0xfb, 0xf7, 0xf4, 0xff, 0xfb, 0xf7, 0xf4, 0xff,
    0xfb, 0xf7, 0xf4, 0xff, 0xfb, 0xf7, 0xf4, 0xff, 0xfb, 0xf7, 0xf4, 0xff,
    0xfb, 0xf7, 0xf4, 0xff, 0xfb, 0xf7, 0xf4, 0xff, 0xfb, 0xf7, 0xf4, 0xff,
    0xfb, 0xf7, 0xf4, 0xff, 0xfb, 0xf7, 0xf4, 0xff, 0xfb, 0xf7, 0xf4, 0xff,
    0xfb, 0xf7, 0xf4, 0xff, 0xfb, 0xf7, 0xf4, 0xff, 0xfb, 0xf7, 0xf4, 0xff,
    0xfb, 0xf7, 0xf4, 0xff, 0xfb, 0xf7, 0xf4, 0xff, 0xfb, 0xf7, 0xf4, 0xff,
    0xfb, 0xf7, 0xf4, 0xff, 0xfb, 0xf7, 0xf4, 0xff, 0xfb, 0xf7, 0xf4, 0xff,
    0xfb, 0xf7, 0xf4, 0xff, 0xfb, 0xf7, 0xf4, 0xff, 0xfb, 0xf7, 0xf4, 0xff,
    0xfb, 0xf7, 0xf4, 0xff, 0xfb, 0xf7, 0xf4, 0xff, 0xfb, 0xf7, 0xf4, 0xff,
    0xfb, 0xf7, 0xf4, 0xff, 0xfb, 0xf7, 0xf4, 0xff, 0xfb, 0xf7, 0xf4, 0xff,
    0xfb, 0xf7, 0xf4, 0xff, 0xfb, 0xf7, 0xf4, 0xff, 0xfb, 0xf7, 0xf4, 0xff,
    0xfb, 0xf7, 0xf4, 0xff, 0xfb, 0xf7, 0xf4, 0xff, 0xfb, 0xf7, 0xf4, 0xff,
    0xfb, 0xf7, 0xf4, 0xff, 0xfb, 0xf7, 0xf4, 0xff, 0xfb, 0xf7, 0xf4, 0xff,
    0xfb, 0xf7, 0xf4, 0xff, 0xfb, 0xf7, 0xf4, 0xff, 0xfb, 0xf7, 0xf4, 0xff,
    0xfb, 0xf7, 0xf4, 0xff, 0xfb, 0xf7, 0xf4, 0xff, 0xfb, 0xf7, 0xf4, 0xff,
    0xfc, 0xf9, 0xf7, 0xff, 0xfc, 0xf9, 0xf7, 0xff, 0xfc, 0xf9, 0xf7, 0xff,
    0xfc, 0xf9, 0xf7, 0xff, 0xfc, 0xf9, 0xf7, 0xff, 0xfc, 0xf9, 0xf7, 0xff,
    0xfc, 0xf9, 0xf7, 0xff, 0xfc, 0xf9, 0xf7, 0xff, 0xfc, 0xf9, 0xf7, 0xff,
    0xf2, 0xc4, 0xb2, 0xff, 0xdc, 0x4e, 0x17, 0xff, 0xdc, 0x48, 0x0f, 0xff,
    0xdc, 0x48, 0x0f, 0xff, 0xdd, 0x48, 0x0f, 0xff, 0xdd, 0x48, 0x0e, 0xff,
    0xde, 0x48, 0x0e, 0xff, 0xde, 0x48, 0x0e, 0xff, 0xdf, 0x48, 0x0e, 0xff,
    0xdf, 0x48, 0x0e, 0xff, 0xe0, 0x48, 0x0e, 0xff, 0xe1, 0x48, 0x0d, 0xff,
    0xe1, 0x48, 0x0d, 0xff, 0xe2, 0x48, 0x0d, 0xff, 0xe2, 0x48, 0x0d, 0xff,
    0xe3, 0x48, 0x0c, 0xff, 0xe3, 0x48, 0x0c, 0xff, 0xe4, 0x48, 0x0c, 0xff,
    0xe4, 0x48, 0x0c, 0xff, 0xe5, 0x48, 0x0b, 0xff, 0xe5, 0x48, 0x0b, 0xff,
    0xfb, 0xf7, 0xf4, 0xff, 0xfb, 0xf7, 0xf4, 0xff, 0xfb, 0xf7, 0xf4, 0xff,
    0xfb, 0xf7, 0xf4, 0xff, 0xfb, 0xf7, 0xf4, 0xff, 0xfb, 0xf7, 0xf4, 0xff,
    0xfb, 0xf7, 0xf4, 0xff, 0xfb, 0xf7, 0xf4, 0xff, 0xfb, 0xf7, 0xf4, 0xff,
    0xfb, 0xf7, 0xf4, 0xff, 0xfb, 0xf7, 0xf4, 0xff, 0xfb, 0xf7, 0xf4, 0xff,
    0xfb, 0xf7, 0xf4, 0xff, 0xfb, 0xf7, 0xf4, 0xff, 0xfb, 0xf7, 0xf4, 0xff,
    0xfb, 0xf7, 0xf4, 0xff, 0xfb, 0xf7, 0xf4, 0xff, 0xfb, 0xf7, 0xf4, 0xff,
    0xfb, 0xf7, 0xf4, 0xff, 0xfb, 0xf7, 0xf4, 0xff, 0xfb, 0xf7, 0xf4, 0xff,
    0xfb, 0xf7, 0xf4, 0xff, 0xfb, 0xf7, 0xf4, 0xff, 0xfb, 0xf7, 0xf4, 0xff,
    0xfb, 0xf7, 0xf4, 0xff, 0xfb, 0xf7, 0xf4, 0xff, 0xfb, 0xf7, 0xf4, 0xff,
    0xfb, 0xf7, 0xf4, 0xff, 0xfb, 0xf7, 0xf4, 0xff, 0xfb, 0xf7, 0xf4, 0xff,
    0xfb, 0xf7, 0xf4, 0xff, 0xfb, 0xf7, 0xf4, 0xff, 0xfb, 0xf7, 0xf4, 0xff,
    0xfb, 0xf7, 0xf4, 0xff, 0xfb, 0xf7, 0xf4, 0xff, 0xfb, 0xf7, 0xf4, 0xff,
    0xfb, 0xf7, 0xf4, 0xff, 0xfb, 0xf7, 0xf4, 0xff, 0xfb, 0xf7, 0xf4, 0xff,
    0xfb, 0xf7, 0xf4, 0xff, 0xfb, 0xf7, 0xf4, 0xff, 0xfb, 0xf7, 0xf4, 0xff,
    0xfb, 0xf7, 0xf4, 0xff, 0xfb, 0xf7, 0xf4, 0xff, 0xfb, 0xf7, 0xf4, 0xff,
    0xfb, 0xf7, 0xf4, 0xff, 0xfb, 0xf7, 0xf4, 0xff, 0xfb, 0xf7, 0xf4, 0xff,
    0xfb, 0xf7, 0xf4, 0xff, 0xfb, 0xf7, 0xf4, 0xff, 0xfb, 0xf8, 0xf6, 0xff,
    0xfc, 0xf9, 0xf7, 0xff, 0xfc, 0xf9, 0xf7, 0xff, 0xfc, 0xf9, 0xf7, 0xff,
    0xfc, 0xf9, 0xf7, 0xff, 0xfc, 0xf9, 0xf7, 0xff, 0xfc, 0xf9, 0xf7, 0xff,
    0xfc, 0xf9, 0xf7, 0xff, 0xf2, 0xc5, 0xb3, 0xff, 0xe4, 0x7a, 0x51, 0xff,
    0xdc, 0x48, 0x0f, 0xff, 0xdc, 0x48, 0x0f, 0xff, 0xdd, 0x48, 0x0f, 0xff,
    0xdd, 0x48, 0x0e, 0xff, 0xde, 0x48, 0x0e, 0xff, 0xde, 0x48, 0x0e, 0xff,
    0xdf, 0x48, 0x0e, 0xff, 0xdf, 0x48, 0x0e, 0xff, 0xe0, 0x48, 0x0e, 0xff,
    0xe1, 0x48, 0x0d, 0xff, 0xe1, 0x48, 0x0d, 0xff, 0xe2, 0x48, 0x0d, 0xff,
    0xe2, 0x48, 0x0d, 0xff, 0xe3, 0x48, 0x0c, 0xff, 0xe3, 0x48, 0x0c, 0xff,
    0xe4, 0x48, 0x0c, 0xff, 0xe4, 0x48, 0x0c, 0xff, 0xe5, 0x48, 0x0b, 0xff,
    0xe5, 0x48, 0x0b, 0xff, 0xe6, 0x48, 0x0b, 0xff, 0xfb, 0xf7, 0xf4, 0xff,
    0xfb, 0xf7, 0xf4, 0xff, 0xfb, 0xf7, 0xf4, 0xff, 0xfb, 0xf7, 0xf4, 0xff,
    0xfb, 0xf7, 0xf4, 0xff, 0xfb, 0xf7, 0xf4, 0xff, 0xfb, 0xf7, 0xf4, 0xff,
    0xfb, 0xf7, 0xf4, 0xff, 0xfb, 0xf7, 0xf4, 0xff, 0xfb, 0xf7, 0xf4, 0xff,
    0xfb, 0xf7, 0xf4, 0xff, 0xfb, 0xf7, 0xf4, 0xff, 0xfb, 0xf7, 0xf4, 0xff,
    0xfb, 0xf7, 0xf4, 0xff, 0xfb, 0xf7, 0xf4, 0xff, 0xfb, 0xf7, 0xf4, 0xff,
    0xfb, 0xf7, 0xf4, 0xff, 0xfb, 0xf7, 0xf4, 0xff, 0xfb, 0xf7, 0xf4, 0xff,
    0xfb, 0xf7, 0xf4, 0xff, 0xfb, 0xf7, 0xf4, 0xff, 0xfb, 0xf7, 0xf4, 0xff,
    0xfb, 0xf7, 0xf4, 0xff, 0xfb, 0xf7, 0xf4, 0xff, 0xfb, 0xf7, 0xf4, 0xff,
    0xfb, 0xf7, 0xf4, 0xff, 0xfb, 0xf7, 0xf4, 0xff, 0xfb, 0xf7, 0xf4, 0xff,
    0xfb, 0xf7, 0xf4, 0xff, 0xfb, 0xf7, 0xf4, 0xff, 0xfb, 0xf7, 0xf4, 0xff,
    0xfb, 0xf7, 0xf4, 0xff, 0xfb, 0xf7, 0xf4, 0xff, 0xfb, 0xf7, 0xf4, 0xff,
    0xfb, 0xf7, 0xf4, 0xff, 0xfb, 0xf7, 0xf4, 0xff, 0xfb, 0xf7, 0xf4, 0xff,
    0xfb, 0xf7, 0xf4, 0xff, 0xfb, 0xf7, 0xf4, 0xff, 0xfb, 0xf7, 0xf4, 0xff,
    0xfb, 0xf7, 0xf4, 0xff, 0xfb, 0xf7, 0xf4, 0xff, 0xfb, 0xf7, 0xf4, 0xff,
    0xfb, 0xf7, 0xf4, 0xff, 0xfb, 0xf7, 0xf4, 0xff, 0xfb, 0xf7, 0xf4, 0xff,
    0xfb, 0xf7, 0xf4, 0xff, 0xfb, 0xf7, 0xf4, 0xff, 0xfb, 0xf7, 0xf4, 0xff,
    0xfb, 0xf7, 0xf4, 0xff, 0xfb, 0xf7, 0xf5, 0xff, 0xfc, 0xf9, 0xf7, 0xff,
    0xfc, 0xf9, 0xf7, 0xff, 0xfc, 0xf9, 0xf7, 0xff, 0xfc, 0xf9, 0xf7, 0xff,
    0xfc, 0xf9, 0xf7, 0xff, 0xfc, 0xf9, 0xf7, 0xff, 0xf2, 0xc5, 0xb3, 0xff,
    0xe9, 0x90, 0x6e, 0xff, 0xe0, 0x5f, 0x2d, 0xff, 0xdc, 0x48, 0x0f, 0xff,
    0xdd, 0x48, 0x0f, 0xff, 0xdd, 0x48, 0x0e, 0xff, 0xde, 0x48, 0x0e, 0xff,
    0xde, 0x48, 0x0e, 0xff, 0xdf, 0x48, 0x0e, 0xff, 0xdf, 0x48, 0x0e, 0xff,
    0xe0, 0x48, 0x0e, 0xff, 0xe1, 0x48, 0x0d, 0xff, 0xe1, 0x48, 0x0d, 0xff,
    0xe2, 0x48, 0x0d, 0xff, 0xe2, 0x48, 0x0d, 0xff, 0xe3, 0x48, 0x0c, 0xff,
    0xe3, 0x48, 0x0c, 0xff, 0xe4, 0x48, 0x0c, 0xff, 0xe4, 0x48, 0x0c, 0xff,
    0xe5, 0x48, 0x0b, 0xff, 0xe5, 0x48, 0x0b, 0xff, 0xe6, 0x48, 0x0b, 0xff,
    0xe7, 0x48, 0x0b, 0xff, 0xfb, 0xf7, 0xf4, 0xff, 0xfb, 0xf7, 0xf4, 0xff,
    0xfb, 0xf7, 0xf4, 0xff, 0xfb, 0xf7, 0xf4, 0xff, 0xfb, 0xf7, 0xf4, 0xff,
    0xfb, 0xf7, 0xf4, 0xff, 0xfb, 0xf7, 0xf4, 0xff, 0xfb, 0xf7, 0xf4, 0xff,
    0xfb, 0xf7, 0xf4, 0xff, 0xfb, 0xf7, 0xf4, 0xff, 0xfb, 0xf7, 0xf4, 0xff,
    0xfb, 0xf7, 0xf4, 0xff, 0xfb, 0xf7, 0xf4, 0xff, 0xfb, 0xf7, 0xf4, 0xff,
    0xfb, 0xf7, 0xf4, 0xff, 0xfb, 0xf7, 0xf4, 0xff, 0xfb, 0xf7, 0xf4, 0xff,
    0xfb, 0xf7, 0xf4, 0xff, 0xfb, 0xf7, 0xf4, 0xff, 0xfb, 0xf7, 0xf4, 0xff,
    0xfb, 0xf7, 0xf4, 0xff, 0xfb, 0xf7, 0xf4, 0xff, 0xfb, 0xf7, 0xf4, 0xff,
    0xfb, 0xf7, 0xf4, 0xff, 0xfb, 0xf7, 0xf4, 0xff, 0xfb, 0xf7, 0xf4, 0xff,
    0xfb, 0xf7, 0xf4, 0xff, 0xfb, 0xf7, 0xf4, 0xff, 0xfb, 0xf7, 0xf4, 0xff,
    0xfb, 0xf7, 0xf4, 0xff, 0xfb, 0xf7, 0xf4, 0xff, 0xfb, 0xf7, 0xf4, 0xff,
    0xfb, 0xf7, 0xf4, 0xff, 0xfb, 0xf7, 0xf4, 0xff, 0xfb, 0xf7, 0xf4, 0xff,
    0xfb, 0xf7, 0xf4, 0xff, 0xfb, 0xf7, 0xf4, 0xff, 0xfb, 0xf7, 0xf4, 0xff,
    0xfb, 0xf7, 0xf4, 0xff, 0xfb, 0xf7, 0xf4, 0xff, 0xfb, 0xf7, 0xf4, 0xff,
    0xfb, 0xf7, 0xf4, 0xff, 0xfb, 0xf7, 0xf4, 0xff, 0xfb, 0xf7, 0xf4, 0xff,
    0xfb, 0xf7, 0xf4, 0xff, 0xfb, 0xf7, 0xf4, 0xff, 0xfb, 0xf7, 0xf4, 0xff,
    0xfb, 0xf7, 0xf4, 0xff, 0xfb, 0xf7, 0xf4, 0xff, 0xfb, 0xf7, 0xf4, 0xff,
    0xfb, 0xf7, 0xf4, 0xff, 0xfc, 0xf9, 0xf7, 0xff, 0xfc, 0xf9, 0xf7, 0xff,
    0xfc, 0xf9, 0xf7, 0xff, 0xfc, 0xf9, 0xf7, 0xff, 0xfc, 0xf9, 0xf7, 0xff,
    0xf2, 0xc5, 0xb3, 0xff, 0xe9, 0x90, 0x6e, 0xff, 0xe8, 0x8a, 0x66, 0xff,
    0xdc, 0x49, 0x11, 0xff, 0xdd, 0x48, 0x0f, 0xff, 0xdd, 0x48, 0x0e, 0xff,
    0xde, 0x48, 0x0e, 0xff, 0xde, 0x48, 0x0e, 0xff, 0xdf, 0x48, 0x0e, 0xff,
    0xdf, 0x48, 0x0e, 0xff, 0xe0, 0x48, 0x0e, 0xff, 0xe1, 0x48, 0x0d, 0xff,
    0xe1, 0x48, 0x0d, 0xff, 0xe2, 0x48, 0x0d, 0xff, 0xe2, 0x48, 0x0d, 0xff,
    0xe3, 0x48, 0x0c, 0xff, 0xe3, 0x48, 0x0c, 0xff, 0xe4, 0x48, 0x0c, 0xff,
    0xe4, 0x48, 0x0c, 0xff, 0xe5, 0x48, 0x0b, 0xff, 0xe5, 0x48, 0x0b, 0xff,
    0xe6, 0x48, 0x0b, 0xff, 0xe7, 0x48, 0x0b, 0xff, 0xe7, 0x48, 0x0b, 0xff,
    0xfb, 0xf7, 0xf4, 0xff, 0xfb, 0xf7, 0xf4, 0xff, 0xfb, 0xf7, 0xf4, 0xff,
    0xfb, 0xf7, 0xf4, 0xff, 0xfb, 0xf7, 0xf4, 0xff, 0xfb, 0xf7, 0xf4, 0xff,
    0xfb, 0xf7, 0xf4, 0xff, 0xfb, 0xf7, 0xf4, 0xff, 0xfb, 0xf7, 0xf4, 0xff,
    0xfb, 0xf7, 0xf4, 0xff, 0xfb, 0xf7, 0xf4, 0xff, 0xfb, 0xf7, 0xf4, 0xff,
    0xfb, 0xf7, 0xf4, 0xff, 0xfb, 0xf7, 0xf4, 0xff, 0xfb, 0xf7, 0xf4, 0xff,
    0xfb, 0xf7, 0xf4, 0xff, 0xfb, 0xf7, 0xf4, 0xff, 0xfb, 0xf7, 0xf4, 0xff,
    0xfb, 0xf7, 0xf4, 0xff, 0xfb, 0xf7, 0xf4, 0xff, 0xfb, 0xf7, 0xf4, 0xff,
    0xfb, 0xf7, 0xf4, 0xff, 0xfb, 0xf7, 0xf4, 0xff, 0xfb, 0xf7, 0xf4, 0xff,
    0xfb, 0xf7, 0xf4, 0xff, 0xfb, 0xf7, 0xf4, 0xff, 0xfb, 0xf7, 0xf4, 0xff,
    0xfb, 0xf7, 0xf4, 0xff, 0xfb, 0xf7, 0xf4, 0xff, 0xfb, 0xf7, 0xf4, 0xff,
    0xfb, 0xf7, 0xf4, 0xff, 0xfb, 0xf7, 0xf4, 0xff, 0xfb, 0xf7, 0xf4, 0xff,
    0xfb, 0xf7, 0xf4, 0xff, 0xfb, 0xf7, 0xf4, 0xff, 0xfb, 0xf7, 0xf4, 0xff,
    0xfb, 0xf7, 0xf4, 0xff, 0xfb, 0xf7, 0xf4, 0xff, 0xfb, 0xf7, 0xf4, 0xff,
    0xfb, 0xf7, 0xf4, 0xff, 0xfb, 0xf7, 0xf4, 0xff, 0xfb, 0xf7, 0xf4, 0xff,
    0xfb, 0xf7, 0xf4, 0xff, 0xfb, 0xf7, 0xf4, 0xff, 0xfb, 0xf7, 0xf4, 0xff,
    0xfb, 0xf7, 0xf4, 0xff, 0xfb, 0xf7, 0xf4, 0xff, 0xfb, 0xf7, 0xf4, 0xff,
    0xfb, 0xf7, 0xf4, 0xff, 0xfb, 0xf7, 0xf4, 0xff, 0xfb, 0xf7, 0xf4, 0xff,
    0xfb, 0xf8, 0xf5, 0xff, 0xfc, 0xf9, 0xf7, 0xff, 0xfb, 0xf8, 0xf6, 0xff,
    0xfb, 0xf8, 0xf5, 0xff, 0xee, 0xae, 0x95, 0xff, 0xe3, 0x71, 0x45, 0xff,
    0xe8, 0x89, 0x65, 0xff, 0xe4, 0x71, 0x45, 0xff, 0xdd, 0x48, 0x0f, 0xff,
    0xdd, 0x48, 0x0e, 0xff, 0xde, 0x48, 0x0e, 0xff, 0xde, 0x48, 0x0e, 0xff,
    0xdf, 0x48, 0x0e, 0xff, 0xdf, 0x48, 0x0e, 0xff, 0xe0, 0x48, 0x0e, 0xff,
    0xe1, 0x48, 0x0d, 0xff, 0xe1, 0x48, 0x0d, 0xff, 0xe2, 0x48, 0x0d, 0xff,
    0xe2, 0x48, 0x0d, 0xff, 0xe3, 0x48, 0x0c, 0xff, 0xe3, 0x48, 0x0c, 0xff,
    0xe4, 0x48, 0x0c, 0xff, 0xe4, 0x48, 0x0c, 0xff, 0xe5, 0x48, 0x0b, 0xff,
    0xe5, 0x48, 0x0b, 0xff, 0xe6, 0x48, 0x0b, 0xff, 0xe7, 0x48, 0x0b, 0xff,
    0xe7, 0x48, 0x0b, 0xff, 0xe8, 0x48, 0x0a, 0xff, 0xfb, 0xf7, 0xf4, 0xff,
    0xfb, 0xf7, 0xf4, 0xff, 0xfb, 0xf7, 0xf4, 0xff, 0xfb, 0xf7, 0xf4, 0xff,
    0xfb, 0xf7, 0xf4, 0xff, 0xfb, 0xf7, 0xf4, 0xff, 0xfb, 0xf7, 0xf4, 0xff,
    0xfb, 0xf7, 0xf4, 0xff, 0xfb, 0xf7, 0xf4, 0xff, 0xfb, 0xf7, 0xf4, 0xff,
    0xfb, 0xf7, 0xf4, 0xff, 0xfb, 0xf7, 0xf4, 0xff, 0xfb, 0xf7, 0xf4, 0xff,
    0xfb, 0xf7, 0xf4, 0xff, 0xfb, 0xf7, 0xf4, 0xff, 0xfb, 0xf7, 0xf4, 0xff,
    0xfb, 0xf7, 0xf4, 0xff, 0xfb, 0xf7, 0xf4, 0xff, 0xfb, 0xf7, 0xf4, 0xff,
    0xfb, 0xf7, 0xf4, 0xff, 0xfb, 0xf7, 0xf4, 0xff, 0xfb, 0xf7, 0xf4, 0xff,
    0xfb, 0xf7, 0xf4, 0xff, 0xfb, 0xf7, 0xf4, 0xff, 0xfb, 0xf7, 0xf4, 0xff,
    0xfb, 0xf7, 0xf4, 0xff, 0xfb, 0xf7, 0xf4, 0xff, 0xfb, 0xf7, 0xf4, 0xff,
    0xfb, 0xf7, 0xf4, 0xff, 0xfb, 0xf7, 0xf4, 0xff, 0xfb, 0xf7, 0xf4, 0xff,
    0xfb, 0xf7, 0xf4, 0xff, 0xfb, 0xf7, 0xf4, 0xff, 0xfb, 0xf7, 0xf4, 0xff,
    0xfb, 0xf7, 0xf4, 0xff, 0xfb, 0xf7, 0xf4, 0xff, 0xfb, 0xf7, 0xf4, 0xff,
    0xfb, 0xf7, 0xf4, 0xff, 0xfb, 0xf7, 0xf4, 0xff, 0xfb, 0xf7, 0xf4, 0xff,
    0xfb, 0xf7, 0xf4, 0xff, 0xfb, 0xf7, 0xf4, 0xff, 0xfb, 0xf7, 0xf4, 0xff,
    0xfb, 0xf7, 0xf4, 0xff, 0xfb, 0xf7, 0xf4, 0xff, 0xfb, 0xf7, 0xf4, 0xff,
    0xfb, 0xf7, 0xf4, 0xff, 0xfb, 0xf7, 0xf4, 0xff, 0xfb, 0xf7, 0xf4, 0xff,
    0xfb, 0xf7, 0xf4, 0xff, 0xfb, 0xf7, 0xf4, 0xff, 0xfb, 0xf7, 0xf4, 0xff,
    0xfb, 0xf7, 0xf4, 0xff, 0xfb, 0xf7, 0xf4, 0xff, 0xeb, 0xa0, 0x82, 0xff,
    0xdb, 0x48, 0x0f, 0xff, 0xdc, 0x48, 0x0f, 0xff, 0xdd, 0x4b, 0x13, 0xff,
    0xde, 0x4f, 0x18, 0xff, 0xdd, 0x48, 0x0e, 0xff, 0xde, 0x48, 0x0e, 0xff,
    0xde, 0x48, 0x0e, 0xff, 0xdf, 0x48, 0x0e, 0xff, 0xdf, 0x48, 0x0e, 0xff,
    0xe0, 0x48, 0x0e, 0xff, 0xe1, 0x48, 0x0d, 0xff, 0xe1, 0x48, 0x0d, 0xff,
    0xe2, 0x48, 0x0d, 0xff, 0xe2, 0x48, 0x0d, 0xff, 0xe3, 0x48, 0x0c, 0xff,
    0xe3, 0x48, 0x0c, 0xff, 0xe4, 0x48, 0x0c, 0xff, 0xe4, 0x48, 0x0c, 0xff,
    0xe5, 0x48, 0x0b, 0xff, 0xe5, 0x48, 0x0b, 0xff, 0xe6, 0x48, 0x0b, 0xff,
    0xe7, 0x48, 0x0b, 0xff, 0xe7, 0x48, 0x0b, 0xff, 0xe8, 0x48, 0x0a, 0xff,
    0xe8, 0x48, 0x0a, 0xff, 0xfb, 0xf7, 0xf4, 0xff, 0xfb, 0xf7, 0xf4, 0xff,
    0xfb, 0xf7, 0xf4, 0xff, 0xfb, 0xf7, 0xf4, 0xff, 0xfb, 0xf7, 0xf4, 0xff,
    0xfb, 0xf7, 0xf4, 0xff, 0xfb, 0xf7, 0xf4, 0xff, 0xfb, 0xf7, 0xf4, 0xff,
    0xfb, 0xf7, 0xf4, 0xff, 0xfb, 0xf7, 0xf4, 0xff, 0xfb, 0xf7, 0xf4, 0xff,
    0xfb, 0xf7, 0xf4, 0xff, 0xfb, 0xf7, 0xf4, 0xff, 0xfb, 0xf7, 0xf4, 0xff,
    0xfb, 0xf7, 0xf4, 0xff, 0xfb, 0xf7, 0xf4, 0xff, 0xfb, 0xf7, 0xf4, 0xff,
    0xfb, 0xf7, 0xf4, 0xff, 0xfb, 0xf7, 0xf4, 0xff, 0xfb, 0xf7, 0xf4, 0xff,
    0xfb, 0xf7, 0xf4, 0xff, 0xfb, 0xf7, 0xf4, 0xff, 0xfb, 0xf7, 0xf4, 0xff,
    0xfb, 0xf7, 0xf4, 0xff, 0xfb, 0xf7, 0xf4, 0xff, 0xfb, 0xf7, 0xf4, 0xff,
    0xfb, 0xf7, 0xf4, 0xff, 0xfb, 0xf7, 0xf4, 0xff, 0xfb, 0xf7, 0xf4, 0xff,
    0xfb, 0xf7, 0xf4, 0xff, 0xfb, 0xf7, 0xf4, 0xff, 0xfb, 0xf7, 0xf4, 0xff,
    0xfb, 0xf7, 0xf4, 0xff, 0xfb, 0xf7, 0xf4, 0xff, 0xfb, 0xf7, 0xf4, 0xff,
    0xfb, 0xf7, 0xf4, 0xff, 0xfb, 0xf7, 0xf4, 0xff, 0xfb, 0xf7, 0xf4, 0xff,
    0xfb, 0xf7, 0xf4, 0xff, 0xfb, 0xf7, 0xf4, 0xff, 0xfb, 0xf7, 0xf4, 0xff,
    0xfb, 0xf7, 0xf4, 0xff, 0xfb, 0xf7, 0xf4, 0xff, 0xfb, 0xf7, 0xf4, 0xff,
    0xfb, 0xf7, 0xf4, 0xff, 0xfb, 0xf7, 0xf4, 0xff, 0xfb, 0xf7, 0xf4, 0xff,
    0xfb, 0xf7, 0xf4, 0xff, 0xfb, 0xf7, 0xf4, 0xff, 0xfb, 0xf7, 0xf4, 0xff,
    0xfb, 0xf7, 0xf4, 0xff, 0xfb, 0xf7, 0xf4, 0xff, 0xfb, 0xf7, 0xf4, 0xff,
    0xeb, 0xa0, 0x82, 0xff, 0xdb, 0x48, 0x0f, 0xff, 0xdc, 0x48, 0x0f, 0xff,
    0xdc, 0x48, 0x0f, 0xff, 0xdd, 0x48, 0x0f, 0xff, 0xdd, 0x48, 0x0e, 0xff,
    0xde, 0x48, 0x0e, 0xff, 0xde, 0x48, 0x0e, 0xff, 0xdf, 0x48, 0x0e, 0xff,
    0xdf, 0x48, 0x0e, 0xff, 0xe0, 0x48, 0x0e, 0xff, 0xe1, 0x48, 0x0d, 0xff,
    0xe1, 0x48, 0x0d, 0xff, 0xe2, 0x48, 0x0d, 0xff, 0xe2, 0x48, 0x0d, 0xff,
    0xe3, 0x48, 0x0c, 0xff, 0xe3, 0x48, 0x0c, 0xff, 0xe4, 0x48, 0x0c, 0xff,
    0xe4, 0x48, 0x0c, 0xff, 0xe5, 0x48, 0x0b, 0xff, 0xe5, 0x48, 0x0b, 0xff,
    0xe6, 0x48, 0x0b, 0xff, 0xe7, 0x48, 0x0b, 0xff, 0xe7, 0x48, 0x0b, 0xff,
    0xe8, 0x48, 0x0a, 0xff, 0xe8, 0x48, 0x0a, 0xff, 0xe9, 0x48, 0x0a, 0xff,
    0xfb, 0xf7, 0xf4, 0xff, 0xfb, 0xf7, 0xf4, 0xff, 0xfb, 0xf7, 0xf4, 0xff,
    0xfb, 0xf7, 0xf4, 0xff, 0xfb, 0xf7, 0xf4, 0xff, 0xfb, 0xf7, 0xf4, 0xff,
    0xfb, 0xf7, 0xf4, 0xff, 0xfb, 0xf7, 0xf4, 0xff, 0xfb, 0xf7, 0xf4, 0xff,
    0xfb, 0xf7, 0xf4, 0xff, 0xfb, 0xf7, 0xf4, 0xff, 0xfb, 0xf7, 0xf4, 0xff,
    0xfb, 0xf7, 0xf4, 0xff, 0xfb, 0xf7, 0xf4, 0xff, 0xfb, 0xf7, 0xf4, 0xff,
    0xfb, 0xf7, 0xf4, 0xff, 0xfb, 0xf7, 0xf4, 0xff, 0xfb, 0xf7, 0xf4, 0xff,
    0xfb, 0xf7, 0xf4, 0xff, 0xfb, 0xf7, 0xf4, 0xff, 0xfb, 0xf7, 0xf4, 0xff,
    0xfb, 0xf7, 0xf4, 0xff, 0xfb, 0xf7, 0xf4, 0xff, 0xfb, 0xf7, 0xf4, 0xff,
    0xfb, 0xf7, 0xf4, 0xff, 0xfb, 0xf7, 0xf4, 0xff, 0xfb, 0xf7, 0xf4, 0xff,
    0xfb, 0xf7, 0xf4, 0xff, 0xfb, 0xf7, 0xf4, 0xff, 0xfb, 0xf7, 0xf4, 0xff,
    0xfb, 0xf7, 0xf4, 0xff, 0xfb, 0xf7, 0xf4, 0xff, 0xfb, 0xf7, 0xf4, 0xff,
    0xfb, 0xf7, 0xf4, 0xff, 0xfb, 0xf7, 0xf4, 0xff, 0xfb, 0xf7, 0xf4, 0xff,
    0xfb, 0xf7, 0xf4, 0xff, 0xfb, 0xf7, 0xf4, 0xff, 0xfb, 0xf7, 0xf4, 0xff,
    0xfb, 0xf7, 0xf4, 0xff, 0xfb, 0xf7, 0xf4, 0xff, 0xfb, 0xf7, 0xf4, 0xff,
    0xfb, 0xf7, 0xf4, 0xff, 0xfb, 0xf7, 0xf4, 0xff, 0xfb, 0xf7, 0xf4, 0xff,
    0xfb, 0xf7, 0xf4, 0xff, 0xfb, 0xf7, 0xf4, 0xff, 0xfb, 0xf7, 0xf4, 0xff,
    0xfb, 0xf7, 0xf4, 0xff, 0xfb, 0xf7, 0xf4, 0xff, 0xfb, 0xf7, 0xf4, 0xff,
    0xfb, 0xf7, 0xf4, 0xff, 0xeb, 0xa0, 0x82, 0xff, 0xe2, 0x6e, 0x41, 0xff,
    0xe9, 0x8c, 0x69, 0xff, 0xe9, 0x8c, 0x69, 0xff, 0xe4, 0x6d, 0x40, 0xff,
    0xdd, 0x48, 0x0e, 0xff, 0xde, 0x48, 0x0e, 0xff, 0xde, 0x48, 0x0e, 0xff,
    0xdf, 0x48, 0x0e, 0xff, 0xdf, 0x48, 0x0e, 0xff, 0xe0, 0x48, 0x0e, 0xff,
    0xe1, 0x48, 0x0d, 0xff, 0xe1, 0x48, 0x0d, 0xff, 0xe2, 0x48, 0x0d, 0xff,
    0xe2, 0x48, 0x0d, 0xff, 0xe3, 0x48, 0x0c, 0xff, 0xe3, 0x48, 0x0c, 0xff,
    0xe4, 0x48, 0x0c, 0xff, 0xe4, 0x48, 0x0c, 0xff, 0xe5, 0x48, 0x0b, 0xff,
    0xe5, 0x48, 0x0b, 0xff, 0xe6, 0x48, 0x0b, 0xff, 0xe7, 0x48, 0x0b, 0xff,
    0xe7, 0x48, 0x0b, 0xff, 0xe8, 0x48, 0x0a, 0xff, 0xe8, 0x48, 0x0a, 0xff,
    0xe9, 0x48, 0x0a, 0xff, 0xe9, 0x48, 0x0a, 0xff, 0xfb, 0xf7, 0xf4, 0xff,
    0xfb, 0xf7, 0xf4, 0xff, 0xfb, 0xf7, 0xf4, 0xff, 0xfb, 0xf7, 0xf4, 0xff,
    0xfb, 0xf7, 0xf4, 0xff, 0xfb, 0xf7, 0xf4, 0xff, 0xfb, 0xf7, 0xf4, 0xff,
    0xfb, 0xf7, 0xf4, 0xff, 0xfb, 0xf7, 0xf4, 0xff, 0xfb, 0xf7, 0xf4, 0xff,
    0xfb, 0xf7, 0xf4, 0xff, 0xfb, 0xf7, 0xf4, 0xff, 0xfb, 0xf7, 0xf4, 0xff,
    0xfb, 0xf7, 0xf4, 0xff, 0xfb, 0xf7, 0xf4, 0xff, 0xfb, 0xf7, 0xf4, 0xff,
    0xfb, 0xf7, 0xf4, 0xff, 0xfb, 0xf7, 0xf4, 0xff, 0xfb, 0xf7, 0xf4, 0xff,
    0xfb, 0xf7, 0xf4, 0xff, 0xfb, 0xf7, 0xf4, 0xff, 0xfb, 0xf7, 0xf4, 0xff,
    0xfb, 0xf7, 0xf4, 0xff, 0xfb, 0xf7, 0xf4, 0xff, 0xfb, 0xf7, 0xf4, 0xff,
    0xfb, 0xf7, 0xf4, 0xff, 0xfb, 0xf7, 0xf4, 0xff, 0xfb, 0xf7, 0xf4, 0xff,
    0xfb, 0xf7, 0xf4, 0xff, 0xfb, 0xf7, 0xf4, 0xff, 0xfb, 0xf7, 0xf4, 0xff,
    0xfb, 0xf7, 0xf4, 0xff, 0xfb, 0xf7, 0xf4, 0xff, 0xfb, 0xf7, 0xf4, 0xff,
    0xfb, 0xf7, 0xf4, 0xff, 0xfb, 0xf7, 0xf4, 0xff, 0xfb, 0xf7, 0xf4, 0xff,
    0xfb, 0xf7, 0xf4, 0xff, 0xfb, 0xf7, 0xf4, 0xff, 0xfb, 0xf7, 0xf4, 0xff,
    0xfb, 0xf7, 0xf4, 0xff, 0xfb, 0xf7, 0xf4, 0xff, 0xfb, 0xf7, 0xf4, 0xff,
    0xfb, 0xf7, 0xf4, 0xff, 0xfb, 0xf7, 0xf4, 0xff, 0xfb, 0xf7, 0xf4, 0xff,
    0xfb, 0xf7, 0xf4, 0xff, 0xfb, 0xf7, 0xf4, 0xff, 0xfb, 0xf7, 0xf4, 0xff,
    0xfb, 0xf7, 0xf4, 0xff, 0xfb, 0xf7, 0xf4, 0xff, 0xeb, 0xa0, 0x82, 0xff,
    0xe0, 0x64, 0x33, 0xff, 0xe9, 0x90, 0x6e, 0xff, 0xe9, 0x90, 0x6e, 0xff,
    0xea, 0x90, 0x6e, 0xff, 0xea, 0x90, 0x6d, 0xff, 0xe2, 0x61, 0x30, 0xff,
    0xde, 0x48, 0x0e, 0xff, 0xdf, 0x48, 0x0e, 0xff, 0xe0, 0x4c, 0x14, 0xff,
    0xe0, 0x49, 0x0f, 0xff, 0xe1, 0x48, 0x0d, 0xff, 0xe1, 0x48, 0x0d, 0xff,
    0xe2, 0x48, 0x0d, 0xff, 0xe2, 0x48, 0x0d, 0xff, 0xe3, 0x48, 0x0c, 0xff,
    0xe3, 0x48, 0x0c, 0xff, 0xe4, 0x48, 0x0c, 0xff, 0xe4, 0x48, 0x0c, 0xff,
    0xe5, 0x48, 0x0b, 0xff, 0xe5, 0x48, 0x0b, 0xff, 0xe6, 0x48, 0x0b, 0xff,
    0xe7, 0x48, 0x0b, 0xff, 0xe7, 0x48, 0x0b, 0xff, 0xe8, 0x48, 0x0a, 0xff,
    0xe8, 0x48, 0x0a, 0xff, 0xe9, 0x48, 0x0a, 0xff, 0xe9, 0x48, 0x0a, 0xff,
    0xea, 0x48, 0x0a, 0xff, 0xfb, 0xf7, 0xf4, 0xff, 0xfb, 0xf7, 0xf4, 0xff,
    0xfb, 0xf7, 0xf4, 0xff, 0xfb, 0xf7, 0xf4, 0xff, 0xfb, 0xf7, 0xf4, 0xff,
    0xfb, 0xf7, 0xf4, 0xff, 0xfb, 0xf7, 0xf4, 0xff, 0xfb, 0xf7, 0xf4, 0xff,
    0xfb, 0xf7, 0xf4, 0xff, 0xfb, 0xf7, 0xf4, 0xff, 0xfb, 0xf7, 0xf4, 0xff,
    0xfb, 0xf7, 0xf4, 0xff, 0xfb, 0xf7, 0xf4, 0xff, 0xfb, 0xf7, 0xf4, 0xff,
    0xfb, 0xf7, 0xf4, 0xff, 0xfb, 0xf7, 0xf4, 0xff, 0xfb, 0xf7, 0xf4, 0xff,
    0xfb, 0xf7, 0xf4, 0xff, 0xfb, 0xf7, 0xf4, 0xff, 0xfb, 0xf7, 0xf4, 0xff,
    0xfb, 0xf7, 0xf4, 0xff, 0xfb, 0xf7, 0xf4, 0xff, 0xfb, 0xf7, 0xf4, 0xff,
    0xfb, 0xf7, 0xf4, 0xff, 0xfb, 0xf7, 0xf4, 0xff, 0xfb, 0xf7, 0xf4, 0xff,
    0xfb, 0xf7, 0xf4, 0xff, 0xfb, 0xf7, 0xf4, 0xff, 0xfb, 0xf7, 0xf4, 0xff,
    0xfb, 0xf7, 0xf4, 0xff, 0xfb, 0xf7, 0xf4, 0xff, 0xfb, 0xf7, 0xf4, 0xff,
    0xfb, 0xf7, 0xf4, 0xff, 0xfb, 0xf7, 0xf4, 0xff, 0xfb, 0xf7, 0xf4, 0xff,
    0xfb, 0xf7, 0xf4, 0xff, 0xfb, 0xf7, 0xf4, 0xff, 0xfb, 0xf7, 0xf4, 0xff,
    0xfb, 0xf7, 0xf4, 0xff, 0xfb, 0xf7, 0xf4, 0xff, 0xfb, 0xf7, 0xf4, 0xff,
    0xfb, 0xf7, 0xf4, 0xff, 0xfb, 0xf7, 0xf4, 0xff, 0xfb, 0xf7, 0xf4, 0xff,
    0xfb, 0xf7, 0xf4, 0xff, 0xfb, 0xf8, 0xf5, 0xff, 0xfb, 0xf8, 0xf5, 0xff,
    0xfc, 0xf8, 0xf6, 0xff, 0xfc, 0xf9, 0xf7, 0xff, 0xfb, 0xf8, 0xf6, 0xff,
    0xeb, 0xa0, 0x82, 0xff, 0xdb, 0x48, 0x0f, 0xff, 0xe4, 0x76, 0x4b, 0xff,
    0xe9, 0x90, 0x6e, 0xff, 0xea, 0x90, 0x6e, 0xff, 0xea, 0x90, 0x6d, 0xff,
    0xea, 0x90, 0x6d, 0xff, 0xe5, 0x72, 0x46, 0xff, 0xdf, 0x48, 0x0e, 0xff,
    0xdf, 0x48, 0x0e, 0xff, 0xe6, 0x6d, 0x3f, 0xff, 0xec, 0x8d, 0x69, 0xff,
    0xea, 0x81, 0x59, 0xff, 0xe9, 0x74, 0x48, 0xff, 0xe7, 0x68, 0x38, 0xff,
    0xe6, 0x5c, 0x26, 0xff, 0xe4, 0x4e, 0x14, 0xff, 0xe4, 0x48, 0x0c, 0xff,
    0xe4, 0x48, 0x0c, 0xff, 0xe5, 0x48, 0x0b, 0xff, 0xe5, 0x48, 0x0b, 0xff,
    0xe6, 0x48, 0x0b, 0xff, 0xe7, 0x48, 0x0b, 0xff, 0xe7, 0x48, 0x0b, 0xff,
    0xe8, 0x48, 0x0a, 0xff, 0xe8, 0x48, 0x0a, 0xff, 0xe9, 0x48, 0x0a, 0xff,
    0xe9, 0x48, 0x0a, 0xff, 0xea, 0x48, 0x0a, 0xff, 0xea, 0x48, 0x09, 0xff,
    0xfb, 0xf7, 0xf4, 0xff, 0xfb, 0xf7, 0xf4, 0xff, 0xfb, 0xf7, 0xf4, 0xff,
    0xfb, 0xf7, 0xf4, 0xff, 0xfb, 0xf7, 0xf4, 0xff, 0xfb, 0xf7, 0xf4, 0xff,
    0xfb, 0xf7, 0xf4, 0xff, 0xfb, 0xf7, 0xf4, 0xff, 0xfb, 0xf7, 0xf4, 0xff,
    0xfb, 0xf7, 0xf4, 0xff, 0xfb, 0xf7, 0xf4, 0xff, 0xfb, 0xf7, 0xf4, 0xff,
    0xfb, 0xf7, 0xf4, 0xff, 0xfb, 0xf7, 0xf4, 0xff, 0xfb, 0xf7, 0xf4, 0xff,
    0xfb, 0xf7, 0xf4, 0xff, 0xfb, 0xf7, 0xf4, 0xff, 0xfb, 0xf7, 0xf4, 0xff,
    0xfb, 0xf7, 0xf4, 0xff, 0xfb, 0xf7, 0xf4, 0xff, 0xfb, 0xf7, 0xf4, 0xff,
    0xfb, 0xf7, 0xf4, 0xff, 0xfb, 0xf7, 0xf4, 0xff, 0xfb, 0xf7, 0xf4, 0xff,
    0xfb, 0xf7, 0xf4, 0xff, 0xfb, 0xf7, 0xf4, 0xff, 0xfb, 0xf7, 0xf4, 0xff,
    0xfb, 0xf7, 0xf4, 0xff, 0xfb, 0xf7, 0xf4, 0xff, 0xfb, 0xf7, 0xf4, 0xff,
    0xfb, 0xf7, 0xf4, 0xff, 0xfb, 0xf7, 0xf4, 0xff, 0xfb, 0xf7, 0xf4, 0xff,
    0xfb, 0xf7, 0xf4, 0xff, 0xfb, 0xf7, 0xf4, 0xff, 0xfb, 0xf7, 0xf4, 0xff,
    0xfb, 0xf7, 0xf4, 0xff, 0xfb, 0xf7, 0xf4, 0xff, 0xfb, 0xf7, 0xf4, 0xff,
    0xfb, 0xf7, 0xf4, 0xff, 0xfb, 0xf7, 0xf4, 0xff, 0xfb, 0xf7, 0xf4, 0xff,
    0xfb, 0xf8, 0xf6, 0xff, 0xfc, 0xf9, 0xf7, 0xff, 0xfc, 0xf9, 0xf7, 0xff,
    0xfc, 0xf9, 0xf7, 0xff, 0xfc, 0xf9, 0xf7, 0xff, 0xfc, 0xf9, 0xf7, 0xff,
    0xfc, 0xf9, 0xf7, 0xff, 0xf0, 0xba, 0xa5, 0xff, 0xdb, 0x48, 0x0f, 0xff,
    0xdc, 0x48, 0x0f, 0xff, 0xe2, 0x69, 0x3b, 0xff, 0xea, 0x90, 0x6e, 0xff,
    0xea, 0x90, 0x6d, 0xff, 0xea, 0x90, 0x6d, 0xff, 0xea, 0x90, 0x6d, 0xff,
    0xe4, 0x67, 0x37, 0xff, 0xdf, 0x48, 0x0e, 0xff, 0xe0, 0x48, 0x0e, 0xff,
    0xe8, 0x76, 0x4a, 0xff, 0xec, 0x90, 0x6d, 0xff, 0xed, 0x90, 0x6d, 0xff,
    0xed, 0x90, 0x6d, 0xff, 0xed, 0x90, 0x6c, 0xff, 0xed, 0x90, 0x6c, 0xff,
    0xee, 0x90, 0x6c, 0xff, 0xeb, 0x7e, 0x54, 0xff, 0xe7, 0x53, 0x1a, 0xff,
    0xe5, 0x48, 0x0b, 0xff, 0xe6, 0x48, 0x0b, 0xff, 0xe7, 0x48, 0x0b, 0xff,
    0xe7, 0x48, 0x0b, 0xff, 0xe8, 0x48, 0x0a, 0xff, 0xe8, 0x48, 0x0a, 0xff,
    0xe9, 0x48, 0x0a, 0xff, 0xe9, 0x48, 0x0a, 0xff, 0xea, 0x48, 0x0a, 0xff,
    0xea, 0x48, 0x09, 0xff, 0xeb, 0x48, 0x09, 0xff, 0xfb, 0xf7, 0xf4, 0xff,
    0xfb, 0xf7, 0xf4, 0xff, 0xfb, 0xf7, 0xf4, 0xff, 0xfb, 0xf7, 0xf4, 0xff,
    0xfb, 0xf7, 0xf4, 0xff, 0xfb, 0xf7, 0xf4, 0xff, 0xfb, 0xf7, 0xf4, 0xff,
    0xfb, 0xf7, 0xf4, 0xff, 0xfb, 0xf7, 0xf4, 0xff, 0xfb, 0xf7, 0xf4, 0xff,
    0xfb, 0xf7, 0xf4, 0xff, 0xfb, 0xf7, 0xf4, 0xff, 0xfb, 0xf7, 0xf4, 0xff,
    0xfb, 0xf7, 0xf4, 0xff, 0xfb, 0xf7, 0xf4, 0xff, 0xfb, 0xf7, 0xf4, 0xff,
    0xfb, 0xf7, 0xf4, 0xff, 0xfb, 0xf7, 0xf4, 0xff, 0xfb, 0xf7, 0xf4, 0xff,
    0xfb, 0xf7, 0xf4, 0xff, 0xfb, 0xf7, 0xf4, 0xff, 0xfb, 0xf7, 0xf4, 0xff,
    0xfb, 0xf7, 0xf4, 0xff, 0xfb, 0xf7, 0xf4, 0xff, 0xfb, 0xf7, 0xf4, 0xff,
    0xfb, 0xf7, 0xf4, 0xff, 0xfb, 0xf7, 0xf4, 0xff, 0xfb, 0xf7, 0xf4, 0xff,
    0xfb, 0xf7, 0xf4, 0xff, 0xfb, 0xf7, 0xf4, 0xff, 0xfb, 0xf7, 0xf4, 0xff,
    0xfb, 0xf7, 0xf4, 0xff, 0xfb, 0xf7, 0xf4, 0xff, 0xfb, 0xf7, 0xf4, 0xff,
    0xfb, 0xf7, 0xf4, 0xff, 0xfb, 0xf7, 0xf4, 0xff, 0xfb, 0xf7, 0xf4, 0xff,
    0xfb, 0xf7, 0xf4, 0xff, 0xfb, 0xf7, 0xf4, 0xff, 0xfb, 0xf7, 0xf4, 0xff,
    0xfb, 0xf7, 0xf4, 0xff, 0xfc, 0xf9, 0xf7, 0xff, 0xfc, 0xf9, 0xf7, 0xff,
    0xfc, 0xf9, 0xf7, 0xff, 0xfc, 0xf9, 0xf7, 0xff, 0xfc, 0xf9, 0xf7, 0xff,
    0xfc, 0xf9, 0xf7, 0xff, 0xfc, 0xf9, 0xf7, 0xff, 0xf2, 0xc5, 0xb3, 0xff,
    0xe8, 0x8c, 0x69, 0xff, 0xdd, 0x4c, 0x15, 0xff, 0xdc, 0x48, 0x0f, 0xff,
    0xde, 0x4b, 0x13, 0xff, 0xe6, 0x79, 0x4e, 0xff, 0xea, 0x90, 0x6d, 0xff,
    0xea, 0x90, 0x6d, 0xff, 0xe7, 0x77, 0x4d, 0xff, 0xdf, 0x49, 0x10, 0xff,
    0xe0, 0x48, 0x0e, 0xff, 0xe1, 0x4a, 0x10, 0xff, 0xeb, 0x88, 0x62, 0xff,
    0xed, 0x90, 0x6d, 0xff, 0xed, 0x90, 0x6d, 0xff, 0xed, 0x90, 0x6c, 0xff,
    0xed, 0x90, 0x6c, 0xff, 0xee, 0x90, 0x6c, 0xff, 0xee, 0x90, 0x6c, 0xff,
    0xef, 0x90, 0x6b, 0xff, 0xee, 0x8a, 0x64, 0xff, 0xe7, 0x50, 0x15, 0xff,
    0xe7, 0x48, 0x0b, 0xff, 0xe7, 0x48, 0x0b, 0xff, 0xe8, 0x48, 0x0a, 0xff,
    0xe8, 0x48, 0x0a, 0xff, 0xe9, 0x48, 0x0a, 0xff, 0xe9, 0x48, 0x0a, 0xff,
    0xea, 0x48, 0x0a, 0xff, 0xea, 0x48, 0x09, 0xff, 0xeb, 0x48, 0x09, 0xff,
    0xeb, 0x48, 0x09, 0xff, 0xfb, 0xf7, 0xf4, 0xff, 0xfb, 0xf7, 0xf4, 0xff,
    0xfb, 0xf7, 0xf4, 0xff, 0xfb, 0xf7, 0xf4, 0xff, 0xfb, 0xf7, 0xf4, 0xff,
    0xfb, 0xf7, 0xf4, 0xff, 0xfb, 0xf7, 0xf4, 0xff, 0xfb, 0xf7, 0xf4, 0xff,
    0xfb, 0xf7, 0xf4, 0xff, 0xfb, 0xf7, 0xf4, 0xff, 0xfb, 0xf7, 0xf4, 0xff,
    0xfb, 0xf7, 0xf4, 0xff, 0xfb, 0xf7, 0xf4, 0xff, 0xfb, 0xf7, 0xf4, 0xff,
    0xfb, 0xf7, 0xf4, 0xff, 0xfb, 0xf7, 0xf4, 0xff, 0xfb, 0xf7, 0xf4, 0xff,
    0xfb, 0xf7, 0xf4, 0xff, 0xfb, 0xf7, 0xf4, 0xff, 0xfb, 0xf7, 0xf4, 0xff,
    0xfb, 0xf7, 0xf4, 0xff, 0xfb, 0xf7, 0xf4, 0xff, 0xfb, 0xf7, 0xf4, 0xff,
    0xfb, 0xf7, 0xf4, 0xff, 0xfb, 0xf7, 0xf4, 0xff, 0xfb, 0xf7, 0xf4, 0xff,
    0xfb, 0xf7, 0xf4, 0xff, 0xfb, 0xf7, 0xf4, 0xff, 0xfb, 0xf7, 0xf4, 0xff,
    0xfb, 0xf7, 0xf4, 0xff, 0xfb, 0xf7, 0xf4, 0xff, 0xfb, 0xf7, 0xf4, 0xff,
    0xfb, 0xf7, 0xf4, 0xff, 0xfb, 0xf7, 0xf4, 0xff, 0xfb, 0xf7, 0xf4, 0xff,
    0xfb, 0xf7, 0xf4, 0xff, 0xfb, 0xf7, 0xf4, 0xff, 0xfb, 0xf7, 0xf4, 0xff,
    0xfb, 0xf7, 0xf4, 0xff, 0xfb, 0xf7, 0xf4, 0xff, 0xfb, 0xf8, 0xf6, 0xff,
    0xfc, 0xf9, 0xf7, 0xff, 0xfc, 0xf9, 0xf7, 0xff, 0xfc, 0xf9, 0xf7, 0xff,
    0xfc, 0xf9, 0xf7, 0xff, 0xfc, 0xf9, 0xf7, 0xff, 0xfc, 0xf9, 0xf7, 0xff,
    0xf2, 0xc5, 0xb3, 0xff, 0xe9, 0x90, 0x6e, 0xff, 0xe9, 0x90, 0x6e, 0xff,
    0xe4, 0x74, 0x49, 0xff, 0xdd, 0x48, 0x0f, 0xff, 0xdd, 0x48, 0x0e, 0xff,
    0xde, 0x48, 0x0e, 0xff, 0xdf, 0x50, 0x19, 0xff, 0xe0, 0x50, 0x18, 0xff,
    0xdf, 0x48, 0x0e, 0xff, 0xe0, 0x48, 0x0e, 0xff, 0xe1, 0x48, 0x0d, 0xff,
    0xe7, 0x6d, 0x3e, 0xff, 0xed, 0x90, 0x6d, 0xff, 0xed, 0x90, 0x6d, 0xff,
    0xed, 0x90, 0x6c, 0xff, 0xed, 0x90, 0x6c, 0xff, 0xee, 0x90, 0x6c, 0xff,
    0xee, 0x90, 0x6c, 0xff, 0xef, 0x90, 0x6b, 0xff, 0xef, 0x90, 0x6b, 0xff,
    0xef, 0x90, 0x6b, 0xff, 0xec, 0x73, 0x45, 0xff, 0xe7, 0x48, 0x0b, 0xff,
    0xe8, 0x48, 0x0a, 0xff, 0xe8, 0x48, 0x0a, 0xff, 0xe9, 0x48, 0x0a, 0xff,
    0xe9, 0x48, 0x0a, 0xff, 0xea, 0x48, 0x0a, 0xff, 0xea, 0x48, 0x09, 0xff,
    0xeb, 0x48, 0x09, 0xff, 0xeb, 0x48, 0x09, 0xff, 0xec, 0x48, 0x08, 0xff,
    0xfb, 0xf7, 0xf4, 0xff, 0xfb, 0xf7, 0xf4, 0xff, 0xfb, 0xf7, 0xf4, 0xff,
    0xfb, 0xf7, 0xf4, 0xff, 0xfb, 0xf7, 0xf4, 0xff, 0xfb, 0xf7, 0xf4, 0xff,
    0xfb, 0xf7, 0xf4, 0xff, 0xfb, 0xf7, 0xf4, 0xff, 0xfb, 0xf7, 0xf4, 0xff,
    0xfb, 0xf7, 0xf4, 0xff, 0xfb, 0xf7, 0xf4, 0xff, 0xfb, 0xf7, 0xf4, 0xff,
    0xfb, 0xf7, 0xf4, 0xff, 0xfb, 0xf7, 0xf4, 0xff, 0xfb, 0xf7, 0xf4, 0xff,
    0xfb, 0xf7, 0xf4, 0xff, 0xfb, 0xf7, 0xf4, 0xff, 0xfb, 0xf7, 0xf4, 0xff,
    0xfb, 0xf7, 0xf4, 0xff, 0xfb, 0xf7, 0xf4, 0xff, 0xfb, 0xf7, 0xf4, 0xff,
    0xfb, 0xf7, 0xf4, 0xff, 0xfb, 0xf7, 0xf4, 0xff, 0xfb, 0xf7, 0xf4, 0xff,
    0xfb, 0xf7, 0xf4, 0xff, 0xfb, 0xf7, 0xf4, 0xff, 0xfb, 0xf7, 0xf4, 0xff,
    0xfb, 0xf7, 0xf4, 0xff, 0xfb, 0xf7, 0xf4, 0xff, 0xfb, 0xf7, 0xf4, 0xff,
    0xfb, 0xf7, 0xf4, 0xff, 0xfb, 0xf7, 0xf4, 0xff, 0xfb, 0xf7, 0xf4, 0xff,
    0xfb, 0xf7, 0xf4, 0xff, 0xfb, 0xf7, 0xf4, 0xff, 0xfb, 0xf7, 0xf4, 0xff,
    0xfb, 0xf7, 0xf4, 0xff, 0xfb, 0xf7, 0xf4, 0xff, 0xfb, 0xf7, 0xf4, 0xff,
    0xfb, 0xf7, 0xf4, 0xff, 0xfc, 0xf9, 0xf7, 0xff, 0xfc, 0xf9, 0xf7, 0xff,
    0xfc, 0xf9, 0xf7, 0xff, 0xfc, 0xf9, 0xf7, 0xff, 0xfc, 0xf9, 0xf7, 0xff,
    0xfc, 0xf9, 0xf7, 0xff, 0xf2, 0xc5, 0xb3, 0xff, 0xe9, 0x90, 0x6e, 0xff,
    0xe9, 0x90, 0x6e, 0xff, 0xe9, 0x90, 0x6e, 0xff, 0xea, 0x90, 0x6e, 0xff,
    0xe4, 0x72, 0x45, 0xff, 0xde, 0x4b, 0x12, 0xff, 0xde, 0x48, 0x0e, 0xff,
    0xdf, 0x48, 0x0e, 0xff, 0xdf, 0x48, 0x0e, 0xff, 0xe0, 0x48, 0x0e, 0xff,
    0xe1, 0x49, 0x0f, 0xff, 0xe7, 0x6d, 0x3e, 0xff, 0xed, 0x90, 0x6d, 0xff,
    0xed, 0x90, 0x6d, 0xff, 0xed, 0x90, 0x6c, 0xff, 0xed, 0x90, 0x6c, 0xff,
    0xee, 0x90, 0x6c, 0xff, 0xee, 0x90, 0x6c, 0xff, 0xef, 0x90, 0x6b, 0xff,
    0xef, 0x90, 0x6b, 0xff, 0xef, 0x90, 0x6b, 0xff, 0xf0, 0x90, 0x6b, 0xff,
    0xef, 0x89, 0x62, 0xff, 0xe8, 0x48, 0x0a, 0xff, 0xe8, 0x48, 0x0a, 0xff,
    0xe9, 0x48, 0x0a, 0xff, 0xe9, 0x48, 0x0a, 0xff, 0xea, 0x48, 0x0a, 0xff,
    0xea, 0x48, 0x09, 0xff, 0xeb, 0x48, 0x09, 0xff, 0xeb, 0x48, 0x09, 0xff,
    0xec, 0x48, 0x08, 0xff, 0xec, 0x48, 0x08, 0xff, 0xfb, 0xf7, 0xf4, 0xff,
    0xfb, 0xf7, 0xf4, 0xff, 0xfb, 0xf7, 0xf4, 0xff, 0xfb, 0xf7, 0xf4, 0xff,
    0xfb, 0xf7, 0xf4, 0xff, 0xfb, 0xf7, 0xf4, 0xff, 0xfb, 0xf7, 0xf4, 0xff,
    0xfb, 0xf7, 0xf4, 0xff, 0xfb, 0xf7, 0xf4, 0xff, 0xfb, 0xf7, 0xf4, 0xff,
    0xfb, 0xf7, 0xf4, 0xff, 0xfb, 0xf7, 0xf4, 0xff, 0xfb, 0xf7, 0xf4, 0xff,
    0xfb, 0xf7, 0xf4, 0xff, 0xfb, 0xf7, 0xf4, 0xff, 0xfb, 0xf7, 0xf4, 0xff,
    0xfb, 0xf7, 0xf4, 0xff, 0xfb, 0xf7, 0xf4, 0xff, 0xfb, 0xf7, 0xf4, 0xff,
    0xfb, 0xf7, 0xf4, 0xff, 0xfb, 0xf7, 0xf4, 0xff, 0xfb, 0xf7, 0xf4, 0xff,
    0xfb, 0xf7, 0xf4, 0xff, 0xfb, 0xf7, 0xf4, 0xff, 0xfb, 0xf7, 0xf4, 0xff,
    0xfb, 0xf7, 0xf4, 0xff, 0xfb, 0xf7, 0xf4, 0xff, 0xfb, 0xf7, 0xf4, 0xff,
    0xfb, 0xf7, 0xf4, 0xff, 0xfb, 0xf7, 0xf4, 0xff, 0xfb, 0xf7, 0xf4, 0xff,
    0xfb, 0xf7, 0xf4, 0xff, 0xfb, 0xf7, 0xf4, 0xff, 0xfb, 0xf7, 0xf4, 0xff,
    0xfb, 0xf7, 0xf4, 0xff, 0xfb, 0xf7, 0xf4, 0xff, 0xfb, 0xf7, 0xf4, 0xff,
    0xfb, 0xf7, 0xf4, 0xff, 0xfb, 0xf7, 0xf4, 0xff, 0xfb, 0xf7, 0xf4, 0xff,
    0xfc, 0xf9, 0xf7, 0xff, 0xfc, 0xf9, 0xf7, 0xff, 0xfc, 0xf9, 0xf7, 0xff,
    0xfc, 0xf9, 0xf7, 0xff, 0xfc, 0xf9, 0xf7, 0xff, 0xf2, 0xc5, 0xb3, 0xff,
    0xe9, 0x90, 0x6e, 0xff, 0xe9, 0x90, 0x6e, 0xff, 0xe9, 0x90, 0x6e, 0xff,
    0xea, 0x90, 0x6e, 0xff, 0xea, 0x90, 0x6d, 0xff, 0xea, 0x90, 0x6d, 0xff,
    0xe4, 0x69, 0x3a, 0xff, 0xdf, 0x48, 0x0e, 0xff, 0xdf, 0x48, 0x0e, 0xff,
    0xe0, 0x48, 0x0e, 0xff, 0xe1, 0x48, 0x0d, 0xff, 0xe4, 0x5e, 0x2a, 0xff,
    0xed, 0x90, 0x6d, 0xff, 0xed, 0x90, 0x6d, 0xff, 0xed, 0x90, 0x6c, 0xff,
    0xed, 0x90, 0x6c, 0xff, 0xee, 0x90, 0x6c, 0xff, 0xee, 0x90, 0x6c, 0xff,
    0xef, 0x90, 0x6b, 0xff, 0xef, 0x90, 0x6b, 0xff, 0xef, 0x90, 0x6b, 0xff,
    0xf0, 0x90, 0x6b, 0xff, 0xf0, 0x90, 0x6b, 0xff, 0xf0, 0x8e, 0x68, 0xff,
    0xe8, 0x48, 0x0a, 0xff, 0xe9, 0x48, 0x0a, 0xff, 0xe9, 0x48, 0x0a, 0xff,
    0xea, 0x48, 0x0a, 0xff, 0xea, 0x48, 0x09, 0xff, 0xeb, 0x48, 0x09, 0xff,
    0xeb, 0x48, 0x09, 0xff, 0xec, 0x48, 0x08, 0xff, 0xec, 0x48, 0x08, 0xff,
    0xed, 0x48, 0x08, 0xff, 0xfb, 0xf7, 0xf4, 0xff, 0xfb, 0xf7, 0xf4, 0xff,
    0xfb, 0xf7, 0xf4, 0xff, 0xfb, 0xf7, 0xf4, 0xff, 0xfb, 0xf7, 0xf4, 0xff,
    0xfb, 0xf7, 0xf4, 0xff, 0xfb, 0xf7, 0xf4, 0xff, 0xfb, 0xf7, 0xf4, 0xff,
    0xfb, 0xf7, 0xf4, 0xff, 0xfb, 0xf7, 0xf4, 0xff, 0xfb, 0xf7, 0xf4, 0xff,
    0xfb, 0xf7, 0xf4, 0xff, 0xfb, 0xf7, 0xf4, 0xff, 0xfb, 0xf7, 0xf4, 0xff,
    0xfb, 0xf7, 0xf4, 0xff, 0xfb, 0xf7, 0xf4, 0xff, 0xfb, 0xf7, 0xf4, 0xff,
    0xfb, 0xf7, 0xf4, 0xff, 0xfb, 0xf7, 0xf4, 0xff, 0xfb, 0xf7, 0xf4, 0xff,
    0xfb, 0xf7, 0xf4, 0xff, 0xfb, 0xf7, 0xf4, 0xff, 0xfb, 0xf7, 0xf4, 0xff,
    0xfb, 0xf7, 0xf4, 0xff, 0xfb, 0xf7, 0xf4, 0xff, 0xfb, 0xf7, 0xf4, 0xff,
    0xfb, 0xf7, 0xf4, 0xff, 0xfb, 0xf7, 0xf4, 0xff, 0xfb, 0xf7, 0xf4, 0xff,
    0xfb, 0xf7, 0xf4, 0xff, 0xfb, 0xf7, 0xf4, 0xff, 0xfb, 0xf7, 0xf4, 0xff,
    0xfb, 0xf7, 0xf4, 0xff, 0xfb, 0xf7, 0xf4, 0xff, 0xfb, 0xf7, 0xf4, 0xff,
    0xfb, 0xf7, 0xf4, 0xff, 0xfb, 0xf7, 0xf4, 0xff, 0xfb, 0xf7, 0xf4, 0xff,
    0xfb, 0xf7, 0xf4, 0xff, 0xfb, 0xf7, 0xf4, 0xff, 0xfc, 0xf9, 0xf7, 0xff,
    0xfc, 0xf9, 0xf7, 0xff, 0xfc, 0xf9, 0xf7, 0xff, 0xfc, 0xf9, 0xf7, 0xff,
    0xf2, 0xc5, 0xb3, 0xff, 0xe9, 0x90, 0x6e, 0xff, 0xe9, 0x90, 0x6e, 0xff,
    0xe9, 0x90, 0x6e, 0xff, 0xea, 0x90, 0x6e, 0xff, 0xea, 0x90, 0x6d, 0xff,
    0xea, 0x90, 0x6d, 0xff, 0xe6, 0x77, 0x4c, 0xff, 0xdf, 0x48, 0x0e, 0xff,
    0xdf, 0x48, 0x0e, 0xff, 0xe0, 0x48, 0x0e, 0xff, 0xe1, 0x48, 0x0d, 0xff,
    0xe1, 0x48, 0x0d, 0xff, 0xe2, 0x48, 0x0d, 0xff, 0xe7, 0x6a, 0x3a, 0xff,
    0xed, 0x90, 0x6c, 0xff, 0xed, 0x90, 0x6c, 0xff, 0xee, 0x90, 0x6c, 0xff,
    0xee, 0x90, 0x6c, 0xff, 0xef, 0x90, 0x6b, 0xff, 0xef, 0x90, 0x6b, 0xff,
    0xef, 0x90, 0x6b, 0xff, 0xf0, 0x90, 0x6b, 0xff, 0xf0, 0x90, 0x6b, 0xff,
    0xf0, 0x90, 0x6b, 0xff, 0xef, 0x85, 0x5c, 0xff, 0xe9, 0x48, 0x0a, 0xff,
    0xe9, 0x48, 0x0a, 0xff, 0xea, 0x48, 0x0a, 0xff, 0xea, 0x48, 0x09, 0xff,
    0xeb, 0x48, 0x09, 0xff, 0xeb, 0x48, 0x09, 0xff, 0xec, 0x48, 0x08, 0xff,
    0xec, 0x48, 0x08, 0xff, 0xed, 0x48, 0x08, 0xff, 0xed, 0x48, 0x08, 0xff,
    0xfb, 0xf7, 0xf4, 0xff, 0xfb, 0xf7, 0xf4, 0xff, 0xfb, 0xf7, 0xf4, 0xff,
    0xfb, 0xf7, 0xf4, 0xff, 0xfb, 0xf7, 0xf4, 0xff, 0xfb, 0xf7, 0xf4, 0xff,
    0xfb, 0xf7, 0xf4, 0xff, 0xfb, 0xf7, 0xf4, 0xff, 0xfb, 0xf7, 0xf4, 0xff,
    0xfb, 0xf7, 0xf4, 0xff, 0xfb, 0xf7, 0xf4, 0xff, 0xfb, 0xf7, 0xf4, 0xff,
    0xfb, 0xf7, 0xf4, 0xff, 0xfb, 0xf7, 0xf4, 0xff, 0xfb, 0xf7, 0xf4, 0xff,
    0xfb, 0xf7, 0xf4, 0xff, 0xfb, 0xf7, 0xf4, 0xff, 0xfb, 0xf7, 0xf4, 0xff,
    0xfb, 0xf7, 0xf4, 0xff, 0xfb, 0xf7, 0xf4, 0xff, 0xfb, 0xf7, 0xf4, 0xff,
    0xfb, 0xf7, 0xf4, 0xff, 0xfb, 0xf7, 0xf4, 0xff, 0xfb, 0xf7, 0xf4, 0xff,
    0xfb, 0xf7, 0xf4, 0xff, 0xfb, 0xf7, 0xf4, 0xff, 0xfb, 0xf7, 0xf4, 0xff,
    0xfb, 0xf7, 0xf4, 0xff, 0xfb, 0xf7, 0xf4, 0xff, 0xfb, 0xf7, 0xf4, 0xff,
    0xfb, 0xf7, 0xf4, 0xff, 0xfb, 0xf7, 0xf4, 0xff, 0xfb, 0xf7, 0xf4, 0xff,
    0xfb, 0xf7, 0xf4, 0xff, 0xfb, 0xf7, 0xf4, 0xff, 0xfb, 0xf7, 0xf4, 0xff,
    0xfb, 0xf7, 0xf4, 0xff, 0xfb, 0xf7, 0xf4, 0xff, 0xfb, 0xf7, 0xf4, 0xff,
    0xfb, 0xf7, 0xf4, 0xff, 0xfb, 0xf8, 0xf6, 0xff, 0xfc, 0xf9, 0xf7, 0xff,
    0xfc, 0xf9, 0xf7, 0xff, 0xf2, 0xc5, 0xb3, 0xff, 0xe9, 0x90, 0x6e, 0xff,
    0xe9, 0x90, 0x6e, 0xff, 0xe9, 0x90, 0x6e, 0xff, 0xea, 0x90, 0x6e, 0xff,
    0xea, 0x90, 0x6d, 0xff, 0xea, 0x90, 0x6d, 0xff, 0xe7, 0x7e, 0x55, 0xff,
    0xdf, 0x49, 0x10, 0xff, 0xdf, 0x48, 0x0e, 0xff, 0xe0, 0x48, 0x0e, 0xff,
    0xe1, 0x48, 0x0d, 0xff, 0xe1, 0x48, 0x0d, 0xff, 0xe2, 0x48, 0x0d, 0xff,
    0xe2, 0x48, 0x0d, 0xff, 0xe3, 0x48, 0x0c, 0xff, 0xe9, 0x6e, 0x3f, 0xff,
    0xee, 0x90, 0x6c, 0xff, 0xee, 0x90, 0x6c, 0xff, 0xef, 0x90, 0x6b, 0xff,
    0xef, 0x90, 0x6b, 0xff, 0xef, 0x90, 0x6b, 0xff, 0xf0, 0x90, 0x6b, 0xff,
    0xf0, 0x90, 0x6b, 0xff, 0xf0, 0x90, 0x6b, 0xff, 0xf0, 0x90, 0x6b, 0xff,
    0xed, 0x6d, 0x3b, 0xff, 0xe9, 0x48, 0x0a, 0xff, 0xea, 0x48, 0x0a, 0xff,
    0xea, 0x48, 0x09, 0xff, 0xeb, 0x48, 0x09, 0xff, 0xeb, 0x48, 0x09, 0xff,
    0xec, 0x48, 0x08, 0xff, 0xec, 0x48, 0x08, 0xff, 0xed, 0x48, 0x08, 0xff,
    0xed, 0x48, 0x08, 0xff, 0xee, 0x48, 0x08, 0xff, 0xfb, 0xf7, 0xf4, 0xff,
    0xfb, 0xf7, 0xf4, 0xff, 0xfb, 0xf7, 0xf4, 0xff, 0xfb, 0xf7, 0xf4, 0xff,
    0xfb, 0xf7, 0xf4, 0xff, 0xfb, 0xf7, 0xf4, 0xff, 0xfb, 0xf7, 0xf4, 0xff,
    0xfb, 0xf7, 0xf4, 0xff, 0xfb, 0xf7, 0xf4, 0xff, 0xfb, 0xf7, 0xf4, 0xff,
    0xfb, 0xf7, 0xf4, 0xff, 0xfb, 0xf7, 0xf4, 0xff, 0xfb, 0xf7, 0xf4, 0xff,
    0xfb, 0xf7, 0xf4, 0xff, 0xfb, 0xf7, 0xf4, 0xff, 0xfb, 0xf7, 0xf4, 0xff,
    0xfb, 0xf7, 0xf4, 0xff, 0xfb, 0xf7, 0xf4, 0xff, 0xfb, 0xf7, 0xf4, 0xff,
    0xfb, 0xf7, 0xf4, 0xff, 0xfb, 0xf7, 0xf4, 0xff, 0xfb, 0xf7, 0xf4, 0xff,
    0xfb, 0xf7, 0xf4, 0xff, 0xfb, 0xf7, 0xf4, 0xff, 0xfb, 0xf7, 0xf4, 0xff,
    0xfb, 0xf7, 0xf4, 0xff, 0xfb, 0xf7, 0xf4, 0xff, 0xfb, 0xf7, 0xf4, 0xff,
    0xfb, 0xf7, 0xf4, 0xff, 0xfb, 0xf7, 0xf4, 0xff, 0xfb, 0xf7, 0xf4, 0xff,
    0xfb, 0xf7, 0xf4, 0xff, 0xfb, 0xf7, 0xf4, 0xff, 0xfb, 0xf7, 0xf4, 0xff,
    0xfb, 0xf7, 0xf4, 0xff, 0xfb, 0xf7, 0xf4, 0xff, 0xfb, 0xf7, 0xf4, 0xff,
    0xfb, 0xf7, 0xf4, 0xff, 0xfb, 0xf7, 0xf4, 0xff, 0xfb, 0xf7, 0xf4, 0xff,
    0xfb, 0xf7, 0xf4, 0xff, 0xfc, 0xf9, 0xf7, 0xff, 0xf2, 0xc5, 0xb3, 0xff,
    0xe9, 0x90, 0x6e, 0xff, 0xe9, 0x90, 0x6e, 0xff, 0xe9, 0x90, 0x6e, 0xff,
    0xea, 0x90, 0x6e, 0xff, 0xea, 0x90, 0x6d, 0xff, 0xea, 0x90, 0x6d, 0xff,
    0xe8, 0x83, 0x5c, 0xff, 0xe0, 0x4c, 0x14, 0xff, 0xdf, 0x48, 0x0e, 0xff,
    0xe0, 0x48, 0x0e, 0xff, 0xe1, 0x48, 0x0d, 0xff, 0xe1, 0x48, 0x0d, 0xff,
    0xe2, 0x48, 0x0d, 0xff, 0xe2, 0x48, 0x0d, 0xff, 0xe3, 0x48, 0x0c, 0xff,
    0xe3, 0x48, 0x0c, 0xff, 0xe4, 0x48, 0x0c, 0xff, 0xea, 0x77, 0x4a, 0xff,
    0xef, 0x90, 0x6b, 0xff, 0xef, 0x90, 0x6b, 0xff, 0xef, 0x90, 0x6b, 0xff,
    0xf0, 0x90, 0x6b, 0xff, 0xf0, 0x90, 0x6b, 0xff, 0xf0, 0x90, 0x6b, 0xff,
    0xf0, 0x90, 0x6b, 0xff, 0xf0, 0x88, 0x5f, 0xff, 0xe9, 0x4c, 0x10, 0xff,
    0xea, 0x48, 0x0a, 0xff, 0xea, 0x48, 0x09, 0xff, 0xeb, 0x48, 0x09, 0xff,
    0xeb, 0x48, 0x09, 0xff, 0xec, 0x48, 0x08, 0xff, 0xec, 0x48, 0x08, 0xff,
    0xed, 0x48, 0x08, 0xff, 0xed, 0x48, 0x08, 0xff, 0xee, 0x48, 0x08, 0xff,
    0xee, 0x48, 0x07, 0xff, 0xfb, 0xf7, 0xf4, 0xff, 0xfb, 0xf7, 0xf4, 0xff,
    0xfb, 0xf7, 0xf4, 0xff, 0xfb, 0xf7, 0xf4, 0xff, 0xfb, 0xf7, 0xf4, 0xff,
    0xfb, 0xf7, 0xf4, 0xff, 0xfb, 0xf7, 0xf4, 0xff, 0xfb, 0xf7, 0xf4, 0xff,
    0xfb, 0xf7, 0xf4, 0xff, 0xfb, 0xf7, 0xf4, 0xff, 0xfb, 0xf7, 0xf4, 0xff,
    0xfb, 0xf7, 0xf4, 0xff, 0xfb, 0xf7, 0xf4, 0xff, 0xfb, 0xf7, 0xf4, 0xff,
    0xfb, 0xf7, 0xf4, 0xff, 0xfb, 0xf7, 0xf4, 0xff, 0xfb, 0xf7, 0xf4, 0xff,
    0xfb, 0xf7, 0xf4, 0xff, 0xfb, 0xf7, 0xf4, 0xff, 0xfb, 0xf7, 0xf4, 0xff,
    0xfb, 0xf7, 0xf4, 0xff, 0xfb, 0xf7, 0xf4, 0xff, 0xfb, 0xf7, 0xf4, 0xff,
    0xfb, 0xf7, 0xf4, 0xff, 0xfb, 0xf7, 0xf4, 0xff, 0xfb, 0xf7, 0xf4, 0xff,
    0xfb, 0xf7, 0xf4, 0xff, 0xfb, 0xf7, 0xf4, 0xff, 0xfb, 0xf7, 0xf4, 0xff,
    0xfb, 0xf7, 0xf4, 0xff, 0xfb, 0xf7, 0xf4, 0xff, 0xfb, 0xf7, 0xf4, 0xff,
    0xfb, 0xf7, 0xf4, 0xff, 0xfb, 0xf7, 0xf4, 0xff, 0xfb, 0xf7, 0xf4, 0xff,
    0xfb, 0xf7, 0xf4, 0xff, 0xfb, 0xf7, 0xf4, 0xff, 0xfb, 0xf7, 0xf4, 0xff,
    0xfb, 0xf7, 0xf4, 0xff, 0xfb, 0xf7, 0xf4, 0xff, 0xfb, 0xf7, 0xf4, 0xff,
    0xec, 0xa7, 0x8c, 0xff, 0xe7, 0x8a, 0x65, 0xff, 0xe9, 0x90, 0x6e, 0xff,
    0xe9, 0x90, 0x6e, 0xff, 0xea, 0x90, 0x6e, 0xff, 0xea, 0x90, 0x6d, 0xff,
    0xea, 0x90, 0x6d, 0xff, 0xe8, 0x85, 0x5e, 0xff, 0xe0, 0x4e, 0x15, 0xff,
    0xdf, 0x48, 0x0e, 0xff, 0xe0, 0x48, 0x0e, 0xff, 0xe1, 0x48, 0x0d, 0xff,
    0xe1, 0x48, 0x0d, 0xff, 0xe2, 0x48, 0x0d, 0xff, 0xe2, 0x48, 0x0d, 0xff,
    0xe3, 0x48, 0x0c, 0xff, 0xe3, 0x48, 0x0c, 0xff, 0xe4, 0x48, 0x0c, 0xff,
    0xe4, 0x48, 0x0c, 0xff, 0xe5, 0x49, 0x0d, 0xff, 0xec, 0x7b, 0x4f, 0xff,
    0xef, 0x90, 0x6b, 0xff, 0xf0, 0x90, 0x6b, 0xff, 0xf0, 0x90, 0x6b, 0xff,
    0xf0, 0x90, 0x6b, 0xff, 0xf0, 0x90, 0x6b, 0xff, 0xf0, 0x88, 0x5f, 0xff,
    0xea, 0x53, 0x18, 0xff, 0xea, 0x48, 0x0a, 0xff, 0xea, 0x48, 0x09, 0xff,
    0xeb, 0x48, 0x09, 0xff, 0xeb, 0x48, 0x09, 0xff, 0xec, 0x48, 0x08, 0xff,
    0xec, 0x48, 0x08, 0xff, 0xed, 0x48, 0x08, 0xff, 0xed, 0x48, 0x08, 0xff,
    0xee, 0x48, 0x08, 0xff, 0xee, 0x48, 0x07, 0xff, 0xef, 0x48, 0x07, 0xff,
    0xfb, 0xf7, 0xf4, 0xff, 0xfb, 0xf7, 0xf4, 0xff, 0xfb, 0xf7, 0xf4, 0xff,
    0xfb, 0xf7, 0xf4, 0xff, 0xfb, 0xf7, 0xf4, 0xff, 0xfb, 0xf7, 0xf4, 0xff,
    0xfb, 0xf7, 0xf4, 0xff, 0xfb, 0xf7, 0xf4, 0xff, 0xfb, 0xf7, 0xf4, 0xff,
    0xfb, 0xf7, 0xf4, 0xff, 0xfb, 0xf7, 0xf4, 0xff, 0xfb, 0xf7, 0xf4, 0xff,
    0xfb, 0xf7, 0xf4, 0xff, 0xfb, 0xf7, 0xf4, 0xff, 0xfb, 0xf7, 0xf4, 0xff,
    0xfb, 0xf7, 0xf4, 0xff, 0xfb, 0xf7, 0xf4, 0xff, 0xfb, 0xf7, 0xf4, 0xff,
    0xfb, 0xf7, 0xf4, 0xff, 0xfb, 0xf7, 0xf4, 0xff, 0xfb, 0xf7, 0xf4, 0xff,
    0xfb, 0xf7, 0xf4, 0xff, 0xfb, 0xf7, 0xf4, 0xff, 0xfb, 0xf7, 0xf4, 0xff,
    0xfb, 0xf7, 0xf4, 0xff, 0xfb, 0xf7, 0xf4, 0xff, 0xfb, 0xf7, 0xf4, 0xff,
    0xfb, 0xf7, 0xf4, 0xff, 0xfb, 0xf7, 0xf4, 0xff, 0xfb, 0xf7, 0xf4, 0xff,
    0xfb, 0xf7, 0xf4, 0xff, 0xfb, 0xf7, 0xf4, 0xff, 0xfb, 0xf7, 0xf4, 0xff,
    0xfb, 0xf7, 0xf4, 0xff, 0xfb, 0xf7, 0xf4, 0xff, 0xfb, 0xf7, 0xf4, 0xff,
    0xfb, 0xf7, 0xf4, 0xff, 0xfb, 0xf7, 0xf4, 0xff, 0xfb, 0xf7, 0xf4, 0xff,
    0xfb, 0xf7, 0xf4, 0xff, 0xeb, 0xa0, 0x82, 0xff, 0xdb, 0x48, 0x0f, 0xff,
    0xdd, 0x4e, 0x16, 0xff, 0xe3, 0x6d, 0x3f, 0xff, 0xe8, 0x86, 0x61, 0xff,
    0xea, 0x8f, 0x6c, 0xff, 0xe9, 0x88, 0x63, 0xff, 0xe5, 0x71, 0x44, 0xff,
    0xe0, 0x4d, 0x15, 0xff, 0xdf, 0x48, 0x0e, 0xff, 0xe0, 0x48, 0x0e, 0xff,
    0xe1, 0x48, 0x0d, 0xff, 0xe1, 0x48, 0x0d, 0xff, 0xe2, 0x48, 0x0d, 0xff,
    0xe2, 0x48, 0x0d, 0xff, 0xe3, 0x48, 0x0c, 0xff, 0xe3, 0x48, 0x0c, 0xff,
    0xe4, 0x48, 0x0c, 0xff, 0xe4, 0x48, 0x0c, 0xff, 0xe5, 0x48, 0x0b, 0xff,
    0xe5, 0x48, 0x0b, 0xff, 0xe6, 0x49, 0x0d, 0xff, 0xeb, 0x66, 0x33, 0xff,
    0xee, 0x80, 0x56, 0xff, 0xef, 0x87, 0x5e, 0xff, 0xef, 0x80, 0x56, 0xff,
    0xed, 0x6b, 0x39, 0xff, 0xe9, 0x4c, 0x0f, 0xff, 0xea, 0x48, 0x0a, 0xff,
    0xea, 0x48, 0x09, 0xff, 0xeb, 0x48, 0x09, 0xff, 0xeb, 0x48, 0x09, 0xff,
    0xec, 0x48, 0x08, 0xff, 0xec, 0x48, 0x08, 0xff, 0xed, 0x48, 0x08, 0xff,
    0xed, 0x48, 0x08, 0xff, 0xee, 0x48, 0x08, 0xff, 0xee, 0x48, 0x07, 0xff,
    0xef, 0x48, 0x07, 0xff, 0xef, 0x48, 0x07, 0xff, 0xfb, 0xf7, 0xf4, 0xff,
    0xfb, 0xf7, 0xf4, 0xff, 0xfb, 0xf7, 0xf4, 0xff, 0xfb, 0xf7, 0xf4, 0xff,
    0xfb, 0xf7, 0xf4, 0xff, 0xfb, 0xf7, 0xf4, 0xff, 0xfb, 0xf7, 0xf4, 0xff,
    0xfb, 0xf7, 0xf4, 0xff, 0xfb, 0xf7, 0xf4, 0xff, 0xfb, 0xf7, 0xf4, 0xff,
    0xfb, 0xf7, 0xf4, 0xff, 0xfb, 0xf7, 0xf4, 0xff, 0xfb, 0xf7, 0xf4, 0xff,
    0xfb, 0xf7, 0xf4, 0xff, 0xfb, 0xf7, 0xf4, 0xff, 0xfb, 0xf7, 0xf4, 0xff,
    0xfb, 0xf7, 0xf4, 0xff, 0xfb, 0xf7, 0xf4, 0xff, 0xfb, 0xf7, 0xf4, 0xff,
    0xfb, 0xf7, 0xf4, 0xff, 0xfb, 0xf7, 0xf4, 0xff, 0xfb, 0xf7, 0xf4, 0xff,
    0xfb, 0xf7, 0xf4, 0xff, 0xfb, 0xf7, 0xf4, 0xff, 0xfb, 0xf7, 0xf4, 0xff,
    0xfb, 0xf7, 0xf4, 0xff, 0xfb, 0xf7, 0xf4, 0xff, 0xfb, 0xf7, 0xf4, 0xff,
    0xfb, 0xf7, 0xf4, 0xff, 0xfb, 0xf7, 0xf4, 0xff, 0xfb, 0xf7, 0xf4, 0xff,
    0xfb, 0xf7, 0xf4, 0xff, 0xfb, 0xf7, 0xf4, 0xff, 0xfb, 0xf7, 0xf4, 0xff,
    0xfb, 0xf7, 0xf4, 0xff, 0xfb, 0xf7, 0xf4, 0xff, 0xfb, 0xf7, 0xf4, 0xff,
    0xfb, 0xf7, 0xf4, 0xff, 0xfb, 0xf7, 0xf4, 0xff, 0xeb, 0xa0, 0x82, 0xff,
    0xdb, 0x48, 0x0f, 0xff, 0xdc, 0x48, 0x0f, 0xff, 0xdc, 0x48, 0x0f, 0xff,
    0xdd, 0x48, 0x0f, 0xff, 0xdd, 0x48, 0x0e, 0xff, 0xde, 0x48, 0x0e, 0xff,
    0xde, 0x48, 0x0e, 0xff, 0xdf, 0x48, 0x0e, 0xff, 0xdf, 0x48, 0x0e, 0xff,
    0xe0, 0x48, 0x0e, 0xff, 0xe1, 0x48, 0x0d, 0xff, 0xe1, 0x48, 0x0d, 0xff,
    0xe2, 0x48, 0x0d, 0xff, 0xe2, 0x48, 0x0d, 0xff, 0xe3, 0x48, 0x0c, 0xff,
    0xe3, 0x48, 0x0c, 0xff, 0xe4, 0x48, 0x0c, 0xff, 0xe4, 0x48, 0x0c, 0xff,
    0xe5, 0x48, 0x0b, 0xff, 0xe5, 0x48, 0x0b, 0xff, 0xe6, 0x48, 0x0b, 0xff,
    0xe7, 0x48, 0x0b, 0xff, 0xe7, 0x48, 0x0b, 0xff, 0xe8, 0x48, 0x0a, 0xff,
    0xe8, 0x48, 0x0a, 0xff, 0xe9, 0x48, 0x0a, 0xff, 0xe9, 0x48, 0x0a, 0xff,
    0xea, 0x48, 0x0a, 0xff, 0xea, 0x48, 0x09, 0xff, 0xeb, 0x48, 0x09, 0xff,
    0xeb, 0x48, 0x09, 0xff, 0xec, 0x48, 0x08, 0xff, 0xec, 0x48, 0x08, 0xff,
    0xed, 0x48, 0x08, 0xff, 0xed, 0x48, 0x08, 0xff, 0xee, 0x48, 0x08, 0xff,
    0xee, 0x48, 0x07, 0xff, 0xef, 0x48, 0x07, 0xff, 0xef, 0x48, 0x07, 0xff,
    0xf0, 0x48, 0x06, 0xfa, 0xfb, 0xf7, 0xf4, 0xff, 0xfb, 0xf7, 0xf4, 0xff,
    0xfb, 0xf7, 0xf4, 0xff, 0xfb, 0xf7, 0xf4, 0xff, 0xfb, 0xf7, 0xf4, 0xff,
    0xfb, 0xf7, 0xf4, 0xff, 0xfb, 0xf7, 0xf4, 0xff, 0xfb, 0xf7, 0xf4, 0xff,
    0xfb, 0xf7, 0xf4, 0xff, 0xfb, 0xf7, 0xf4, 0xff, 0xfb, 0xf7, 0xf4, 0xff,
    0xfb, 0xf7, 0xf4, 0xff, 0xfb, 0xf7, 0xf4, 0xff, 0xfb, 0xf7, 0xf4, 0xff,
    0xfb, 0xf7, 0xf4, 0xff, 0xfb, 0xf7, 0xf4, 0xff, 0xfb, 0xf7, 0xf4, 0xff,
    0xfb, 0xf7, 0xf4, 0xff, 0xfb, 0xf7, 0xf4, 0xff, 0xfb, 0xf7, 0xf4, 0xff,
    0xfb, 0xf7, 0xf4, 0xff, 0xfb, 0xf7, 0xf4, 0xff, 0xfb, 0xf7, 0xf4, 0xff,
    0xfb, 0xf7, 0xf4, 0xff, 0xfb, 0xf7, 0xf4, 0xff, 0xfb, 0xf7, 0xf4, 0xff,
    0xfb, 0xf7, 0xf4, 0xff, 0xfb, 0xf7, 0xf4, 0xff, 0xfb, 0xf7, 0xf4, 0xff,
    0xfb, 0xf7, 0xf4, 0xff, 0xfb, 0xf7, 0xf4, 0xff, 0xfb, 0xf7, 0xf4, 0xff,
    0xfb, 0xf7, 0xf4, 0xff, 0xfb, 0xf7, 0xf4, 0xff, 0xfb, 0xf7, 0xf4, 0xff,
    0xfb, 0xf7, 0xf4, 0xff, 0xfb, 0xf7, 0xf4, 0xff, 0xfb, 0xf7, 0xf4, 0xff,
    0xeb, 0xa0, 0x82, 0xff, 0xdb, 0x48, 0x0f, 0xff, 0xdc, 0x48, 0x0f, 0xff,
    0xdc, 0x48, 0x0f, 0xff, 0xdd, 0x48, 0x0f, 0xff, 0xdd, 0x48, 0x0e, 0xff,
    0xde, 0x48, 0x0e, 0xff, 0xde, 0x48, 0x0e, 0xff, 0xdf, 0x48, 0x0e, 0xff,
    0xdf, 0x48, 0x0e, 0xff, 0xe0, 0x48, 0x0e, 0xff, 0xe1, 0x48, 0x0d, 0xff,
    0xe1, 0x48, 0x0d, 0xff, 0xe2, 0x48, 0x0d, 0xff, 0xe2, 0x48, 0x0d, 0xff,
    0xe3, 0x48, 0x0c, 0xff, 0xe3, 0x48, 0x0c, 0xff, 0xe4, 0x48, 0x0c, 0xff,
    0xe4, 0x48, 0x0c, 0xff, 0xe5, 0x48, 0x0b, 0xff, 0xe5, 0x48, 0x0b, 0xff,
    0xe6, 0x48, 0x0b, 0xff, 0xe7, 0x48, 0x0b, 0xff, 0xe7, 0x48, 0x0b, 0xff,
    0xe8, 0x48, 0x0a, 0xff, 0xe8, 0x48, 0x0a, 0xff, 0xe9, 0x48, 0x0a, 0xff,
    0xe9, 0x48, 0x0a, 0xff, 0xea, 0x48, 0x0a, 0xff, 0xea, 0x48, 0x09, 0xff,
    0xeb, 0x48, 0x09, 0xff, 0xeb, 0x48, 0x09, 0xff, 0xec, 0x48, 0x08, 0xff,
    0xec, 0x48, 0x08, 0xff, 0xed, 0x48, 0x08, 0xff, 0xed, 0x48, 0x08, 0xff,
    0xee, 0x48, 0x08, 0xff, 0xee, 0x48, 0x07, 0xff, 0xef, 0x48, 0x07, 0xff,
    0xef, 0x48, 0x07, 0xff, 0xf0, 0x48, 0x06, 0xff, 0xef, 0x48, 0x08, 0xe4,
    0xfb, 0xf7, 0xf4, 0xff, 0xfb, 0xf7, 0xf4, 0xff, 0xfb, 0xf7, 0xf4, 0xff,
    0xfb, 0xf7, 0xf4, 0xff, 0xfb, 0xf7, 0xf4, 0xff, 0xfb, 0xf7, 0xf4, 0xff,
    0xfb, 0xf7, 0xf4, 0xff, 0xfb, 0xf7, 0xf4, 0xff, 0xfb, 0xf7, 0xf4, 0xff,
    0xfb, 0xf7, 0xf4, 0xff, 0xfb, 0xf7, 0xf4, 0xff, 0xfb, 0xf7, 0xf4, 0xff,
    0xfb, 0xf7, 0xf4, 0xff, 0xfb, 0xf7, 0xf4, 0xff, 0xfb, 0xf7, 0xf4, 0xff,
    0xfb, 0xf7, 0xf4, 0xff, 0xfb, 0xf7, 0xf4, 0xff, 0xfb, 0xf7, 0xf4, 0xff,
    0xfb, 0xf7, 0xf4, 0xff, 0xfb, 0xf7, 0xf4, 0xff, 0xfb, 0xf7, 0xf4, 0xff,
    0xfb, 0xf7, 0xf4, 0xff, 0xfb, 0xf7, 0xf4, 0xff, 0xfb, 0xf7, 0xf4, 0xff,
    0xfb, 0xf7, 0xf4, 0xff, 0xfb, 0xf7, 0xf4, 0xff, 0xfb, 0xf7, 0xf4, 0xff,
    0xfb, 0xf7, 0xf4, 0xff, 0xfb, 0xf7, 0xf4, 0xff, 0xfb, 0xf7, 0xf4, 0xff,
    0xfb, 0xf7, 0xf4, 0xff, 0xfb, 0xf7, 0xf4, 0xff, 0xfb, 0xf7, 0xf4, 0xff,
    0xfb, 0xf7, 0xf4, 0xff, 0xfb, 0xf7, 0xf4, 0xff, 0xfb, 0xf7, 0xf4, 0xff,
    0xfb, 0xf7, 0xf4, 0xff, 0xeb, 0xa0, 0x82, 0xff, 0xdb, 0x48, 0x0f, 0xff,
    0xdc, 0x48, 0x0f, 0xff, 0xdc, 0x48, 0x0f, 0xff, 0xdd, 0x48, 0x0f, 0xff,
    0xdd, 0x48, 0x0e, 0xff, 0xde, 0x48, 0x0e, 0xff, 0xde, 0x48, 0x0e, 0xff,
    0xdf, 0x48, 0x0e, 0xff, 0xdf, 0x48, 0x0e, 0xff, 0xe0, 0x48, 0x0e, 0xff,
    0xe1, 0x48, 0x0d, 0xff, 0xe1, 0x48, 0x0d, 0xff, 0xe2, 0x48, 0x0d, 0xff,
    0xe2, 0x48, 0x0d, 0xff, 0xe3, 0x48, 0x0c, 0xff, 0xe3, 0x48, 0x0c, 0xff,
    0xe4, 0x48, 0x0c, 0xff, 0xe4, 0x48, 0x0c, 0xff, 0xe5, 0x48, 0x0b, 0xff,
    0xe5, 0x48, 0x0b, 0xff, 0xe6, 0x48, 0x0b, 0xff, 0xe7, 0x48, 0x0b, 0xff,
    0xe7, 0x48, 0x0b, 0xff, 0xe8, 0x48, 0x0a, 0xff, 0xe8, 0x48, 0x0a, 0xff,
    0xe9, 0x48, 0x0a, 0xff, 0xe9, 0x48, 0x0a, 0xff, 0xea, 0x48, 0x0a, 0xff,
    0xea, 0x48, 0x09, 0xff, 0xeb, 0x48, 0x09, 0xff, 0xeb, 0x48, 0x09, 0xff,
    0xec, 0x48, 0x08, 0xff, 0xec, 0x48, 0x08, 0xff, 0xed, 0x48, 0x08, 0xff,
    0xed, 0x48, 0x08, 0xff, 0xee, 0x48, 0x08, 0xff, 0xee, 0x48, 0x07, 0xff,
    0xef, 0x48, 0x07, 0xff, 0xef, 0x48, 0x07, 0xff, 0xf0, 0x48, 0x06, 0xff,
    0xf0, 0x48, 0x07, 0xff, 0xed, 0x48, 0x08, 0xb5, 0xfb, 0xf7, 0xf4, 0xff,
    0xfb, 0xf7, 0xf4, 0xff, 0xfb, 0xf7, 0xf4, 0xff, 0xfb, 0xf7, 0xf4, 0xff,
    0xfb, 0xf7, 0xf4, 0xff, 0xfb, 0xf7, 0xf4, 0xff, 0xfb, 0xf7, 0xf4, 0xff,
    0xfb, 0xf7, 0xf4, 0xff, 0xfb, 0xf7, 0xf4, 0xff, 0xfb, 0xf7, 0xf4, 0xff,
    0xfb, 0xf7, 0xf4, 0xff, 0xfb, 0xf7, 0xf4, 0xff, 0xfb, 0xf7, 0xf4, 0xff,
    0xfb, 0xf7, 0xf4, 0xff, 0xfb, 0xf7, 0xf4, 0xff, 0xfb, 0xf7, 0xf4, 0xff,
    0xfb, 0xf7, 0xf4, 0xff, 0xfb, 0xf7, 0xf4, 0xff, 0xfb, 0xf7, 0xf4, 0xff,
    0xfb, 0xf7, 0xf4, 0xff, 0xfb, 0xf7, 0xf4, 0xff, 0xfb, 0xf7, 0xf4, 0xff,
    0xfb, 0xf7, 0xf4, 0xff, 0xfb, 0xf7, 0xf4, 0xff, 0xfb, 0xf7, 0xf4, 0xff,
    0xfb, 0xf7, 0xf4, 0xff, 0xfb, 0xf7, 0xf4, 0xff, 0xfb, 0xf7, 0xf4, 0xff,
    0xfb, 0xf7, 0xf4, 0xff, 0xfb, 0xf7, 0xf4, 0xff, 0xfb, 0xf7, 0xf4, 0xff,
    0xfb, 0xf7, 0xf4, 0xff, 0xfb, 0xf7, 0xf4, 0xff, 0xfb, 0xf7, 0xf4, 0xff,
    0xfb, 0xf7, 0xf4, 0xff, 0xfb, 0xf7, 0xf4, 0xff, 0xeb, 0xa0, 0x82, 0xff,
    0xdb, 0x48, 0x0f, 0xff, 0xdc, 0x48, 0x0f, 0xff, 0xdc, 0x48, 0x0f, 0xff,
    0xdd, 0x48, 0x0f, 0xff, 0xdd, 0x48, 0x0e, 0xff, 0xde, 0x48, 0x0e, 0xff,
    0xde, 0x48, 0x0e, 0xff, 0xdf, 0x48, 0x0e, 0xff, 0xdf, 0x48, 0x0e, 0xff,
    0xe0, 0x48, 0x0e, 0xff, 0xe1, 0x48, 0x0d, 0xff, 0xe1, 0x48, 0x0d, 0xff,
    0xe2, 0x48, 0x0d, 0xff, 0xe2, 0x48, 0x0d, 0xff, 0xe3, 0x48, 0x0c, 0xff,
    0xe3, 0x48, 0x0c, 0xff, 0xe4, 0x48, 0x0c, 0xff, 0xe4, 0x48, 0x0c, 0xff,
    0xe5, 0x48, 0x0b, 0xff, 0xe5, 0x48, 0x0b, 0xff, 0xe6, 0x48, 0x0b, 0xff,
    0xe7, 0x48, 0x0b, 0xff, 0xe7, 0x48, 0x0b, 0xff, 0xe8, 0x48, 0x0a, 0xff,
    0xe8, 0x48, 0x0a, 0xff, 0xe9, 0x48, 0x0a, 0xff, 0xe9, 0x48, 0x0a, 0xff,
    0xea, 0x48, 0x0a, 0xff, 0xea, 0x48, 0x09, 0xff, 0xeb, 0x48, 0x09, 0xff,
    0xeb, 0x48, 0x09, 0xff, 0xec, 0x48, 0x08, 0xff, 0xec, 0x48, 0x08, 0xff,
    0xed, 0x48, 0x08, 0xff, 0xed, 0x48, 0x08, 0xff, 0xee, 0x48, 0x08, 0xff,
    0xee, 0x48, 0x07, 0xff, 0xef, 0x48, 0x07, 0xff, 0xef, 0x48, 0x07, 0xff,
    0xf0, 0x48, 0x06, 0xff, 0xf0, 0x48, 0x07, 0xff, 0xf1, 0x48, 0x07, 0xff,
    0xe1, 0x49, 0x0e, 0x6f, 0xfb, 0xf7, 0xf4, 0xff, 0xfb, 0xf7, 0xf4, 0xff,
    0xfb, 0xf7, 0xf4, 0xff, 0xfb, 0xf7, 0xf4, 0xff, 0xfb, 0xf7, 0xf4, 0xff,
    0xfb, 0xf7, 0xf4, 0xff, 0xfb, 0xf7, 0xf4, 0xff, 0xfb, 0xf7, 0xf4, 0xff,
    0xfb, 0xf7, 0xf4, 0xff, 0xfb, 0xf7, 0xf4, 0xff, 0xfb, 0xf7, 0xf4, 0xff,
    0xfb, 0xf7, 0xf4, 0xff, 0xfb, 0xf7, 0xf4, 0xff, 0xfb, 0xf7, 0xf4, 0xff,
    0xfb, 0xf7, 0xf4, 0xff, 0xfb, 0xf7, 0xf4, 0xff, 0xfb, 0xf7, 0xf4, 0xff,
    0xfb, 0xf7, 0xf4, 0xff, 0xfb, 0xf7, 0xf4, 0xff, 0xfb, 0xf7, 0xf4, 0xff,
    0xfb, 0xf7, 0xf4, 0xff, 0xfb, 0xf7, 0xf4, 0xff, 0xfb, 0xf7, 0xf4, 0xff,
    0xfb, 0xf7, 0xf4, 0xff, 0xfb, 0xf7, 0xf4, 0xff, 0xfb, 0xf7, 0xf4, 0xff,
    0xfb, 0xf7, 0xf4, 0xff, 0xfb, 0xf7, 0xf4, 0xff, 0xfb, 0xf7, 0xf4, 0xff,
    0xfb, 0xf7, 0xf4, 0xff, 0xfb, 0xf7, 0xf4, 0xff, 0xfb, 0xf7, 0xf4, 0xff,
    0xfb, 0xf7, 0xf4, 0xff, 0xfb, 0xf7, 0xf4, 0xff, 0xfb, 0xf7, 0xf4, 0xff,
    0xeb, 0xa0, 0x82, 0xff, 0xdb, 0x48, 0x0f, 0xff, 0xdc, 0x48, 0x0f, 0xff,
    0xdc, 0x48, 0x0f, 0xff, 0xdd, 0x48, 0x0f, 0xff, 0xdd, 0x48, 0x0e, 0xff,
    0xde, 0x48, 0x0e, 0xff, 0xde, 0x48, 0x0e, 0xff, 0xdf, 0x48, 0x0e, 0xff,
    0xdf, 0x48, 0x0e, 0xff, 0xe0, 0x48, 0x0e, 0xff, 0xe1, 0x48, 0x0d, 0xff,
    0xe1, 0x48, 0x0d, 0xff, 0xe2, 0x48, 0x0d, 0xff, 0xe2, 0x48, 0x0d, 0xff,
    0xe3, 0x48, 0x0c, 0xff, 0xe3, 0x48, 0x0c, 0xff, 0xe4, 0x48, 0x0c, 0xff,
    0xe4, 0x48, 0x0c, 0xff, 0xe5, 0x48, 0x0b, 0xff, 0xe5, 0x48, 0x0b, 0xff,
    0xe6, 0x48, 0x0b, 0xff, 0xe7, 0x48, 0x0b, 0xff, 0xe7, 0x48, 0x0b, 0xff,
    0xe8, 0x48, 0x0a, 0xff, 0xe8, 0x48, 0x0a, 0xff, 0xe9, 0x48, 0x0a, 0xff,
    0xe9, 0x48, 0x0a, 0xff, 0xea, 0x48, 0x0a, 0xff, 0xea, 0x48, 0x09, 0xff,
    0xeb, 0x48, 0x09, 0xff, 0xeb, 0x48, 0x09, 0xff, 0xec, 0x48, 0x08, 0xff,
    0xec, 0x48, 0x08, 0xff, 0xed, 0x48, 0x08, 0xff, 0xed, 0x48, 0x08, 0xff,
    0xee, 0x48, 0x08, 0xff, 0xee, 0x48, 0x07, 0xff, 0xef, 0x48, 0x07, 0xff,
    0xef, 0x48, 0x07, 0xff, 0xf0, 0x48, 0x06, 0xff, 0xf0, 0x48, 0x07, 0xff,
    0xf1, 0x48, 0x07, 0xff, 0xef, 0x48, 0x05, 0xe7, 0xaa, 0x4d, 0x27, 0x21,
    0xfb, 0xf7, 0xf4, 0xff, 0xfb, 0xf7, 0xf4, 0xff, 0xfb, 0xf7, 0xf4, 0xff,
    0xfb, 0xf7, 0xf4, 0xff, 0xfb, 0xf7, 0xf4, 0xff, 0xfb, 0xf7, 0xf4, 0xff,
    0xfb, 0xf7, 0xf4, 0xff, 0xfb, 0xf7, 0xf4, 0xff, 0xfb, 0xf7, 0xf4, 0xff,
    0xfb, 0xf7, 0xf4, 0xff, 0xfb, 0xf7, 0xf4, 0xff, 0xfb, 0xf7, 0xf4, 0xff,
    0xfb, 0xf7, 0xf4, 0xff, 0xfb, 0xf7, 0xf4, 0xff, 0xfb, 0xf7, 0xf4, 0xff,
    0xfb, 0xf7, 0xf4, 0xff, 0xfb, 0xf7, 0xf4, 0xff, 0xfb, 0xf7, 0xf4, 0xff,
    0xfb, 0xf7, 0xf4, 0xff, 0xfb, 0xf7, 0xf4, 0xff, 0xfb, 0xf7, 0xf4, 0xff,
    0xfb, 0xf7, 0xf4, 0xff, 0xfb, 0xf7, 0xf4, 0xff, 0xfb, 0xf7, 0xf4, 0xff,
    0xfb, 0xf7, 0xf4, 0xff, 0xfb, 0xf7, 0xf4, 0xff, 0xfb, 0xf7, 0xf4, 0xff,
    0xfb, 0xf7, 0xf4, 0xff, 0xfb, 0xf7, 0xf4, 0xff, 0xfb, 0xf7, 0xf4, 0xff,
    0xfb, 0xf7, 0xf4, 0xff, 0xfb, 0xf7, 0xf4, 0xff, 0xfb, 0xf7, 0xf4, 0xff,
    0xfb, 0xf7, 0xf4, 0xff, 0xeb, 0xa0, 0x82, 0xff, 0xdb, 0x48, 0x0f, 0xff,
    0xdc, 0x48, 0x0f, 0xff, 0xdc, 0x48, 0x0f, 0xff, 0xdd, 0x48, 0x0f, 0xff,
    0xdd, 0x48, 0x0e, 0xff, 0xde, 0x48, 0x0e, 0xff, 0xde, 0x48, 0x0e, 0xff,
    0xdf, 0x48, 0x0e, 0xff, 0xdf, 0x48, 0x0e, 0xff, 0xe0, 0x48, 0x0e, 0xff,
    0xe1, 0x48, 0x0d, 0xff, 0xe1, 0x48, 0x0d, 0xff, 0xe2, 0x48, 0x0d, 0xff,
    0xe2, 0x48, 0x0d, 0xff, 0xe3, 0x48, 0x0c, 0xff, 0xe3, 0x48, 0x0c, 0xff,
    0xe4, 0x48, 0x0c, 0xff, 0xe4, 0x48, 0x0c, 0xff, 0xe5, 0x48, 0x0b, 0xff,
    0xe5, 0x48, 0x0b, 0xff, 0xe6, 0x48, 0x0b, 0xff, 0xe7, 0x48, 0x0b, 0xff,
    0xe7, 0x48, 0x0b, 0xff, 0xe8, 0x48, 0x0a, 0xff, 0xe8, 0x48, 0x0a, 0xff,
    0xe9, 0x48, 0x0a, 0xff, 0xe9, 0x48, 0x0a, 0xff, 0xea, 0x48, 0x0a, 0xff,
    0xea, 0x48, 0x09, 0xff, 0xeb, 0x48, 0x09, 0xff, 0xeb, 0x48, 0x09, 0xff,
    0xec, 0x48, 0x08, 0xff, 0xec, 0x48, 0x08, 0xff, 0xed, 0x48, 0x08, 0xff,
    0xed, 0x48, 0x08, 0xff, 0xee, 0x48, 0x08, 0xff, 0xee, 0x48, 0x07, 0xff,
    0xef, 0x48, 0x07, 0xff, 0xef, 0x48, 0x07, 0xff, 0xf0, 0x48, 0x06, 0xff,
    0xf0, 0x48, 0x07, 0xff, 0xf1, 0x48, 0x07, 0xff, 0xf1, 0x48, 0x06, 0xff,
    0xdf, 0x4a, 0x0c, 0x68, 0x99, 0x52, 0x33, 0x19, 0xfb, 0xf7, 0xf4, 0xff,
    0xfb, 0xf7, 0xf4, 0xff, 0xfb, 0xf7, 0xf4, 0xff, 0xfb, 0xf7, 0xf4, 0xff,
    0xfb, 0xf7, 0xf4, 0xff, 0xfb, 0xf7, 0xf4, 0xff, 0xfb, 0xf7, 0xf4, 0xff,
    0xfb, 0xf7, 0xf4, 0xff, 0xfb, 0xf7, 0xf4, 0xff, 0xfb, 0xf7, 0xf4, 0xff,
    0xfb, 0xf7, 0xf4, 0xff, 0xfb, 0xf7, 0xf4, 0xff, 0xfb, 0xf7, 0xf4, 0xff,
    0xfb, 0xf7, 0xf4, 0xff, 0xfb, 0xf7, 0xf4, 0xff, 0xfb, 0xf7, 0xf4, 0xff,
    0xfb, 0xf7, 0xf4, 0xff, 0xfb, 0xf7, 0xf4, 0xff, 0xfb, 0xf7, 0xf4, 0xff,
    0xfb, 0xf7, 0xf4, 0xff, 0xfb, 0xf7, 0xf4, 0xff, 0xfb, 0xf7, 0xf4, 0xff,
    0xfb, 0xf7, 0xf4, 0xff, 0xfb, 0xf7, 0xf4, 0xff, 0xfb, 0xf7, 0xf4, 0xff,
    0xfb, 0xf7, 0xf4, 0xff, 0xfb, 0xf7, 0xf4, 0xff, 0xfb, 0xf7, 0xf4, 0xff,
    0xfb, 0xf7, 0xf4, 0xff, 0xfb, 0xf7, 0xf4, 0xff, 0xfb, 0xf7, 0xf4, 0xff,
    0xfb, 0xf7, 0xf4, 0xff, 0xfb, 0xf7, 0xf4, 0xff, 0xeb, 0xa0, 0x82, 0xff,
    0xdb, 0x48, 0x0f, 0xff, 0xdc, 0x48, 0x0f, 0xff, 0xdc, 0x48, 0x0f, 0xff,
    0xdd, 0x48, 0x0f, 0xff, 0xdd, 0x48, 0x0e, 0xff, 0xde, 0x48, 0x0e, 0xff,
    0xde, 0x48, 0x0e, 0xff, 0xdf, 0x48, 0x0e, 0xff, 0xdf, 0x48, 0x0e, 0xff,
    0xe0, 0x48, 0x0e, 0xff, 0xe1, 0x48, 0x0d, 0xff, 0xe1, 0x48, 0x0d, 0xff,
    0xe2, 0x48, 0x0d, 0xff, 0xe2, 0x48, 0x0d, 0xff, 0xe3, 0x48, 0x0c, 0xff,
    0xe3, 0x48, 0x0c, 0xff, 0xe4, 0x48, 0x0c, 0xff, 0xe4, 0x48, 0x0c, 0xff,
    0xe5, 0x48, 0x0b, 0xff, 0xe5, 0x48, 0x0b, 0xff, 0xe6, 0x48, 0x0b, 0xff,
    0xe7, 0x48, 0x0b, 0xff, 0xe7, 0x48, 0x0b, 0xff, 0xe8, 0x48, 0x0a, 0xff,
    0xe8, 0x48, 0x0a, 0xff, 0xe9, 0x48, 0x0a, 0xff, 0xe9, 0x48, 0x0a, 0xff,
    0xea, 0x48, 0x0a, 0xff, 0xea, 0x48, 0x09, 0xff, 0xeb, 0x48, 0x09, 0xff,
    0xeb, 0x48, 0x09, 0xff, 0xec, 0x48, 0x08, 0xff, 0xec, 0x48, 0x08, 0xff,
    0xed, 0x48, 0x08, 0xff, 0xed, 0x48, 0x08, 0xff, 0xee, 0x48, 0x08, 0xff,
    0xee, 0x48, 0x07, 0xff, 0xef, 0x48, 0x07, 0xff, 0xef, 0x48, 0x07, 0xff,
    0xf0, 0x48, 0x06, 0xff, 0xf0, 0x48, 0x07, 0xff, 0xf1, 0x48, 0x07, 0xff,
    0xf1, 0x48, 0x06, 0xff, 0xe9, 0x48, 0x08, 0x98, 0x93, 0x4e, 0x27, 0x1a,
    0x90, 0x4e, 0x2c, 0x17, 0xfb, 0xf7, 0xf4, 0xff, 0xfb, 0xf7, 0xf4, 0xff,
    0xfb, 0xf7, 0xf4, 0xff, 0xfb, 0xf7, 0xf4, 0xff, 0xfb, 0xf7, 0xf4, 0xff,
    0xfb, 0xf7, 0xf4, 0xff, 0xfb, 0xf7, 0xf4, 0xff, 0xfb, 0xf7, 0xf4, 0xff,
    0xfb, 0xf7, 0xf4, 0xff, 0xfb, 0xf7, 0xf4, 0xff, 0xfb, 0xf7, 0xf4, 0xff,
    0xfb, 0xf7, 0xf4, 0xff, 0xfb, 0xf7, 0xf4, 0xff, 0xfb, 0xf7, 0xf4, 0xff,
    0xfb, 0xf7, 0xf4, 0xff, 0xfb, 0xf7, 0xf4, 0xff, 0xfb, 0xf7, 0xf4, 0xff,
    0xfb, 0xf7, 0xf4, 0xff, 0xfb, 0xf7, 0xf4, 0xff, 0xfb, 0xf7, 0xf4, 0xff,
    0xfb, 0xf7, 0xf4, 0xff, 0xfb, 0xf7, 0xf4, 0xff, 0xfb, 0xf7, 0xf4, 0xff,
    0xfb, 0xf7, 0xf4, 0xff, 0xfb, 0xf7, 0xf4, 0xff, 0xfb, 0xf7, 0xf4, 0xff,
    0xfb, 0xf7, 0xf4, 0xff, 0xfb, 0xf7, 0xf4, 0xff, 0xfb, 0xf7, 0xf4, 0xff,
    0xfb, 0xf7, 0xf4, 0xff, 0xfb, 0xf7, 0xf4, 0xff, 0xfb, 0xf7, 0xf4, 0xff,
    0xeb, 0xa0, 0x82, 0xff, 0xdb, 0x48, 0x0f, 0xff, 0xdc, 0x48, 0x0f, 0xff,
    0xdc, 0x48, 0x0f, 0xff, 0xdd, 0x48, 0x0f, 0xff, 0xdd, 0x48, 0x0e, 0xff,
    0xde, 0x48, 0x0e, 0xff, 0xde, 0x48, 0x0e, 0xff, 0xdf, 0x48, 0x0e, 0xff,
    0xdf, 0x48, 0x0e, 0xff, 0xe0, 0x48, 0x0e, 0xff, 0xe1, 0x48, 0x0d, 0xff,
    0xe1, 0x48, 0x0d, 0xff, 0xe2, 0x48, 0x0d, 0xff, 0xe2, 0x48, 0x0d, 0xff,
    0xe3, 0x48, 0x0c, 0xff, 0xe3, 0x48, 0x0c, 0xff, 0xe4, 0x48, 0x0c, 0xff,
    0xe4, 0x48, 0x0c, 0xff, 0xe5, 0x48, 0x0b, 0xff, 0xe5, 0x48, 0x0b, 0xff,
    0xe6, 0x48, 0x0b, 0xff, 0xe7, 0x48, 0x0b, 0xff, 0xe7, 0x48, 0x0b, 0xff,
    0xe8, 0x48, 0x0a, 0xff, 0xe8, 0x48, 0x0a, 0xff, 0xe9, 0x48, 0x0a, 0xff,
    0xe9, 0x48, 0x0a, 0xff, 0xea, 0x48, 0x0a, 0xff, 0xea, 0x48, 0x09, 0xff,
    0xeb, 0x48, 0x09, 0xff, 0xeb, 0x48, 0x09, 0xff, 0xec, 0x48, 0x08, 0xff,
    0xec, 0x48, 0x08, 0xff, 0xed, 0x48, 0x08, 0xff, 0xed, 0x48, 0x08, 0xff,
    0xee, 0x48, 0x08, 0xff, 0xee, 0x48, 0x07, 0xff, 0xef, 0x48, 0x07, 0xff,
    0xef, 0x48, 0x07, 0xff, 0xf0, 0x48, 0x06, 0xff, 0xf0, 0x48, 0x07, 0xff,
    0xf1, 0x48, 0x07, 0xff, 0xf1, 0x48, 0x06, 0xff, 0xea, 0x47, 0x09, 0xa1,
    0x9e, 0x46, 0x23, 0x1d, 0x95, 0x4a, 0x2a, 0x18, 0x97, 0x51, 0x3a, 0x16,
    0xfb, 0xf7, 0xf4, 0xff, 0xfb, 0xf7, 0xf4, 0xff, 0xfb, 0xf7, 0xf4, 0xff,
    0xfb, 0xf7, 0xf4, 0xff, 0xfb, 0xf7, 0xf4, 0xff, 0xfb, 0xf7, 0xf4, 0xff,
    0xfb, 0xf7, 0xf4, 0xff, 0xfb, 0xf7, 0xf4, 0xff, 0xfb, 0xf7, 0xf4, 0xff,
    0xfb, 0xf7, 0xf4, 0xff, 0xfb, 0xf7, 0xf4, 0xff, 0xfb, 0xf7, 0xf4, 0xff,
    0xfb, 0xf7, 0xf4, 0xff, 0xfb, 0xf7, 0xf4, 0xff, 0xfb, 0xf7, 0xf4, 0xff,
    0xfb, 0xf7, 0xf4, 0xff, 0xfb, 0xf7, 0xf4, 0xff, 0xfb, 0xf7, 0xf4, 0xff,
    0xfb, 0xf7, 0xf4, 0xff, 0xfb, 0xf7, 0xf4, 0xff, 0xfb, 0xf7, 0xf4, 0xff,
    0xfb, 0xf7, 0xf4, 0xff, 0xfb, 0xf7, 0xf4, 0xff, 0xfb, 0xf7, 0xf4, 0xff,
    0xfb, 0xf7, 0xf4, 0xff, 0xfb, 0xf7, 0xf4, 0xff, 0xfb, 0xf7, 0xf4, 0xff,
    0xfb, 0xf7, 0xf4, 0xff, 0xfb, 0xf7, 0xf4, 0xff, 0xfb, 0xf7, 0xf4, 0xff,
    0xfb, 0xf7, 0xf4, 0xff, 0xeb, 0xa0, 0x82, 0xff, 0xdb, 0x48, 0x0f, 0xff,
    0xdc, 0x48, 0x0f, 0xff, 0xdc, 0x48, 0x0f, 0xff, 0xdd, 0x48, 0x0f, 0xff,
    0xdd, 0x48, 0x0e, 0xff, 0xde, 0x48, 0x0e, 0xff, 0xde, 0x48, 0x0e, 0xff,
    0xdf, 0x48, 0x0e, 0xff, 0xdf, 0x48, 0x0e, 0xff, 0xe0, 0x48, 0x0e, 0xff,
    0xe1, 0x48, 0x0d, 0xff, 0xe1, 0x48, 0x0d, 0xff, 0xe2, 0x48, 0x0d, 0xff,
    0xe2, 0x48, 0x0d, 0xff, 0xe3, 0x48, 0x0c, 0xff, 0xe3, 0x48, 0x0c, 0xff,
    0xe4, 0x48, 0x0c, 0xff, 0xe4, 0x48, 0x0c, 0xff, 0xe5, 0x48, 0x0b, 0xff,
    0xe5, 0x48, 0x0b, 0xff, 0xe6, 0x48, 0x0b, 0xff, 0xe7, 0x48, 0x0b, 0xff,
    0xe7, 0x48, 0x0b, 0xff, 0xe8, 0x48, 0x0a, 0xff, 0xe8, 0x48, 0x0a, 0xff,
    0xe9, 0x48, 0x0a, 0xff, 0xe9, 0x48, 0x0a, 0xff, 0xea, 0x48, 0x0a, 0xff,
    0xea, 0x48, 0x09, 0xff, 0xeb, 0x48, 0x09, 0xff, 0xeb, 0x48, 0x09, 0xff,
    0xec, 0x48, 0x08, 0xff, 0xec, 0x48, 0x08, 0xff, 0xed, 0x48, 0x08, 0xff,
    0xed, 0x48, 0x08, 0xff, 0xee, 0x48, 0x08, 0xff, 0xee, 0x48, 0x07, 0xff,
    0xef, 0x48, 0x07, 0xff, 0xef, 0x48, 0x07, 0xff, 0xf0, 0x48, 0x06, 0xff,
    0xf0, 0x48, 0x07, 0xff, 0xf1, 0x48, 0x07, 0xff, 0xef, 0x48, 0x07, 0xdf,
    0xdf, 0x47, 0x0c, 0x68, 0x8e, 0x42, 0x26, 0x1b, 0x95, 0x4a, 0x2a, 0x18,
    0x90, 0x4e, 0x2c, 0x17, 0x99, 0x59, 0x33, 0x14, 0xfb, 0xf7, 0xf4, 0xff,
    0xfb, 0xf7, 0xf4, 0xff, 0xfb, 0xf7, 0xf4, 0xff, 0xfb, 0xf7, 0xf4, 0xff,
    0xfb, 0xf7, 0xf4, 0xff, 0xfb, 0xf7, 0xf4, 0xff, 0xfb, 0xf7, 0xf4, 0xff,
    0xfb, 0xf7, 0xf4, 0xff, 0xfb, 0xf7, 0xf4, 0xff, 0xfb, 0xf7, 0xf4, 0xff,
    0xfb, 0xf7, 0xf4, 0xff, 0xfb, 0xf7, 0xf4, 0xff, 0xfb, 0xf7, 0xf4, 0xff,
    0xfb, 0xf7, 0xf4, 0xff, 0xfb, 0xf7, 0xf4, 0xff, 0xfb, 0xf7, 0xf4, 0xff,
    0xfb, 0xf7, 0xf4, 0xff, 0xfb, 0xf7, 0xf4, 0xff, 0xfb, 0xf7, 0xf4, 0xff,
    0xfb, 0xf7, 0xf4, 0xff, 0xfb, 0xf7, 0xf4, 0xff, 0xfb, 0xf7, 0xf4, 0xff,
    0xfb, 0xf7, 0xf4, 0xff, 0xfb, 0xf7, 0xf4, 0xff, 0xfb, 0xf7, 0xf4, 0xff,
    0xfb, 0xf7, 0xf4, 0xff, 0xfb, 0xf7, 0xf4, 0xff, 0xfb, 0xf7, 0xf4, 0xff,
    0xfb, 0xf7, 0xf4, 0xff, 0xfb, 0xf7, 0xf4, 0xff, 0xeb, 0xa0, 0x82, 0xff,
    0xdb, 0x48, 0x0f, 0xff, 0xdc, 0x48, 0x0f, 0xff, 0xdc, 0x48, 0x0f, 0xff,
    0xdd, 0x48, 0x0f, 0xff, 0xdd, 0x48, 0x0e, 0xff, 0xde, 0x48, 0x0e, 0xff,
    0xde, 0x48, 0x0e, 0xff, 0xdf, 0x48, 0x0e, 0xff, 0xdf, 0x48, 0x0e, 0xff,
    0xe0, 0x48, 0x0e, 0xff, 0xe1, 0x48, 0x0d, 0xff, 0xe1, 0x48, 0x0d, 0xff,
    0xe2, 0x48, 0x0d, 0xff, 0xe2, 0x48, 0x0d, 0xff, 0xe3, 0x48, 0x0c, 0xff,
    0xe3, 0x48, 0x0c, 0xff, 0xe4, 0x48, 0x0c, 0xff, 0xe4, 0x48, 0x0c, 0xff,
    0xe5, 0x48, 0x0b, 0xff, 0xe5, 0x48, 0x0b, 0xff, 0xe6, 0x48, 0x0b, 0xff,
    0xe7, 0x48, 0x0b, 0xff, 0xe7, 0x48, 0x0b, 0xff, 0xe8, 0x48, 0x0a, 0xff,
    0xe8, 0x48, 0x0a, 0xff, 0xe9, 0x48, 0x0a, 0xff, 0xe9, 0x48, 0x0a, 0xff,
    0xea, 0x48, 0x0a, 0xff, 0xea, 0x48, 0x09, 0xff, 0xeb, 0x48, 0x09, 0xff,
    0xeb, 0x48, 0x09, 0xff, 0xec, 0x48, 0x08, 0xff, 0xec, 0x48, 0x08, 0xff,
    0xed, 0x48, 0x08, 0xff, 0xed, 0x48, 0x08, 0xff, 0xee, 0x48, 0x08, 0xff,
    0xee, 0x48, 0x07, 0xff, 0xef, 0x48, 0x07, 0xff, 0xef, 0x48, 0x07, 0xff,
    0xf0, 0x48, 0x06, 0xfb, 0xee, 0x48, 0x07, 0xe3, 0xeb, 0x47, 0x08, 0xb6,
    0xe1, 0x48, 0x0c, 0x6e, 0xa2, 0x3e, 0x17, 0x21, 0x89, 0x45, 0x1d, 0x1a,
    0x8a, 0x40, 0x20, 0x18, 0x97, 0x51, 0x2e, 0x16, 0x92, 0x55, 0x31, 0x15,
    0x96, 0x5a, 0x3c, 0x11
};
