// 4.26.1 0x460e2fa6 D2 R0 FRGB565 U565 N0 SExtFlashSection
// Generated by imageconverter. Please, do not edit!

#include <touchgfx/hal/Config.hpp>

LOCATION_PRAGMA("ExtFlashSection")
KEEP extern const unsigned char image_weather_info_bg_selected[] LOCATION_ATTRIBUTE("ExtFlashSection") = { // 261x122 RGB565 pixels.
    0x00, 0x00, 0x00, 0x00, 0x00, 0x00, 0x00, 0x00, 0x00, 0x00, 0x00, 0x00,
    0x00, 0x00, 0x00, 0x00, 0x00, 0x00, 0x00, 0x00, 0x00, 0x00, 0x00, 0x00,
    0x00, 0x00, 0x00, 0x00, 0xa7, 0x31, 0x8e, 0x73, 0x15, 0xa5, 0x39, 0xc6,
    0xfc, 0xde, 0x5e, 0xef, 0x7e, 0xef, 0x7e, 0xef, 0x9f, 0xef, 0x7e, 0xef,
    0x7e, 0xef, 0x9f, 0xef, 0x7e, 0xef, 0x7e, 0xef, 0x9f, 0xef, 0x7e, 0xef,
    0x7e, 0xef, 0x9f, 0xef, 0x7e, 0xef, 0x7e, 0xef, 0x9f, 0xef, 0x7e, 0xef,
    0x7e, 0xef, 0x9f, 0xef, 0x7e, 0xef, 0x7e, 0xef, 0x9f, 0xef, 0x7e, 0xef,
    0x7e, 0xef, 0x9f, 0xef, 0x7e, 0xef, 0x7e, 0xef, 0x9f, 0xef, 0x7e, 0xef,
    0x7e, 0xef, 0x9f, 0xef, 0x7e, 0xef, 0x7e, 0xef, 0x9f, 0xef, 0x7e, 0xef,
    0x7e, 0xef, 0x9f, 0xef, 0x7e, 0xef, 0x7e, 0xef, 0x9f, 0xef, 0x7e, 0xef,
    0x7e, 0xef, 0x9f, 0xef, 0x7e, 0xef, 0x7e, 0xef, 0x9f, 0xef, 0x7e, 0xef,
    0x7e, 0xef, 0x9f, 0xef, 0x7e, 0xef, 0x7e, 0xef, 0x9f, 0xef, 0x7e, 0xef,
    0x7e, 0xef, 0x9f, 0xef, 0x7e, 0xef, 0x7e, 0xef, 0x9f, 0xef, 0x7e, 0xef,
    0x7e, 0xef, 0x9f, 0xef, 0x7e, 0xef, 0x7e, 0xef, 0x9f, 0xef, 0x7e, 0xef,
    0x7e, 0xef, 0x9f, 0xef, 0x7e, 0xef, 0x7e, 0xef, 0x9f, 0xef, 0x7e, 0xef,
    0x7e, 0xef, 0x9f, 0xef, 0x7e, 0xef, 0x7e, 0xef, 0x9f, 0xef, 0x7e, 0xef,
    0x7e, 0xef, 0x9f, 0xef, 0x7e, 0xef, 0x7e, 0xef, 0x9f, 0xef, 0x7e, 0xef,
    0x7e, 0xef, 0x9f, 0xef, 0x7e, 0xef, 0x7e, 0xef, 0x9f, 0xef, 0x7e, 0xef,
    0x7e, 0xef, 0x9f, 0xef, 0x7e, 0xef, 0x7e, 0xef, 0x9f, 0xef, 0x7e, 0xef,
    0x7e, 0xef, 0x9f, 0xef, 0x7e, 0xef, 0x7e, 0xef, 0x9f, 0xef, 0x7e, 0xef,
    0x7e, 0xef, 0x9f, 0xef, 0x7e, 0xef, 0x7e, 0xef, 0x9f, 0xef, 0x7e, 0xef,
    0x7e, 0xef, 0x9f, 0xef, 0x7e, 0xef, 0x7e, 0xef, 0x9f, 0xef, 0x7e, 0xef,
    0x7e, 0xef, 0x9f, 0xef, 0x7e, 0xef, 0x7e, 0xef, 0x9f, 0xef, 0x7e, 0xef,
    0x7e, 0xef, 0x9f, 0xef, 0x7e, 0xef, 0x7e, 0xef, 0x9f, 0xef, 0x7e, 0xef,
    0x7e, 0xef, 0x9f, 0xef, 0x7e, 0xef, 0x7e, 0xef, 0x9f, 0xef, 0x7e, 0xef,
    0x7e, 0xef, 0x9f, 0xef, 0x7e, 0xef, 0x7e, 0xef, 0x9f, 0xef, 0x7e, 0xef,
    0x7e, 0xef, 0x9f, 0xef, 0x7e, 0xef, 0x7e, 0xef, 0x9f, 0xef, 0x7e, 0xef,
    0x7e, 0xef, 0x9f, 0xef, 0x7e, 0xef, 0x7e, 0xef, 0x9f, 0xef, 0x7e, 0xef,
    0x7e, 0xef, 0x9f, 0xef, 0x7e, 0xef, 0x7e, 0xef, 0x9f, 0xef, 0x7e, 0xef,
    0x7e, 0xef, 0x9f, 0xef, 0x7e, 0xef, 0x7e, 0xef, 0x9f, 0xef, 0x7e, 0xef,
    0x7e, 0xef, 0x9f, 0xef, 0x7e, 0xef, 0x7e, 0xef, 0x9f, 0xef, 0x7e, 0xef,
    0x7e, 0xef, 0x9f, 0xef, 0x7e, 0xef, 0x7e, 0xef, 0x9f, 0xef, 0x7e, 0xef,
    0x7e, 0xef, 0x9f, 0xef, 0x7e, 0xef, 0x7e, 0xef, 0x9f, 0xef, 0x7e, 0xef,
    0x7e, 0xef, 0x9f, 0xef, 0x7e, 0xef, 0x7e, 0xef, 0x9f, 0xef, 0x7e, 0xef,
    0x7e, 0xef, 0x9f, 0xef, 0x7e, 0xef, 0x7e, 0xef, 0x9f, 0xef, 0x7e, 0xef,
    0x7e, 0xef, 0x9f, 0xef, 0x7e, 0xef, 0x7e, 0xef, 0x9f, 0xef, 0x7e, 0xef,
    0x7e, 0xef, 0x9f, 0xef, 0x7e, 0xef, 0x7e, 0xef, 0x9f, 0xef, 0x7e, 0xef,
    0x7e, 0xef, 0x9f, 0xef, 0x7e, 0xef, 0x7e, 0xef, 0x9f, 0xef, 0x7e, 0xef,
    0x7e, 0xef, 0x9f, 0xef, 0x7e, 0xef, 0x7e, 0xef, 0x9f, 0xef, 0x7e, 0xef,
    0x7e, 0xef, 0x9f, 0xef, 0x7e, 0xef, 0x7e, 0xef, 0x9f, 0xef, 0x7e, 0xef,
    0x7e, 0xef, 0x9f, 0xef, 0x7e, 0xef, 0x7e, 0xef, 0x9f, 0xef, 0x7e, 0xef,
    0x7e, 0xef, 0x9f, 0xef, 0x7e, 0xef, 0x7e, 0xef, 0x9f, 0xef, 0x7e, 0xef,
    0x7e, 0xef, 0x9f, 0xef, 0x7e, 0xef, 0x7e, 0xef, 0x9f, 0xef, 0x7e, 0xef,
    0x7e, 0xef, 0x9f, 0xef, 0x7e, 0xef, 0x00, 0x00, 0x00, 0x00, 0x00, 0x00,
    0x00, 0x00, 0x00, 0x00, 0x00, 0x00, 0x00, 0x00, 0x00, 0x00, 0x00, 0x00,
    0x00, 0x00, 0x00, 0x00, 0xc3, 0x18, 0xf0, 0x83, 0xbb, 0xd6, 0x7e, 0xef,
    0x9f, 0xef, 0x7e, 0xef, 0x7e, 0xef, 0x9f, 0xef, 0x7f, 0xf7, 0x9e, 0xef,
    0x9f, 0xef, 0x7f, 0xf7, 0x9e, 0xf7, 0x7f, 0xef, 0x9f, 0xf7, 0x7e, 0xf7,
    0x9f, 0xef, 0x9f, 0xf7, 0x7e, 0xf7, 0x9f, 0xef, 0x7f, 0xf7, 0x9e, 0xf7,
    0x7f, 0xef, 0x9f, 0xf7, 0x7e, 0xf7, 0x9f, 0xef, 0x9f, 0xf7, 0x7e, 0xf7,
    0x9f, 0xef, 0x7f, 0xf7, 0x9e, 0xf7, 0x7f, 0xef, 0x9f, 0xf7, 0x7e, 0xf7,
    0x9f, 0xef, 0x9f, 0xf7, 0x7e, 0xf7, 0x9f, 0xef, 0x7f, 0xf7, 0x9e, 0xf7,
    0x7f, 0xef, 0x9f, 0xf7, 0x7e, 0xf7, 0x9f, 0xef, 0x9f, 0xf7, 0x7e, 0xf7,
    0x9f, 0xef, 0x7f, 0xf7, 0x9e, 0xf7, 0x7f, 0xef, 0x9f, 0xf7, 0x7e, 0xf7,
    0x9f, 0xef, 0x9f, 0xf7, 0x7e, 0xf7, 0x9f, 0xef, 0x7f, 0xf7, 0x9e, 0xf7,
    0x7f, 0xef, 0x9f, 0xf7, 0x7e, 0xf7, 0x9f, 0xef, 0x9f, 0xf7, 0x7e, 0xf7,
    0x9f, 0xef, 0x7f, 0xf7, 0x9e, 0xf7, 0x7f, 0xef, 0x9f, 0xf7, 0x7e, 0xf7,
    0x9f, 0xef, 0x9f, 0xf7, 0x7e, 0xf7, 0x9f, 0xef, 0x7f, 0xf7, 0x9e, 0xf7,
    0x7f, 0xef, 0x9f, 0xf7, 0x7e, 0xf7, 0x9f, 0xef, 0x9f, 0xf7, 0x7e, 0xf7,
    0x9f, 0xef, 0x7f, 0xf7, 0x9e, 0xf7, 0x7f, 0xef, 0x9f, 0xf7, 0x7e, 0xf7,
    0x9f, 0xef, 0x9f, 0xf7, 0x7e, 0xf7, 0x9f, 0xef, 0x7f, 0xf7, 0x9e, 0xf7,
    0x7f, 0xef, 0x9f, 0xf7, 0x7e, 0xf7, 0x9f, 0xef, 0x9f, 0xf7, 0x7e, 0xf7,
    0x9f, 0xef, 0x7f, 0xf7, 0x9e, 0xf7, 0x7f, 0xef, 0x9f, 0xf7, 0x7e, 0xf7,
    0x9f, 0xef, 0x9f, 0xf7, 0x7e, 0xf7, 0x9f, 0xef, 0x7f, 0xf7, 0x9e, 0xf7,
    0x7f, 0xef, 0x9f, 0xf7, 0x7e, 0xf7, 0x9f, 0xef, 0x9f, 0xf7, 0x7e, 0xf7,
    0x9f, 0xef, 0x7f, 0xf7, 0x9e, 0xf7, 0x7f, 0xef, 0x9f, 0xf7, 0x7e, 0xf7,
    0x9f, 0xef, 0x9f, 0xf7, 0x7e, 0xf7, 0x9f, 0xef, 0x7f, 0xf7, 0x9e, 0xf7,
    0x7f, 0xef, 0x9f, 0xf7, 0x7e, 0xf7, 0x9f, 0xef, 0x9f, 0xf7, 0x7e, 0xf7,
    0x9f, 0xef, 0x7f, 0xf7, 0x9e, 0xf7, 0x7f, 0xef, 0x9f, 0xf7, 0x7e, 0xf7,
    0x9f, 0xef, 0x9f, 0xf7, 0x7e, 0xf7, 0x9f, 0xef, 0x7f, 0xf7, 0x9e, 0xf7,
    0x7f, 0xef, 0x9f, 0xf7, 0x7e, 0xf7, 0x9f, 0xef, 0x9f, 0xf7, 0x7e, 0xf7,
    0x9f, 0xef, 0x7f, 0xf7, 0x9e, 0xf7, 0x7f, 0xef, 0x9f, 0xf7, 0x7e, 0xf7,
    0x9f, 0xef, 0x9f, 0xf7, 0x7e, 0xf7, 0x9f, 0xef, 0x7f, 0xf7, 0x9e, 0xf7,
    0x7f, 0xef, 0x9f, 0xf7, 0x7e, 0xf7, 0x9f, 0xef, 0x9f, 0xf7, 0x7e, 0xf7,
    0x9f, 0xef, 0x7f, 0xf7, 0x9e, 0xf7, 0x7f, 0xef, 0x9f, 0xf7, 0x7e, 0xf7,
    0x9f, 0xef, 0x9f, 0xf7, 0x7e, 0xf7, 0x9f, 0xef, 0x7f, 0xf7, 0x9e, 0xf7,
    0x7f, 0xef, 0x9f, 0xf7, 0x7e, 0xf7, 0x9f, 0xef, 0x9f, 0xf7, 0x7e, 0xf7,
    0x9f, 0xef, 0x7f, 0xf7, 0x9e, 0xf7, 0x7f, 0xef, 0x9f, 0xf7, 0x7e, 0xf7,
    0x9f, 0xef, 0x9f, 0xf7, 0x7e, 0xf7, 0x9f, 0xef, 0x7f, 0xf7, 0x9e, 0xf7,
    0x7f, 0xef, 0x9f, 0xf7, 0x7e, 0xf7, 0x9f, 0xef, 0x9f, 0xf7, 0x7e, 0xf7,
    0x9f, 0xef, 0x7f, 0xf7, 0x9e, 0xf7, 0x7f, 0xef, 0x9f, 0xf7, 0x7e, 0xf7,
    0x9f, 0xef, 0x9f, 0xf7, 0x7e, 0xf7, 0x9f, 0xef, 0x7f, 0xf7, 0x9e, 0xf7,
    0x7f, 0xef, 0x9f, 0xf7, 0x7e, 0xf7, 0x9f, 0xef, 0x9f, 0xf7, 0x7e, 0xf7,
    0x9f, 0xef, 0x7f, 0xf7, 0x9e, 0xf7, 0x7f, 0xef, 0x9f, 0xf7, 0x7e, 0xf7,
    0x9f, 0xef, 0x9f, 0xf7, 0x7e, 0xf7, 0x9f, 0xef, 0x7f, 0xf7, 0x9e, 0xf7,
    0x7f, 0xef, 0x9f, 0xf7, 0x7e, 0xf7, 0x9f, 0xef, 0x9f, 0xf7, 0x7e, 0xf7,
    0x9f, 0xef, 0x7f, 0xf7, 0x9e, 0xf7, 0x7f, 0xef, 0x9f, 0xf7, 0x7e, 0xef,
    0x00, 0x00, 0x00, 0x00, 0x00, 0x00, 0x00, 0x00, 0x00, 0x00, 0x00, 0x00,
    0x00, 0x00, 0x00, 0x00, 0x00, 0x00, 0x82, 0x10, 0x72, 0x8c, 0x5e, 0xef,
    0x9f, 0xef, 0x9e, 0xef, 0x7f, 0xf7, 0x9f, 0xf7, 0x9e, 0xef, 0x7f, 0xf7,
    0x9e, 0xf7, 0x7e, 0xef, 0x7f, 0xef, 0x9e, 0xf7, 0x7e, 0xef, 0x9f, 0xef,
    0x9e, 0xf7, 0x7e, 0xef, 0x9f, 0xef, 0x7e, 0xf7, 0x7e, 0xef, 0x9f, 0xef,
    0x7e, 0xf7, 0x9e, 0xef, 0x7f, 0xef, 0x9e, 0xf7, 0x7e, 0xef, 0x9f, 0xef,
    0x7e, 0xf7, 0x7e, 0xef, 0x9f, 0xef, 0x7e, 0xf7, 0x9e, 0xef, 0x7f, 0xef,
    0x9e, 0xf7, 0x7e, 0xef, 0x9f, 0xef, 0x7e, 0xf7, 0x7e, 0xef, 0x9f, 0xef,
    0x7e, 0xf7, 0x9e, 0xef, 0x7f, 0xef, 0x9e, 0xf7, 0x7e, 0xef, 0x9f, 0xef,
    0x7e, 0xf7, 0x7e, 0xef, 0x9f, 0xef, 0x7e, 0xf7, 0x9e, 0xef, 0x7f, 0xef,
    0x9e, 0xf7, 0x7e, 0xef, 0x9f, 0xef, 0x7e, 0xf7, 0x7e, 0xef, 0x9f, 0xef,
    0x7e, 0xf7, 0x9e, 0xef, 0x7f, 0xef, 0x9e, 0xf7, 0x7e, 0xef, 0x9f, 0xef,
    0x7e, 0xf7, 0x7e, 0xef, 0x9f, 0xef, 0x7e, 0xf7, 0x9e, 0xef, 0x7f, 0xef,
    0x9e, 0xf7, 0x7e, 0xef, 0x9f, 0xef, 0x7e, 0xf7, 0x7e, 0xef, 0x9f, 0xef,
    0x7e, 0xf7, 0x9e, 0xef, 0x7f, 0xef, 0x9e, 0xf7, 0x7e, 0xef, 0x9f, 0xef,
    0x7e, 0xf7, 0x7e, 0xef, 0x9f, 0xef, 0x7e, 0xf7, 0x9e, 0xef, 0x7f, 0xef,
    0x9e, 0xf7, 0x7e, 0xef, 0x9f, 0xef, 0x7e, 0xf7, 0x7e, 0xef, 0x9f, 0xef,
    0x7e, 0xf7, 0x9e, 0xef, 0x7f, 0xef, 0x9e, 0xf7, 0x7e, 0xef, 0x9f, 0xef,
    0x7e, 0xf7, 0x7e, 0xef, 0x9f, 0xef, 0x7e, 0xf7, 0x9e, 0xef, 0x7f, 0xef,
    0x9e, 0xf7, 0x7e, 0xef, 0x9f, 0xef, 0x7e, 0xf7, 0x7e, 0xef, 0x9f, 0xef,
    0x7e, 0xf7, 0x9e, 0xef, 0x7f, 0xef, 0x9e, 0xf7, 0x7e, 0xef, 0x9f, 0xef,
    0x7e, 0xf7, 0x7e, 0xef, 0x9f, 0xef, 0x7e, 0xf7, 0x9e, 0xef, 0x7f, 0xef,
    0x9e, 0xf7, 0x7e, 0xef, 0x9f, 0xef, 0x7e, 0xf7, 0x7e, 0xef, 0x9f, 0xef,
    0x7e, 0xf7, 0x9e, 0xef, 0x7f, 0xef, 0x9e, 0xf7, 0x7e, 0xef, 0x9f, 0xef,
    0x7e, 0xf7, 0x7e, 0xef, 0x9f, 0xef, 0x7e, 0xf7, 0x9e, 0xef, 0x7f, 0xef,
    0x9e, 0xf7, 0x7e, 0xef, 0x9f, 0xef, 0x7e, 0xf7, 0x7e, 0xef, 0x9f, 0xef,
    0x7e, 0xf7, 0x9e, 0xef, 0x7f, 0xef, 0x9e, 0xf7, 0x7e, 0xef, 0x9f, 0xef,
    0x7e, 0xf7, 0x7e, 0xef, 0x9f, 0xef, 0x7e, 0xf7, 0x9e, 0xef, 0x7f, 0xef,
    0x9e, 0xf7, 0x7e, 0xef, 0x9f, 0xef, 0x7e, 0xf7, 0x7e, 0xef, 0x9f, 0xef,
    0x7e, 0xf7, 0x9e, 0xef, 0x7f, 0xef, 0x9e, 0xf7, 0x7e, 0xef, 0x9f, 0xef,
    0x7e, 0xf7, 0x7e, 0xef, 0x9f, 0xef, 0x7e, 0xf7, 0x9e, 0xef, 0x7f, 0xef,
    0x9e, 0xf7, 0x7e, 0xef, 0x9f, 0xef, 0x7e, 0xf7, 0x7e, 0xef, 0x9f, 0xef,
    0x7e, 0xf7, 0x9e, 0xef, 0x7f, 0xef, 0x9e, 0xf7, 0x7e, 0xef, 0x9f, 0xef,
    0x7e, 0xf7, 0x7e, 0xef, 0x9f, 0xef, 0x7e, 0xf7, 0x9e, 0xef, 0x7f, 0xef,
    0x9e, 0xf7, 0x7e, 0xef, 0x9f, 0xef, 0x7e, 0xf7, 0x7e, 0xef, 0x9f, 0xef,
    0x7e, 0xf7, 0x9e, 0xef, 0x7f, 0xef, 0x9e, 0xf7, 0x7e, 0xef, 0x9f, 0xef,
    0x7e, 0xf7, 0x7e, 0xef, 0x9f, 0xef, 0x7e, 0xf7, 0x9e, 0xef, 0x7f, 0xef,
    0x9e, 0xf7, 0x7e, 0xef, 0x9f, 0xef, 0x7e, 0xf7, 0x7e, 0xef, 0x9f, 0xef,
    0x7e, 0xf7, 0x9e, 0xef, 0x7f, 0xef, 0x9e, 0xf7, 0x7e, 0xef, 0x9f, 0xef,
    0x7e, 0xf7, 0x7e, 0xef, 0x9f, 0xef, 0x7e, 0xf7, 0x9e, 0xef, 0x7f, 0xef,
    0x9e, 0xf7, 0x7e, 0xef, 0x9f, 0xef, 0x7e, 0xf7, 0x7e, 0xef, 0x9f, 0xef,
    0x7e, 0xf7, 0x9e, 0xef, 0x7f, 0xef, 0x9e, 0xf7, 0x7e, 0xef, 0x9f, 0xef,
    0x7e, 0xf7, 0x7e, 0xef, 0x9f, 0xef, 0x7e, 0xf7, 0x9e, 0xef, 0x7f, 0xef,
    0x9e, 0xf7, 0x7e, 0xef, 0x9f, 0xf7, 0x00, 0x00, 0x00, 0x00, 0x00, 0x00,
    0x00, 0x00, 0x00, 0x00, 0x00, 0x00, 0x00, 0x00, 0x00, 0x00, 0x8a, 0x52,
    0xfc, 0xde, 0x7f, 0xef, 0x9e, 0xef, 0x7e, 0xef, 0x7f, 0xef, 0x9e, 0xf7,
    0x7e, 0xef, 0x7f, 0xef, 0x9f, 0xf7, 0x9e, 0xef, 0x7f, 0xef, 0x9f, 0xf7,
    0x7e, 0xef, 0x7f, 0xef, 0x9f, 0xf7, 0x7e, 0xef, 0x7f, 0xef, 0x9f, 0xef,
    0x7e, 0xf7, 0x9f, 0xef, 0x9f, 0xef, 0x7e, 0xf7, 0x9f, 0xef, 0x9f, 0xef,
    0x7e, 0xf7, 0x9f, 0xef, 0x7f, 0xef, 0x9e, 0xf7, 0x7f, 0xef, 0x9f, 0xef,
    0x9e, 0xf7, 0x7f, 0xef, 0x9f, 0xef, 0x7e, 0xf7, 0x9f, 0xef, 0x9f, 0xef,
    0x7e, 0xf7, 0x9f, 0xef, 0x7f, 0xef, 0x9e, 0xf7, 0x7f, 0xef, 0x9f, 0xef,
    0x7e, 0xf7, 0x9f, 0xef, 0x9f, 0xef, 0x7e, 0xf7, 0x9f, 0xef, 0x7f, 0xef,
    0x9e, 0xf7, 0x7f, 0xef, 0x9f, 0xef, 0x7e, 0xf7, 0x9f, 0xef, 0x9f, 0xef,
    0x7e, 0xf7, 0x9f, 0xef, 0x7f, 0xef, 0x9e, 0xf7, 0x7f, 0xef, 0x9f, 0xef,
    0x7e, 0xf7, 0x9f, 0xef, 0x9f, 0xef, 0x7e, 0xf7, 0x9f, 0xef, 0x7f, 0xef,
    0x9e, 0xf7, 0x7f, 0xef, 0x9f, 0xef, 0x7e, 0xf7, 0x9f, 0xef, 0x9f, 0xef,
    0x7e, 0xf7, 0x9f, 0xef, 0x7f, 0xef, 0x9e, 0xf7, 0x7f, 0xef, 0x9f, 0xef,
    0x7e, 0xf7, 0x9f, 0xef, 0x9f, 0xef, 0x7e, 0xf7, 0x9f, 0xef, 0x7f, 0xef,
    0x9e, 0xf7, 0x7f, 0xef, 0x9f, 0xef, 0x7e, 0xf7, 0x9f, 0xef, 0x9f, 0xef,
    0x7e, 0xf7, 0x9f, 0xef, 0x7f, 0xef, 0x9e, 0xf7, 0x7f, 0xef, 0x9f, 0xef,
    0x7e, 0xf7, 0x9f, 0xef, 0x9f, 0xef, 0x7e, 0xf7, 0x9f, 0xef, 0x7f, 0xef,
    0x9e, 0xf7, 0x7f, 0xef, 0x9f, 0xef, 0x7e, 0xf7, 0x9f, 0xef, 0x9f, 0xef,
    0x7e, 0xf7, 0x9f, 0xef, 0x7f, 0xef, 0x9e, 0xf7, 0x7f, 0xef, 0x9f, 0xef,
    0x7e, 0xf7, 0x9f, 0xef, 0x9f, 0xef, 0x7e, 0xf7, 0x9f, 0xef, 0x7f, 0xef,
    0x9e, 0xf7, 0x7f, 0xef, 0x9f, 0xef, 0x7e, 0xf7, 0x9f, 0xef, 0x9f, 0xef,
    0x7e, 0xf7, 0x9f, 0xef, 0x7f, 0xef, 0x9e, 0xf7, 0x7f, 0xef, 0x9f, 0xef,
    0x7e, 0xf7, 0x9f, 0xef, 0x9f, 0xef, 0x7e, 0xf7, 0x9f, 0xef, 0x7f, 0xef,
    0x9e, 0xf7, 0x7f, 0xef, 0x9f, 0xef, 0x7e, 0xf7, 0x9f, 0xef, 0x9f, 0xef,
    0x7e, 0xf7, 0x9f, 0xef, 0x7f, 0xef, 0x9e, 0xf7, 0x7f, 0xef, 0x9f, 0xef,
    0x7e, 0xf7, 0x9f, 0xef, 0x9f, 0xef, 0x7e, 0xf7, 0x9f, 0xef, 0x7f, 0xef,
    0x9e, 0xf7, 0x7f, 0xef, 0x9f, 0xef, 0x7e, 0xf7, 0x9f, 0xef, 0x9f, 0xef,
    0x7e, 0xf7, 0x9f, 0xef, 0x7f, 0xef, 0x9e, 0xf7, 0x7f, 0xef, 0x9f, 0xef,
    0x7e, 0xf7, 0x9f, 0xef, 0x9f, 0xef, 0x7e, 0xf7, 0x9f, 0xef, 0x7f, 0xef,
    0x9e, 0xf7, 0x7f, 0xef, 0x9f, 0xef, 0x7e, 0xf7, 0x9f, 0xef, 0x9f, 0xef,
    0x7e, 0xf7, 0x9f, 0xef, 0x7f, 0xef, 0x9e, 0xf7, 0x7f, 0xef, 0x9f, 0xef,
    0x7e, 0xf7, 0x9f, 0xef, 0x9f, 0xef, 0x7e, 0xf7, 0x9f, 0xef, 0x7f, 0xef,
    0x9e, 0xf7, 0x7f, 0xef, 0x9f, 0xef, 0x7e, 0xf7, 0x9f, 0xef, 0x9f, 0xef,
    0x7e, 0xf7, 0x9f, 0xef, 0x7f, 0xef, 0x9e, 0xf7, 0x7f, 0xef, 0x9f, 0xef,
    0x7e, 0xf7, 0x9f, 0xef, 0x9f, 0xef, 0x7e, 0xf7, 0x9f, 0xef, 0x7f, 0xef,
    0x9e, 0xf7, 0x7f, 0xef, 0x9f, 0xef, 0x7e, 0xf7, 0x9f, 0xef, 0x9f, 0xef,
    0x7e, 0xf7, 0x9f, 0xef, 0x7f, 0xef, 0x9e, 0xf7, 0x7f, 0xef, 0x9f, 0xef,
    0x7e, 0xf7, 0x9f, 0xef, 0x9f, 0xef, 0x7e, 0xf7, 0x9f, 0xef, 0x7f, 0xef,
    0x9e, 0xf7, 0x7f, 0xef, 0x9f, 0xef, 0x7e, 0xf7, 0x9f, 0xef, 0x9f, 0xef,
    0x7e, 0xf7, 0x9f, 0xef, 0x7f, 0xef, 0x9e, 0xf7, 0x7f, 0xef, 0x9f, 0xef,
    0x7e, 0xf7, 0x9f, 0xef, 0x9f, 0xef, 0x7e, 0xf7, 0x9f, 0xef, 0x7f, 0xef,
    0x9e, 0xf7, 0x7f, 0xef, 0x9f, 0xef, 0x7e, 0xef, 0x9f, 0xef, 0x7e, 0xef,
    0x00, 0x00, 0x00, 0x00, 0x00, 0x00, 0x00, 0x00, 0x00, 0x00, 0x00, 0x00,
    0x20, 0x00, 0x72, 0x8c, 0x7f, 0xef, 0x9e, 0xf7, 0x7f, 0xef, 0x9e, 0xf7,
    0x7f, 0xf7, 0x9f, 0xef, 0x9e, 0xef, 0x7e, 0xf7, 0x7f, 0xef, 0x9e, 0xef,
    0x7e, 0xef, 0x9f, 0xf7, 0x9e, 0xef, 0x7e, 0xf7, 0x9f, 0xef, 0x9e, 0xf7,
    0x7e, 0xef, 0x9f, 0xf7, 0x9e, 0xf7, 0x7e, 0xef, 0x7f, 0xef, 0x9e, 0xf7,
    0x7e, 0xef, 0x7f, 0xef, 0x9e, 0xf7, 0x7e, 0xef, 0x7f, 0xef, 0x9e, 0xf7,
    0x9e, 0xef, 0x7f, 0xef, 0x7e, 0xf7, 0x9e, 0xef, 0x7f, 0xef, 0x9e, 0xf7,
    0x7e, 0xef, 0x7f, 0xef, 0x9e, 0xf7, 0x7e, 0xef, 0x9f, 0xef, 0x9e, 0xf7,
    0x7e, 0xef, 0x9f, 0xef, 0x7e, 0xf7, 0x9e, 0xef, 0x7f, 0xef, 0x7e, 0xf7,
    0x9e, 0xef, 0x9f, 0xef, 0x7e, 0xf7, 0x9e, 0xef, 0x9f, 0xef, 0x7e, 0xf7,
    0x7e, 0xef, 0x9f, 0xef, 0x7e, 0xf7, 0x9e, 0xef, 0x7f, 0xef, 0x9e, 0xf7,
    0x7e, 0xef, 0x9f, 0xef, 0x7e, 0xf7, 0x9e, 0xef, 0x7f, 0xef, 0x7e, 0xf7,
    0x9e, 0xef, 0x9f, 0xef, 0x7e, 0xf7, 0x9e, 0xef, 0x9f, 0xef, 0x7e, 0xf7,
    0x7e, 0xef, 0x9f, 0xef, 0x7e, 0xf7, 0x9e, 0xef, 0x7f, 0xef, 0x9e, 0xf7,
    0x7e, 0xef, 0x9f, 0xef, 0x7e, 0xf7, 0x9e, 0xef, 0x7f, 0xef, 0x7e, 0xf7,
    0x9e, 0xef, 0x9f, 0xef, 0x7e, 0xf7, 0x9e, 0xef, 0x9f, 0xef, 0x7e, 0xf7,
    0x7e, 0xef, 0x9f, 0xef, 0x7e, 0xf7, 0x9e, 0xef, 0x7f, 0xef, 0x9e, 0xf7,
    0x7e, 0xef, 0x9f, 0xef, 0x7e, 0xf7, 0x9e, 0xef, 0x7f, 0xef, 0x7e, 0xf7,
    0x9e, 0xef, 0x9f, 0xef, 0x7e, 0xf7, 0x9e, 0xef, 0x9f, 0xef, 0x7e, 0xf7,
    0x7e, 0xef, 0x9f, 0xef, 0x7e, 0xf7, 0x9e, 0xef, 0x7f, 0xef, 0x9e, 0xf7,
    0x7e, 0xef, 0x9f, 0xef, 0x7e, 0xf7, 0x9e, 0xef, 0x7f, 0xef, 0x7e, 0xf7,
    0x9e, 0xef, 0x9f, 0xef, 0x7e, 0xf7, 0x9e, 0xef, 0x9f, 0xef, 0x7e, 0xf7,
    0x7e, 0xef, 0x9f, 0xef, 0x7e, 0xf7, 0x9e, 0xef, 0x7f, 0xef, 0x9e, 0xf7,
    0x7e, 0xef, 0x9f, 0xef, 0x7e, 0xf7, 0x9e, 0xef, 0x7f, 0xef, 0x7e, 0xf7,
    0x9e, 0xef, 0x9f, 0xef, 0x7e, 0xf7, 0x9e, 0xef, 0x9f, 0xef, 0x7e, 0xf7,
    0x7e, 0xef, 0x9f, 0xef, 0x7e, 0xf7, 0x9e, 0xef, 0x7f, 0xef, 0x9e, 0xf7,
    0x7e, 0xef, 0x9f, 0xef, 0x7e, 0xf7, 0x9e, 0xef, 0x7f, 0xef, 0x7e, 0xf7,
    0x9e, 0xef, 0x9f, 0xef, 0x7e, 0xf7, 0x9e, 0xef, 0x9f, 0xef, 0x7e, 0xf7,
    0x7e, 0xef, 0x9f, 0xef, 0x7e, 0xf7, 0x9e, 0xef, 0x7f, 0xef, 0x9e, 0xf7,
    0x7e, 0xef, 0x9f, 0xef, 0x7e, 0xf7, 0x9e, 0xef, 0x7f, 0xef, 0x7e, 0xf7,
    0x9e, 0xef, 0x9f, 0xef, 0x7e, 0xf7, 0x9e, 0xef, 0x9f, 0xef, 0x7e, 0xf7,
    0x7e, 0xef, 0x9f, 0xef, 0x7e, 0xf7, 0x9e, 0xef, 0x7f, 0xef, 0x9e, 0xf7,
    0x7e, 0xef, 0x9f, 0xef, 0x7e, 0xf7, 0x9e, 0xef, 0x7f, 0xef, 0x7e, 0xf7,
    0x9e, 0xef, 0x9f, 0xef, 0x7e, 0xf7, 0x9e, 0xef, 0x9f, 0xef, 0x7e, 0xf7,
    0x7e, 0xef, 0x9f, 0xef, 0x7e, 0xf7, 0x9e, 0xef, 0x7f, 0xef, 0x9e, 0xf7,
    0x7e, 0xef, 0x9f, 0xef, 0x7e, 0xf7, 0x9e, 0xef, 0x7f, 0xef, 0x7e, 0xf7,
    0x9e, 0xef, 0x9f, 0xef, 0x7e, 0xf7, 0x9e, 0xef, 0x9f, 0xef, 0x7e, 0xf7,
    0x7e, 0xef, 0x9f, 0xef, 0x7e, 0xf7, 0x9e, 0xef, 0x7f, 0xef, 0x9e, 0xf7,
    0x7e, 0xef, 0x9f, 0xef, 0x7e, 0xf7, 0x9e, 0xef, 0x7f, 0xef, 0x7e, 0xf7,
    0x9e, 0xef, 0x9f, 0xef, 0x7e, 0xf7, 0x9e, 0xef, 0x9f, 0xef, 0x7e, 0xf7,
    0x7e, 0xef, 0x9f, 0xef, 0x7e, 0xf7, 0x9e, 0xef, 0x7f, 0xef, 0x9e, 0xf7,
    0x7e, 0xef, 0x9f, 0xef, 0x7e, 0xf7, 0x9e, 0xef, 0x7f, 0xef, 0x7e, 0xf7,
    0x9e, 0xef, 0x9f, 0xef, 0x7e, 0xf7, 0x9e, 0xef, 0x9f, 0xf7, 0x7e, 0xf7,
    0x9f, 0xef, 0x7f, 0xf7, 0x9e, 0xef, 0x00, 0x00, 0x00, 0x00, 0x00, 0x00,
    0x00, 0x00, 0x00, 0x00, 0x41, 0x08, 0x55, 0xad, 0x7f, 0xef, 0x9e, 0xf7,
    0x7f, 0xef, 0x9e, 0xef, 0x7f, 0xf7, 0x9e, 0xef, 0x7f, 0xef, 0x9f, 0xf7,
    0x9e, 0xef, 0x7f, 0xf7, 0x9f, 0xef, 0x7e, 0xf7, 0x7f, 0xef, 0x9f, 0xef,
    0x7e, 0xf7, 0x9f, 0xef, 0x7f, 0xef, 0x7e, 0xf7, 0x9f, 0xef, 0x7f, 0xef,
    0x9e, 0xef, 0x7f, 0xf7, 0x9f, 0xef, 0x9e, 0xef, 0x7f, 0xf7, 0x9f, 0xef,
    0x9e, 0xef, 0x7f, 0xf7, 0x9f, 0xef, 0x7e, 0xef, 0x9f, 0xf7, 0x7f, 0xef,
    0x7e, 0xef, 0x9f, 0xf7, 0x9f, 0xef, 0x7e, 0xef, 0x9f, 0xf7, 0x7f, 0xef,
    0x7e, 0xef, 0x9f, 0xf7, 0x7f, 0xef, 0x7e, 0xef, 0x9f, 0xf7, 0x9f, 0xef,
    0x7e, 0xef, 0x9f, 0xf7, 0x7f, 0xef, 0x7e, 0xef, 0x9f, 0xf7, 0x7f, 0xef,
    0x7e, 0xef, 0x9f, 0xf7, 0x7f, 0xef, 0x9e, 0xef, 0x7f, 0xf7, 0x7f, 0xef,
    0x9e, 0xef, 0x9f, 0xf7, 0x7f, 0xef, 0x9e, 0xef, 0x7f, 0xf7, 0x9f, 0xef,
    0x9e, 0xef, 0x7f, 0xf7, 0x7f, 0xef, 0x9e, 0xef, 0x7f, 0xf7, 0x7f, 0xef,
    0x9e, 0xef, 0x7f, 0xf7, 0x9f, 0xef, 0x9e, 0xef, 0x7f, 0xf7, 0x7f, 0xef,
    0x9e, 0xef, 0x9f, 0xf7, 0x7f, 0xef, 0x9e, 0xef, 0x7f, 0xf7, 0x9f, 0xef,
    0x9e, 0xef, 0x7f, 0xf7, 0x7f, 0xef, 0x9e, 0xef, 0x7f, 0xf7, 0x7f, 0xef,
    0x9e, 0xef, 0x7f, 0xf7, 0x9f, 0xef, 0x9e, 0xef, 0x7f, 0xf7, 0x7f, 0xef,
    0x9e, 0xef, 0x9f, 0xf7, 0x7f, 0xef, 0x9e, 0xef, 0x7f, 0xf7, 0x9f, 0xef,
    0x9e, 0xef, 0x7f, 0xf7, 0x7f, 0xef, 0x9e, 0xef, 0x7f, 0xf7, 0x7f, 0xef,
    0x9e, 0xef, 0x7f, 0xf7, 0x9f, 0xef, 0x9e, 0xef, 0x7f, 0xf7, 0x7f, 0xef,
    0x9e, 0xef, 0x9f, 0xf7, 0x7f, 0xef, 0x9e, 0xef, 0x7f, 0xf7, 0x9f, 0xef,
    0x9e, 0xef, 0x7f, 0xf7, 0x7f, 0xef, 0x9e, 0xef, 0x7f, 0xf7, 0x7f, 0xef,
    0x9e, 0xef, 0x7f, 0xf7, 0x9f, 0xef, 0x9e, 0xef, 0x7f, 0xf7, 0x7f, 0xef,
    0x9e, 0xef, 0x9f, 0xf7, 0x7f, 0xef, 0x9e, 0xef, 0x7f, 0xf7, 0x9f, 0xef,
    0x9e, 0xef, 0x7f, 0xf7, 0x7f, 0xef, 0x9e, 0xef, 0x7f, 0xf7, 0x7f, 0xef,
    0x9e, 0xef, 0x7f, 0xf7, 0x9f, 0xef, 0x9e, 0xef, 0x7f, 0xf7, 0x7f, 0xef,
    0x9e, 0xef, 0x9f, 0xf7, 0x7f, 0xef, 0x9e, 0xef, 0x7f, 0xf7, 0x9f, 0xef,
    0x9e, 0xef, 0x7f, 0xf7, 0x7f, 0xef, 0x9e, 0xef, 0x7f, 0xf7, 0x7f, 0xef,
    0x9e, 0xef, 0x7f, 0xf7, 0x9f, 0xef, 0x9e, 0xef, 0x7f, 0xf7, 0x7f, 0xef,
    0x9e, 0xef, 0x9f, 0xf7, 0x7f, 0xef, 0x9e, 0xef, 0x7f, 0xf7, 0x9f, 0xef,
    0x9e, 0xef, 0x7f, 0xf7, 0x7f, 0xef, 0x9e, 0xef, 0x7f, 0xf7, 0x7f, 0xef,
    0x9e, 0xef, 0x7f, 0xf7, 0x9f, 0xef, 0x9e, 0xef, 0x7f, 0xf7, 0x7f, 0xef,
    0x9e, 0xef, 0x9f, 0xf7, 0x7f, 0xef, 0x9e, 0xef, 0x7f, 0xf7, 0x9f, 0xef,
    0x9e, 0xef, 0x7f, 0xf7, 0x7f, 0xef, 0x9e, 0xef, 0x7f, 0xf7, 0x7f, 0xef,
    0x9e, 0xef, 0x7f, 0xf7, 0x9f, 0xef, 0x9e, 0xef, 0x7f, 0xf7, 0x7f, 0xef,
    0x9e, 0xef, 0x9f, 0xf7, 0x7f, 0xef, 0x9e, 0xef, 0x7f, 0xf7, 0x9f, 0xef,
    0x9e, 0xef, 0x7f, 0xf7, 0x7f, 0xef, 0x9e, 0xef, 0x7f, 0xf7, 0x7f, 0xef,
    0x9e, 0xef, 0x7f, 0xf7, 0x9f, 0xef, 0x9e, 0xef, 0x7f, 0xf7, 0x7f, 0xef,
    0x9e, 0xef, 0x9f, 0xf7, 0x7f, 0xef, 0x9e, 0xef, 0x7f, 0xf7, 0x9f, 0xef,
    0x9e, 0xef, 0x7f, 0xf7, 0x7f, 0xef, 0x9e, 0xef, 0x7f, 0xf7, 0x7f, 0xef,
    0x9e, 0xef, 0x7f, 0xf7, 0x9f, 0xef, 0x9e, 0xef, 0x7f, 0xf7, 0x7f, 0xef,
    0x9e, 0xef, 0x9f, 0xf7, 0x7f, 0xef, 0x9e, 0xef, 0x7f, 0xf7, 0x9f, 0xef,
    0x9e, 0xef, 0x7f, 0xf7, 0x7f, 0xef, 0x9e, 0xef, 0x7f, 0xf7, 0x7f, 0xef,
    0x9e, 0xef, 0x7f, 0xef, 0x7e, 0xf7, 0x9e, 0xef, 0x7f, 0xf7, 0x7e, 0xef,
    0x00, 0x00, 0x00, 0x00, 0x00, 0x00, 0x00, 0x00, 0x21, 0x00, 0x35, 0xa5,
    0x9f, 0xf7, 0x9f, 0xef, 0x7e, 0xf7, 0x9e, 0xef, 0x7f, 0xef, 0x9e, 0xf7,
    0x7e, 0xef, 0x7f, 0xef, 0x9e, 0xf7, 0x7e, 0xef, 0x9f, 0xef, 0x9e, 0xf7,
    0x7f, 0xef, 0x9e, 0xef, 0x7f, 0xf7, 0x9e, 0xef, 0x7e, 0xef, 0x9f, 0xf7,
    0x9e, 0xef, 0x7e, 0xef, 0x9f, 0xf7, 0x7e, 0xef, 0x9e, 0xf7, 0x7f, 0xef,
    0x7e, 0xf7, 0x9e, 0xf7, 0x7f, 0xef, 0x7e, 0xf7, 0x9e, 0xef, 0x7f, 0xf7,
    0x9e, 0xef, 0x9e, 0xf7, 0x9f, 0xef, 0x7e, 0xf7, 0x9e, 0xf7, 0x7f, 0xef,
    0x9e, 0xf7, 0x9e, 0xef, 0x7f, 0xf7, 0x9e, 0xef, 0x9e, 0xf7, 0x7f, 0xef,
    0x7e, 0xf7, 0x9e, 0xf7, 0x7f, 0xef, 0x7e, 0xf7, 0x9e, 0xef, 0x9f, 0xf7,
    0x7e, 0xef, 0x9e, 0xf7, 0x9f, 0xef, 0x7e, 0xf7, 0x7e, 0xf7, 0x9f, 0xef,
    0x9e, 0xf7, 0x7e, 0xef, 0x9f, 0xf7, 0x7e, 0xef, 0x7e, 0xf7, 0x9f, 0xef,
    0x7e, 0xf7, 0x7e, 0xf7, 0x9f, 0xef, 0x7e, 0xf7, 0x9e, 0xef, 0x9f, 0xf7,
    0x7e, 0xef, 0x9e, 0xf7, 0x9f, 0xef, 0x7e, 0xf7, 0x7e, 0xf7, 0x9f, 0xef,
    0x7e, 0xf7, 0x9e, 0xef, 0x7f, 0xf7, 0x7e, 0xef, 0x9e, 0xf7, 0x7f, 0xef,
    0x7e, 0xf7, 0x9e, 0xf7, 0x7f, 0xef, 0x9e, 0xf7, 0x9e, 0xef, 0x7f, 0xf7,
    0x9e, 0xef, 0x7e, 0xf7, 0x9f, 0xef, 0x7e, 0xf7, 0x7e, 0xf7, 0x9f, 0xef,
    0x9e, 0xf7, 0x7e, 0xef, 0x9f, 0xf7, 0x7e, 0xef, 0x7e, 0xf7, 0x9f, 0xef,
    0x7e, 0xf7, 0x7e, 0xf7, 0x9f, 0xef, 0x7e, 0xf7, 0x9e, 0xef, 0x9f, 0xf7,
    0x7e, 0xef, 0x9e, 0xf7, 0x9f, 0xef, 0x7e, 0xf7, 0x7e, 0xf7, 0x9f, 0xef,
    0x7e, 0xf7, 0x9e, 0xef, 0x7f, 0xf7, 0x7e, 0xef, 0x9e, 0xf7, 0x7f, 0xef,
    0x7e, 0xf7, 0x9e, 0xf7, 0x7f, 0xef, 0x9e, 0xf7, 0x9e, 0xef, 0x7f, 0xf7,
    0x9e, 0xef, 0x7e, 0xf7, 0x9f, 0xef, 0x7e, 0xf7, 0x7e, 0xf7, 0x9f, 0xef,
    0x9e, 0xf7, 0x7e, 0xef, 0x9f, 0xf7, 0x7e, 0xef, 0x7e, 0xf7, 0x9f, 0xef,
    0x7e, 0xf7, 0x7e, 0xf7, 0x9f, 0xef, 0x7e, 0xf7, 0x9e, 0xef, 0x9f, 0xf7,
    0x7e, 0xef, 0x9e, 0xf7, 0x9f, 0xef, 0x7e, 0xf7, 0x7e, 0xf7, 0x9f, 0xef,
    0x7e, 0xf7, 0x9e, 0xef, 0x7f, 0xf7, 0x7e, 0xef, 0x9e, 0xf7, 0x7f, 0xef,
    0x7e, 0xf7, 0x9e, 0xf7, 0x7f, 0xef, 0x9e, 0xf7, 0x9e, 0xef, 0x7f, 0xf7,
    0x9e, 0xef, 0x7e, 0xf7, 0x9f, 0xef, 0x7e, 0xf7, 0x7e, 0xf7, 0x9f, 0xef,
    0x9e, 0xf7, 0x7e, 0xef, 0x9f, 0xf7, 0x7e, 0xef, 0x7e, 0xf7, 0x9f, 0xef,
    0x7e, 0xf7, 0x7e, 0xf7, 0x9f, 0xef, 0x7e, 0xf7, 0x9e, 0xef, 0x9f, 0xf7,
    0x7e, 0xef, 0x9e, 0xf7, 0x9f, 0xef, 0x7e, 0xf7, 0x7e, 0xf7, 0x9f, 0xef,
    0x7e, 0xf7, 0x9e, 0xef, 0x7f, 0xf7, 0x7e, 0xef, 0x9e, 0xf7, 0x7f, 0xef,
    0x7e, 0xf7, 0x9e, 0xf7, 0x7f, 0xef, 0x9e, 0xf7, 0x9e, 0xef, 0x7f, 0xf7,
    0x9e, 0xef, 0x7e, 0xf7, 0x9f, 0xef, 0x7e, 0xf7, 0x7e, 0xf7, 0x9f, 0xef,
    0x9e, 0xf7, 0x7e, 0xef, 0x9f, 0xf7, 0x7e, 0xef, 0x7e, 0xf7, 0x9f, 0xef,
    0x7e, 0xf7, 0x7e, 0xf7, 0x9f, 0xef, 0x7e, 0xf7, 0x9e, 0xef, 0x9f, 0xf7,
    0x7e, 0xef, 0x9e, 0xf7, 0x9f, 0xef, 0x7e, 0xf7, 0x7e, 0xf7, 0x9f, 0xef,
    0x7e, 0xf7, 0x9e, 0xef, 0x7f, 0xf7, 0x7e, 0xef, 0x9e, 0xf7, 0x7f, 0xef,
    0x7e, 0xf7, 0x9e, 0xf7, 0x7f, 0xef, 0x9e, 0xf7, 0x9e, 0xef, 0x7f, 0xf7,
    0x9e, 0xef, 0x7e, 0xf7, 0x9f, 0xef, 0x7e, 0xf7, 0x7e, 0xf7, 0x9f, 0xef,
    0x9e, 0xf7, 0x7e, 0xef, 0x9f, 0xf7, 0x7e, 0xef, 0x7e, 0xf7, 0x9f, 0xef,
    0x7e, 0xf7, 0x7e, 0xf7, 0x9f, 0xef, 0x7e, 0xf7, 0x9e, 0xef, 0x9f, 0xf7,
    0x7e, 0xef, 0x9e, 0xf7, 0x7f, 0xef, 0x9f, 0xef, 0x7e, 0xf7, 0x9f, 0xef,
    0x9e, 0xef, 0x7f, 0xef, 0x9e, 0xef, 0x00, 0x00, 0x00, 0x00, 0x00, 0x00,
    0x00, 0x00, 0x72, 0x94, 0x7e, 0xef, 0x9f, 0xef, 0x7e, 0xf7, 0x7f, 0xef,
    0x9f, 0xef, 0x9f, 0xf7, 0x7e, 0xef, 0x9f, 0xf7, 0x9f, 0xef, 0x7e, 0xef,
    0x7f, 0xf7, 0x9e, 0xef, 0x7f, 0xef, 0x9e, 0xf7, 0x7e, 0xef, 0x9f, 0xf7,
    0x7f, 0xef, 0x7e, 0xef, 0x9f, 0xf7, 0x7f, 0xef, 0x7e, 0xf7, 0x9f, 0xef,
    0x9f, 0xef, 0x7e, 0xf7, 0x9f, 0xef, 0x7f, 0xef, 0x9e, 0xef, 0x7f, 0xef,
    0x9f, 0xf7, 0x7e, 0xef, 0x7f, 0xef, 0x9f, 0xf7, 0x7e, 0xef, 0x7f, 0xef,
    0x9f, 0xef, 0x7e, 0xef, 0x7f, 0xef, 0x9f, 0xf7, 0x7e, 0xef, 0x7f, 0xef,
    0x9f, 0xf7, 0x9e, 0xef, 0x7f, 0xef, 0x9f, 0xef, 0x9e, 0xef, 0x7f, 0xef,
    0x9f, 0xf7, 0x7e, 0xef, 0x9f, 0xef, 0x7f, 0xf7, 0x7e, 0xef, 0x9f, 0xef,
    0x9f, 0xef, 0x7e, 0xef, 0x9f, 0xef, 0x7f, 0xf7, 0x9e, 0xef, 0x9f, 0xef,
    0x7f, 0xf7, 0x9e, 0xef, 0x9f, 0xef, 0x7f, 0xef, 0x9e, 0xef, 0x7f, 0xef,
    0x7f, 0xf7, 0x9e, 0xef, 0x7f, 0xef, 0x7f, 0xf7, 0x9e, 0xef, 0x7f, 0xef,
    0x9f, 0xef, 0x9e, 0xef, 0x7f, 0xef, 0x7f, 0xf7, 0x9e, 0xef, 0x9f, 0xef,
    0x7f, 0xf7, 0x9e, 0xef, 0x9f, 0xef, 0x7f, 0xef, 0x9e, 0xef, 0x7f, 0xef,
    0x7f, 0xf7, 0x9e, 0xef, 0x7f, 0xef, 0x9f, 0xf7, 0x9e, 0xef, 0x7f, 0xef,
    0x9f, 0xef, 0x7e, 0xef, 0x7f, 0xef, 0x7f, 0xf7, 0x9e, 0xef, 0x9f, 0xef,
    0x7f, 0xf7, 0x9e, 0xef, 0x9f, 0xef, 0x7f, 0xef, 0x9e, 0xef, 0x7f, 0xef,
    0x7f, 0xf7, 0x9e, 0xef, 0x7f, 0xef, 0x7f, 0xf7, 0x9e, 0xef, 0x7f, 0xef,
    0x9f, 0xef, 0x9e, 0xef, 0x7f, 0xef, 0x7f, 0xf7, 0x9e, 0xef, 0x9f, 0xef,
    0x7f, 0xf7, 0x9e, 0xef, 0x9f, 0xef, 0x7f, 0xef, 0x9e, 0xef, 0x7f, 0xef,
    0x7f, 0xf7, 0x9e, 0xef, 0x7f, 0xef, 0x9f, 0xf7, 0x9e, 0xef, 0x7f, 0xef,
    0x9f, 0xef, 0x7e, 0xef, 0x7f, 0xef, 0x7f, 0xf7, 0x9e, 0xef, 0x9f, 0xef,
    0x7f, 0xf7, 0x9e, 0xef, 0x9f, 0xef, 0x7f, 0xef, 0x9e, 0xef, 0x7f, 0xef,
    0x7f, 0xf7, 0x9e, 0xef, 0x7f, 0xef, 0x7f, 0xf7, 0x9e, 0xef, 0x7f, 0xef,
    0x9f, 0xef, 0x9e, 0xef, 0x7f, 0xef, 0x7f, 0xf7, 0x9e, 0xef, 0x9f, 0xef,
    0x7f, 0xf7, 0x9e, 0xef, 0x9f, 0xef, 0x7f, 0xef, 0x9e, 0xef, 0x7f, 0xef,
    0x7f, 0xf7, 0x9e, 0xef, 0x7f, 0xef, 0x9f, 0xf7, 0x9e, 0xef, 0x7f, 0xef,
    0x9f, 0xef, 0x7e, 0xef, 0x7f, 0xef, 0x7f, 0xf7, 0x9e, 0xef, 0x9f, 0xef,
    0x7f, 0xf7, 0x9e, 0xef, 0x9f, 0xef, 0x7f, 0xef, 0x9e, 0xef, 0x7f, 0xef,
    0x7f, 0xf7, 0x9e, 0xef, 0x7f, 0xef, 0x7f, 0xf7, 0x9e, 0xef, 0x7f, 0xef,
    0x9f, 0xef, 0x9e, 0xef, 0x7f, 0xef, 0x7f, 0xf7, 0x9e, 0xef, 0x9f, 0xef,
    0x7f, 0xf7, 0x9e, 0xef, 0x9f, 0xef, 0x7f, 0xef, 0x9e, 0xef, 0x7f, 0xef,
    0x7f, 0xf7, 0x9e, 0xef, 0x7f, 0xef, 0x9f, 0xf7, 0x9e, 0xef, 0x7f, 0xef,
    0x9f, 0xef, 0x7e, 0xef, 0x7f, 0xef, 0x7f, 0xf7, 0x9e, 0xef, 0x9f, 0xef,
    0x7f, 0xf7, 0x9e, 0xef, 0x9f, 0xef, 0x7f, 0xef, 0x9e, 0xef, 0x7f, 0xef,
    0x7f, 0xf7, 0x9e, 0xef, 0x7f, 0xef, 0x7f, 0xf7, 0x9e, 0xef, 0x7f, 0xef,
    0x9f, 0xef, 0x9e, 0xef, 0x7f, 0xef, 0x7f, 0xf7, 0x9e, 0xef, 0x9f, 0xef,
    0x7f, 0xf7, 0x9e, 0xef, 0x9f, 0xef, 0x7f, 0xef, 0x9e, 0xef, 0x7f, 0xef,
    0x7f, 0xf7, 0x9e, 0xef, 0x7f, 0xef, 0x9f, 0xf7, 0x9e, 0xef, 0x7f, 0xef,
    0x9f, 0xef, 0x7e, 0xef, 0x7f, 0xef, 0x7f, 0xf7, 0x9e, 0xef, 0x9f, 0xef,
    0x7f, 0xf7, 0x9e, 0xef, 0x9f, 0xef, 0x7f, 0xef, 0x9e, 0xef, 0x7f, 0xef,
    0x7f, 0xf7, 0x9e, 0xef, 0x7f, 0xef, 0x9f, 0xf7, 0x7e, 0xef, 0x9e, 0xf7,
    0x7e, 0xef, 0x9e, 0xef, 0x7e, 0xef, 0x7f, 0xf7, 0x9e, 0xef, 0x7e, 0xef,
    0x00, 0x00, 0x00, 0x00, 0x00, 0x00, 0x8a, 0x52, 0x9e, 0xef, 0x9f, 0xf7,
    0x7e, 0xef, 0x9e, 0xef, 0x7f, 0xf7, 0x9e, 0xef, 0x7e, 0xef, 0x7f, 0xf7,
    0x9e, 0xef, 0x9e, 0xf7, 0x7f, 0xef, 0x9f, 0xf7, 0x7e, 0xef, 0x7f, 0xef,
    0x9f, 0xf7, 0x9e, 0xef, 0x7f, 0xef, 0x9e, 0xf7, 0x9e, 0xef, 0x7f, 0xef,
    0x9e, 0xf7, 0x7e, 0xef, 0x7f, 0xef, 0x9e, 0xf7, 0x7e, 0xef, 0x9f, 0xef,
    0x9e, 0xf7, 0x7f, 0xef, 0x9e, 0xef, 0x9f, 0xf7, 0x7e, 0xef, 0x9e, 0xef,
    0x7f, 0xf7, 0x7e, 0xef, 0x9e, 0xf7, 0x9f, 0xf7, 0x7e, 0xef, 0x9e, 0xef,
    0x7f, 0xf7, 0x9e, 0xef, 0x7e, 0xef, 0x7f, 0xf7, 0x9e, 0xef, 0x7e, 0xf7,
    0x7f, 0xf7, 0x9e, 0xef, 0x9e, 0xef, 0x7f, 0xf7, 0x9e, 0xef, 0x7e, 0xef,
    0x9f, 0xf7, 0x7e, 0xef, 0x7e, 0xf7, 0x9f, 0xf7, 0x9e, 0xef, 0x7e, 0xef,
    0x7f, 0xf7, 0x9e, 0xef, 0x7e, 0xef, 0x7f, 0xf7, 0x9e, 0xef, 0x7e, 0xf7,
    0x9f, 0xf7, 0x9e, 0xef, 0x7e, 0xef, 0x9f, 0xf7, 0x9e, 0xef, 0x7e, 0xef,
    0x9f, 0xf7, 0x7e, 0xef, 0x7e, 0xf7, 0x9f, 0xf7, 0x7e, 0xef, 0x9e, 0xef,
    0x9f, 0xf7, 0x7e, 0xef, 0x9e, 0xef, 0x7f, 0xf7, 0x7e, 0xef, 0x9e, 0xf7,
    0x9f, 0xf7, 0x7e, 0xef, 0x9e, 0xef, 0x7f, 0xf7, 0x7e, 0xef, 0x9e, 0xef,
    0x7f, 0xf7, 0x7e, 0xef, 0x9e, 0xf7, 0x9f, 0xf7, 0x9e, 0xef, 0x7e, 0xef,
    0x9f, 0xf7, 0x7e, 0xef, 0x7e, 0xef, 0x9f, 0xf7, 0x7e, 0xef, 0x7e, 0xf7,
    0x9f, 0xf7, 0x9e, 0xef, 0x7e, 0xef, 0x9f, 0xf7, 0x9e, 0xef, 0x7e, 0xef,
    0x9f, 0xf7, 0x7e, 0xef, 0x7e, 0xf7, 0x9f, 0xf7, 0x7e, 0xef, 0x9e, 0xef,
    0x9f, 0xf7, 0x7e, 0xef, 0x9e, 0xef, 0x7f, 0xf7, 0x7e, 0xef, 0x9e, 0xf7,
    0x9f, 0xf7, 0x7e, 0xef, 0x9e, 0xef, 0x7f, 0xf7, 0x7e, 0xef, 0x9e, 0xef,
    0x7f, 0xf7, 0x7e, 0xef, 0x9e, 0xf7, 0x9f, 0xf7, 0x9e, 0xef, 0x7e, 0xef,
    0x9f, 0xf7, 0x7e, 0xef, 0x7e, 0xef, 0x9f, 0xf7, 0x7e, 0xef, 0x7e, 0xf7,
    0x9f, 0xf7, 0x9e, 0xef, 0x7e, 0xef, 0x9f, 0xf7, 0x9e, 0xef, 0x7e, 0xef,
    0x9f, 0xf7, 0x7e, 0xef, 0x7e, 0xf7, 0x9f, 0xf7, 0x7e, 0xef, 0x9e, 0xef,
    0x9f, 0xf7, 0x7e, 0xef, 0x9e, 0xef, 0x7f, 0xf7, 0x7e, 0xef, 0x9e, 0xf7,
    0x9f, 0xf7, 0x7e, 0xef, 0x9e, 0xef, 0x7f, 0xf7, 0x7e, 0xef, 0x9e, 0xef,
    0x7f, 0xf7, 0x7e, 0xef, 0x9e, 0xf7, 0x9f, 0xf7, 0x9e, 0xef, 0x7e, 0xef,
    0x9f, 0xf7, 0x7e, 0xef, 0x7e, 0xef, 0x9f, 0xf7, 0x7e, 0xef, 0x7e, 0xf7,
    0x9f, 0xf7, 0x9e, 0xef, 0x7e, 0xef, 0x9f, 0xf7, 0x9e, 0xef, 0x7e, 0xef,
    0x9f, 0xf7, 0x7e, 0xef, 0x7e, 0xf7, 0x9f, 0xf7, 0x7e, 0xef, 0x9e, 0xef,
    0x9f, 0xf7, 0x7e, 0xef, 0x9e, 0xef, 0x7f, 0xf7, 0x7e, 0xef, 0x9e, 0xf7,
    0x9f, 0xf7, 0x7e, 0xef, 0x9e, 0xef, 0x7f, 0xf7, 0x7e, 0xef, 0x9e, 0xef,
    0x7f, 0xf7, 0x7e, 0xef, 0x9e, 0xf7, 0x9f, 0xf7, 0x9e, 0xef, 0x7e, 0xef,
    0x9f, 0xf7, 0x7e, 0xef, 0x7e, 0xef, 0x9f, 0xf7, 0x7e, 0xef, 0x7e, 0xf7,
    0x9f, 0xf7, 0x9e, 0xef, 0x7e, 0xef, 0x9f, 0xf7, 0x9e, 0xef, 0x7e, 0xef,
    0x9f, 0xf7, 0x7e, 0xef, 0x7e, 0xf7, 0x9f, 0xf7, 0x7e, 0xef, 0x9e, 0xef,
    0x9f, 0xf7, 0x7e, 0xef, 0x9e, 0xef, 0x7f, 0xf7, 0x7e, 0xef, 0x9e, 0xf7,
    0x9f, 0xf7, 0x7e, 0xef, 0x9e, 0xef, 0x7f, 0xf7, 0x7e, 0xef, 0x9e, 0xef,
    0x7f, 0xf7, 0x7e, 0xef, 0x9e, 0xf7, 0x9f, 0xf7, 0x9e, 0xef, 0x7e, 0xef,
    0x9f, 0xf7, 0x7e, 0xef, 0x7e, 0xef, 0x9f, 0xf7, 0x7e, 0xef, 0x7e, 0xf7,
    0x9f, 0xf7, 0x9e, 0xef, 0x7e, 0xef, 0x9f, 0xf7, 0x7e, 0xef, 0x9e, 0xef,
    0x7f, 0xf7, 0x9f, 0xef, 0x7f, 0xef, 0x9e, 0xf7, 0x9f, 0xef, 0x7e, 0xef,
    0x9e, 0xf7, 0x9f, 0xef, 0x7e, 0xef, 0x00, 0x00, 0x00, 0x00, 0x82, 0x10,
    0xfc, 0xde, 0x7f, 0xef, 0x9f, 0xf7, 0x7e, 0xef, 0x9f, 0xef, 0x9e, 0xf7,
    0x7e, 0xef, 0x9f, 0xef, 0x7f, 0xf7, 0x7e, 0xef, 0x9e, 0xef, 0x7f, 0xf7,
    0x9e, 0xef, 0x9e, 0xf7, 0x7f, 0xef, 0x7e, 0xf7, 0x9f, 0xef, 0x7e, 0xef,
    0x7f, 0xf7, 0x9f, 0xf7, 0x9e, 0xef, 0x7f, 0xef, 0x9f, 0xf7, 0x9e, 0xef,
    0x7f, 0xf7, 0x7f, 0xef, 0x9e, 0xf7, 0x7e, 0xf7, 0x7f, 0xef, 0x9e, 0xf7,
    0x7e, 0xef, 0x9f, 0xef, 0x9f, 0xf7, 0x7e, 0xef, 0x9f, 0xef, 0x9f, 0xef,
    0x7e, 0xf7, 0x9f, 0xef, 0x7f, 0xf7, 0x9e, 0xef, 0x9f, 0xef, 0x7f, 0xf7,
    0x9e, 0xef, 0x9f, 0xef, 0x7f, 0xef, 0x7e, 0xf7, 0x9f, 0xef, 0x7f, 0xf7,
    0x7e, 0xef, 0x9f, 0xef, 0x9f, 0xf7, 0x7e, 0xef, 0x9f, 0xef, 0x7f, 0xef,
    0x7e, 0xf7, 0x9f, 0xef, 0x7f, 0xf7, 0x9e, 0xef, 0x9f, 0xef, 0x7f, 0xf7,
    0x9e, 0xef, 0x7f, 0xef, 0x7f, 0xef, 0x9e, 0xf7, 0x7f, 0xef, 0x7f, 0xf7,
    0x9e, 0xef, 0x7f, 0xef, 0x9f, 0xf7, 0x9e, 0xef, 0x7f, 0xef, 0x9f, 0xef,
    0x7e, 0xf7, 0x7f, 0xef, 0x9f, 0xf7, 0x7e, 0xef, 0x7f, 0xef, 0x9f, 0xf7,
    0x9e, 0xef, 0x7f, 0xef, 0x7f, 0xef, 0x9e, 0xf7, 0x7f, 0xef, 0x9f, 0xf7,
    0x9e, 0xef, 0x7f, 0xef, 0x9f, 0xf7, 0x9e, 0xef, 0x7f, 0xef, 0x7f, 0xef,
    0x9e, 0xf7, 0x7f, 0xef, 0x9f, 0xf7, 0x9e, 0xef, 0x7f, 0xef, 0x9f, 0xf7,
    0x9e, 0xef, 0x7f, 0xef, 0x7f, 0xef, 0x9e, 0xf7, 0x7f, 0xef, 0x9f, 0xf7,
    0x7e, 0xef, 0x7f, 0xef, 0x9f, 0xf7, 0x9e, 0xef, 0x7f, 0xef, 0x9f, 0xef,
    0x7e, 0xf7, 0x7f, 0xef, 0x9f, 0xf7, 0x7e, 0xef, 0x7f, 0xef, 0x9f, 0xf7,
    0x9e, 0xef, 0x7f, 0xef, 0x7f, 0xef, 0x9e, 0xf7, 0x7f, 0xef, 0x9f, 0xf7,
    0x9e, 0xef, 0x7f, 0xef, 0x9f, 0xf7, 0x9e, 0xef, 0x7f, 0xef, 0x7f, 0xef,
    0x9e, 0xf7, 0x7f, 0xef, 0x9f, 0xf7, 0x9e, 0xef, 0x7f, 0xef, 0x9f, 0xf7,
    0x9e, 0xef, 0x7f, 0xef, 0x7f, 0xef, 0x9e, 0xf7, 0x7f, 0xef, 0x9f, 0xf7,
    0x7e, 0xef, 0x7f, 0xef, 0x9f, 0xf7, 0x9e, 0xef, 0x7f, 0xef, 0x9f, 0xef,
    0x7e, 0xf7, 0x7f, 0xef, 0x9f, 0xf7, 0x7e, 0xef, 0x7f, 0xef, 0x9f, 0xf7,
    0x9e, 0xef, 0x7f, 0xef, 0x7f, 0xef, 0x9e, 0xf7, 0x7f, 0xef, 0x9f, 0xf7,
    0x9e, 0xef, 0x7f, 0xef, 0x9f, 0xf7, 0x9e, 0xef, 0x7f, 0xef, 0x7f, 0xef,
    0x9e, 0xf7, 0x7f, 0xef, 0x9f, 0xf7, 0x9e, 0xef, 0x7f, 0xef, 0x9f, 0xf7,
    0x9e, 0xef, 0x7f, 0xef, 0x7f, 0xef, 0x9e, 0xf7, 0x7f, 0xef, 0x9f, 0xf7,
    0x7e, 0xef, 0x7f, 0xef, 0x9f, 0xf7, 0x9e, 0xef, 0x7f, 0xef, 0x9f, 0xef,
    0x7e, 0xf7, 0x7f, 0xef, 0x9f, 0xf7, 0x7e, 0xef, 0x7f, 0xef, 0x9f, 0xf7,
    0x9e, 0xef, 0x7f, 0xef, 0x7f, 0xef, 0x9e, 0xf7, 0x7f, 0xef, 0x9f, 0xf7,
    0x9e, 0xef, 0x7f, 0xef, 0x9f, 0xf7, 0x9e, 0xef, 0x7f, 0xef, 0x7f, 0xef,
    0x9e, 0xf7, 0x7f, 0xef, 0x9f, 0xf7, 0x9e, 0xef, 0x7f, 0xef, 0x9f, 0xf7,
    0x9e, 0xef, 0x7f, 0xef, 0x7f, 0xef, 0x9e, 0xf7, 0x7f, 0xef, 0x9f, 0xf7,
    0x7e, 0xef, 0x7f, 0xef, 0x9f, 0xf7, 0x9e, 0xef, 0x7f, 0xef, 0x9f, 0xef,
    0x7e, 0xf7, 0x7f, 0xef, 0x9f, 0xf7, 0x7e, 0xef, 0x7f, 0xef, 0x9f, 0xf7,
    0x9e, 0xef, 0x7f, 0xef, 0x7f, 0xef, 0x9e, 0xf7, 0x7f, 0xef, 0x9f, 0xf7,
    0x9e, 0xef, 0x7f, 0xef, 0x9e, 0xef, 0x9e, 0xef, 0x7f, 0xef, 0x7f, 0xef,
    0x9e, 0xf7, 0x7f, 0xef, 0x9f, 0xf7, 0x9e, 0xef, 0x7f, 0xef, 0x9f, 0xf7,
    0x9e, 0xef, 0x7f, 0xef, 0x7f, 0xef, 0x9e, 0xf7, 0x7f, 0xef, 0x9f, 0xf7,
    0x9e, 0xef, 0x7f, 0xef, 0x9e, 0xf7, 0x7e, 0xef, 0x9f, 0xef, 0x7e, 0xef,
    0x7e, 0xef, 0x9f, 0xef, 0x7f, 0xef, 0x7e, 0xef, 0x9e, 0xef, 0x7f, 0xef,
    0x00, 0x00, 0x00, 0x00, 0x72, 0x8c, 0x9f, 0xf7, 0x7e, 0xef, 0x7e, 0xef,
    0x9f, 0xf7, 0x7f, 0xef, 0x7f, 0xf7, 0x9e, 0xef, 0x9f, 0xf7, 0x7f, 0xef,
    0x9e, 0xef, 0x7f, 0xf7, 0x7f, 0xef, 0x9e, 0xef, 0x9f, 0xef, 0x7e, 0xf7,
    0x9e, 0xef, 0x9f, 0xf7, 0x7e, 0xef, 0x7e, 0xef, 0x9f, 0xf7, 0x7e, 0xef,
    0x7f, 0xef, 0x9e, 0xf7, 0x9e, 0xef, 0x7f, 0xef, 0x9f, 0xef, 0x9e, 0xef,
    0x7f, 0xef, 0x9f, 0xef, 0x7e, 0xf7, 0x7f, 0xef, 0x9f, 0xf7, 0x7e, 0xef,
    0x9e, 0xf7, 0x7f, 0xef, 0x7e, 0xef, 0x9e, 0xef, 0x7f, 0xf7, 0x7e, 0xef,
    0x9e, 0xef, 0x7f, 0xf7, 0x7e, 0xf7, 0x9e, 0xef, 0x9f, 0xef, 0x7e, 0xf7,
    0x9e, 0xef, 0x9f, 0xef, 0x7e, 0xf7, 0x9e, 0xef, 0x7f, 0xf7, 0x7e, 0xef,
    0x9e, 0xf7, 0x9f, 0xef, 0x9e, 0xef, 0x7e, 0xef, 0x9f, 0xf7, 0x7e, 0xef,
    0x7e, 0xef, 0x9f, 0xf7, 0x7e, 0xf7, 0x9e, 0xef, 0x9f, 0xef, 0x7e, 0xf7,
    0x9e, 0xef, 0x9f, 0xef, 0x7e, 0xf7, 0x9e, 0xef, 0x7f, 0xf7, 0x7e, 0xef,
    0x9e, 0xf7, 0x9f, 0xef, 0x7e, 0xef, 0x9e, 0xef, 0x9f, 0xf7, 0x7e, 0xef,
    0x9e, 0xef, 0x7f, 0xf7, 0x9e, 0xf7, 0x9e, 0xef, 0x7f, 0xef, 0x9e, 0xf7,
    0x7e, 0xef, 0x7f, 0xef, 0x9e, 0xf7, 0x7e, 0xef, 0x9f, 0xf7, 0x7e, 0xef,
    0x9e, 0xf7, 0x9f, 0xef, 0x7e, 0xef, 0x7e, 0xef, 0x9f, 0xf7, 0x7e, 0xef,
    0x7e, 0xef, 0x9f, 0xf7, 0x7e, 0xf7, 0x9e, 0xef, 0x9f, 0xef, 0x7e, 0xf7,
    0x9e, 0xef, 0x7f, 0xef, 0x9e, 0xf7, 0x9e, 0xef, 0x7f, 0xf7, 0x9e, 0xef,
    0x7e, 0xf7, 0x9f, 0xef, 0x9e, 0xef, 0x7e, 0xef, 0x9f, 0xf7, 0x9e, 0xef,
    0x7e, 0xef, 0x9f, 0xf7, 0x7e, 0xf7, 0x9e, 0xef, 0x9f, 0xef, 0x7e, 0xf7,
    0x7e, 0xef, 0x9f, 0xef, 0x7e, 0xf7, 0x9e, 0xef, 0x7f, 0xf7, 0x7e, 0xef,
    0x9e, 0xf7, 0x9f, 0xef, 0x7e, 0xef, 0x7e, 0xef, 0x9f, 0xf7, 0x7e, 0xef,
    0x7e, 0xef, 0x9f, 0xf7, 0x7e, 0xf7, 0x9e, 0xef, 0x9f, 0xef, 0x7e, 0xf7,
    0x9e, 0xef, 0x7f, 0xef, 0x9e, 0xf7, 0x9e, 0xef, 0x7f, 0xf7, 0x9e, 0xef,
    0x7e, 0xf7, 0x9f, 0xef, 0x9e, 0xef, 0x7e, 0xef, 0x9f, 0xf7, 0x9e, 0xef,
    0x7e, 0xef, 0x9f, 0xf7, 0x7e, 0xf7, 0x9e, 0xef, 0x9f, 0xef, 0x7e, 0xf7,
    0x7e, 0xef, 0x9f, 0xef, 0x7e, 0xf7, 0x9e, 0xef, 0x7f, 0xf7, 0x7e, 0xef,
    0x9e, 0xf7, 0x9f, 0xef, 0x7e, 0xef, 0x7e, 0xef, 0x9f, 0xf7, 0x7e, 0xef,
    0x7e, 0xef, 0x9f, 0xf7, 0x7e, 0xf7, 0x9e, 0xef, 0x9f, 0xef, 0x7e, 0xf7,
    0x9e, 0xef, 0x7f, 0xef, 0x9e, 0xf7, 0x9e, 0xef, 0x7f, 0xf7, 0x9e, 0xef,
    0x7e, 0xf7, 0x9f, 0xef, 0x9e, 0xef, 0x7e, 0xef, 0x9f, 0xf7, 0x9e, 0xef,
    0x7e, 0xef, 0x9f, 0xf7, 0x7e, 0xf7, 0x9e, 0xef, 0x9f, 0xef, 0x7e, 0xf7,
    0x7e, 0xef, 0x9f, 0xef, 0x7e, 0xf7, 0x9e, 0xef, 0x7f, 0xf7, 0x7e, 0xef,
    0x9e, 0xf7, 0x9f, 0xef, 0x7e, 0xef, 0x7e, 0xef, 0x9f, 0xf7, 0x7e, 0xef,
    0x7e, 0xef, 0x9f, 0xf7, 0x7e, 0xf7, 0x9e, 0xef, 0x9f, 0xef, 0x7e, 0xf7,
    0x9e, 0xef, 0x7f, 0xef, 0x9e, 0xf7, 0x9e, 0xef, 0x7f, 0xf7, 0x9e, 0xef,
    0x7e, 0xf7, 0x9f, 0xef, 0x9e, 0xef, 0x7e, 0xef, 0x9f, 0xf7, 0x9e, 0xef,
    0x7e, 0xef, 0x9f, 0xf7, 0x7e, 0xf7, 0x9e, 0xef, 0x9f, 0xef, 0x7e, 0xf7,
    0x7e, 0xef, 0x9f, 0xef, 0x7e, 0xef, 0x9e, 0xf7, 0x7f, 0xef, 0x7e, 0xf7,
    0x9e, 0xef, 0x9f, 0xf7, 0x7e, 0xef, 0x7e, 0xef, 0x9f, 0xf7, 0x7e, 0xef,
    0x7e, 0xef, 0x9f, 0xf7, 0x7e, 0xf7, 0x9e, 0xef, 0x9f, 0xef, 0x7e, 0xf7,
    0x9e, 0xef, 0x7f, 0xef, 0x7e, 0xf7, 0x9f, 0xef, 0x7f, 0xf7, 0x7f, 0xef,
    0x9e, 0xf7, 0x9f, 0xf7, 0x7e, 0xf7, 0x9f, 0xef, 0x7e, 0xef, 0x9e, 0xf7,
    0x7f, 0xef, 0x9e, 0xef, 0x9e, 0xf7, 0x00, 0x00, 0xe4, 0x20, 0x5e, 0xef,
    0x9e, 0xef, 0x9f, 0xf7, 0x7e, 0xef, 0x9e, 0xef, 0x7f, 0xf7, 0x7e, 0xef,
    0x9e, 0xef, 0x7f, 0xf7, 0x9e, 0xef, 0x9e, 0xef, 0x7f, 0xf7, 0x9e, 0xef,
    0x7f, 0xef, 0x7f, 0xf7, 0x9e, 0xef, 0x7f, 0xef, 0x9f, 0xf7, 0x9e, 0xef,
    0x7f, 0xef, 0x9e, 0xf7, 0x9f, 0xef, 0x7e, 0xef, 0x7f, 0xf7, 0x9e, 0xef,
    0x7e, 0xf7, 0x7f, 0xf7, 0x9e, 0xef, 0x7e, 0xf7, 0x9f, 0xef, 0x9e, 0xef,
    0x7e, 0xf7, 0x9f, 0xef, 0x7e, 0xef, 0x9f, 0xf7, 0x7f, 0xf7, 0x9e, 0xef,
    0x9f, 0xf7, 0x7f, 0xef, 0x9e, 0xef, 0x9f, 0xf7, 0x7f, 0xef, 0x9e, 0xef,
    0x7f, 0xf7, 0x7f, 0xef, 0x9e, 0xf7, 0x7f, 0xef, 0x7f, 0xef, 0x9e, 0xf7,
    0x9f, 0xef, 0x7f, 0xef, 0x7e, 0xf7, 0x9f, 0xef, 0x7f, 0xf7, 0x7e, 0xf7,
    0x9f, 0xef, 0x9f, 0xef, 0x7e, 0xf7, 0x9f, 0xef, 0x7f, 0xef, 0x7e, 0xf7,
    0x9f, 0xef, 0x7f, 0xf7, 0x7e, 0xef, 0x9f, 0xef, 0x7f, 0xf7, 0x9e, 0xef,
    0x9f, 0xef, 0x7f, 0xf7, 0x7e, 0xef, 0x9f, 0xef, 0x7f, 0xf7, 0x7e, 0xf7,
    0x9f, 0xef, 0x7f, 0xef, 0x9e, 0xf7, 0x9f, 0xef, 0x7f, 0xef, 0x7e, 0xf7,
    0x7f, 0xef, 0x9f, 0xf7, 0x9e, 0xef, 0x7f, 0xef, 0x9f, 0xf7, 0x7e, 0xef,
    0x9f, 0xef, 0x7f, 0xf7, 0x7e, 0xef, 0x9f, 0xef, 0x7f, 0xf7, 0x9e, 0xf7,
    0x9f, 0xef, 0x7f, 0xef, 0x9e, 0xf7, 0x9f, 0xef, 0x7f, 0xef, 0x7e, 0xf7,
    0x9f, 0xef, 0x7f, 0xf7, 0x9e, 0xef, 0x7f, 0xef, 0x9f, 0xf7, 0x7e, 0xef,
    0x7f, 0xef, 0x9f, 0xf7, 0x7e, 0xef, 0x7f, 0xef, 0x9f, 0xf7, 0x7e, 0xf7,
    0x7f, 0xef, 0x9f, 0xef, 0x7e, 0xf7, 0x9f, 0xef, 0x7f, 0xef, 0x7e, 0xf7,
    0x9f, 0xef, 0x7f, 0xf7, 0x9e, 0xef, 0x9f, 0xef, 0x7f, 0xf7, 0x9e, 0xef,
    0x7f, 0xef, 0x9f, 0xf7, 0x7e, 0xef, 0x9f, 0xef, 0x7f, 0xf7, 0x9e, 0xf7,
    0x9f, 0xef, 0x7f, 0xef, 0x9e, 0xf7, 0x9f, 0xef, 0x7f, 0xef, 0x7e, 0xf7,
    0x9f, 0xef, 0x7f, 0xf7, 0x9e, 0xef, 0x7f, 0xef, 0x9f, 0xf7, 0x7e, 0xef,
    0x7f, 0xef, 0x9f, 0xf7, 0x7e, 0xef, 0x7f, 0xef, 0x9f, 0xf7, 0x7e, 0xf7,
    0x7f, 0xef, 0x9f, 0xef, 0x7e, 0xf7, 0x9f, 0xef, 0x7f, 0xef, 0x7e, 0xf7,
    0x9f, 0xef, 0x7f, 0xf7, 0x9e, 0xef, 0x9f, 0xef, 0x7f, 0xf7, 0x9e, 0xef,
    0x7f, 0xef, 0x9f, 0xf7, 0x7e, 0xef, 0x9f, 0xef, 0x7f, 0xf7, 0x9e, 0xf7,
    0x9f, 0xef, 0x7f, 0xef, 0x9e, 0xf7, 0x9f, 0xef, 0x7f, 0xef, 0x7e, 0xf7,
    0x9f, 0xef, 0x7f, 0xf7, 0x9e, 0xef, 0x7f, 0xef, 0x9f, 0xf7, 0x7e, 0xef,
    0x7f, 0xef, 0x9f, 0xf7, 0x7e, 0xef, 0x7f, 0xef, 0x9f, 0xf7, 0x7e, 0xf7,
    0x7f, 0xef, 0x9f, 0xef, 0x7e, 0xf7, 0x9f, 0xef, 0x7f, 0xef, 0x7e, 0xf7,
    0x9f, 0xef, 0x7f, 0xf7, 0x9e, 0xef, 0x9f, 0xef, 0x7f, 0xf7, 0x9e, 0xef,
    0x7f, 0xef, 0x9f, 0xf7, 0x7e, 0xef, 0x9f, 0xef, 0x7f, 0xf7, 0x9e, 0xf7,
    0x9f, 0xef, 0x7f, 0xef, 0x9e, 0xf7, 0x9f, 0xef, 0x7f, 0xef, 0x7e, 0xf7,
    0x9f, 0xef, 0x7f, 0xf7, 0x9e, 0xef, 0x7f, 0xef, 0x9f, 0xf7, 0x7e, 0xef,
    0x7f, 0xef, 0x9f, 0xf7, 0x7e, 0xef, 0x7f, 0xef, 0x9f, 0xf7, 0x7e, 0xf7,
    0x7f, 0xef, 0x9f, 0xef, 0x7e, 0xf7, 0x9f, 0xef, 0x7f, 0xef, 0x7e, 0xf7,
    0x9f, 0xef, 0x7f, 0xf7, 0x9e, 0xef, 0x9f, 0xf7, 0x7e, 0xef, 0x9e, 0xef,
    0x7f, 0xef, 0x9e, 0xef, 0x7f, 0xf7, 0x9f, 0xf7, 0x7e, 0xef, 0x9f, 0xef,
    0x9f, 0xf7, 0x7e, 0xef, 0x9f, 0xef, 0x9f, 0xf7, 0x7e, 0xef, 0x7f, 0xef,
    0x9f, 0xf7, 0x7e, 0xef, 0x9f, 0xf7, 0x9f, 0xef, 0x7e, 0xef, 0x9e, 0xf7,
    0x9e, 0xef, 0x7f, 0xef, 0x9e, 0xef, 0x7e, 0xef, 0x7f, 0xef, 0x9f, 0xf7,
    0x9e, 0xef, 0x7e, 0xef, 0x9e, 0xf7, 0x7f, 0xef, 0x7e, 0xef, 0x9e, 0xef,
    0x00, 0x00, 0xf0, 0x7b, 0x9e, 0xef, 0x7f, 0xef, 0x7f, 0xf7, 0x9f, 0xef,
    0x9e, 0xef, 0x9f, 0xf7, 0x7e, 0xef, 0x9f, 0xef, 0x7f, 0xf7, 0x7e, 0xef,
    0x9f, 0xf7, 0x7e, 0xef, 0x9e, 0xf7, 0x9f, 0xf7, 0x7e, 0xef, 0x7e, 0xef,
    0x9f, 0xf7, 0x7e, 0xef, 0x7f, 0xef, 0x9f, 0xf7, 0x7e, 0xef, 0x9e, 0xef,
    0x9f, 0xf7, 0x7f, 0xef, 0x9e, 0xef, 0x7f, 0xf7, 0x9f, 0xef, 0x7e, 0xef,
    0x7f, 0xf7, 0x9f, 0xef, 0x7e, 0xef, 0x9f, 0xf7, 0x7e, 0xef, 0x9f, 0xef,
    0x7e, 0xef, 0x9e, 0xef, 0x7f, 0xf7, 0x7e, 0xef, 0x9e, 0xef, 0x7f, 0xf7,
    0x7e, 0xef, 0x9f, 0xef, 0x9e, 0xf7, 0x7f, 0xef, 0x9e, 0xef, 0x9e, 0xf7,
    0x7f, 0xef, 0x7e, 0xef, 0x9e, 0xf7, 0x7f, 0xef, 0x9e, 0xef, 0x9e, 0xf7,
    0x7f, 0xef, 0x9e, 0xef, 0x7e, 0xf7, 0x7f, 0xef, 0x9e, 0xef, 0x9e, 0xf7,
    0x7f, 0xef, 0x9e, 0xef, 0x9e, 0xef, 0x7f, 0xf7, 0x9e, 0xef, 0x9e, 0xef,
    0x7f, 0xf7, 0x7e, 0xef, 0x9e, 0xef, 0x7f, 0xf7, 0x9e, 0xef, 0x9e, 0xef,
    0x7f, 0xf7, 0x9e, 0xef, 0x9e, 0xef, 0x7f, 0xf7, 0x7e, 0xef, 0x9e, 0xf7,
    0x7f, 0xef, 0x9e, 0xef, 0x9e, 0xef, 0x7f, 0xf7, 0x7e, 0xef, 0x9e, 0xef,
    0x9f, 0xf7, 0x7e, 0xef, 0x9e, 0xef, 0x9f, 0xf7, 0x7e, 0xef, 0x9e, 0xef,
    0x7f, 0xf7, 0x7e, 0xef, 0x9e, 0xef, 0x7f, 0xf7, 0x7e, 0xef, 0x9e, 0xf7,
    0x9f, 0xef, 0x7e, 0xef, 0x9e, 0xef, 0x7f, 0xf7, 0x7e, 0xef, 0x9e, 0xef,
    0x9f, 0xf7, 0x7e, 0xef, 0x9e, 0xef, 0x7f, 0xf7, 0x9e, 0xef, 0x9e, 0xef,
    0x7f, 0xf7, 0x9e, 0xef, 0x9e, 0xef, 0x7f, 0xf7, 0x9e, 0xef, 0x7e, 0xf7,
    0x9f, 0xef, 0x9e, 0xef, 0x7e, 0xef, 0x7f, 0xf7, 0x9e, 0xef, 0x7e, 0xef,
    0x7f, 0xf7, 0x9e, 0xef, 0x7e, 0xef, 0x9f, 0xf7, 0x9e, 0xef, 0x7e, 0xef,
    0x7f, 0xf7, 0x9e, 0xef, 0x7e, 0xef, 0x9f, 0xf7, 0x7e, 0xef, 0x7e, 0xf7,
    0x9f, 0xef, 0x7e, 0xef, 0x9e, 0xef, 0x7f, 0xf7, 0x7e, 0xef, 0x9e, 0xef,
    0x9f, 0xf7, 0x7e, 0xef, 0x9e, 0xef, 0x7f, 0xf7, 0x9e, 0xef, 0x9e, 0xef,
    0x7f, 0xf7, 0x9e, 0xef, 0x9e, 0xef, 0x7f, 0xf7, 0x9e, 0xef, 0x7e, 0xf7,
    0x9f, 0xef, 0x9e, 0xef, 0x7e, 0xef, 0x7f, 0xf7, 0x9e, 0xef, 0x7e, 0xef,
    0x7f, 0xf7, 0x9e, 0xef, 0x7e, 0xef, 0x9f, 0xf7, 0x9e, 0xef, 0x7e, 0xef,
    0x7f, 0xf7, 0x9e, 0xef, 0x7e, 0xef, 0x9f, 0xf7, 0x7e, 0xef, 0x7e, 0xf7,
    0x9f, 0xef, 0x7e, 0xef, 0x9e, 0xef, 0x7f, 0xf7, 0x7e, 0xef, 0x9e, 0xef,
    0x9f, 0xf7, 0x7e, 0xef, 0x9e, 0xef, 0x7f, 0xf7, 0x9e, 0xef, 0x9e, 0xef,
    0x7f, 0xf7, 0x9e, 0xef, 0x9e, 0xef, 0x7f, 0xf7, 0x9e, 0xef, 0x7e, 0xf7,
    0x9f, 0xef, 0x9e, 0xef, 0x7e, 0xef, 0x7f, 0xf7, 0x9e, 0xef, 0x7e, 0xef,
    0x7f, 0xf7, 0x9e, 0xef, 0x7e, 0xef, 0x9f, 0xf7, 0x9e, 0xef, 0x7e, 0xef,
    0x7f, 0xf7, 0x9e, 0xef, 0x7e, 0xef, 0x9f, 0xf7, 0x7e, 0xef, 0x7e, 0xf7,
    0x9f, 0xef, 0x7e, 0xef, 0x9e, 0xef, 0x7f, 0xf7, 0x7e, 0xef, 0x9e, 0xef,
    0x9f, 0xf7, 0x7e, 0xef, 0x9e, 0xef, 0x7f, 0xf7, 0x9e, 0xef, 0x9e, 0xef,
    0x7f, 0xf7, 0x9e, 0xef, 0x9e, 0xef, 0x7f, 0xf7, 0x9e, 0xef, 0x7e, 0xf7,
    0x9f, 0xef, 0x9e, 0xef, 0x7e, 0xef, 0x7f, 0xf7, 0x9e, 0xef, 0x7e, 0xef,
    0x7f, 0xef, 0x9e, 0xf7, 0x7e, 0xef, 0x9f, 0xef, 0x9e, 0xf7, 0x7f, 0xef,
    0x7e, 0xef, 0x9e, 0xef, 0x7f, 0xf7, 0x9e, 0xef, 0x7e, 0xef, 0x7f, 0xf7,
    0x9e, 0xef, 0x7e, 0xef, 0x9f, 0xf7, 0x7e, 0xef, 0x7e, 0xef, 0x9f, 0xf7,
    0x7f, 0xef, 0x7e, 0xef, 0x9f, 0xf7, 0x7f, 0xef, 0x9e, 0xf7, 0x9e, 0xf7,
    0x7f, 0xef, 0x7e, 0xef, 0x9e, 0xef, 0x7f, 0xef, 0x9e, 0xef, 0x7f, 0xef,
    0x9e, 0xf7, 0x7f, 0xef, 0x7e, 0xef, 0x00, 0x00, 0xbb, 0xd6, 0x9f, 0xef,
    0x7e, 0xf7, 0x7e, 0xef, 0x9f, 0xf7, 0x7e, 0xef, 0x7f, 0xf7, 0x9e, 0xef,
    0x9e, 0xf7, 0x7f, 0xef, 0x9e, 0xef, 0x7f, 0xf7, 0x7f, 0xef, 0x9e, 0xef,
    0x9f, 0xf7, 0x7f, 0xef, 0x9e, 0xef, 0x9f, 0xf7, 0x7e, 0xef, 0x9e, 0xf7,
    0x7f, 0xef, 0x7f, 0xef, 0x9e, 0xf7, 0x7f, 0xf7, 0x9e, 0xef, 0x7e, 0xef,
    0x9f, 0xf7, 0x9e, 0xef, 0x7e, 0xef, 0x9f, 0xf7, 0x7e, 0xef, 0x9f, 0xf7,
    0x7f, 0xef, 0x9e, 0xf7, 0x7f, 0xf7, 0x9f, 0xef, 0x7e, 0xef, 0x9f, 0xf7,
    0x9f, 0xef, 0x7e, 0xf7, 0x9f, 0xf7, 0x7e, 0xef, 0x9e, 0xef, 0x7f, 0xf7,
    0x7e, 0xef, 0x9f, 0xef, 0x7f, 0xf7, 0x9e, 0xef, 0x9f, 0xf7, 0x7f, 0xef,
    0x7e, 0xef, 0x9f, 0xf7, 0x7f, 0xef, 0x9e, 0xef, 0x9f, 0xef, 0x7f, 0xf7,
    0x9e, 0xef, 0x7f, 0xf7, 0x7f, 0xef, 0x9e, 0xf7, 0x7f, 0xf7, 0x9f, 0xef,
    0x7e, 0xef, 0x9f, 0xf7, 0x9f, 0xef, 0x7e, 0xf7, 0x9f, 0xef, 0x7f, 0xf7,
    0x7e, 0xef, 0x9f, 0xef, 0x7f, 0xf7, 0x7e, 0xef, 0x9f, 0xef, 0x9f, 0xf7,
    0x7e, 0xef, 0x9f, 0xef, 0x7f, 0xf7, 0x7e, 0xf7, 0x9f, 0xef, 0x9f, 0xf7,
    0x7e, 0xef, 0x9f, 0xef, 0x7f, 0xf7, 0x7e, 0xf7, 0x9f, 0xef, 0x7f, 0xef,
    0x7e, 0xf7, 0x9f, 0xef, 0x9f, 0xf7, 0x7e, 0xef, 0x9f, 0xef, 0x9f, 0xf7,
    0x7e, 0xef, 0x7f, 0xef, 0x9f, 0xf7, 0x7e, 0xf7, 0x7f, 0xef, 0x9f, 0xf7,
    0x9e, 0xef, 0x7f, 0xef, 0x7f, 0xf7, 0x9e, 0xf7, 0x7f, 0xef, 0x9f, 0xef,
    0x9e, 0xf7, 0x7f, 0xef, 0x7f, 0xf7, 0x9e, 0xef, 0x7f, 0xef, 0x7f, 0xf7,
    0x9e, 0xef, 0x7f, 0xef, 0x9f, 0xf7, 0x7e, 0xf7, 0x9f, 0xef, 0x9f, 0xf7,
    0x7e, 0xef, 0x9f, 0xef, 0x9f, 0xf7, 0x7e, 0xf7, 0x9f, 0xef, 0x7f, 0xef,
    0x7e, 0xf7, 0x9f, 0xef, 0x9f, 0xf7, 0x7e, 0xef, 0x9f, 0xef, 0x7f, 0xf7,
    0x7e, 0xef, 0x9f, 0xef, 0x9f, 0xf7, 0x7e, 0xf7, 0x9f, 0xef, 0x9f, 0xf7,
    0x7e, 0xef, 0x9f, 0xef, 0x7f, 0xf7, 0x7e, 0xf7, 0x9f, 0xef, 0x9f, 0xef,
    0x7e, 0xf7, 0x7f, 0xef, 0x9f, 0xf7, 0x7e, 0xef, 0x7f, 0xef, 0x9f, 0xf7,
    0x9e, 0xef, 0x7f, 0xef, 0x7f, 0xf7, 0x9e, 0xf7, 0x9f, 0xef, 0x7f, 0xf7,
    0x9e, 0xef, 0x9f, 0xef, 0x7f, 0xf7, 0x9e, 0xf7, 0x9f, 0xef, 0x7f, 0xef,
    0x7e, 0xf7, 0x9f, 0xef, 0x9f, 0xf7, 0x7e, 0xef, 0x9f, 0xef, 0x7f, 0xf7,
    0x7e, 0xef, 0x9f, 0xef, 0x9f, 0xf7, 0x7e, 0xf7, 0x9f, 0xef, 0x9f, 0xf7,
    0x7e, 0xef, 0x9f, 0xef, 0x7f, 0xf7, 0x7e, 0xf7, 0x9f, 0xef, 0x9f, 0xef,
    0x7e, 0xf7, 0x7f, 0xef, 0x9f, 0xf7, 0x7e, 0xef, 0x7f, 0xef, 0x9f, 0xf7,
    0x9e, 0xef, 0x7f, 0xef, 0x7f, 0xf7, 0x9e, 0xf7, 0x9f, 0xef, 0x7f, 0xf7,
    0x9e, 0xef, 0x9f, 0xef, 0x7f, 0xf7, 0x9e, 0xf7, 0x9f, 0xef, 0x7f, 0xef,
    0x7e, 0xf7, 0x9f, 0xef, 0x9f, 0xf7, 0x7e, 0xef, 0x9f, 0xef, 0x7f, 0xf7,
    0x7e, 0xef, 0x9f, 0xef, 0x9f, 0xf7, 0x7e, 0xf7, 0x9f, 0xef, 0x9f, 0xf7,
    0x7e, 0xef, 0x9f, 0xef, 0x7f, 0xf7, 0x7e, 0xf7, 0x9f, 0xef, 0x9f, 0xef,
    0x7e, 0xf7, 0x7f, 0xef, 0x9f, 0xf7, 0x7e, 0xef, 0x7f, 0xef, 0x9f, 0xf7,
    0x9e, 0xef, 0x7f, 0xef, 0x7f, 0xf7, 0x9e, 0xf7, 0x9f, 0xef, 0x7f, 0xef,
    0x9e, 0xf7, 0x9e, 0xef, 0x7f, 0xef, 0x9e, 0xef, 0x9f, 0xf7, 0x7f, 0xef,
    0x7e, 0xf7, 0x9f, 0xef, 0x9e, 0xef, 0x7f, 0xf7, 0x9f, 0xef, 0x7e, 0xf7,
    0x7f, 0xef, 0x9f, 0xf7, 0x9e, 0xf7, 0x7f, 0xef, 0x9f, 0xef, 0x9e, 0xf7,
    0x7f, 0xef, 0x9e, 0xef, 0x9e, 0xf7, 0x7f, 0xef, 0x9e, 0xf7, 0x7f, 0xef,
    0x7f, 0xef, 0x9e, 0xf7, 0x7f, 0xef, 0x9e, 0xef, 0x9e, 0xf7, 0x7e, 0xef,
    0x9f, 0xf7, 0x7e, 0xef, 0x9e, 0xef, 0x9f, 0xef, 0x7e, 0xef, 0x7e, 0xef,
    0xa7, 0x31, 0x9e, 0xf7, 0x7f, 0xf7, 0x9e, 0xef, 0x9e, 0xef, 0x7f, 0xf7,
    0x9e, 0xef, 0x7f, 0xef, 0x7f, 0xf7, 0x9e, 0xef, 0x7f, 0xef, 0x9e, 0xf7,
    0x9e, 0xef, 0x7f, 0xef, 0x7e, 0xef, 0x9e, 0xf7, 0x7f, 0xef, 0x7f, 0xef,
    0x9e, 0xf7, 0x7f, 0xef, 0x9e, 0xef, 0x9e, 0xf7, 0x7f, 0xef, 0x7e, 0xef,
    0x9f, 0xf7, 0x7f, 0xef, 0x7e, 0xef, 0x9f, 0xf7, 0x7f, 0xef, 0x9e, 0xf7,
    0x9e, 0xef, 0x7f, 0xef, 0x7e, 0xf7, 0x9e, 0xef, 0x7f, 0xef, 0x9e, 0xf7,
    0x7e, 0xef, 0x9f, 0xf7, 0x7e, 0xef, 0x7f, 0xef, 0x9e, 0xef, 0x9f, 0xef,
    0x7f, 0xf7, 0x9e, 0xef, 0x7f, 0xf7, 0x9e, 0xef, 0x7f, 0xf7, 0x7e, 0xef,
    0x9e, 0xef, 0x9f, 0xf7, 0x7e, 0xef, 0x9e, 0xf7, 0x7f, 0xef, 0x7e, 0xf7,
    0x9e, 0xef, 0x7f, 0xf7, 0x9e, 0xef, 0x9e, 0xef, 0x7f, 0xf7, 0x9e, 0xef,
    0x7e, 0xef, 0x9f, 0xf7, 0x7e, 0xef, 0x7e, 0xef, 0x7f, 0xf7, 0x9e, 0xef,
    0x7e, 0xef, 0x9f, 0xf7, 0x9e, 0xef, 0x7e, 0xef, 0x9f, 0xf7, 0x9e, 0xf7,
    0x7e, 0xef, 0x7f, 0xef, 0x9e, 0xf7, 0x7e, 0xef, 0x9f, 0xef, 0x9e, 0xef,
    0x7e, 0xef, 0x7f, 0xf7, 0x9e, 0xef, 0x7e, 0xef, 0x9f, 0xf7, 0x9e, 0xef,
    0x7e, 0xef, 0x9f, 0xf7, 0x7e, 0xef, 0x7e, 0xef, 0x9f, 0xf7, 0x7e, 0xef,
    0x7e, 0xef, 0x9f, 0xf7, 0x9e, 0xf7, 0x7e, 0xef, 0x9f, 0xef, 0x9e, 0xef,
    0x7e, 0xef, 0x9f, 0xf7, 0x7e, 0xef, 0x9e, 0xef, 0x9f, 0xf7, 0x7e, 0xef,
    0x7e, 0xef, 0x9f, 0xf7, 0x7e, 0xef, 0x7e, 0xef, 0x9f, 0xf7, 0x9e, 0xef,
    0x7e, 0xef, 0x9f, 0xf7, 0x9e, 0xf7, 0x7e, 0xef, 0x9f, 0xef, 0x7e, 0xef,
    0x7e, 0xef, 0x9f, 0xf7, 0x7e, 0xef, 0x7e, 0xef, 0x9f, 0xf7, 0x7e, 0xef,
    0x9e, 0xef, 0x9f, 0xf7, 0x7e, 0xef, 0x7e, 0xef, 0x9f, 0xf7, 0x7e, 0xef,
    0x9e, 0xef, 0x9f, 0xf7, 0x7e, 0xf7, 0x9e, 0xef, 0x9f, 0xef, 0x7e, 0xef,
    0x7e, 0xef, 0x9f, 0xf7, 0x7e, 0xef, 0x9e, 0xef, 0x9f, 0xf7, 0x7e, 0xef,
    0x7e, 0xef, 0x9f, 0xf7, 0x7e, 0xef, 0x9e, 0xef, 0x9f, 0xf7, 0x7e, 0xef,
    0x9e, 0xef, 0x7f, 0xf7, 0x7e, 0xf7, 0x9e, 0xef, 0x7f, 0xef, 0x9e, 0xef,
    0x7e, 0xef, 0x7f, 0xf7, 0x9e, 0xef, 0x7e, 0xef, 0x7f, 0xf7, 0x9e, 0xef,
    0x7e, 0xef, 0x9f, 0xf7, 0x7e, 0xef, 0x7e, 0xef, 0x9f, 0xf7, 0x7e, 0xef,
    0x9e, 0xef, 0x9f, 0xf7, 0x7e, 0xf7, 0x9e, 0xef, 0x9f, 0xef, 0x7e, 0xef,
    0x7e, 0xef, 0x9f, 0xf7, 0x7e, 0xef, 0x9e, 0xef, 0x9f, 0xf7, 0x7e, 0xef,
    0x7e, 0xef, 0x9f, 0xf7, 0x7e, 0xef, 0x9e, 0xef, 0x9f, 0xf7, 0x7e, 0xef,
    0x9e, 0xef, 0x7f, 0xf7, 0x7e, 0xf7, 0x9e, 0xef, 0x7f, 0xef, 0x9e, 0xef,
    0x7e, 0xef, 0x7f, 0xf7, 0x9e, 0xef, 0x7e, 0xef, 0x7f, 0xf7, 0x9e, 0xef,
    0x7e, 0xef, 0x9f, 0xf7, 0x7e, 0xef, 0x7e, 0xef, 0x9f, 0xf7, 0x7e, 0xef,
    0x9e, 0xef, 0x9f, 0xf7, 0x7e, 0xf7, 0x9e, 0xef, 0x9f, 0xef, 0x7e, 0xef,
    0x7e, 0xef, 0x9f, 0xf7, 0x7e, 0xef, 0x9e, 0xef, 0x9f, 0xf7, 0x7e, 0xef,
    0x7e, 0xef, 0x9f, 0xf7, 0x7e, 0xef, 0x9e, 0xef, 0x9f, 0xf7, 0x7e, 0xef,
    0x9e, 0xef, 0x7f, 0xf7, 0x7e, 0xf7, 0x9e, 0xef, 0x7f, 0xef, 0x9e, 0xef,
    0x7e, 0xf7, 0x7f, 0xef, 0x9f, 0xf7, 0x7e, 0xef, 0x7f, 0xf7, 0x9f, 0xef,
    0x7e, 0xf7, 0x9f, 0xef, 0x7e, 0xef, 0x7f, 0xf7, 0x9e, 0xef, 0x7f, 0xf7,
    0x9e, 0xef, 0x9f, 0xef, 0x7e, 0xef, 0x9f, 0xf7, 0x9e, 0xef, 0x7e, 0xef,
    0x7f, 0xf7, 0x9e, 0xef, 0x7f, 0xef, 0x7f, 0xf7, 0x9f, 0xef, 0x7e, 0xef,
    0x9e, 0xf7, 0x9f, 0xef, 0x7e, 0xef, 0x9e, 0xef, 0x7e, 0xef, 0x7f, 0xef,
    0x7f, 0xef, 0x7e, 0xef, 0x9f, 0xef, 0x7e, 0xef, 0x7e, 0xf7, 0x7f, 0xef,
    0x7e, 0xef, 0x7e, 0xef, 0x7f, 0xef, 0x8e, 0x73, 0x7f, 0xef, 0x9f, 0xef,
    0x7e, 0xef, 0x9f, 0xf7, 0x7f, 0xef, 0x9e, 0xef, 0x9e, 0xf7, 0x7f, 0xef,
    0x9f, 0xef, 0x7e, 0xf7, 0x7f, 0xef, 0x9f, 0xf7, 0x9e, 0xef, 0x7f, 0xf7,
    0x9e, 0xef, 0x9e, 0xef, 0x7f, 0xf7, 0x7e, 0xef, 0x9f, 0xef, 0x7f, 0xf7,
    0x9e, 0xf7, 0x9f, 0xef, 0x7e, 0xef, 0x9e, 0xf7, 0x9f, 0xef, 0x7e, 0xef,
    0x9e, 0xf7, 0x7f, 0xef, 0x7f, 0xef, 0x9e, 0xf7, 0x9f, 0xef, 0x7f, 0xef,
    0x9e, 0xf7, 0x9f, 0xef, 0x7e, 0xef, 0x9f, 0xf7, 0x7e, 0xef, 0x9f, 0xf7,
    0x7e, 0xef, 0x9e, 0xf7, 0x7f, 0xef, 0x7e, 0xef, 0x9f, 0xf7, 0x9e, 0xef,
    0x7f, 0xef, 0x9e, 0xf7, 0x9f, 0xef, 0x7f, 0xef, 0x7e, 0xf7, 0x9f, 0xef,
    0x9f, 0xef, 0x7e, 0xf7, 0x9f, 0xef, 0x7f, 0xef, 0x7e, 0xf7, 0x9f, 0xef,
    0x7f, 0xef, 0x9e, 0xf7, 0x7f, 0xef, 0x9f, 0xef, 0x9e, 0xf7, 0x7f, 0xef,
    0x9f, 0xef, 0x9e, 0xf7, 0x7f, 0xef, 0x7f, 0xef, 0x9e, 0xf7, 0x7f, 0xef,
    0x7f, 0xef, 0x9e, 0xf7, 0x9f, 0xef, 0x7f, 0xef, 0x9e, 0xf7, 0x7f, 0xef,
    0x7f, 0xf7, 0x9e, 0xf7, 0x9f, 0xef, 0x7f, 0xef, 0x9e, 0xf7, 0x7f, 0xef,
    0x7f, 0xef, 0x9e, 0xf7, 0x7f, 0xef, 0x9f, 0xef, 0x9e, 0xf7, 0x7f, 0xef,
    0x9f, 0xef, 0x9e, 0xf7, 0x7f, 0xef, 0x9f, 0xef, 0x7e, 0xf7, 0x7f, 0xef,
    0x9f, 0xef, 0x7e, 0xf7, 0x7f, 0xef, 0x9f, 0xef, 0x7e, 0xf7, 0x7f, 0xef,
    0x9f, 0xef, 0x9e, 0xf7, 0x7f, 0xef, 0x9f, 0xef, 0x9e, 0xf7, 0x7f, 0xef,
    0x7f, 0xef, 0x9e, 0xf7, 0x7f, 0xef, 0x7f, 0xef, 0x9e, 0xf7, 0x7f, 0xef,
    0x9f, 0xef, 0x9e, 0xf7, 0x7f, 0xef, 0x9f, 0xef, 0x9e, 0xf7, 0x7f, 0xef,
    0x9f, 0xef, 0x7e, 0xf7, 0x7f, 0xef, 0x9f, 0xef, 0x7e, 0xf7, 0x9f, 0xef,
    0x9f, 0xef, 0x7e, 0xf7, 0x7f, 0xef, 0x9f, 0xef, 0x7e, 0xf7, 0x7f, 0xef,
    0x9f, 0xef, 0x7e, 0xf7, 0x7f, 0xef, 0x9f, 0xef, 0x7e, 0xf7, 0x7f, 0xef,
    0x9f, 0xef, 0x7e, 0xf7, 0x9f, 0xef, 0x9f, 0xef, 0x7e, 0xf7, 0x7f, 0xef,
    0x9f, 0xef, 0x7e, 0xf7, 0x9f, 0xef, 0x9f, 0xef, 0x7e, 0xf7, 0x9f, 0xef,
    0x7f, 0xef, 0x9e, 0xf7, 0x9f, 0xef, 0x7f, 0xef, 0x9e, 0xf7, 0x9f, 0xef,
    0x7f, 0xef, 0x9e, 0xf7, 0x7f, 0xef, 0x9f, 0xef, 0x7e, 0xf7, 0x9f, 0xef,
    0x9f, 0xef, 0x7e, 0xf7, 0x7f, 0xef, 0x9f, 0xef, 0x7e, 0xf7, 0x7f, 0xef,
    0x9f, 0xef, 0x7e, 0xf7, 0x7f, 0xef, 0x9f, 0xef, 0x7e, 0xf7, 0x7f, 0xef,
    0x9f, 0xef, 0x7e, 0xf7, 0x9f, 0xef, 0x9f, 0xef, 0x7e, 0xf7, 0x7f, 0xef,
    0x9f, 0xef, 0x7e, 0xf7, 0x9f, 0xef, 0x9f, 0xef, 0x7e, 0xf7, 0x9f, 0xef,
    0x7f, 0xef, 0x9e, 0xf7, 0x9f, 0xef, 0x7f, 0xef, 0x9e, 0xf7, 0x9f, 0xef,
    0x7f, 0xef, 0x9e, 0xf7, 0x7f, 0xef, 0x9f, 0xef, 0x7e, 0xf7, 0x9f, 0xef,
    0x9f, 0xef, 0x7e, 0xf7, 0x7f, 0xef, 0x9f, 0xef, 0x7e, 0xf7, 0x7f, 0xef,
    0x9f, 0xef, 0x7e, 0xf7, 0x7f, 0xef, 0x9f, 0xef, 0x7e, 0xf7, 0x7f, 0xef,
    0x9f, 0xef, 0x7e, 0xf7, 0x9f, 0xef, 0x9f, 0xef, 0x7e, 0xf7, 0x7f, 0xef,
    0x9f, 0xef, 0x7e, 0xf7, 0x9f, 0xef, 0x9f, 0xef, 0x7e, 0xf7, 0x9f, 0xef,
    0x7f, 0xef, 0x9e, 0xf7, 0x9f, 0xef, 0x7e, 0xef, 0x9e, 0xf7, 0x9f, 0xef,
    0x7e, 0xef, 0x9e, 0xef, 0x7f, 0xf7, 0x9e, 0xef, 0x7e, 0xef, 0x9f, 0xf7,
    0x9e, 0xef, 0x7f, 0xef, 0x7e, 0xf7, 0x9e, 0xef, 0x7f, 0xf7, 0x7e, 0xef,
    0x9e, 0xef, 0x7f, 0xef, 0x7f, 0xef, 0x9e, 0xf7, 0x9e, 0xef, 0x7e, 0xf7,
    0x9f, 0xef, 0x7e, 0xef, 0x7e, 0xef, 0x9f, 0xef, 0x7e, 0xef, 0x7e, 0xef,
    0x9e, 0xf7, 0x7f, 0xef, 0x7e, 0xef, 0x9e, 0xf7, 0x7f, 0xef, 0x7e, 0xef,
    0x7e, 0xef, 0x7f, 0xef, 0x7e, 0xef, 0x7e, 0xef, 0x7f, 0xef, 0x7e, 0xef,
    0x15, 0xa5, 0x9e, 0xef, 0x7e, 0xf7, 0x9f, 0xef, 0x7e, 0xf7, 0x7f, 0xef,
    0x9e, 0xef, 0x7e, 0xf7, 0x9f, 0xef, 0x9e, 0xf7, 0x7e, 0xef, 0x7f, 0xef,
    0x9e, 0xf7, 0x7f, 0xef, 0x7f, 0xef, 0x9e, 0xf7, 0x9f, 0xef, 0x7e, 0xf7,
    0x9e, 0xef, 0x9f, 0xef, 0x7e, 0xf7, 0x7f, 0xef, 0x9f, 0xef, 0x7e, 0xf7,
    0x7f, 0xef, 0x9f, 0xef, 0x9e, 0xf7, 0x7e, 0xef, 0x9f, 0xef, 0x7e, 0xf7,
    0x7f, 0xef, 0x9e, 0xf7, 0x7e, 0xef, 0x7f, 0xef, 0x9e, 0xf7, 0x7f, 0xef,
    0x7f, 0xef, 0x9e, 0xef, 0x9f, 0xf7, 0x7f, 0xef, 0x9e, 0xf7, 0x7e, 0xef,
    0x9f, 0xef, 0x7e, 0xf7, 0x7f, 0xef, 0x9e, 0xef, 0x7e, 0xf7, 0x9f, 0xef,
    0x7e, 0xf7, 0x7e, 0xef, 0x9f, 0xef, 0x7e, 0xf7, 0x9e, 0xef, 0x9f, 0xef,
    0x7e, 0xf7, 0x9e, 0xef, 0x7f, 0xf7, 0x7e, 0xef, 0x9e, 0xef, 0x7f, 0xf7,
    0x7e, 0xef, 0x9e, 0xef, 0x7f, 0xf7, 0x9e, 0xef, 0x9e, 0xf7, 0x7f, 0xef,
    0x9e, 0xf7, 0x9e, 0xef, 0x7f, 0xf7, 0x9e, 0xef, 0x7e, 0xef, 0x7f, 0xf7,
    0x9e, 0xef, 0x9e, 0xef, 0x7f, 0xf7, 0x9e, 0xef, 0x7e, 0xef, 0x7f, 0xf7,
    0x9e, 0xef, 0x9e, 0xf7, 0x7f, 0xef, 0x9e, 0xf7, 0x7e, 0xef, 0x7f, 0xef,
    0x9e, 0xf7, 0x7e, 0xef, 0x7f, 0xf7, 0x9e, 0xef, 0x7e, 0xf7, 0x9f, 0xef,
    0x9e, 0xef, 0x7e, 0xf7, 0x9f, 0xef, 0x9e, 0xef, 0x7e, 0xf7, 0x9f, 0xf7,
    0x9e, 0xef, 0x7e, 0xf7, 0x9f, 0xef, 0x7e, 0xf7, 0x7e, 0xef, 0x9f, 0xef,
    0x7e, 0xf7, 0x9e, 0xef, 0x9f, 0xf7, 0x7e, 0xef, 0x9e, 0xf7, 0x9f, 0xef,
    0x7e, 0xef, 0x9e, 0xf7, 0x7f, 0xef, 0x7e, 0xef, 0x9e, 0xf7, 0x7f, 0xf7,
    0x7e, 0xef, 0x9e, 0xf7, 0x7f, 0xef, 0x9e, 0xf7, 0x9e, 0xef, 0x7f, 0xef,
    0x9e, 0xf7, 0x7e, 0xef, 0x7f, 0xf7, 0x9e, 0xef, 0x9e, 0xf7, 0x7f, 0xef,
    0x9e, 0xef, 0x7e, 0xf7, 0x9f, 0xef, 0x9e, 0xef, 0x7e, 0xf7, 0x9f, 0xf7,
    0x9e, 0xef, 0x7e, 0xf7, 0x9f, 0xef, 0x7e, 0xf7, 0x7e, 0xef, 0x9f, 0xef,
    0x9e, 0xf7, 0x7e, 0xef, 0x9f, 0xf7, 0x7e, 0xef, 0x7e, 0xf7, 0x9f, 0xef,
    0x7e, 0xef, 0x9e, 0xf7, 0x9f, 0xef, 0x7e, 0xef, 0x7e, 0xf7, 0x9f, 0xf7,
    0x7e, 0xef, 0x7e, 0xf7, 0x9f, 0xef, 0x9e, 0xf7, 0x7e, 0xef, 0x9f, 0xef,
    0x7e, 0xf7, 0x9e, 0xef, 0x7f, 0xf7, 0x9e, 0xef, 0x9e, 0xf7, 0x7f, 0xef,
    0x9e, 0xef, 0x7e, 0xf7, 0x9f, 0xef, 0x9e, 0xef, 0x7e, 0xf7, 0x9f, 0xf7,
    0x9e, 0xef, 0x7e, 0xf7, 0x9f, 0xef, 0x7e, 0xf7, 0x7e, 0xef, 0x9f, 0xef,
    0x9e, 0xf7, 0x7e, 0xef, 0x9f, 0xf7, 0x7e, 0xef, 0x7e, 0xf7, 0x9f, 0xef,
    0x7e, 0xef, 0x9e, 0xf7, 0x9f, 0xef, 0x7e, 0xef, 0x7e, 0xf7, 0x9f, 0xf7,
    0x7e, 0xef, 0x7e, 0xf7, 0x9f, 0xef, 0x9e, 0xf7, 0x7e, 0xef, 0x9f, 0xef,
    0x7e, 0xf7, 0x9e, 0xef, 0x7f, 0xf7, 0x9e, 0xef, 0x9e, 0xf7, 0x7f, 0xef,
    0x9e, 0xef, 0x7e, 0xf7, 0x9f, 0xef, 0x9e, 0xef, 0x7e, 0xf7, 0x9f, 0xf7,
    0x9e, 0xef, 0x7e, 0xf7, 0x9f, 0xef, 0x7e, 0xf7, 0x7e, 0xef, 0x9f, 0xef,
    0x9e, 0xf7, 0x7e, 0xef, 0x9f, 0xf7, 0x7e, 0xef, 0x7e, 0xf7, 0x9f, 0xef,
    0x7e, 0xef, 0x9e, 0xf7, 0x9f, 0xef, 0x7e, 0xef, 0x7f, 0xf7, 0x9f, 0xef,
    0x7e, 0xef, 0x7f, 0xf7, 0x9f, 0xef, 0x9e, 0xef, 0x7f, 0xf7, 0x9f, 0xef,
    0x7e, 0xef, 0x9f, 0xf7, 0x7f, 0xef, 0x9e, 0xef, 0x9f, 0xf7, 0x7f, 0xef,
    0x9e, 0xef, 0x7f, 0xf7, 0x9f, 0xf7, 0x9e, 0xef, 0x7f, 0xf7, 0x9f, 0xf7,
    0x9e, 0xef, 0x7e, 0xef, 0x9f, 0xef, 0x9e, 0xef, 0x7e, 0xf7, 0x9f, 0xef,
    0x9e, 0xef, 0x7f, 0xf7, 0x7e, 0xef, 0x7f, 0xef, 0x7e, 0xef, 0x7e, 0xef,
    0x7e, 0xef, 0x7f, 0xef, 0x7e, 0xef, 0x9f, 0xef, 0x7e, 0xef, 0x9f, 0xef,
    0x7e, 0xef, 0x7e, 0xef, 0x7f, 0xef, 0x39, 0xc6, 0x9f, 0xf7, 0x7e, 0xef,
    0x9f, 0xef, 0x9e, 0xf7, 0x7f, 0xef, 0x9f, 0xf7, 0x7e, 0xef, 0x7f, 0xef,
    0x9e, 0xf7, 0x9f, 0xef, 0x9e, 0xef, 0x7e, 0xf7, 0x9f, 0xef, 0x7e, 0xef,
    0x7f, 0xf7, 0x9f, 0xef, 0x7e, 0xef, 0x7f, 0xf7, 0x9e, 0xef, 0x7e, 0xef,
    0x9f, 0xf7, 0x9e, 0xef, 0x7e, 0xef, 0x7f, 0xf7, 0x9e, 0xef, 0x7f, 0xf7,
    0x7f, 0xef, 0x9e, 0xf7, 0x9f, 0xef, 0x7e, 0xef, 0x9f, 0xf7, 0x9f, 0xef,
    0x7e, 0xef, 0x9e, 0xf7, 0x9f, 0xf7, 0x7e, 0xef, 0x9e, 0xef, 0x7f, 0xef,
    0x7f, 0xf7, 0x9e, 0xef, 0x9f, 0xef, 0x7f, 0xf7, 0x9e, 0xef, 0x9f, 0xf7,
    0x7f, 0xef, 0x9e, 0xef, 0x7f, 0xf7, 0x9f, 0xef, 0x9e, 0xef, 0x7f, 0xf7,
    0x7f, 0xef, 0x9e, 0xef, 0x7f, 0xf7, 0x9f, 0xef, 0x9e, 0xef, 0x7f, 0xf7,
    0x9f, 0xef, 0x9e, 0xef, 0x7f, 0xf7, 0x9f, 0xef, 0x7e, 0xef, 0x7f, 0xf7,
    0x9f, 0xef, 0x7e, 0xef, 0x7f, 0xf7, 0x9f, 0xef, 0x7e, 0xef, 0x9f, 0xf7,
    0x9f, 0xef, 0x7e, 0xef, 0x7f, 0xf7, 0x9f, 0xef, 0x7e, 0xef, 0x9f, 0xf7,
    0x9f, 0xef, 0x7e, 0xef, 0x7f, 0xf7, 0x9f, 0xef, 0x7e, 0xef, 0x9f, 0xf7,
    0x9f, 0xef, 0x7e, 0xef, 0x9f, 0xf7, 0x9f, 0xef, 0x7e, 0xef, 0x9f, 0xf7,
    0x7f, 0xef, 0x7e, 0xef, 0x9f, 0xf7, 0x7f, 0xef, 0x7e, 0xf7, 0x9f, 0xef,
    0x7f, 0xef, 0x7e, 0xf7, 0x9f, 0xef, 0x7f, 0xef, 0x9e, 0xef, 0x9f, 0xf7,
    0x7f, 0xef, 0x9e, 0xef, 0x7f, 0xf7, 0x7f, 0xef, 0x9e, 0xef, 0x7f, 0xf7,
    0x7f, 0xef, 0x9e, 0xef, 0x7f, 0xf7, 0x9f, 0xef, 0x9e, 0xf7, 0x7f, 0xef,
    0x9f, 0xef, 0x7e, 0xf7, 0x9f, 0xef, 0x7f, 0xef, 0x9e, 0xef, 0x7f, 0xf7,
    0x7f, 0xef, 0x9e, 0xef, 0x9f, 0xf7, 0x7f, 0xef, 0x9e, 0xef, 0x7f, 0xf7,
    0x9f, 0xef, 0x7e, 0xef, 0x9f, 0xf7, 0x7f, 0xef, 0x9e, 0xf7, 0x7f, 0xef,
    0x7f, 0xef, 0x9e, 0xf7, 0x7f, 0xef, 0x9f, 0xef, 0x9e, 0xef, 0x7f, 0xf7,
    0x9f, 0xef, 0x9e, 0xef, 0x7f, 0xf7, 0x7f, 0xef, 0x9e, 0xef, 0x9f, 0xf7,
    0x7f, 0xef, 0x9e, 0xef, 0x7f, 0xf7, 0x7f, 0xef, 0x9e, 0xf7, 0x7f, 0xef,
    0x9f, 0xef, 0x7e, 0xf7, 0x9f, 0xef, 0x9f, 0xef, 0x7e, 0xef, 0x7f, 0xf7,
    0x9f, 0xef, 0x7e, 0xef, 0x7f, 0xf7, 0x9f, 0xef, 0x7e, 0xef, 0x7f, 0xf7,
    0x9f, 0xef, 0x7e, 0xef, 0x9f, 0xf7, 0x7f, 0xef, 0x9e, 0xf7, 0x7f, 0xef,
    0x7f, 0xef, 0x9e, 0xf7, 0x7f, 0xef, 0x9f, 0xef, 0x9e, 0xef, 0x7f, 0xf7,
    0x9f, 0xef, 0x9e, 0xef, 0x7f, 0xf7, 0x7f, 0xef, 0x9e, 0xef, 0x9f, 0xf7,
    0x7f, 0xef, 0x9e, 0xef, 0x7f, 0xf7, 0x7f, 0xef, 0x9e, 0xf7, 0x7f, 0xef,
    0x9f, 0xef, 0x7e, 0xf7, 0x9f, 0xef, 0x9f, 0xef, 0x7e, 0xef, 0x7f, 0xf7,
    0x9f, 0xef, 0x7e, 0xef, 0x7f, 0xf7, 0x9f, 0xef, 0x7e, 0xef, 0x7f, 0xf7,
    0x9f, 0xef, 0x7e, 0xef, 0x9f, 0xf7, 0x7f, 0xef, 0x9e, 0xf7, 0x7f, 0xef,
    0x7f, 0xef, 0x9e, 0xf7, 0x7f, 0xef, 0x9f, 0xef, 0x9e, 0xef, 0x7f, 0xf7,
    0x9f, 0xef, 0x9e, 0xef, 0x7f, 0xf7, 0x7f, 0xef, 0x9e, 0xef, 0x9f, 0xf7,
    0x7f, 0xef, 0x9e, 0xef, 0x7f, 0xf7, 0x7f, 0xef, 0x9e, 0xf7, 0x7f, 0xef,
    0x9e, 0xf7, 0x7e, 0xef, 0x9f, 0xf7, 0x9e, 0xef, 0x7f, 0xef, 0x7e, 0xf7,
    0x9e, 0xf7, 0x7f, 0xef, 0x7e, 0xef, 0x9e, 0xf7, 0x7f, 0xf7, 0x7e, 0xef,
    0x9e, 0xef, 0x7f, 0xf7, 0x9e, 0xef, 0x7e, 0xef, 0x9f, 0xef, 0x7e, 0xef,
    0x7e, 0xef, 0x9e, 0xef, 0x7e, 0xef, 0x7f, 0xef, 0x7e, 0xef, 0x9f, 0xef,
    0x7e, 0xf7, 0x7e, 0xef, 0x7f, 0xef, 0x7e, 0xef, 0x9e, 0xf7, 0x9f, 0xef,
    0x9e, 0xef, 0x7f, 0xef, 0x9e, 0xef, 0x7f, 0xef, 0x7e, 0xef, 0x9e, 0xef,
    0x7e, 0xef, 0x7f, 0xef, 0x7e, 0xef, 0x7f, 0xef, 0x7e, 0xef, 0x7e, 0xef,
    0xfc, 0xde, 0x7f, 0xef, 0x9f, 0xef, 0x7e, 0xf7, 0x7e, 0xef, 0x9f, 0xef,
    0x9e, 0xf7, 0x7f, 0xef, 0x7f, 0xef, 0x9e, 0xf7, 0x7f, 0xef, 0x7f, 0xf7,
    0x9e, 0xef, 0x9f, 0xf7, 0x7e, 0xef, 0x9e, 0xf7, 0x9f, 0xef, 0x7f, 0xef,
    0x9e, 0xf7, 0x7f, 0xef, 0x9f, 0xef, 0x7e, 0xf7, 0x9f, 0xef, 0x9f, 0xf7,
    0x7e, 0xef, 0x9e, 0xef, 0x9f, 0xf7, 0x7e, 0xef, 0x9f, 0xef, 0x7e, 0xf7,
    0x9e, 0xef, 0x7f, 0xef, 0x7f, 0xf7, 0x9e, 0xef, 0x7f, 0xef, 0x7f, 0xf7,
    0x9e, 0xef, 0x7e, 0xf7, 0x9f, 0xef, 0x7e, 0xef, 0x9e, 0xf7, 0x7f, 0xef,
    0x7e, 0xef, 0x9e, 0xf7, 0x7f, 0xef, 0x7e, 0xf7, 0x9e, 0xef, 0x7f, 0xef,
    0x9e, 0xf7, 0x9e, 0xef, 0x7f, 0xf7, 0x9e, 0xef, 0x7e, 0xf7, 0x7f, 0xf7,
    0x9e, 0xef, 0x7e, 0xef, 0x7f, 0xf7, 0x9e, 0xef, 0x7e, 0xf7, 0x9f, 0xef,
    0x9e, 0xf7, 0x7f, 0xef, 0x9e, 0xf7, 0x9f, 0xef, 0x7e, 0xef, 0x9e, 0xf7,
    0x7f, 0xef, 0x7e, 0xef, 0x9e, 0xf7, 0x7f, 0xef, 0x9e, 0xf7, 0x9e, 0xef,
    0x7f, 0xf7, 0x7e, 0xef, 0x9e, 0xef, 0x7f, 0xf7, 0x9e, 0xef, 0x9e, 0xef,
    0x7f, 0xf7, 0x7e, 0xef, 0x9e, 0xef, 0x7f, 0xf7, 0x7e, 0xef, 0x9e, 0xf7,
    0x7f, 0xef, 0x9e, 0xef, 0x9e, 0xf7, 0x7f, 0xef, 0x9e, 0xef, 0x9e, 0xf7,
    0x7f, 0xef, 0x9e, 0xef, 0x9e, 0xf7, 0x7f, 0xef, 0x9e, 0xef, 0x7e, 0xf7,
    0x7f, 0xef, 0x9e, 0xef, 0x7e, 0xf7, 0x9f, 0xef, 0x9e, 0xf7, 0x7e, 0xf7,
    0x9f, 0xef, 0x9e, 0xef, 0x7e, 0xf7, 0x9f, 0xef, 0x7e, 0xef, 0x7e, 0xf7,
    0x9f, 0xef, 0x7e, 0xef, 0x9e, 0xf7, 0x7f, 0xef, 0x9e, 0xef, 0x9e, 0xf7,
    0x7f, 0xef, 0x9e, 0xef, 0x9e, 0xf7, 0x7f, 0xef, 0x7e, 0xf7, 0x9e, 0xf7,
    0x7f, 0xef, 0x9e, 0xef, 0x9e, 0xf7, 0x7f, 0xef, 0x7e, 0xef, 0x9e, 0xf7,
    0x9f, 0xef, 0x7e, 0xef, 0x9e, 0xf7, 0x9f, 0xef, 0x7e, 0xef, 0x7e, 0xf7,
    0x9f, 0xef, 0x7e, 0xef, 0x7e, 0xf7, 0x9f, 0xef, 0x9e, 0xf7, 0x7e, 0xf7,
    0x7f, 0xef, 0x9e, 0xef, 0x7e, 0xf7, 0x9f, 0xef, 0x9e, 0xef, 0x7e, 0xf7,
    0x9f, 0xef, 0x7e, 0xef, 0x9e, 0xf7, 0x7f, 0xef, 0x9e, 0xef, 0x7e, 0xf7,
    0x9f, 0xef, 0x7e, 0xef, 0x9e, 0xf7, 0x7f, 0xef, 0x9e, 0xf7, 0x9e, 0xf7,
    0x7f, 0xef, 0x9e, 0xef, 0x9e, 0xf7, 0x7f, 0xef, 0x7e, 0xef, 0x9e, 0xf7,
    0x7f, 0xef, 0x9e, 0xef, 0x9e, 0xf7, 0x7f, 0xef, 0x9e, 0xef, 0x7e, 0xf7,
    0x7f, 0xef, 0x9e, 0xef, 0x7e, 0xf7, 0x9f, 0xef, 0x7e, 0xf7, 0x7e, 0xf7,
    0x9f, 0xef, 0x7e, 0xef, 0x7e, 0xf7, 0x9f, 0xef, 0x9e, 0xef, 0x7e, 0xf7,
    0x9f, 0xef, 0x7e, 0xef, 0x9e, 0xf7, 0x7f, 0xef, 0x9e, 0xef, 0x7e, 0xf7,
    0x9f, 0xef, 0x7e, 0xef, 0x9e, 0xf7, 0x7f, 0xef, 0x9e, 0xf7, 0x9e, 0xf7,
    0x7f, 0xef, 0x9e, 0xef, 0x9e, 0xf7, 0x7f, 0xef, 0x7e, 0xef, 0x9e, 0xf7,
    0x7f, 0xef, 0x9e, 0xef, 0x9e, 0xf7, 0x7f, 0xef, 0x9e, 0xef, 0x7e, 0xf7,
    0x7f, 0xef, 0x9e, 0xef, 0x7e, 0xf7, 0x9f, 0xef, 0x7e, 0xf7, 0x7e, 0xf7,
    0x9f, 0xef, 0x7e, 0xef, 0x7e, 0xf7, 0x9f, 0xef, 0x9e, 0xef, 0x7e, 0xf7,
    0x9f, 0xef, 0x7f, 0xef, 0x9e, 0xf7, 0x7f, 0xef, 0x9f, 0xef, 0x7e, 0xf7,
    0x9f, 0xef, 0x7e, 0xef, 0x9f, 0xf7, 0x7f, 0xef, 0x9e, 0xef, 0x9f, 0xf7,
    0x7f, 0xef, 0x9e, 0xef, 0x9f, 0xf7, 0x7e, 0xef, 0x7f, 0xf7, 0x9f, 0xf7,
    0x7e, 0xef, 0x9e, 0xef, 0x9f, 0xf7, 0x7e, 0xef, 0x9e, 0xef, 0x9f, 0xef,
    0x7e, 0xf7, 0x9e, 0xef, 0x7f, 0xef, 0x9e, 0xf7, 0x7e, 0xef, 0x7f, 0xef,
    0x9e, 0xef, 0x7e, 0xef, 0x7f, 0xef, 0x7e, 0xef, 0x7e, 0xef, 0x7f, 0xef,
    0x7e, 0xef, 0x7f, 0xef, 0x7e, 0xef, 0x7e, 0xef, 0x7e, 0xef, 0x7e, 0xef,
    0x7f, 0xef, 0x7e, 0xef, 0x7e, 0xef, 0x5e, 0xef, 0x7e, 0xef, 0x9e, 0xf7,
    0x9f, 0xef, 0x7f, 0xef, 0x7e, 0xf7, 0x9e, 0xef, 0x9f, 0xf7, 0x7e, 0xef,
    0x9e, 0xef, 0x7f, 0xf7, 0x7e, 0xef, 0x9f, 0xef, 0x7f, 0xef, 0x9e, 0xf7,
    0x7e, 0xef, 0x7f, 0xf7, 0x9e, 0xef, 0x9e, 0xf7, 0x7f, 0xf7, 0x7e, 0xef,
    0x9e, 0xef, 0x7f, 0xf7, 0x7f, 0xef, 0x9e, 0xef, 0x7f, 0xf7, 0x9e, 0xef,
    0x7f, 0xef, 0x7f, 0xf7, 0x9e, 0xef, 0x7f, 0xf7, 0x9e, 0xef, 0x9e, 0xf7,
    0x7f, 0xef, 0x9e, 0xef, 0x9f, 0xef, 0x7f, 0xf7, 0x9e, 0xef, 0x9f, 0xf7,
    0x7e, 0xef, 0x9f, 0xf7, 0x7f, 0xef, 0x9e, 0xef, 0x9f, 0xf7, 0x7f, 0xef,
    0x9e, 0xef, 0x9f, 0xf7, 0x7f, 0xef, 0x7e, 0xef, 0x9f, 0xf7, 0x7f, 0xef,
    0x9e, 0xef, 0x9f, 0xef, 0x7f, 0xef, 0x9e, 0xf7, 0x9f, 0xef, 0x7f, 0xef,
    0x9e, 0xf7, 0x7f, 0xef, 0x7e, 0xef, 0x9f, 0xf7, 0x7e, 0xef, 0x9e, 0xef,
    0x7f, 0xf7, 0x9f, 0xef, 0x9e, 0xf7, 0x7f, 0xef, 0x9f, 0xef, 0x7e, 0xf7,
    0x7f, 0xef, 0x9f, 0xef, 0x9e, 0xf7, 0x7f, 0xef, 0x9f, 0xf7, 0x7e, 0xef,
    0x7f, 0xf7, 0x9f, 0xef, 0x9e, 0xef, 0x7f, 0xf7, 0x9f, 0xef, 0x9e, 0xef,
    0x7f, 0xf7, 0x9f, 0xef, 0x7e, 0xef, 0x7f, 0xf7, 0x9f, 0xef, 0x7e, 0xf7,
    0x7f, 0xef, 0x9f, 0xf7, 0x7e, 0xef, 0x7f, 0xef, 0x9f, 0xf7, 0x7e, 0xf7,
    0x9f, 0xef, 0x9f, 0xef, 0x7e, 0xf7, 0x9f, 0xf7, 0x7f, 0xef, 0x7e, 0xef,
    0x9f, 0xf7, 0x7f, 0xef, 0x7e, 0xef, 0x9f, 0xf7, 0x7f, 0xef, 0x9e, 0xef,
    0x9f, 0xf7, 0x7f, 0xef, 0x9e, 0xf7, 0x7f, 0xef, 0x7f, 0xef, 0x9e, 0xf7,
    0x7f, 0xef, 0x7f, 0xef, 0x9e, 0xf7, 0x7f, 0xf7, 0x7f, 0xef, 0x9e, 0xef,
    0x9f, 0xf7, 0x7f, 0xef, 0x7e, 0xef, 0x9f, 0xf7, 0x7f, 0xef, 0x9e, 0xef,
    0x7f, 0xf7, 0x9f, 0xef, 0x7e, 0xf7, 0x7f, 0xef, 0x9f, 0xef, 0x7e, 0xf7,
    0x9f, 0xef, 0x7f, 0xef, 0x9e, 0xf7, 0x9f, 0xf7, 0x7f, 0xef, 0x7e, 0xef,
    0x9f, 0xf7, 0x7f, 0xef, 0x9e, 0xef, 0x9f, 0xf7, 0x7f, 0xef, 0x7e, 0xef,
    0x9f, 0xf7, 0x7f, 0xef, 0x9e, 0xf7, 0x9f, 0xef, 0x7f, 0xef, 0x7e, 0xf7,
    0x9f, 0xef, 0x7f, 0xef, 0x9e, 0xf7, 0x7f, 0xf7, 0x9f, 0xef, 0x7e, 0xef,
    0x9f, 0xf7, 0x7f, 0xef, 0x9e, 0xef, 0x7f, 0xf7, 0x9f, 0xef, 0x9e, 0xef,
    0x7f, 0xf7, 0x9f, 0xef, 0x7e, 0xf7, 0x9f, 0xef, 0x7f, 0xef, 0x7e, 0xf7,
    0x9f, 0xef, 0x9f, 0xef, 0x7e, 0xf7, 0x9f, 0xf7, 0x7f, 0xef, 0x9e, 0xef,
    0x7f, 0xf7, 0x9f, 0xef, 0x9e, 0xef, 0x9f, 0xf7, 0x7f, 0xef, 0x9e, 0xef,
    0x7f, 0xf7, 0x7f, 0xef, 0x9e, 0xf7, 0x9f, 0xef, 0x7f, 0xef, 0x7e, 0xf7,
    0x9f, 0xef, 0x7f, 0xef, 0x9e, 0xf7, 0x7f, 0xf7, 0x9f, 0xef, 0x7e, 0xef,
    0x9f, 0xf7, 0x7f, 0xef, 0x9e, 0xef, 0x7f, 0xf7, 0x9f, 0xef, 0x9e, 0xef,
    0x7f, 0xf7, 0x9f, 0xef, 0x7e, 0xf7, 0x9f, 0xef, 0x7f, 0xef, 0x7e, 0xf7,
    0x9f, 0xef, 0x9f, 0xef, 0x7e, 0xf7, 0x9f, 0xf7, 0x7f, 0xef, 0x9e, 0xef,
    0x7f, 0xf7, 0x9f, 0xef, 0x9e, 0xef, 0x9f, 0xf7, 0x7f, 0xef, 0x9e, 0xef,
    0x7f, 0xf7, 0x7f, 0xef, 0x9e, 0xf7, 0x9e, 0xef, 0x7f, 0xef, 0x7e, 0xf7,
    0x9e, 0xef, 0x7f, 0xef, 0x9e, 0xf7, 0x7e, 0xef, 0x9f, 0xf7, 0x7e, 0xef,
    0x9e, 0xef, 0x7f, 0xf7, 0x9e, 0xef, 0x7e, 0xef, 0x9f, 0xf7, 0x9f, 0xef,
    0x7e, 0xef, 0x9e, 0xef, 0x7f, 0xf7, 0x9e, 0xef, 0x7e, 0xef, 0x7f, 0xf7,
    0x9f, 0xef, 0x7e, 0xef, 0x9f, 0xf7, 0x9e, 0xef, 0x7e, 0xef, 0x9f, 0xef,
    0x7e, 0xef, 0x9e, 0xef, 0x7f, 0xef, 0x7e, 0xef, 0x7e, 0xef, 0x7f, 0xef,
    0x7e, 0xef, 0x7e, 0xef, 0x7f, 0xef, 0x7e, 0xef, 0x7e, 0xef, 0x7f, 0xef,
    0x7f, 0xef, 0x7e, 0xef, 0x7e, 0xef, 0x7e, 0xef, 0x7e, 0xef, 0x7e, 0xef,
    0x7e, 0xef, 0x9f, 0xf7, 0x7e, 0xef, 0x9f, 0xef, 0x9f, 0xf7, 0x7e, 0xef,
    0x7f, 0xef, 0x9f, 0xf7, 0x9e, 0xef, 0x7f, 0xef, 0x9e, 0xf7, 0x9e, 0xef,
    0x7f, 0xf7, 0x9e, 0xef, 0x7f, 0xef, 0x9f, 0xf7, 0x7e, 0xef, 0x7f, 0xef,
    0x9f, 0xef, 0x9e, 0xf7, 0x7f, 0xef, 0x9e, 0xef, 0x7e, 0xf7, 0x9f, 0xef,
    0x7e, 0xf7, 0x9f, 0xef, 0x7e, 0xef, 0x9e, 0xf7, 0x9f, 0xef, 0x7e, 0xef,
    0x9f, 0xf7, 0x7f, 0xef, 0x7e, 0xef, 0x9e, 0xf7, 0x7f, 0xf7, 0x7e, 0xef,
    0x9e, 0xef, 0x7f, 0xf7, 0x7e, 0xef, 0x9f, 0xef, 0x7e, 0xf7, 0x9e, 0xef,
    0x7f, 0xf7, 0x7e, 0xef, 0x9e, 0xef, 0x7f, 0xf7, 0x9e, 0xef, 0x7e, 0xf7,
    0x9f, 0xef, 0x7e, 0xef, 0x7e, 0xf7, 0x9f, 0xf7, 0x7e, 0xef, 0x7e, 0xef,
    0x9f, 0xf7, 0x7e, 0xef, 0x9e, 0xef, 0x9f, 0xf7, 0x7f, 0xef, 0x9e, 0xef,
    0x7f, 0xf7, 0x9f, 0xef, 0x7e, 0xef, 0x7f, 0xf7, 0x7e, 0xef, 0x9e, 0xef,
    0x7f, 0xf7, 0x9e, 0xef, 0x9e, 0xef, 0x7f, 0xf7, 0x7e, 0xef, 0x9f, 0xef,
    0x7e, 0xf7, 0x9f, 0xef, 0x9e, 0xef, 0x7e, 0xf7, 0x7f, 0xef, 0x9e, 0xf7,
    0x7e, 0xef, 0x7f, 0xf7, 0x9e, 0xef, 0x7e, 0xf7, 0x9f, 0xef, 0x9e, 0xef,
    0x7e, 0xf7, 0x9f, 0xef, 0x9e, 0xef, 0x7e, 0xf7, 0x9f, 0xef, 0x9e, 0xef,
    0x7e, 0xf7, 0x7f, 0xef, 0x9e, 0xef, 0x7e, 0xf7, 0x7f, 0xef, 0x9e, 0xef,
    0x9e, 0xf7, 0x7f, 0xef, 0x9e, 0xef, 0x9e, 0xf7, 0x7f, 0xef, 0x9e, 0xef,
    0x7e, 0xf7, 0x7f, 0xef, 0x9e, 0xef, 0x7e, 0xf7, 0x9f, 0xef, 0x9e, 0xef,
    0x7e, 0xf7, 0x9f, 0xef, 0x9e, 0xf7, 0x7e, 0xf7, 0x9f, 0xef, 0x9e, 0xef,
    0x7e, 0xf7, 0x7f, 0xef, 0x9e, 0xef, 0x9e, 0xf7, 0x7f, 0xef, 0x9e, 0xef,
    0x9e, 0xf7, 0x7f, 0xef, 0x7e, 0xef, 0x9e, 0xf7, 0x9f, 0xef, 0x7e, 0xef,
    0x9e, 0xf7, 0x7f, 0xef, 0x7e, 0xf7, 0x9e, 0xf7, 0x7f, 0xef, 0x9e, 0xef,
    0x7e, 0xf7, 0x9f, 0xef, 0x9e, 0xef, 0x7e, 0xf7, 0x7f, 0xef, 0x9e, 0xef,
    0x9e, 0xf7, 0x7f, 0xef, 0x9e, 0xef, 0x7e, 0xf7, 0x7f, 0xef, 0x9e, 0xef,
    0x7e, 0xf7, 0x9f, 0xef, 0x9e, 0xf7, 0x7e, 0xf7, 0x9f, 0xef, 0x7e, 0xef,
    0x9e, 0xf7, 0x7f, 0xef, 0x9e, 0xef, 0x7e, 0xf7, 0x9f, 0xef, 0x7e, 0xef,
    0x7e, 0xf7, 0x7f, 0xef, 0x9e, 0xef, 0x7e, 0xf7, 0x9f, 0xef, 0x9e, 0xef,
    0x7e, 0xf7, 0x9f, 0xef, 0x7e, 0xf7, 0x7e, 0xf7, 0x9f, 0xef, 0x7e, 0xef,
    0x9e, 0xf7, 0x9f, 0xef, 0x7e, 0xef, 0x7e, 0xf7, 0x9f, 0xef, 0x7e, 0xef,
    0x7e, 0xf7, 0x9f, 0xef, 0x9e, 0xef, 0x7e, 0xf7, 0x9f, 0xef, 0x7e, 0xef,
    0x9e, 0xf7, 0x9f, 0xef, 0x7e, 0xf7, 0x9e, 0xf7, 0x9f, 0xef, 0x7e, 0xef,
    0x9e, 0xf7, 0x7f, 0xef, 0x9e, 0xef, 0x7e, 0xf7, 0x9f, 0xef, 0x7e, 0xef,
    0x7e, 0xf7, 0x7f, 0xef, 0x9e, 0xef, 0x7e, 0xf7, 0x9f, 0xef, 0x9e, 0xef,
    0x7e, 0xf7, 0x9f, 0xef, 0x7e, 0xf7, 0x7e, 0xf7, 0x9f, 0xef, 0x7e, 0xef,
    0x9e, 0xf7, 0x9f, 0xef, 0x7e, 0xef, 0x7e, 0xf7, 0x9f, 0xef, 0x7e, 0xef,
    0x7e, 0xf7, 0x9f, 0xef, 0x9e, 0xef, 0x7e, 0xf7, 0x9f, 0xef, 0x7f, 0xef,
    0x9e, 0xf7, 0x9f, 0xef, 0x7f, 0xef, 0x9e, 0xf7, 0x9f, 0xef, 0x7f, 0xef,
    0x9e, 0xf7, 0x7f, 0xef, 0x9f, 0xef, 0x7e, 0xf7, 0x9f, 0xef, 0x7e, 0xef,
    0x7e, 0xf7, 0x7f, 0xef, 0x9e, 0xf7, 0x7f, 0xef, 0x9e, 0xef, 0x9e, 0xef,
    0x7f, 0xef, 0x9e, 0xef, 0x7e, 0xef, 0x9e, 0xef, 0x7e, 0xf7, 0x7f, 0xef,
    0x7e, 0xef, 0x7e, 0xef, 0x7f, 0xef, 0x9e, 0xf7, 0x7f, 0xef, 0x7e, 0xef,
    0x7f, 0xef, 0x7e, 0xef, 0x7e, 0xef, 0x7f, 0xef, 0x9e, 0xf7, 0x7e, 0xef,
    0x7e, 0xef, 0x7e, 0xef, 0x7e, 0xef, 0x7e, 0xef, 0x7e, 0xef, 0x7f, 0xef,
    0x7e, 0xef, 0x7e, 0xef, 0x7e, 0xef, 0x9f, 0xef, 0x7e, 0xef, 0x7f, 0xf7,
    0x7e, 0xef, 0x9e, 0xf7, 0x9f, 0xef, 0x7e, 0xef, 0x7e, 0xf7, 0x9f, 0xef,
    0x7f, 0xf7, 0x9e, 0xef, 0x7f, 0xef, 0x9e, 0xf7, 0x7e, 0xef, 0x9f, 0xef,
    0x9e, 0xf7, 0x7e, 0xef, 0x9f, 0xef, 0x7e, 0xf7, 0x7f, 0xef, 0x9f, 0xef,
    0x7e, 0xf7, 0x9f, 0xef, 0x9e, 0xef, 0x7f, 0xf7, 0x7e, 0xef, 0x9f, 0xf7,
    0x7f, 0xef, 0x9e, 0xef, 0x7e, 0xf7, 0x9f, 0xef, 0x9f, 0xef, 0x7e, 0xf7,
    0x9f, 0xef, 0x9f, 0xef, 0x7e, 0xf7, 0x9f, 0xef, 0x7f, 0xef, 0x9e, 0xf7,
    0x7f, 0xef, 0x9f, 0xef, 0x9e, 0xf7, 0x7f, 0xef, 0x9f, 0xef, 0x7e, 0xf7,
    0x9f, 0xef, 0x7f, 0xef, 0x9e, 0xf7, 0x9f, 0xef, 0x7f, 0xef, 0x9e, 0xf7,
    0x9f, 0xef, 0x7f, 0xef, 0x9e, 0xf7, 0x7f, 0xef, 0x7f, 0xf7, 0x9e, 0xef,
    0x7f, 0xf7, 0x9e, 0xef, 0x7e, 0xf7, 0x9f, 0xef, 0x9e, 0xf7, 0x7f, 0xef,
    0x9e, 0xef, 0x9f, 0xf7, 0x7f, 0xef, 0x7e, 0xf7, 0x9f, 0xef, 0x9f, 0xf7,
    0x7e, 0xef, 0x9e, 0xef, 0x7f, 0xf7, 0x7e, 0xef, 0x9e, 0xef, 0x9f, 0xf7,
    0x7f, 0xef, 0x9e, 0xef, 0x7f, 0xf7, 0x9f, 0xef, 0x7e, 0xef, 0x9f, 0xf7,
    0x7f, 0xef, 0x7e, 0xf7, 0x9f, 0xef, 0x7f, 0xf7, 0x7e, 0xef, 0x9f, 0xef,
    0x7f, 0xf7, 0x7e, 0xef, 0x9f, 0xf7, 0x9f, 0xef, 0x7e, 0xef, 0x9f, 0xef,
    0x9f, 0xf7, 0x7e, 0xef, 0x9f, 0xef, 0x7f, 0xf7, 0x7e, 0xef, 0x9f, 0xef,
    0x7f, 0xf7, 0x9e, 0xef, 0x9f, 0xef, 0x7f, 0xf7, 0x9e, 0xef, 0x7f, 0xf7,
    0x7f, 0xef, 0x9e, 0xef, 0x7f, 0xf7, 0x7f, 0xef, 0x9e, 0xef, 0x7f, 0xef,
    0x7f, 0xf7, 0x9e, 0xef, 0x7f, 0xef, 0x9f, 0xf7, 0x9e, 0xef, 0x7f, 0xef,
    0x7f, 0xf7, 0x9e, 0xef, 0x7f, 0xef, 0x9f, 0xf7, 0x7e, 0xef, 0x7f, 0xf7,
    0x9f, 0xef, 0x7e, 0xef, 0x9f, 0xf7, 0x9f, 0xef, 0x7e, 0xef, 0x9f, 0xef,
    0x9f, 0xf7, 0x7e, 0xef, 0x7f, 0xef, 0x9f, 0xf7, 0x7e, 0xef, 0x9f, 0xef,
    0x9f, 0xf7, 0x7e, 0xef, 0x7f, 0xef, 0x7f, 0xf7, 0x9e, 0xef, 0x9f, 0xf7,
    0x7f, 0xef, 0x9e, 0xef, 0x7f, 0xf7, 0x7f, 0xef, 0x9e, 0xef, 0x7f, 0xef,
    0x9f, 0xf7, 0x7e, 0xef, 0x9f, 0xef, 0x7f, 0xf7, 0x9e, 0xef, 0x7f, 0xef,
    0x9f, 0xf7, 0x9e, 0xef, 0x7f, 0xef, 0x9f, 0xf7, 0x9e, 0xef, 0x7f, 0xf7,
    0x7f, 0xef, 0x9e, 0xef, 0x7f, 0xf7, 0x7f, 0xef, 0x9e, 0xef, 0x9f, 0xef,
    0x7f, 0xf7, 0x9e, 0xef, 0x7f, 0xef, 0x7f, 0xf7, 0x9e, 0xef, 0x7f, 0xef,
    0x9f, 0xf7, 0x7e, 0xef, 0x9f, 0xef, 0x7f, 0xf7, 0x7e, 0xef, 0x9f, 0xf7,
    0x9f, 0xef, 0x7e, 0xef, 0x7f, 0xf7, 0x9f, 0xef, 0x7e, 0xef, 0x7f, 0xef,
    0x9f, 0xf7, 0x7e, 0xef, 0x7f, 0xef, 0x9f, 0xf7, 0x7e, 0xef, 0x9f, 0xef,
    0x7f, 0xf7, 0x9e, 0xef, 0x9f, 0xef, 0x7f, 0xf7, 0x9e, 0xef, 0x7f, 0xf7,
    0x7f, 0xef, 0x9e, 0xef, 0x7f, 0xf7, 0x7f, 0xef, 0x9e, 0xef, 0x9f, 0xef,
    0x7f, 0xf7, 0x9e, 0xef, 0x7f, 0xef, 0x7f, 0xf7, 0x9e, 0xef, 0x7f, 0xef,
    0x9f, 0xf7, 0x7e, 0xef, 0x9f, 0xef, 0x7f, 0xf7, 0x7e, 0xef, 0x9f, 0xf7,
    0x9e, 0xef, 0x7f, 0xef, 0x7e, 0xf7, 0x9e, 0xf7, 0x7f, 0xef, 0x7e, 0xef,
    0x9e, 0xf7, 0x7f, 0xef, 0x7e, 0xef, 0x9e, 0xf7, 0x7f, 0xef, 0x9e, 0xf7,
    0x7f, 0xef, 0x9f, 0xef, 0x9f, 0xf7, 0x7e, 0xef, 0x9f, 0xef, 0x7e, 0xf7,
    0x7f, 0xf7, 0x9e, 0xef, 0x7f, 0xef, 0x7e, 0xf7, 0x9f, 0xef, 0x9e, 0xef,
    0x7f, 0xf7, 0x9e, 0xef, 0x9e, 0xef, 0x7f, 0xef, 0x7e, 0xef, 0x7e, 0xef,
    0x7f, 0xef, 0x7e, 0xef, 0x7e, 0xef, 0x7e, 0xef, 0x7f, 0xef, 0x7e, 0xef,
    0x7f, 0xef, 0x7f, 0xef, 0x7e, 0xef, 0x7e, 0xef, 0x7f, 0xef, 0x7e, 0xef,
    0x7e, 0xef, 0x7f, 0xef, 0x7e, 0xef, 0x7e, 0xef, 0x7e, 0xef, 0x7e, 0xef,
    0x7e, 0xef, 0x9f, 0xf7, 0x9e, 0xef, 0x7f, 0xef, 0x7e, 0xf7, 0x9f, 0xef,
    0x9e, 0xf7, 0x7e, 0xef, 0x7f, 0xef, 0x9e, 0xf7, 0x7f, 0xef, 0x9f, 0xef,
    0x7e, 0xf7, 0x7f, 0xef, 0x9f, 0xf7, 0x7e, 0xef, 0x9f, 0xf7, 0x9e, 0xef,
    0x7e, 0xf7, 0x9f, 0xef, 0x9e, 0xef, 0x7f, 0xf7, 0x7f, 0xef, 0x9e, 0xef,
    0x9e, 0xf7, 0x7f, 0xef, 0x9e, 0xef, 0x7f, 0xf7, 0x7e, 0xef, 0x9f, 0xf7,
    0x7e, 0xef, 0x7e, 0xef, 0x9f, 0xf7, 0x7e, 0xef, 0x7e, 0xef, 0x9f, 0xf7,
    0x7e, 0xef, 0x9e, 0xef, 0x9f, 0xf7, 0x7e, 0xef, 0x7e, 0xef, 0x9f, 0xf7,
    0x7e, 0xef, 0x9e, 0xf7, 0x9f, 0xef, 0x7e, 0xef, 0x7f, 0xf7, 0x9e, 0xef,
    0x7e, 0xf7, 0x7f, 0xef, 0x9e, 0xef, 0x7e, 0xf7, 0x9f, 0xef, 0x9e, 0xef,
    0x7e, 0xf7, 0x9f, 0xef, 0x7e, 0xef, 0x7f, 0xef, 0x9e, 0xf7, 0x7f, 0xef,
    0x7e, 0xef, 0x9e, 0xf7, 0x7f, 0xef, 0x9e, 0xef, 0x9e, 0xf7, 0x7f, 0xef,
    0x9e, 0xef, 0x7f, 0xf7, 0x7f, 0xef, 0x9e, 0xef, 0x9f, 0xf7, 0x7f, 0xef,
    0x9e, 0xef, 0x7f, 0xf7, 0x7f, 0xef, 0x9e, 0xef, 0x7e, 0xf7, 0x9f, 0xef,
    0x9e, 0xef, 0x7e, 0xf7, 0x9f, 0xef, 0x9e, 0xef, 0x7e, 0xef, 0x9f, 0xf7,
    0x9e, 0xef, 0x7e, 0xf7, 0x9f, 0xef, 0x9e, 0xef, 0x7e, 0xf7, 0x7f, 0xef,
    0x9e, 0xf7, 0x7e, 0xef, 0x7f, 0xf7, 0x9e, 0xef, 0x7e, 0xef, 0x9f, 0xf7,
    0x9e, 0xef, 0x7e, 0xef, 0x9f, 0xf7, 0x7e, 0xef, 0x7e, 0xef, 0x9f, 0xf7,
    0x7e, 0xef, 0x9e, 0xef, 0x9f, 0xf7, 0x7e, 0xef, 0x9e, 0xf7, 0x9f, 0xf7,
    0x7e, 0xef, 0x9e, 0xef, 0x9f, 0xf7, 0x7e, 0xef, 0x9e, 0xef, 0x7f, 0xf7,
    0x7e, 0xef, 0x9e, 0xef, 0x7f, 0xf7, 0x9e, 0xef, 0x7e, 0xef, 0x7f, 0xf7,
    0x9e, 0xef, 0x9e, 0xef, 0x7f, 0xf7, 0x9e, 0xef, 0x7e, 0xf7, 0x7f, 0xf7,
    0x9e, 0xef, 0x7e, 0xef, 0x9f, 0xf7, 0x7e, 0xef, 0x9e, 0xef, 0x9f, 0xf7,
    0x7e, 0xef, 0x7e, 0xef, 0x9f, 0xf7, 0x7e, 0xef, 0x9e, 0xef, 0x9f, 0xf7,
    0x7e, 0xef, 0x7e, 0xef, 0x9f, 0xf7, 0x9e, 0xef, 0x7e, 0xf7, 0x9f, 0xf7,
    0x9e, 0xef, 0x7e, 0xef, 0x7f, 0xf7, 0x9e, 0xef, 0x7e, 0xef, 0x7f, 0xf7,
    0x9e, 0xef, 0x7e, 0xef, 0x7f, 0xf7, 0x9e, 0xef, 0x7e, 0xef, 0x7f, 0xf7,
    0x9e, 0xef, 0x9e, 0xef, 0x7f, 0xf7, 0x9e, 0xef, 0x7e, 0xf7, 0x9f, 0xf7,
    0x7e, 0xef, 0x9e, 0xef, 0x7f, 0xf7, 0x9e, 0xef, 0x9e, 0xef, 0x7f, 0xf7,
    0x9e, 0xef, 0x7e, 0xef, 0x9f, 0xf7, 0x9e, 0xef, 0x7e, 0xef, 0x9f, 0xf7,
    0x9e, 0xef, 0x7e, 0xef, 0x7f, 0xf7, 0x9e, 0xef, 0x7e, 0xf7, 0x9f, 0xf7,
    0x9e, 0xef, 0x7e, 0xef, 0x9f, 0xf7, 0x9e, 0xef, 0x7e, 0xef, 0x9f, 0xf7,
    0x7e, 0xef, 0x9e, 0xef, 0x7f, 0xf7, 0x9e, 0xef, 0x7e, 0xef, 0x9f, 0xf7,
    0x9e, 0xef, 0x7e, 0xef, 0x9f, 0xf7, 0x9e, 0xef, 0x7e, 0xf7, 0x9f, 0xf7,
    0x7e, 0xef, 0x9e, 0xef, 0x7f, 0xf7, 0x9e, 0xef, 0x9e, 0xef, 0x7f, 0xf7,
    0x9e, 0xef, 0x7e, 0xef, 0x9f, 0xf7, 0x9e, 0xef, 0x7e, 0xef, 0x9f, 0xf7,
    0x9e, 0xef, 0x7f, 0xef, 0x7f, 0xf7, 0x9e, 0xef, 0x7f, 0xef, 0x9e, 0xf7,
    0x9f, 0xef, 0x7f, 0xef, 0x9e, 0xf7, 0x9f, 0xf7, 0x7f, 0xef, 0x9e, 0xf7,
    0x7f, 0xef, 0x9e, 0xef, 0x7e, 0xf7, 0x9e, 0xef, 0x7f, 0xf7, 0x9e, 0xf7,
    0x9f, 0xef, 0x7e, 0xef, 0x9f, 0xef, 0x9e, 0xef, 0x7e, 0xef, 0x9f, 0xf7,
    0x7e, 0xef, 0x9e, 0xef, 0x7f, 0xf7, 0x7e, 0xef, 0x7f, 0xef, 0x7e, 0xef,
    0x9f, 0xf7, 0x7e, 0xef, 0x7e, 0xef, 0x9f, 0xef, 0x7e, 0xef, 0x7f, 0xf7,
    0x7e, 0xef, 0x7e, 0xef, 0x7e, 0xef, 0x7e, 0xef, 0x7e, 0xef, 0x7e, 0xef,
    0x7e, 0xef, 0x7f, 0xef, 0x7e, 0xef, 0x7e, 0xef, 0x7e, 0xef, 0x7e, 0xef,
    0x7e, 0xef, 0x5e, 0xe7, 0x5e, 0xe7, 0x7e, 0xef, 0x9f, 0xf7, 0x9f, 0xef,
    0x7e, 0xef, 0x9f, 0xf7, 0x7f, 0xef, 0x9f, 0xef, 0x9e, 0xf7, 0x7f, 0xef,
    0x9e, 0xef, 0x7e, 0xf7, 0x9f, 0xf7, 0x9e, 0xef, 0x7f, 0xef, 0x7e, 0xf7,
    0x9f, 0xef, 0x7f, 0xef, 0x7e, 0xf7, 0x9f, 0xef, 0x7e, 0xf7, 0x9e, 0xef,
    0x7f, 0xf7, 0x7e, 0xef, 0x9f, 0xf7, 0x7f, 0xef, 0x9e, 0xef, 0x9f, 0xf7,
    0x7e, 0xef, 0x9f, 0xef, 0x9f, 0xf7, 0x7e, 0xef, 0x9f, 0xf7, 0x9f, 0xef,
    0x7e, 0xef, 0x9f, 0xf7, 0x9f, 0xef, 0x7e, 0xf7, 0x7f, 0xef, 0x9f, 0xf7,
    0x7e, 0xef, 0x9f, 0xf7, 0x7f, 0xef, 0x7e, 0xef, 0x9f, 0xf7, 0x7e, 0xef,
    0x7e, 0xf7, 0x9f, 0xef, 0x9f, 0xef, 0x7e, 0xf7, 0x9f, 0xef, 0x7f, 0xef,
    0x7e, 0xf7, 0x9f, 0xef, 0x7f, 0xef, 0x9e, 0xf7, 0x9f, 0xef, 0x7e, 0xf7,
    0x9e, 0xef, 0x9f, 0xef, 0x7f, 0xf7, 0x9e, 0xef, 0x7f, 0xef, 0x7f, 0xf7,
    0x9e, 0xef, 0x7f, 0xf7, 0x7e, 0xef, 0x9e, 0xef, 0x9e, 0xf7, 0x7f, 0xef,
    0x7e, 0xf7, 0x9e, 0xf7, 0x9f, 0xef, 0x7e, 0xf7, 0x9e, 0xef, 0x7f, 0xef,
    0x9e, 0xf7, 0x7f, 0xf7, 0x7f, 0xef, 0x9e, 0xef, 0x7f, 0xf7, 0x7f, 0xef,
    0x9e, 0xf7, 0x7f, 0xef, 0x7f, 0xef, 0x9e, 0xf7, 0x7f, 0xef, 0x7f, 0xef,
    0x9e, 0xf7, 0x9f, 0xef, 0x7f, 0xef, 0x9e, 0xf7, 0x9f, 0xef, 0x7f, 0xf7,
    0x9e, 0xef, 0x7f, 0xf7, 0x7f, 0xef, 0x9e, 0xef, 0x7f, 0xf7, 0x9f, 0xf7,
    0x9e, 0xef, 0x7f, 0xf7, 0x7f, 0xef, 0x9e, 0xef, 0x7f, 0xf7, 0x9f, 0xef,
    0x7e, 0xef, 0x7f, 0xef, 0x9f, 0xf7, 0x7e, 0xef, 0x7f, 0xf7, 0x9f, 0xef,
    0x9e, 0xef, 0x7f, 0xf7, 0x9f, 0xef, 0x9e, 0xef, 0x7f, 0xf7, 0x9f, 0xf7,
    0x9e, 0xef, 0x7f, 0xf7, 0x9f, 0xef, 0x7e, 0xef, 0x9f, 0xf7, 0x9f, 0xef,
    0x7e, 0xef, 0x9f, 0xef, 0x7f, 0xf7, 0x9e, 0xef, 0x7f, 0xf7, 0x7f, 0xef,
    0x9e, 0xef, 0x7f, 0xf7, 0x9f, 0xef, 0x7e, 0xef, 0x9f, 0xf7, 0x7f, 0xf7,
    0x7e, 0xef, 0x9f, 0xf7, 0x9f, 0xef, 0x7e, 0xef, 0x9f, 0xf7, 0x7f, 0xef,
    0x7e, 0xef, 0x9f, 0xef, 0x7f, 0xf7, 0x9e, 0xef, 0x7f, 0xf7, 0x9f, 0xef,
    0x9e, 0xef, 0x7f, 0xf7, 0x9f, 0xef, 0x9e, 0xef, 0x7f, 0xf7, 0x9f, 0xf7,
    0x9e, 0xef, 0x7f, 0xf7, 0x9f, 0xef, 0x7e, 0xef, 0x7f, 0xf7, 0x9f, 0xef,
    0x7e, 0xef, 0x9f, 0xef, 0x9f, 0xf7, 0x7e, 0xef, 0x7f, 0xf7, 0x9f, 0xef,
    0x7e, 0xef, 0x7f, 0xf7, 0x9f, 0xef, 0x9e, 0xef, 0x7f, 0xf7, 0x7f, 0xf7,
    0x9e, 0xef, 0x7f, 0xf7, 0x7f, 0xef, 0x9e, 0xef, 0x9f, 0xf7, 0x7f, 0xef,
    0x9e, 0xef, 0x7f, 0xef, 0x7f, 0xf7, 0x9e, 0xef, 0x7f, 0xf7, 0x7f, 0xef,
    0x9e, 0xef, 0x7f, 0xf7, 0x9f, 0xef, 0x9e, 0xef, 0x7f, 0xf7, 0x9f, 0xf7,
    0x7e, 0xef, 0x7f, 0xf7, 0x7f, 0xef, 0x9e, 0xef, 0x7f, 0xf7, 0x9f, 0xef,
    0x7e, 0xef, 0x9f, 0xef, 0x7f, 0xf7, 0x9e, 0xef, 0x7f, 0xf7, 0x7f, 0xef,
    0x9e, 0xef, 0x7f, 0xf7, 0x9f, 0xef, 0x7e, 0xef, 0x9f, 0xf7, 0x7f, 0xf7,
    0x7e, 0xef, 0x9f, 0xf7, 0x7e, 0xef, 0x9e, 0xef, 0x9f, 0xf7, 0x7e, 0xef,
    0x9e, 0xf7, 0x7f, 0xef, 0x7f, 0xef, 0x9e, 0xf7, 0x7e, 0xef, 0x7f, 0xef,
    0x9e, 0xef, 0x7e, 0xf7, 0x9f, 0xef, 0x9f, 0xef, 0x7f, 0xf7, 0x9e, 0xef,
    0x7f, 0xef, 0x7e, 0xef, 0x7e, 0xef, 0x9f, 0xf7, 0x7f, 0xf7, 0x9e, 0xef,
    0x7e, 0xef, 0x9f, 0xef, 0x7e, 0xef, 0x9e, 0xef, 0x7f, 0xef, 0x9e, 0xef,
    0x9e, 0xef, 0x7f, 0xef, 0x7e, 0xef, 0x7e, 0xef, 0x7f, 0xef, 0x9f, 0xf7,
    0x7e, 0xef, 0x7e, 0xef, 0x7f, 0xef, 0x7f, 0xef, 0x7e, 0xef, 0x7e, 0xef,
    0x7e, 0xef, 0x7e, 0xef, 0x7e, 0xef, 0x7e, 0xef, 0x7e, 0xef, 0x7e, 0xef,
    0x7e, 0xef, 0x7e, 0xef, 0x7e, 0xe7, 0x5e, 0xef, 0x5e, 0xef, 0x7e, 0xef,
    0x7e, 0xef, 0x7f, 0xef, 0x9e, 0xf7, 0x7e, 0xef, 0x9e, 0xef, 0x7f, 0xf7,
    0x7e, 0xef, 0x9f, 0xf7, 0x9f, 0xef, 0x7e, 0xef, 0x7f, 0xf7, 0x9e, 0xef,
    0x9f, 0xef, 0x7e, 0xf7, 0x9e, 0xef, 0x9f, 0xef, 0x7e, 0xf7, 0x9f, 0xef,
    0x7f, 0xef, 0x7e, 0xef, 0x9f, 0xf7, 0x9e, 0xef, 0x9e, 0xef, 0x7f, 0xf7,
    0x7e, 0xef, 0x9f, 0xf7, 0x7e, 0xef, 0x7e, 0xef, 0x9f, 0xf7, 0x7e, 0xef,
    0x7e, 0xef, 0x9f, 0xf7, 0x7e, 0xef, 0x7e, 0xf7, 0x9f, 0xef, 0x7e, 0xef,
    0x7e, 0xef, 0x7e, 0xef, 0x7e, 0xef, 0x7e, 0xef, 0x7e, 0xef, 0x7e, 0xef,
    0x7e, 0xef, 0x7f, 0xef, 0x7e, 0xef, 0x7e, 0xef, 0x7e, 0xef, 0x7e, 0xef,
    0x7e, 0xef, 0x7e, 0xef, 0x7e, 0xef, 0x7e, 0xf7, 0x7e, 0xef, 0x7e, 0xef,
    0x7f, 0xef, 0x7e, 0xef, 0x7e, 0xef, 0x7f, 0xf7, 0x7e, 0xef, 0x7e, 0xef,
    0x7e, 0xef, 0x7e, 0xef, 0x7e, 0xef, 0x7f, 0xef, 0x7e, 0xef, 0x7f, 0xef,
    0x7e, 0xef, 0x7e, 0xef, 0x7f, 0xef, 0x7e, 0xef, 0x7e, 0xef, 0x7f, 0xef,
    0x7e, 0xef, 0x7e, 0xef, 0x7e, 0xef, 0x7e, 0xef, 0x7e, 0xef, 0x7e, 0xef,
    0x7e, 0xef, 0x7e, 0xef, 0x7e, 0xef, 0x7e, 0xef, 0x7e, 0xef, 0x7e, 0xef,
    0x7e, 0xef, 0x7e, 0xef, 0x7e, 0xef, 0x7e, 0xef, 0x7e, 0xef, 0x7e, 0xef,
    0x7e, 0xef, 0x7e, 0xef, 0x7e, 0xef, 0x7e, 0xef, 0x7e, 0xef, 0x7e, 0xef,
    0x7e, 0xef, 0x7e, 0xef, 0x7e, 0xef, 0x7e, 0xef, 0x7e, 0xef, 0x7e, 0xef,
    0x7e, 0xef, 0x7e, 0xf7, 0x7e, 0xef, 0x7e, 0xef, 0x7e, 0xef, 0x7e, 0xef,
    0x7e, 0xef, 0x7e, 0xef, 0x7e, 0xef, 0x7e, 0xef, 0x7e, 0xf7, 0x7e, 0xef,
    0x7e, 0xef, 0x7e, 0xef, 0x7e, 0xef, 0x7e, 0xef, 0x7e, 0xef, 0x7e, 0xef,
    0x7e, 0xef, 0x7e, 0xf7, 0x7e, 0xef, 0x7e, 0xef, 0x7e, 0xef, 0x7e, 0xef,
    0x7e, 0xef, 0x7e, 0xef, 0x7e, 0xef, 0x7e, 0xef, 0x7e, 0xf7, 0x7e, 0xef,
    0x7e, 0xef, 0x7e, 0xef, 0x7e, 0xef, 0x7e, 0xef, 0x7e, 0xef, 0x7e, 0xef,
    0x7e, 0xef, 0x7e, 0xf7, 0x7e, 0xef, 0x7e, 0xef, 0x7e, 0xef, 0x7e, 0xef,
    0x7e, 0xef, 0x7e, 0xef, 0x7e, 0xef, 0x7e, 0xef, 0x7e, 0xf7, 0x7e, 0xef,
    0x7e, 0xef, 0x7e, 0xef, 0x7e, 0xef, 0x7e, 0xef, 0x7e, 0xef, 0x7e, 0xef,
    0x7e, 0xef, 0x7e, 0xf7, 0x7e, 0xef, 0x7e, 0xef, 0x7e, 0xef, 0x7e, 0xef,
    0x7e, 0xef, 0x7e, 0xef, 0x7e, 0xef, 0x7e, 0xef, 0x7e, 0xf7, 0x7e, 0xef,
    0x7e, 0xef, 0x7e, 0xef, 0x7e, 0xef, 0x7e, 0xef, 0x7e, 0xef, 0x7e, 0xef,
    0x7e, 0xef, 0x7e, 0xf7, 0x7e, 0xef, 0x7e, 0xef, 0x7e, 0xef, 0x7e, 0xef,
    0x7e, 0xef, 0x7e, 0xef, 0x7e, 0xef, 0x7e, 0xef, 0x7e, 0xf7, 0x7e, 0xef,
    0x7e, 0xef, 0x7e, 0xef, 0x7e, 0xef, 0x7e, 0xef, 0x7e, 0xef, 0x7e, 0xef,
    0x7e, 0xef, 0x7e, 0xf7, 0x7e, 0xef, 0x7e, 0xef, 0x7e, 0xef, 0x7e, 0xef,
    0x7e, 0xef, 0x7e, 0xef, 0x7e, 0xef, 0x7e, 0xef, 0x7e, 0xf7, 0x7e, 0xef,
    0x7e, 0xef, 0x7e, 0xef, 0x7e, 0xef, 0x7f, 0xef, 0x7e, 0xef, 0x7e, 0xef,
    0x7f, 0xef, 0x7e, 0xef, 0x7e, 0xef, 0x7e, 0xef, 0x7e, 0xef, 0x7e, 0xef,
    0x7e, 0xef, 0x7e, 0xef, 0x7f, 0xef, 0x7e, 0xef, 0x7e, 0xef, 0x7e, 0xef,
    0x7e, 0xef, 0x7e, 0xef, 0x7f, 0xef, 0x9e, 0xf7, 0x9f, 0xef, 0x7f, 0xef,
    0x7e, 0xf7, 0x9e, 0xef, 0x7e, 0xef, 0x7f, 0xf7, 0x9e, 0xf7, 0x9e, 0xef,
    0x7f, 0xf7, 0x9e, 0xef, 0x7e, 0xf7, 0x7f, 0xef, 0x9e, 0xef, 0x7e, 0xef,
    0x7f, 0xef, 0x9e, 0xef, 0x7e, 0xef, 0x7e, 0xef, 0x7e, 0xef, 0x7f, 0xef,
    0x7e, 0xef, 0x7e, 0xef, 0x7e, 0xef, 0x7f, 0xef, 0x7e, 0xef, 0x7e, 0xef,
    0x7e, 0xef, 0x7e, 0xe7, 0x7e, 0xef, 0x5e, 0xe7, 0x5e, 0xe7, 0x5e, 0xef,
    0x7e, 0xe7, 0x5e, 0xe7, 0x5e, 0xef, 0x9f, 0xef, 0x7e, 0xf7, 0x9f, 0xef,
    0x7f, 0xf7, 0x9e, 0xef, 0x9e, 0xef, 0x7f, 0xf7, 0x7e, 0xef, 0x9e, 0xf7,
    0x7f, 0xef, 0x9f, 0xef, 0x7e, 0xf7, 0x7f, 0xef, 0x9f, 0xef, 0x7e, 0xf7,
    0x7e, 0xef, 0x9f, 0xf7, 0x9e, 0xef, 0x7e, 0xef, 0x9f, 0xf7, 0x7f, 0xef,
    0x7e, 0xef, 0x9f, 0xf7, 0x9e, 0xef, 0x7f, 0xef, 0x9e, 0xf7, 0x7f, 0xef,
    0x9f, 0xf7, 0x9e, 0xf7, 0x7f, 0xef, 0x9e, 0xef, 0x9f, 0xf7, 0x7e, 0xef,
    0x7e, 0xef, 0x7f, 0xef, 0x7e, 0xf7, 0x7e, 0xef, 0x9f, 0xef, 0x7f, 0xf7,
    0x7e, 0xef, 0x7f, 0xef, 0x7e, 0xef, 0x7f, 0xef, 0x7e, 0xef, 0x7f, 0xef,
    0x7f, 0xef, 0x7e, 0xef, 0x7f, 0xf7, 0x7f, 0xef, 0x7e, 0xef, 0x7f, 0xef,
    0x7f, 0xef, 0x7e, 0xef, 0x7e, 0xef, 0x7f, 0xef, 0x7e, 0xef, 0x7e, 0xef,
    0x7f, 0xef, 0x7e, 0xef, 0x7f, 0xef, 0x7f, 0xef, 0x7e, 0xef, 0x7e, 0xef,
    0x7f, 0xef, 0x7e, 0xef, 0x7e, 0xf7, 0x7f, 0xef, 0x7e, 0xef, 0x7f, 0xef,
    0x7e, 0xef, 0x7e, 0xef, 0x7f, 0xef, 0x7f, 0xef, 0x7e, 0xef, 0x7f, 0xef,
    0x7f, 0xef, 0x7e, 0xef, 0x7f, 0xef, 0x7f, 0xef, 0x7e, 0xef, 0x7f, 0xef,
    0x7f, 0xef, 0x7e, 0xf7, 0x7f, 0xef, 0x7f, 0xef, 0x7e, 0xef, 0x7f, 0xef,
    0x7f, 0xef, 0x7e, 0xef, 0x7f, 0xef, 0x7f, 0xef, 0x7e, 0xef, 0x7f, 0xef,
    0x7f, 0xef, 0x7e, 0xef, 0x7f, 0xf7, 0x7f, 0xef, 0x7e, 0xef, 0x7f, 0xef,
    0x7f, 0xef, 0x7e, 0xef, 0x7f, 0xef, 0x7f, 0xef, 0x7e, 0xef, 0x7f, 0xef,
    0x7f, 0xef, 0x7e, 0xef, 0x7f, 0xef, 0x7f, 0xef, 0x7e, 0xef, 0x7f, 0xef,
    0x7f, 0xef, 0x7e, 0xef, 0x7f, 0xef, 0x7f, 0xef, 0x7e, 0xef, 0x7f, 0xef,
    0x7f, 0xef, 0x7e, 0xef, 0x7f, 0xef, 0x7f, 0xef, 0x7e, 0xef, 0x7f, 0xef,
    0x7f, 0xef, 0x7e, 0xef, 0x7f, 0xef, 0x7f, 0xef, 0x7e, 0xef, 0x7f, 0xef,
    0x7f, 0xef, 0x7e, 0xef, 0x7f, 0xef, 0x7f, 0xef, 0x7e, 0xef, 0x7f, 0xef,
    0x7f, 0xef, 0x7e, 0xef, 0x7f, 0xef, 0x7f, 0xef, 0x7e, 0xef, 0x7f, 0xef,
    0x7f, 0xef, 0x7e, 0xef, 0x7f, 0xef, 0x7f, 0xef, 0x7e, 0xef, 0x7f, 0xef,
    0x7f, 0xef, 0x7e, 0xef, 0x7f, 0xef, 0x7f, 0xef, 0x7e, 0xef, 0x7f, 0xef,
    0x7f, 0xef, 0x7e, 0xef, 0x7f, 0xef, 0x7f, 0xef, 0x7e, 0xef, 0x7f, 0xef,
    0x7f, 0xef, 0x7e, 0xef, 0x7f, 0xef, 0x7f, 0xef, 0x7e, 0xef, 0x7f, 0xef,
    0x7f, 0xef, 0x7e, 0xef, 0x7f, 0xef, 0x7f, 0xef, 0x7e, 0xef, 0x7f, 0xef,
    0x7f, 0xef, 0x7e, 0xef, 0x7f, 0xef, 0x7f, 0xef, 0x7e, 0xef, 0x7f, 0xef,
    0x7f, 0xef, 0x7e, 0xef, 0x7f, 0xef, 0x7f, 0xef, 0x7e, 0xef, 0x7f, 0xef,
    0x7f, 0xef, 0x7e, 0xef, 0x7f, 0xef, 0x7f, 0xef, 0x7e, 0xef, 0x7f, 0xef,
    0x7f, 0xef, 0x7e, 0xef, 0x7f, 0xef, 0x7f, 0xef, 0x7e, 0xef, 0x7f, 0xef,
    0x7f, 0xef, 0x7e, 0xef, 0x7f, 0xef, 0x7f, 0xef, 0x7e, 0xef, 0x7f, 0xef,
    0x7f, 0xef, 0x7e, 0xef, 0x7f, 0xef, 0x7f, 0xef, 0x7e, 0xef, 0x7e, 0xef,
    0x7f, 0xef, 0x7e, 0xef, 0x7f, 0xef, 0x7e, 0xf7, 0x7f, 0xef, 0x7f, 0xef,
    0x7f, 0xef, 0x7e, 0xef, 0x7f, 0xf7, 0x7f, 0xef, 0x7e, 0xef, 0x7e, 0xef,
    0x7e, 0xef, 0x7f, 0xef, 0x7f, 0xef, 0x7e, 0xf7, 0x7e, 0xef, 0x7e, 0xef,
    0x7e, 0xf7, 0x7e, 0xef, 0x7e, 0xef, 0x9f, 0xef, 0x9e, 0xef, 0x7f, 0xef,
    0x9e, 0xef, 0x7f, 0xef, 0x7e, 0xef, 0x9f, 0xef, 0x7e, 0xef, 0x7f, 0xef,
    0x7e, 0xef, 0x7e, 0xef, 0x9f, 0xf7, 0x7e, 0xef, 0x7e, 0xef, 0x7f, 0xef,
    0x7e, 0xef, 0x7e, 0xef, 0x7e, 0xef, 0x7e, 0xef, 0x7e, 0xef, 0x7e, 0xef,
    0x7e, 0xef, 0x7e, 0xef, 0x7f, 0xe7, 0x5e, 0xe7, 0x5e, 0xef, 0x7e, 0xef,
    0x5e, 0xef, 0x7e, 0xef, 0x5e, 0xe7, 0x5e, 0xef, 0x5e, 0xe7, 0x5e, 0xe7,
    0x7e, 0xef, 0x9f, 0xef, 0x7e, 0xf7, 0x9f, 0xef, 0x7f, 0xf7, 0x9e, 0xef,
    0x7f, 0xef, 0x9e, 0xf7, 0x7e, 0xef, 0x9f, 0xef, 0x9e, 0xf7, 0x7e, 0xef,
    0x9f, 0xef, 0x9e, 0xf7, 0x7f, 0xef, 0x7f, 0xef, 0x9e, 0xf7, 0x7f, 0xef,
    0x9e, 0xf7, 0x9f, 0xf7, 0x7e, 0xef, 0x7f, 0xef, 0x9f, 0xf7, 0x7e, 0xef,
    0x9e, 0xef, 0x7f, 0xf7, 0x9e, 0xef, 0x7f, 0xef, 0x7e, 0xef, 0x9f, 0xf7,
    0x7f, 0xef, 0x7e, 0xef, 0x7e, 0xef, 0x9f, 0xef, 0x7e, 0xf7, 0x7f, 0xef,
    0x7e, 0xef, 0x7e, 0xef, 0x7e, 0xef, 0x7e, 0xef, 0x7e, 0xef, 0x7e, 0xf7,
    0x7e, 0xef, 0x7e, 0xef, 0x7e, 0xf7, 0x7e, 0xef, 0x7e, 0xef, 0x7e, 0xef,
    0x7e, 0xef, 0x7e, 0xef, 0x7e, 0xef, 0x7e, 0xef, 0x7e, 0xef, 0x7e, 0xf7,
    0x7e, 0xef, 0x7e, 0xef, 0x7e, 0xef, 0x7e, 0xef, 0x7e, 0xef, 0x7e, 0xf7,
    0x7e, 0xef, 0x7e, 0xef, 0x7e, 0xf7, 0x7e, 0xef, 0x7e, 0xef, 0x7e, 0xef,
    0x7e, 0xef, 0x7e, 0xef, 0x7e, 0xf7, 0x7e, 0xef, 0x7e, 0xef, 0x7e, 0xef,
    0x7e, 0xf7, 0x7e, 0xef, 0x7e, 0xef, 0x7e, 0xf7, 0x7e, 0xef, 0x7e, 0xef,
    0x7e, 0xf7, 0x7e, 0xef, 0x7e, 0xef, 0x7e, 0xef, 0x7e, 0xef, 0x7e, 0xef,
    0x7e, 0xef, 0x7e, 0xf7, 0x7e, 0xef, 0x7e, 0xf7, 0x7e, 0xef, 0x7e, 0xef,
    0x7e, 0xf7, 0x7e, 0xef, 0x7e, 0xef, 0x7e, 0xef, 0x7e, 0xef, 0x7e, 0xef,
    0x7e, 0xef, 0x7e, 0xef, 0x7e, 0xf7, 0x7e, 0xef, 0x7e, 0xef, 0x7e, 0xf7,
    0x7e, 0xef, 0x7e, 0xef, 0x7e, 0xef, 0x7e, 0xef, 0x7e, 0xf7, 0x7e, 0xef,
    0x7e, 0xef, 0x7e, 0xf7, 0x7e, 0xef, 0x7e, 0xef, 0x7e, 0xef, 0x7e, 0xef,
    0x7e, 0xef, 0x7e, 0xf7, 0x7e, 0xef, 0x7e, 0xef, 0x7e, 0xf7, 0x7e, 0xef,
    0x7e, 0xef, 0x7e, 0xef, 0x7e, 0xef, 0x7e, 0xf7, 0x7e, 0xef, 0x7e, 0xef,
    0x7e, 0xf7, 0x7e, 0xef, 0x7e, 0xef, 0x7e, 0xef, 0x7e, 0xef, 0x7e, 0xef,
    0x7e, 0xef, 0x7e, 0xf7, 0x7e, 0xef, 0x7e, 0xef, 0x7e, 0xf7, 0x7e, 0xef,
    0x7e, 0xef, 0x7e, 0xef, 0x7e, 0xef, 0x7e, 0xf7, 0x7e, 0xef, 0x7e, 0xef,
    0x7e, 0xf7, 0x7e, 0xef, 0x7e, 0xef, 0x7e, 0xef, 0x7e, 0xef, 0x7e, 0xef,
    0x7e, 0xef, 0x7e, 0xf7, 0x7e, 0xef, 0x7e, 0xef, 0x7e, 0xf7, 0x7e, 0xef,
    0x7e, 0xef, 0x7e, 0xef, 0x7e, 0xef, 0x7e, 0xf7, 0x7e, 0xef, 0x7e, 0xef,
    0x7e, 0xf7, 0x7e, 0xef, 0x7e, 0xef, 0x7e, 0xef, 0x7e, 0xef, 0x7e, 0xef,
    0x7e, 0xef, 0x7e, 0xf7, 0x7e, 0xef, 0x7e, 0xef, 0x7e, 0xf7, 0x7e, 0xef,
    0x7e, 0xef, 0x7e, 0xef, 0x7e, 0xef, 0x7e, 0xf7, 0x7e, 0xef, 0x7e, 0xef,
    0x7e, 0xf7, 0x7e, 0xef, 0x7e, 0xef, 0x7e, 0xef, 0x7e, 0xef, 0x7e, 0xef,
    0x7e, 0xef, 0x7e, 0xf7, 0x7e, 0xef, 0x7e, 0xef, 0x7e, 0xf7, 0x7e, 0xef,
    0x7e, 0xef, 0x7e, 0xef, 0x7e, 0xef, 0x7e, 0xf7, 0x7e, 0xef, 0x7e, 0xef,
    0x7e, 0xf7, 0x7e, 0xef, 0x7e, 0xef, 0x7e, 0xef, 0x7e, 0xef, 0x7e, 0xef,
    0x7e, 0xef, 0x7e, 0xf7, 0x7e, 0xef, 0x7e, 0xef, 0x7e, 0xef, 0x7e, 0xef,
    0x7e, 0xef, 0x7e, 0xef, 0x7e, 0xef, 0x7e, 0xf7, 0x7e, 0xef, 0x7e, 0xef,
    0x7e, 0xef, 0x7e, 0xef, 0x7e, 0xef, 0x7e, 0xef, 0x7e, 0xef, 0x7e, 0xef,
    0x7e, 0xef, 0x7f, 0xef, 0x7f, 0xef, 0x7e, 0xef, 0x7e, 0xef, 0x7e, 0xef,
    0x7e, 0xef, 0x7e, 0xef, 0x9f, 0xf7, 0x9e, 0xef, 0x7e, 0xef, 0x9f, 0xf7,
    0x7e, 0xef, 0x7e, 0xef, 0x7f, 0xef, 0x7e, 0xef, 0x7f, 0xef, 0x7e, 0xef,
    0x7e, 0xef, 0x7f, 0xef, 0x7f, 0xef, 0x7e, 0xef, 0x7e, 0xef, 0x7e, 0xef,
    0x7e, 0xef, 0x7f, 0xef, 0x7e, 0xe7, 0x7e, 0xef, 0x7e, 0xef, 0x5e, 0xe7,
    0x5e, 0xe7, 0x5e, 0xef, 0x5e, 0xe7, 0x5e, 0xe7, 0x5e, 0xef, 0x5e, 0xe7,
    0x5e, 0xe7, 0x7e, 0xef, 0x5e, 0xe7, 0x7e, 0xef, 0x9f, 0xf7, 0x9e, 0xef,
    0x7e, 0xef, 0x7f, 0xf7, 0x9e, 0xef, 0x9f, 0xef, 0x7f, 0xf7, 0x7e, 0xef,
    0x9f, 0xf7, 0x7f, 0xef, 0x7e, 0xef, 0x9e, 0xf7, 0x7f, 0xf7, 0x9e, 0xef,
    0x9f, 0xef, 0x7e, 0xf7, 0x7f, 0xef, 0x9f, 0xef, 0x7e, 0xef, 0x9e, 0xf7,
    0x9f, 0xef, 0x7e, 0xf7, 0x7f, 0xef, 0x9f, 0xf7, 0x9e, 0xef, 0x7f, 0xef,
    0x9e, 0xf7, 0x9e, 0xef, 0x7e, 0xef, 0x7e, 0xef, 0x7e, 0xf7, 0x7f, 0xef,
    0x7e, 0xef, 0x7e, 0xef, 0xfe, 0xde, 0xbe, 0xad, 0x7d, 0x84, 0x5d, 0x53,
    0x9d, 0x2a, 0x5d, 0x12, 0x5d, 0x0a, 0x5d, 0x0a, 0x5d, 0x12, 0x5d, 0x0a,
    0x5d, 0x0a, 0x5d, 0x12, 0x5d, 0x0a, 0x5d, 0x12, 0x5d, 0x12, 0x5d, 0x0a,
    0x5d, 0x12, 0x5d, 0x0a, 0x5e, 0x0a, 0x5d, 0x12, 0x5d, 0x0a, 0x5d, 0x12,
    0x5d, 0x0a, 0x5d, 0x0a, 0x5d, 0x12, 0x5d, 0x0a, 0x5d, 0x0a, 0x5d, 0x12,
    0x5d, 0x0a, 0x5e, 0x0a, 0x5d, 0x12, 0x5d, 0x0a, 0x5d, 0x0a, 0x5d, 0x12,
    0x5d, 0x0a, 0x5d, 0x0a, 0x5d, 0x12, 0x5d, 0x0a, 0x5d, 0x0a, 0x5d, 0x12,
    0x5d, 0x0a, 0x5d, 0x0a, 0x5d, 0x12, 0x5d, 0x0a, 0x5d, 0x12, 0x5d, 0x0a,
    0x5d, 0x12, 0x5d, 0x0a, 0x5d, 0x0a, 0x5d, 0x12, 0x5d, 0x0a, 0x5d, 0x0a,
    0x5d, 0x12, 0x5d, 0x0a, 0x5d, 0x0a, 0x5d, 0x12, 0x5d, 0x0a, 0x5d, 0x12,
    0x5d, 0x12, 0x5d, 0x0a, 0x5d, 0x0a, 0x5d, 0x12, 0x5d, 0x0a, 0x5d, 0x0a,
    0x5d, 0x0a, 0x5d, 0x12, 0x5d, 0x0a, 0x5d, 0x0a, 0x5d, 0x12, 0x5d, 0x0a,
    0x5d, 0x12, 0x5d, 0x0a, 0x5d, 0x0a, 0x5d, 0x12, 0x5d, 0x0a, 0x5d, 0x0a,
    0x5d, 0x12, 0x5d, 0x12, 0x5d, 0x0a, 0x5d, 0x0a, 0x5d, 0x12, 0x5d, 0x0a,
    0x5d, 0x0a, 0x5d, 0x12, 0x5d, 0x0a, 0x5d, 0x0a, 0x5d, 0x12, 0x5d, 0x0a,
    0x5d, 0x0a, 0x5d, 0x12, 0x5d, 0x0a, 0x5d, 0x0a, 0x5d, 0x12, 0x5d, 0x12,
    0x5d, 0x0a, 0x5d, 0x12, 0x5d, 0x0a, 0x5d, 0x0a, 0x5d, 0x12, 0x5d, 0x0a,
    0x5d, 0x0a, 0x5d, 0x12, 0x5d, 0x0a, 0x5d, 0x0a, 0x5d, 0x12, 0x5d, 0x0a,
    0x5d, 0x0a, 0x5d, 0x12, 0x5d, 0x0a, 0x5d, 0x0a, 0x5d, 0x12, 0x5d, 0x12,
    0x5d, 0x0a, 0x5d, 0x12, 0x5d, 0x0a, 0x5d, 0x0a, 0x5d, 0x12, 0x5d, 0x0a,
    0x5d, 0x0a, 0x5d, 0x12, 0x5d, 0x0a, 0x5d, 0x0a, 0x5d, 0x12, 0x5d, 0x0a,
    0x5d, 0x0a, 0x5d, 0x12, 0x5d, 0x0a, 0x5d, 0x0a, 0x5d, 0x12, 0x5d, 0x12,
    0x5d, 0x0a, 0x5d, 0x12, 0x5d, 0x0a, 0x5d, 0x0a, 0x5d, 0x12, 0x5d, 0x0a,
    0x5d, 0x0a, 0x5d, 0x12, 0x5d, 0x0a, 0x5d, 0x0a, 0x5d, 0x12, 0x5d, 0x0a,
    0x5d, 0x0a, 0x5d, 0x12, 0x5d, 0x0a, 0x5d, 0x0a, 0x5d, 0x12, 0x5d, 0x12,
    0x5d, 0x0a, 0x5d, 0x12, 0x5d, 0x0a, 0x5d, 0x0a, 0x5d, 0x12, 0x5d, 0x0a,
    0x5d, 0x0a, 0x5d, 0x12, 0x5d, 0x0a, 0x5d, 0x0a, 0x5d, 0x12, 0x5d, 0x0a,
    0x5d, 0x0a, 0x5d, 0x12, 0x5d, 0x0a, 0x5d, 0x0a, 0x5d, 0x12, 0x5d, 0x12,
    0x5d, 0x0a, 0x5d, 0x12, 0x5d, 0x0a, 0x5d, 0x0a, 0x5d, 0x12, 0x5e, 0x0a,
    0x5d, 0x12, 0x5d, 0x12, 0x5d, 0x0a, 0x5d, 0x0a, 0x5d, 0x12, 0x5d, 0x0a,
    0x5d, 0x0a, 0x5d, 0x12, 0x5d, 0x0a, 0x5d, 0x0a, 0x5d, 0x12, 0x5e, 0x12,
    0x5d, 0x0a, 0x5d, 0x12, 0xbd, 0x2a, 0x5d, 0x53, 0x7e, 0x84, 0xbe, 0xad,
    0xfe, 0xde, 0x7e, 0xef, 0x7f, 0xef, 0x7e, 0xef, 0x7e, 0xef, 0x7e, 0xef,
    0x7e, 0xef, 0x9f, 0xef, 0x9e, 0xf7, 0x7e, 0xef, 0x7f, 0xef, 0x9e, 0xef,
    0x9e, 0xf7, 0x7f, 0xef, 0x7e, 0xef, 0x7e, 0xef, 0x7e, 0xef, 0x7e, 0xef,
    0x7e, 0xef, 0x7e, 0xef, 0x7e, 0xef, 0x7e, 0xef, 0x7e, 0xe7, 0x5e, 0xef,
    0x5e, 0xe7, 0x5e, 0xef, 0x7e, 0xef, 0x5e, 0xef, 0x5e, 0xe7, 0x5e, 0xe7,
    0x7e, 0xef, 0x5e, 0xe7, 0x5e, 0xe7, 0x7e, 0xef, 0x5e, 0xe7, 0x5e, 0xe7,
    0x7f, 0xef, 0x9e, 0xf7, 0x7f, 0xef, 0x7f, 0xef, 0x9e, 0xf7, 0x7e, 0xef,
    0x9f, 0xf7, 0x7e, 0xef, 0x9f, 0xef, 0x9e, 0xf7, 0x7f, 0xef, 0x9f, 0xef,
    0x7e, 0xf7, 0x7f, 0xef, 0x9e, 0xef, 0x9e, 0xf7, 0x7f, 0xef, 0x9e, 0xef,
    0x7e, 0xf7, 0x7f, 0xef, 0x9f, 0xef, 0x9e, 0xf7, 0x7e, 0xef, 0x9f, 0xef,
    0x7e, 0xf7, 0x7e, 0xef, 0x9f, 0xf7, 0x7f, 0xef, 0x7e, 0xef, 0x7f, 0xef,
    0x7e, 0xf7, 0x7f, 0xef, 0x7e, 0xef, 0xbe, 0xd6, 0x5d, 0x7c, 0x5d, 0x0a,
    0x5d, 0x0a, 0x5d, 0x12, 0x5d, 0x0a, 0x5e, 0x0a, 0x5d, 0x0a, 0x5d, 0x0a,
    0x5e, 0x0a, 0x5d, 0x12, 0x5d, 0x0a, 0x5e, 0x0a, 0x5d, 0x0a, 0x5d, 0x0a,
    0x5e, 0x0a, 0x5d, 0x0a, 0x5d, 0x0a, 0x5d, 0x0a, 0x5d, 0x0a, 0x5d, 0x0a,
    0x5d, 0x0a, 0x5e, 0x12, 0x5d, 0x0a, 0x5d, 0x0a, 0x5e, 0x0a, 0x5d, 0x0a,
    0x5d, 0x0a, 0x5e, 0x0a, 0x5d, 0x0a, 0x5d, 0x12, 0x5d, 0x0a, 0x5d, 0x0a,
    0x5d, 0x12, 0x5e, 0x0a, 0x5d, 0x0a, 0x5d, 0x0a, 0x5e, 0x0a, 0x5d, 0x12,
    0x5d, 0x0a, 0x5e, 0x0a, 0x5d, 0x0a, 0x5d, 0x0a, 0x5e, 0x0a, 0x5d, 0x0a,
    0x5d, 0x0a, 0x5e, 0x0a, 0x5d, 0x0a, 0x5d, 0x12, 0x5e, 0x0a, 0x5d, 0x0a,
    0x5d, 0x12, 0x5e, 0x0a, 0x5d, 0x0a, 0x5d, 0x0a, 0x5e, 0x0a, 0x5d, 0x0a,
    0x5d, 0x0a, 0x5e, 0x0a, 0x5d, 0x0a, 0x5d, 0x0a, 0x5e, 0x0a, 0x5d, 0x12,
    0x5d, 0x0a, 0x5e, 0x0a, 0x5d, 0x0a, 0x5d, 0x12, 0x5e, 0x0a, 0x5d, 0x0a,
    0x5d, 0x0a, 0x5e, 0x0a, 0x5d, 0x0a, 0x5d, 0x0a, 0x5e, 0x0a, 0x5d, 0x0a,
    0x5d, 0x0a, 0x5e, 0x0a, 0x5d, 0x0a, 0x5d, 0x0a, 0x5e, 0x0a, 0x5d, 0x0a,
    0x5d, 0x0a, 0x5e, 0x0a, 0x5d, 0x0a, 0x5d, 0x0a, 0x5e, 0x0a, 0x5d, 0x0a,
    0x5d, 0x12, 0x5e, 0x0a, 0x5d, 0x0a, 0x5d, 0x0a, 0x5e, 0x0a, 0x5d, 0x0a,
    0x5d, 0x0a, 0x5e, 0x0a, 0x5d, 0x0a, 0x5d, 0x0a, 0x5e, 0x12, 0x5d, 0x0a,
    0x5d, 0x0a, 0x5e, 0x0a, 0x5d, 0x0a, 0x5d, 0x0a, 0x5e, 0x0a, 0x5d, 0x0a,
    0x5d, 0x12, 0x5e, 0x0a, 0x5d, 0x0a, 0x5d, 0x0a, 0x5e, 0x0a, 0x5d, 0x0a,
    0x5d, 0x0a, 0x5e, 0x0a, 0x5d, 0x0a, 0x5d, 0x0a, 0x5e, 0x12, 0x5d, 0x0a,
    0x5d, 0x0a, 0x5e, 0x0a, 0x5d, 0x0a, 0x5d, 0x0a, 0x5e, 0x0a, 0x5d, 0x0a,
    0x5d, 0x12, 0x5e, 0x0a, 0x5d, 0x0a, 0x5d, 0x0a, 0x5e, 0x0a, 0x5d, 0x0a,
    0x5d, 0x0a, 0x5e, 0x0a, 0x5d, 0x0a, 0x5d, 0x0a, 0x5e, 0x12, 0x5d, 0x0a,
    0x5d, 0x0a, 0x5e, 0x0a, 0x5d, 0x0a, 0x5d, 0x0a, 0x5e, 0x0a, 0x5d, 0x0a,
    0x5d, 0x12, 0x5e, 0x0a, 0x5d, 0x0a, 0x5d, 0x0a, 0x5e, 0x0a, 0x5d, 0x0a,
    0x5d, 0x0a, 0x5e, 0x0a, 0x5d, 0x0a, 0x5d, 0x0a, 0x5e, 0x12, 0x5d, 0x0a,
    0x5d, 0x0a, 0x5e, 0x0a, 0x5d, 0x0a, 0x5d, 0x0a, 0x5e, 0x0a, 0x5d, 0x0a,
    0x5d, 0x12, 0x5e, 0x0a, 0x5d, 0x0a, 0x5d, 0x0a, 0x5e, 0x0a, 0x5d, 0x0a,
    0x5d, 0x0a, 0x5e, 0x0a, 0x5d, 0x0a, 0x5d, 0x0a, 0x5e, 0x12, 0x5d, 0x0a,
    0x5d, 0x0a, 0x5d, 0x0a, 0x5d, 0x0a, 0x5d, 0x0a, 0x5d, 0x0a, 0x5e, 0x0a,
    0x5d, 0x12, 0x5d, 0x0a, 0x5d, 0x0a, 0x5d, 0x0a, 0x5d, 0x0a, 0x5e, 0x0a,
    0x5d, 0x0a, 0x5d, 0x12, 0x5d, 0x0a, 0x5d, 0x0a, 0x5d, 0x0a, 0x5d, 0x12,
    0x5d, 0x0a, 0x5d, 0x0a, 0x5d, 0x12, 0x5d, 0x0a, 0x5d, 0x7c, 0xbe, 0xd6,
    0x7e, 0xef, 0x7e, 0xef, 0x7f, 0xef, 0x7e, 0xef, 0x7e, 0xef, 0x7f, 0xef,
    0x7e, 0xef, 0x7f, 0xef, 0x7e, 0xef, 0x7e, 0xef, 0x7e, 0xef, 0x7f, 0xef,
    0x7e, 0xef, 0x7e, 0xef, 0x7e, 0xef, 0x7e, 0xef, 0x5e, 0xe7, 0x7f, 0xef,
    0x7e, 0xef, 0x7e, 0xef, 0x5e, 0xe7, 0x5e, 0xef, 0x5e, 0xe7, 0x5e, 0xe7,
    0x5e, 0xef, 0x7e, 0xe7, 0x5e, 0xef, 0x5e, 0xef, 0x5e, 0xe7, 0x5e, 0xe7,
    0x5e, 0xe7, 0x5e, 0xe7, 0x5e, 0xe7, 0x7e, 0xef, 0x9f, 0xef, 0x9e, 0xf7,
    0x7f, 0xef, 0x9e, 0xef, 0x7f, 0xf7, 0x7e, 0xef, 0x9f, 0xef, 0x7e, 0xf7,
    0x7e, 0xef, 0x9f, 0xf7, 0x9e, 0xef, 0x7f, 0xef, 0x9f, 0xf7, 0x7e, 0xef,
    0x7f, 0xf7, 0x9f, 0xef, 0x9e, 0xf7, 0x7e, 0xef, 0x9f, 0xf7, 0x7f, 0xef,
    0x7e, 0xef, 0x9f, 0xf7, 0x9f, 0xef, 0x7e, 0xef, 0x9f, 0xf7, 0x9e, 0xef,
    0x7e, 0xef, 0x7f, 0xf7, 0x7e, 0xef, 0x7e, 0xef, 0x5e, 0xef, 0x3e, 0x9d,
    0x7d, 0x12, 0x5d, 0x12, 0x5d, 0x0a, 0x5d, 0x0a, 0x5d, 0x0a, 0x5d, 0x12,
    0x5d, 0x0a, 0x5d, 0x0a, 0x5d, 0x12, 0x5d, 0x0a, 0x5d, 0x0a, 0x5d, 0x0a,
    0x5d, 0x12, 0x5d, 0x0a, 0x5d, 0x0a, 0x5d, 0x12, 0x5d, 0x0a, 0x5d, 0x0a,
    0x5e, 0x12, 0x5d, 0x12, 0x5d, 0x0a, 0x5d, 0x0a, 0x5d, 0x0a, 0x5d, 0x0a,
    0x5d, 0x12, 0x5d, 0x12, 0x5d, 0x0a, 0x5d, 0x12, 0x5d, 0x0a, 0x5d, 0x0a,
    0x5d, 0x0a, 0x5d, 0x0a, 0x5d, 0x0a, 0x5d, 0x0a, 0x5d, 0x12, 0x5d, 0x0a,
    0x5d, 0x0a, 0x5d, 0x12, 0x5d, 0x0a, 0x5d, 0x0a, 0x5d, 0x12, 0x5d, 0x0a,
    0x5d, 0x12, 0x5d, 0x0a, 0x5d, 0x0a, 0x5d, 0x12, 0x5d, 0x0a, 0x5d, 0x0a,
    0x5d, 0x0a, 0x5d, 0x0a, 0x5d, 0x0a, 0x5d, 0x0a, 0x5d, 0x0a, 0x5d, 0x12,
    0x5d, 0x0a, 0x5d, 0x12, 0x5d, 0x0a, 0x5d, 0x0a, 0x5d, 0x12, 0x5d, 0x0a,
    0x5d, 0x0a, 0x5d, 0x0a, 0x5d, 0x0a, 0x5d, 0x12, 0x5d, 0x0a, 0x5d, 0x0a,
    0x5d, 0x0a, 0x5d, 0x0a, 0x5d, 0x12, 0x5d, 0x0a, 0x5d, 0x0a, 0x5d, 0x12,
    0x5d, 0x0a, 0x5d, 0x12, 0x5d, 0x0a, 0x5d, 0x12, 0x5d, 0x0a, 0x5d, 0x12,
    0x5d, 0x0a, 0x5d, 0x0a, 0x5d, 0x12, 0x5d, 0x12, 0x5d, 0x0a, 0x5d, 0x0a,
    0x5d, 0x12, 0x5d, 0x0a, 0x5d, 0x0a, 0x5d, 0x0a, 0x5d, 0x12, 0x5d, 0x0a,
    0x5d, 0x12, 0x5d, 0x0a, 0x5d, 0x12, 0x5d, 0x0a, 0x5d, 0x0a, 0x5d, 0x0a,
    0x5d, 0x0a, 0x5d, 0x0a, 0x5d, 0x12, 0x5d, 0x0a, 0x5d, 0x0a, 0x5d, 0x12,
    0x5d, 0x0a, 0x5d, 0x0a, 0x5d, 0x12, 0x5d, 0x0a, 0x5d, 0x0a, 0x5d, 0x12,
    0x5d, 0x0a, 0x5d, 0x12, 0x5d, 0x0a, 0x5d, 0x0a, 0x5d, 0x12, 0x5d, 0x0a,
    0x5d, 0x0a, 0x5d, 0x0a, 0x5d, 0x12, 0x5d, 0x0a, 0x5d, 0x0a, 0x5d, 0x12,
    0x5d, 0x0a, 0x5d, 0x0a, 0x5d, 0x12, 0x5d, 0x0a, 0x5d, 0x0a, 0x5d, 0x12,
    0x5d, 0x0a, 0x5d, 0x12, 0x5d, 0x0a, 0x5d, 0x0a, 0x5d, 0x12, 0x5d, 0x0a,
    0x5d, 0x0a, 0x5d, 0x0a, 0x5d, 0x12, 0x5d, 0x0a, 0x5d, 0x0a, 0x5d, 0x12,
    0x5d, 0x0a, 0x5d, 0x0a, 0x5d, 0x12, 0x5d, 0x0a, 0x5d, 0x0a, 0x5d, 0x12,
    0x5d, 0x0a, 0x5d, 0x12, 0x5d, 0x0a, 0x5d, 0x0a, 0x5d, 0x12, 0x5d, 0x0a,
    0x5d, 0x0a, 0x5d, 0x0a, 0x5d, 0x12, 0x5d, 0x0a, 0x5d, 0x0a, 0x5d, 0x12,
    0x5d, 0x0a, 0x5d, 0x0a, 0x5d, 0x12, 0x5d, 0x0a, 0x5d, 0x0a, 0x5d, 0x12,
    0x5d, 0x0a, 0x5d, 0x12, 0x5d, 0x0a, 0x5d, 0x0a, 0x5d, 0x12, 0x5d, 0x0a,
    0x5d, 0x0a, 0x5d, 0x0a, 0x5d, 0x12, 0x5d, 0x0a, 0x5d, 0x0a, 0x5d, 0x12,
    0x5d, 0x0a, 0x5d, 0x0a, 0x5d, 0x0a, 0x5d, 0x0a, 0x5d, 0x12, 0x5e, 0x0a,
    0x5d, 0x12, 0x5d, 0x0a, 0x5d, 0x0a, 0x5d, 0x12, 0x5d, 0x0a, 0x5d, 0x0a,
    0x5d, 0x0a, 0x5d, 0x0a, 0x5d, 0x0a, 0x5d, 0x0a, 0x5d, 0x0a, 0x5d, 0x0a,
    0x5d, 0x0a, 0x5d, 0x0a, 0x7d, 0x1a, 0x3e, 0x9d, 0x5e, 0xef, 0x7e, 0xef,
    0x7e, 0xef, 0x7e, 0xef, 0x7e, 0xef, 0x7f, 0xef, 0x7e, 0xef, 0x7e, 0xef,
    0x7e, 0xef, 0x7e, 0xef, 0x7e, 0xef, 0x7e, 0xef, 0x7e, 0xef, 0x7e, 0xe7,
    0x5e, 0xef, 0x7e, 0xef, 0x5e, 0xe7, 0x5e, 0xe7, 0x5e, 0xe7, 0x5e, 0xef,
    0x7e, 0xef, 0x5e, 0xe7, 0x5e, 0xef, 0x7e, 0xe7, 0x5e, 0xe7, 0x5e, 0xe7,
    0x7e, 0xe7, 0x5e, 0xe7, 0x5e, 0xef, 0x5e, 0xe7, 0x5e, 0xe7, 0x5e, 0xe7,
    0x7e, 0xef, 0x9f, 0xf7, 0x7e, 0xef, 0x9e, 0xf7, 0x9f, 0xef, 0x7f, 0xef,
    0x9e, 0xf7, 0x9f, 0xef, 0x7f, 0xef, 0x7e, 0xf7, 0x9e, 0xef, 0x7f, 0xef,
    0x9e, 0xf7, 0x9e, 0xef, 0x7f, 0xef, 0x7e, 0xef, 0x9f, 0xf7, 0x7f, 0xef,
    0x9e, 0xef, 0x9e, 0xf7, 0x7f, 0xef, 0x7e, 0xef, 0x9e, 0xf7, 0x7f, 0xef,
    0x7e, 0xef, 0x9f, 0xf7, 0x7e, 0xef, 0x7e, 0xef, 0x7f, 0xef, 0x7e, 0xef,
    0x5e, 0xe7, 0x3e, 0x7c, 0x5d, 0x0a, 0x5d, 0x0a, 0x5d, 0x12, 0x7d, 0x12,
    0x3e, 0x64, 0x1f, 0xae, 0x5f, 0xe7, 0xdf, 0xff, 0xff, 0xff, 0xff, 0xff,
    0xff, 0xff, 0xff, 0xff, 0xff, 0xff, 0xff, 0xff, 0xff, 0xff, 0xff, 0xff,
    0xff, 0xff, 0xff, 0xff, 0xff, 0xff, 0xff, 0xff, 0xff, 0xff, 0xff, 0xff,
    0xff, 0xff, 0xff, 0xff, 0xff, 0xff, 0xff, 0xff, 0xff, 0xff, 0xff, 0xff,
    0xff, 0xff, 0xff, 0xff, 0xff, 0xff, 0xff, 0xff, 0xff, 0xff, 0xff, 0xff,
    0xff, 0xff, 0xff, 0xff, 0xff, 0xff, 0xff, 0xff, 0xff, 0xff, 0xff, 0xff,
    0xff, 0xff, 0xff, 0xff, 0xff, 0xff, 0xff, 0xff, 0xff, 0xff, 0xff, 0xff,
    0xff, 0xff, 0xff, 0xff, 0xff, 0xff, 0xff, 0xff, 0xff, 0xff, 0xff, 0xff,
    0xff, 0xff, 0xff, 0xff, 0xff, 0xff, 0xff, 0xff, 0xff, 0xff, 0xff, 0xff,
    0xff, 0xff, 0xff, 0xff, 0xff, 0xff, 0xff, 0xff, 0xff, 0xff, 0xff, 0xff,
    0xff, 0xff, 0xff, 0xff, 0xff, 0xff, 0xff, 0xff, 0xff, 0xff, 0xff, 0xff,
    0xff, 0xff, 0xff, 0xff, 0xff, 0xff, 0xff, 0xff, 0xff, 0xff, 0xff, 0xff,
    0xff, 0xff, 0xff, 0xff, 0xff, 0xff, 0xff, 0xff, 0xff, 0xff, 0xff, 0xff,
    0xff, 0xff, 0xff, 0xff, 0xff, 0xff, 0xff, 0xff, 0xff, 0xff, 0xff, 0xff,
    0xff, 0xff, 0xff, 0xff, 0xff, 0xff, 0xff, 0xff, 0xff, 0xff, 0xff, 0xff,
    0xff, 0xff, 0xff, 0xff, 0xff, 0xff, 0xff, 0xff, 0xff, 0xff, 0xff, 0xff,
    0xff, 0xff, 0xff, 0xff, 0xff, 0xff, 0xff, 0xff, 0xff, 0xff, 0xff, 0xff,
    0xff, 0xff, 0xff, 0xff, 0xff, 0xff, 0xff, 0xff, 0xff, 0xff, 0xff, 0xff,
    0xff, 0xff, 0xff, 0xff, 0xff, 0xff, 0xff, 0xff, 0xff, 0xff, 0xff, 0xff,
    0xff, 0xff, 0xdf, 0xff, 0xdf, 0xff, 0xff, 0xff, 0xdf, 0xff, 0xdf, 0xff,
    0xff, 0xff, 0xdf, 0xff, 0xdf, 0xff, 0xff, 0xff, 0xdf, 0xff, 0xdf, 0xff,
    0xff, 0xff, 0xdf, 0xff, 0xdf, 0xff, 0xff, 0xff, 0xdf, 0xff, 0xdf, 0xff,
    0xdf, 0xff, 0xdf, 0xff, 0xdf, 0xff, 0xdf, 0xff, 0xdf, 0xff, 0xdf, 0xff,
    0xdf, 0xff, 0xdf, 0xff, 0xdf, 0xff, 0xdf, 0xff, 0xdf, 0xff, 0xdf, 0xff,
    0xdf, 0xff, 0xdf, 0xff, 0xdf, 0xff, 0xdf, 0xff, 0xdf, 0xff, 0xdf, 0xff,
    0xdf, 0xff, 0xdf, 0xff, 0xdf, 0xff, 0xdf, 0xff, 0xdf, 0xff, 0xdf, 0xff,
    0xdf, 0xf7, 0xdf, 0xff, 0xdf, 0xff, 0xdf, 0xff, 0xdf, 0xff, 0xdf, 0xff,
    0xdf, 0xff, 0xdf, 0xff, 0xdf, 0xff, 0xdf, 0xff, 0xdf, 0xf7, 0xdf, 0xff,
    0xdf, 0xff, 0xdf, 0xff, 0xdf, 0xff, 0xdf, 0xff, 0xdf, 0xff, 0xdf, 0xff,
    0xdf, 0xff, 0xdf, 0xf7, 0xdf, 0xff, 0xdf, 0xff, 0xdf, 0xff, 0xdf, 0xff,
    0xdf, 0xff, 0xdf, 0xf7, 0xdf, 0xff, 0xdf, 0xff, 0xdf, 0xff, 0x9f, 0xef,
    0xff, 0xd6, 0xff, 0xad, 0x1e, 0x5c, 0x7d, 0x12, 0x5d, 0x0a, 0x5d, 0x0a,
    0x5d, 0x0a, 0x3d, 0x7c, 0x3e, 0xe7, 0x7e, 0xef, 0x7e, 0xef, 0x7e, 0xef,
    0x7e, 0xef, 0x7f, 0xef, 0x7e, 0xef, 0x7f, 0xef, 0x7f, 0xef, 0x7e, 0xef,
    0x7e, 0xef, 0x7e, 0xef, 0x5f, 0xe7, 0x5e, 0xef, 0x5e, 0xe7, 0x5e, 0xe7,
    0x5e, 0xef, 0x5e, 0xef, 0x5e, 0xe7, 0x5e, 0xe7, 0x7e, 0xe7, 0x5e, 0xef,
    0x5e, 0xe7, 0x5e, 0xef, 0x5e, 0xe7, 0x5e, 0xe7, 0x5e, 0xe7, 0x5e, 0xe7,
    0x5e, 0xe7, 0x3e, 0xe7, 0x3e, 0xe7, 0x7f, 0xef, 0x9e, 0xef, 0x7f, 0xf7,
    0x7f, 0xef, 0x9e, 0xf7, 0x7e, 0xef, 0x9f, 0xf7, 0x9e, 0xef, 0x7f, 0xef,
    0x9f, 0xf7, 0x9e, 0xef, 0x7f, 0xf7, 0x7e, 0xef, 0x9f, 0xf7, 0x9e, 0xef,
    0x7e, 0xef, 0x9f, 0xf7, 0x7e, 0xef, 0x7f, 0xef, 0x9f, 0xf7, 0x9e, 0xef,
    0x7f, 0xf7, 0x9e, 0xef, 0x9f, 0xf7, 0x7e, 0xef, 0x7e, 0xef, 0x7f, 0xef,
    0x7e, 0xef, 0x7e, 0xef, 0x5e, 0xef, 0x3e, 0x7c, 0x5d, 0x0a, 0x5d, 0x0a,
    0x5d, 0x0a, 0x1e, 0x5c, 0x3f, 0xdf, 0xff, 0xff, 0xff, 0xff, 0xff, 0xff,
    0xff, 0xff, 0xff, 0xff, 0xff, 0xff, 0xff, 0xff, 0xff, 0xff, 0xff, 0xff,
    0xff, 0xff, 0xff, 0xff, 0xff, 0xff, 0xff, 0xff, 0xff, 0xff, 0xff, 0xff,
    0xff, 0xff, 0xff, 0xff, 0xff, 0xff, 0xff, 0xff, 0xff, 0xff, 0xff, 0xff,
    0xff, 0xff, 0xff, 0xff, 0xff, 0xff, 0xff, 0xff, 0xff, 0xff, 0xff, 0xff,
    0xff, 0xff, 0xff, 0xff, 0xff, 0xff, 0xff, 0xff, 0xff, 0xff, 0xff, 0xff,
    0xff, 0xff, 0xff, 0xff, 0xff, 0xff, 0xff, 0xff, 0xff, 0xff, 0xff, 0xff,
    0xff, 0xff, 0xff, 0xff, 0xff, 0xff, 0xff, 0xff, 0xff, 0xff, 0xff, 0xff,
    0xff, 0xff, 0xff, 0xff, 0xff, 0xff, 0xff, 0xff, 0xff, 0xff, 0xff, 0xff,
    0xff, 0xff, 0xff, 0xff, 0xff, 0xff, 0xff, 0xff, 0xff, 0xff, 0xff, 0xff,
    0xff, 0xff, 0xff, 0xff, 0xff, 0xff, 0xff, 0xff, 0xff, 0xff, 0xff, 0xff,
    0xff, 0xff, 0xff, 0xff, 0xff, 0xff, 0xff, 0xff, 0xff, 0xff, 0xff, 0xff,
    0xff, 0xff, 0xff, 0xff, 0xff, 0xff, 0xff, 0xff, 0xff, 0xff, 0xff, 0xff,
    0xff, 0xff, 0xff, 0xff, 0xff, 0xff, 0xff, 0xff, 0xff, 0xff, 0xff, 0xff,
    0xff, 0xff, 0xff, 0xff, 0xff, 0xff, 0xff, 0xff, 0xff, 0xff, 0xff, 0xff,
    0xff, 0xff, 0xff, 0xff, 0xff, 0xff, 0xff, 0xff, 0xff, 0xff, 0xff, 0xff,
    0xff, 0xff, 0xff, 0xff, 0xff, 0xff, 0xff, 0xff, 0xff, 0xff, 0xff, 0xff,
    0xff, 0xff, 0xff, 0xff, 0xff, 0xff, 0xdf, 0xff, 0xdf, 0xff, 0xff, 0xff,
    0xdf, 0xff, 0xdf, 0xff, 0xdf, 0xff, 0xdf, 0xff, 0xdf, 0xff, 0xdf, 0xff,
    0xdf, 0xff, 0xdf, 0xff, 0xff, 0xff, 0xdf, 0xff, 0xdf, 0xff, 0xdf, 0xff,
    0xdf, 0xff, 0xdf, 0xff, 0xdf, 0xff, 0xff, 0xff, 0xdf, 0xff, 0xdf, 0xff,
    0xdf, 0xff, 0xdf, 0xff, 0xff, 0xff, 0xdf, 0xff, 0xdf, 0xff, 0xdf, 0xff,
    0xdf, 0xff, 0xdf, 0xff, 0xdf, 0xff, 0xdf, 0xff, 0xdf, 0xff, 0xdf, 0xff,
    0xdf, 0xff, 0xdf, 0xf7, 0xdf, 0xff, 0xdf, 0xf7, 0xdf, 0xff, 0xdf, 0xf7,
    0xdf, 0xf7, 0xdf, 0xff, 0xdf, 0xff, 0xdf, 0xf7, 0xdf, 0xff, 0xdf, 0xff,
    0xdf, 0xf7, 0xdf, 0xff, 0xdf, 0xf7, 0xdf, 0xff, 0xdf, 0xff, 0xdf, 0xf7,
    0xdf, 0xf7, 0xdf, 0xff, 0xdf, 0xf7, 0xdf, 0xf7, 0xdf, 0xff, 0xdf, 0xf7,
    0xdf, 0xf7, 0xdf, 0xf7, 0xdf, 0xf7, 0xdf, 0xf7, 0xdf, 0xf7, 0xdf, 0xf7,
    0xdf, 0xff, 0xdf, 0xf7, 0xdf, 0xf7, 0xdf, 0xff, 0xdf, 0xf7, 0xdf, 0xf7,
    0xdf, 0xf7, 0xdf, 0xf7, 0xdf, 0xff, 0xdf, 0xf7, 0xdf, 0xf7, 0xdf, 0xff,
    0xdf, 0xf7, 0xdf, 0xf7, 0xdf, 0xf7, 0xdf, 0xff, 0xdf, 0xf7, 0xdf, 0xff,
    0xdf, 0xff, 0xdf, 0xf7, 0xdf, 0xff, 0xdf, 0xff, 0xdf, 0xff, 0xdf, 0xff,
    0xff, 0xd6, 0x1e, 0x5c, 0x5d, 0x0a, 0x5d, 0x0a, 0x5d, 0x0a, 0x3e, 0x7c,
    0x3e, 0xe7, 0x5e, 0xef, 0x7f, 0xef, 0x7e, 0xef, 0x7e, 0xef, 0x7e, 0xef,
    0x7e, 0xef, 0x7e, 0xef, 0x7e, 0xe7, 0x5e, 0xef, 0x5e, 0xe7, 0x7e, 0xef,
    0x5e, 0xe7, 0x5e, 0xef, 0x7e, 0xef, 0x5e, 0xe7, 0x7e, 0xe7, 0x5e, 0xef,
    0x5e, 0xe7, 0x5e, 0xe7, 0x7e, 0xef, 0x5e, 0xe7, 0x5e, 0xe7, 0x5e, 0xe7,
    0x5e, 0xe7, 0x3e, 0xe7, 0x3e, 0xe7, 0x5e, 0xe7, 0x3e, 0xe7, 0x3d, 0xe7,
    0x9e, 0xef, 0x7f, 0xf7, 0x9e, 0xef, 0x7f, 0xef, 0x9e, 0xef, 0x7f, 0xf7,
    0x7e, 0xef, 0x9e, 0xf7, 0x7f, 0xef, 0x9e, 0xef, 0x7f, 0xf7, 0x9e, 0xef,
    0x7f, 0xef, 0x7f, 0xf7, 0x9e, 0xf7, 0x9f, 0xef, 0x7e, 0xef, 0x9e, 0xf7,
    0x7f, 0xef, 0x7e, 0xef, 0x9f, 0xf7, 0x7e, 0xef, 0x7f, 0xef, 0x9f, 0xf7,
    0x7e, 0xef, 0x7e, 0xef, 0x7f, 0xef, 0x7e, 0xef, 0x7e, 0xef, 0x3e, 0xa5,
    0x5d, 0x0a, 0x5d, 0x0a, 0x7d, 0x12, 0x5f, 0x95, 0xff, 0xff, 0xff, 0xff,
    0xff, 0xff, 0xff, 0xff, 0xff, 0xff, 0xff, 0xff, 0xff, 0xff, 0xff, 0xff,
    0xff, 0xff, 0xff, 0xff, 0xff, 0xff, 0xff, 0xff, 0xff, 0xff, 0xff, 0xff,
    0xff, 0xff, 0xff, 0xff, 0xff, 0xff, 0xff, 0xff, 0xff, 0xff, 0xff, 0xff,
    0xff, 0xff, 0xff, 0xff, 0xff, 0xff, 0xff, 0xff, 0xff, 0xff, 0xff, 0xff,
    0xff, 0xff, 0xff, 0xff, 0xff, 0xff, 0xff, 0xff, 0xff, 0xff, 0xff, 0xff,
    0xff, 0xff, 0xff, 0xff, 0xff, 0xff, 0xff, 0xff, 0xff, 0xff, 0xff, 0xff,
    0xff, 0xff, 0xff, 0xff, 0xff, 0xff, 0xff, 0xff, 0xff, 0xff, 0xff, 0xff,
    0xff, 0xff, 0xff, 0xff, 0xff, 0xff, 0xff, 0xff, 0xff, 0xff, 0xff, 0xff,
    0xff, 0xff, 0xff, 0xff, 0xff, 0xff, 0xff, 0xff, 0xff, 0xff, 0xff, 0xff,
    0xff, 0xff, 0xff, 0xff, 0xff, 0xff, 0xff, 0xff, 0xff, 0xff, 0xff, 0xff,
    0xff, 0xff, 0xff, 0xff, 0xff, 0xff, 0xff, 0xff, 0xff, 0xff, 0xff, 0xff,
    0xff, 0xff, 0xff, 0xff, 0xff, 0xff, 0xff, 0xff, 0xff, 0xff, 0xff, 0xff,
    0xff, 0xff, 0xff, 0xff, 0xff, 0xff, 0xff, 0xff, 0xff, 0xff, 0xff, 0xff,
    0xff, 0xff, 0xff, 0xff, 0xff, 0xff, 0xff, 0xff, 0xff, 0xff, 0xff, 0xff,
    0xff, 0xff, 0xff, 0xff, 0xff, 0xff, 0xff, 0xff, 0xff, 0xff, 0xff, 0xff,
    0xff, 0xff, 0xff, 0xff, 0xff, 0xff, 0xff, 0xff, 0xff, 0xff, 0xdf, 0xff,
    0xff, 0xff, 0xff, 0xff, 0xff, 0xff, 0xdf, 0xff, 0xff, 0xff, 0xdf, 0xff,
    0xff, 0xff, 0xdf, 0xff, 0xdf, 0xff, 0xff, 0xff, 0xff, 0xff, 0xdf, 0xff,
    0xff, 0xff, 0xff, 0xff, 0xff, 0xff, 0xdf, 0xff, 0xff, 0xff, 0xdf, 0xff,
    0xdf, 0xff, 0xdf, 0xff, 0xff, 0xff, 0xdf, 0xff, 0xdf, 0xff, 0xff, 0xff,
    0xdf, 0xff, 0xdf, 0xff, 0xff, 0xff, 0xdf, 0xff, 0xdf, 0xff, 0xdf, 0xf7,
    0xdf, 0xff, 0xdf, 0xff, 0xdf, 0xf7, 0xdf, 0xff, 0xdf, 0xff, 0xdf, 0xf7,
    0xdf, 0xff, 0xdf, 0xff, 0xdf, 0xf7, 0xdf, 0xf7, 0xdf, 0xff, 0xdf, 0xff,
    0xdf, 0xf7, 0xdf, 0xff, 0xdf, 0xff, 0xdf, 0xf7, 0xdf, 0xff, 0xdf, 0xf7,
    0xdf, 0xf7, 0xdf, 0xff, 0xdf, 0xf7, 0xdf, 0xff, 0xdf, 0xf7, 0xdf, 0xff,
    0xdf, 0xf7, 0xdf, 0xf7, 0xbf, 0xf7, 0xdf, 0xff, 0xdf, 0xf7, 0xbf, 0xff,
    0xdf, 0xff, 0xdf, 0xf7, 0xdf, 0xf7, 0xbf, 0xff, 0xdf, 0xff, 0xdf, 0xf7,
    0xbf, 0xff, 0xdf, 0xff, 0xdf, 0xf7, 0xdf, 0xff, 0xbf, 0xff, 0xdf, 0xf7,
    0xdf, 0xf7, 0xbf, 0xff, 0xdf, 0xff, 0xdf, 0xf7, 0xbf, 0xff, 0xdf, 0xf7,
    0xdf, 0xff, 0xbf, 0xff, 0xdf, 0xf7, 0xdf, 0xff, 0xbf, 0xf7, 0xdf, 0xff,
    0xdf, 0xf7, 0xbf, 0xf7, 0xdf, 0xff, 0xdf, 0xf7, 0xbf, 0xf7, 0xdf, 0xf7,
    0xdf, 0xf7, 0xbf, 0xf7, 0xdf, 0xff, 0xdf, 0xff, 0xdf, 0xff, 0x3f, 0x8d,
    0x7d, 0x12, 0x5d, 0x0a, 0x5d, 0x0a, 0x3e, 0x9d, 0x5e, 0xef, 0x5e, 0xef,
    0x7e, 0xef, 0x5e, 0xe7, 0x5e, 0xef, 0x7e, 0xef, 0x7e, 0xef, 0x7e, 0xef,
    0x5e, 0xe7, 0x7e, 0xef, 0x7e, 0xef, 0x5e, 0xe7, 0x5e, 0xef, 0x5e, 0xef,
    0x5e, 0xe7, 0x5e, 0xe7, 0x7e, 0xef, 0x5e, 0xef, 0x5e, 0xe7, 0x5e, 0xe7,
    0x5e, 0xe7, 0x5e, 0xe7, 0x3e, 0xe7, 0x5e, 0xe7, 0x3e, 0xe7, 0x5e, 0xe7,
    0x3d, 0xe7, 0x3e, 0xe7, 0x3e, 0xe7, 0x7e, 0xef, 0x9f, 0xf7, 0x7e, 0xef,
    0x9e, 0xf7, 0x9f, 0xef, 0x7f, 0xef, 0x9e, 0xf7, 0x7f, 0xef, 0x9e, 0xf7,
    0x7e, 0xef, 0x7f, 0xef, 0x9e, 0xf7, 0x9e, 0xef, 0x7f, 0xef, 0x7f, 0xef,
    0x9e, 0xf7, 0x7f, 0xef, 0x9f, 0xf7, 0x9e, 0xef, 0x7e, 0xef, 0x9f, 0xf7,
    0x9e, 0xef, 0x7e, 0xef, 0x9f, 0xf7, 0x7e, 0xef, 0x7f, 0xf7, 0x7e, 0xef,
    0x7e, 0xef, 0xbe, 0xd6, 0x5d, 0x12, 0x5d, 0x0a, 0x5d, 0x0a, 0x5f, 0x95,
    0xff, 0xff, 0xff, 0xff, 0xff, 0xff, 0xff, 0xff, 0xff, 0xff, 0xff, 0xff,
    0xff, 0xff, 0xff, 0xff, 0xff, 0xff, 0xff, 0xff, 0xff, 0xff, 0xff, 0xff,
    0xff, 0xff, 0xff, 0xff, 0xff, 0xff, 0xff, 0xff, 0xff, 0xff, 0xff, 0xff,
    0xff, 0xff, 0xff, 0xff, 0xff, 0xff, 0xff, 0xff, 0xff, 0xff, 0xff, 0xff,
    0xff, 0xff, 0xff, 0xff, 0xff, 0xff, 0xff, 0xff, 0xff, 0xff, 0xff, 0xff,
    0xff, 0xff, 0xff, 0xff, 0xff, 0xff, 0xff, 0xff, 0xff, 0xff, 0xff, 0xff,
    0xff, 0xff, 0xff, 0xff, 0xff, 0xff, 0xff, 0xff, 0xff, 0xff, 0xff, 0xff,
    0xff, 0xff, 0xff, 0xff, 0xff, 0xff, 0xff, 0xff, 0xff, 0xff, 0xff, 0xff,
    0xff, 0xff, 0xff, 0xff, 0xff, 0xff, 0xff, 0xff, 0xff, 0xff, 0xff, 0xff,
    0xff, 0xff, 0xff, 0xff, 0xff, 0xff, 0xff, 0xff, 0xff, 0xff, 0xff, 0xff,
    0xff, 0xff, 0xff, 0xff, 0xff, 0xff, 0xff, 0xff, 0xff, 0xff, 0xff, 0xff,
    0xff, 0xff, 0xff, 0xff, 0xff, 0xff, 0xff, 0xff, 0xff, 0xff, 0xff, 0xff,
    0xff, 0xff, 0xff, 0xff, 0xff, 0xff, 0xff, 0xff, 0xff, 0xff, 0xff, 0xff,
    0xff, 0xff, 0xff, 0xff, 0xff, 0xff, 0xff, 0xff, 0xff, 0xff, 0xff, 0xff,
    0xff, 0xff, 0xff, 0xff, 0xff, 0xff, 0xff, 0xff, 0xff, 0xff, 0xff, 0xff,
    0xff, 0xff, 0xff, 0xff, 0xff, 0xff, 0xff, 0xff, 0xdf, 0xff, 0xff, 0xff,
    0xff, 0xff, 0xdf, 0xff, 0xff, 0xff, 0xff, 0xff, 0xdf, 0xff, 0xff, 0xff,
    0xff, 0xff, 0xdf, 0xff, 0xff, 0xff, 0xff, 0xff, 0xff, 0xff, 0xdf, 0xff,
    0xff, 0xff, 0xff, 0xff, 0xdf, 0xff, 0xff, 0xff, 0xff, 0xff, 0xdf, 0xff,
    0xff, 0xff, 0xdf, 0xff, 0xdf, 0xff, 0xdf, 0xff, 0xdf, 0xff, 0xff, 0xff,
    0xdf, 0xff, 0xdf, 0xff, 0xdf, 0xff, 0xdf, 0xff, 0xdf, 0xff, 0xff, 0xf7,
    0xdf, 0xff, 0xdf, 0xff, 0xff, 0xff, 0xdf, 0xf7, 0xdf, 0xff, 0xdf, 0xff,
    0xdf, 0xf7, 0xdf, 0xff, 0xdf, 0xff, 0xdf, 0xf7, 0xdf, 0xff, 0xdf, 0xff,
    0xdf, 0xf7, 0xdf, 0xff, 0xdf, 0xff, 0xdf, 0xf7, 0xdf, 0xff, 0xdf, 0xff,
    0xdf, 0xff, 0xdf, 0xff, 0xdf, 0xff, 0xdf, 0xff, 0xdf, 0xf7, 0xdf, 0xff,
    0xdf, 0xff, 0xdf, 0xff, 0xdf, 0xff, 0xbf, 0xf7, 0xdf, 0xff, 0xdf, 0xff,
    0xdf, 0xf7, 0xdf, 0xff, 0xbf, 0xf7, 0xdf, 0xff, 0xdf, 0xf7, 0xbf, 0xff,
    0xdf, 0xff, 0xdf, 0xf7, 0xdf, 0xff, 0xdf, 0xff, 0xbf, 0xf7, 0xdf, 0xf7,
    0xdf, 0xff, 0xbf, 0xff, 0xdf, 0xf7, 0xdf, 0xff, 0xdf, 0xff, 0xdf, 0xf7,
    0xdf, 0xff, 0xbf, 0xff, 0xdf, 0xf7, 0xdf, 0xf7, 0xbf, 0xff, 0xdf, 0xf7,
    0xdf, 0xff, 0xdf, 0xff, 0xdf, 0xf7, 0xdf, 0xff, 0xbf, 0xff, 0xdf, 0xf7,
    0xdf, 0xff, 0xbf, 0xff, 0xdf, 0xff, 0xdf, 0xf7, 0xdf, 0xf7, 0xdf, 0xf7,
    0xdf, 0xff, 0xdf, 0xf7, 0xdf, 0xff, 0x3f, 0x8d, 0x5d, 0x0a, 0x5d, 0x0a,
    0x7d, 0x12, 0x9e, 0xce, 0x5e, 0xe7, 0x5e, 0xe7, 0x7e, 0xef, 0x5e, 0xe7,
    0x7e, 0xef, 0x7e, 0xef, 0x5e, 0xe7, 0x5e, 0xef, 0x7e, 0xef, 0x5e, 0xe7,
    0x5e, 0xe7, 0x7e, 0xe7, 0x5e, 0xe7, 0x5e, 0xe7, 0x5e, 0xe7, 0x5e, 0xe7,
    0x5e, 0xe7, 0x5e, 0xe7, 0x5e, 0xe7, 0x5e, 0xe7, 0x3e, 0xe7, 0x5e, 0xe7,
    0x3d, 0xe7, 0x3d, 0xe7, 0x3e, 0xe7, 0x3d, 0xe7, 0x3d, 0xe7, 0x3e, 0xe7,
    0x7f, 0xef, 0x9e, 0xef, 0x7f, 0xf7, 0x7f, 0xef, 0x9e, 0xf7, 0x7e, 0xef,
    0x9f, 0xef, 0x7f, 0xef, 0x9e, 0xf7, 0x9f, 0xef, 0x7f, 0xef, 0x9e, 0xf7,
    0x9f, 0xef, 0x7e, 0xef, 0x9e, 0xf7, 0x7f, 0xef, 0x7e, 0xef, 0x9f, 0xf7,
    0x7f, 0xef, 0x9e, 0xf7, 0x7f, 0xef, 0x9f, 0xf7, 0x9e, 0xef, 0x7e, 0xef,
    0x7f, 0xef, 0x7e, 0xef, 0x7e, 0xef, 0x7e, 0xef, 0x5d, 0x7c, 0x5d, 0x0a,
    0x5d, 0x0a, 0x3e, 0x5c, 0xff, 0xff, 0xff, 0xff, 0xff, 0xff, 0xff, 0xff,
    0xff, 0xff, 0xff, 0xff, 0xff, 0xff, 0xff, 0xff, 0xff, 0xff, 0xff, 0xff,
    0xff, 0xff, 0xff, 0xff, 0xff, 0xff, 0xff, 0xff, 0xff, 0xff, 0xff, 0xff,
    0xff, 0xff, 0xff, 0xff, 0xff, 0xff, 0xff, 0xff, 0xff, 0xff, 0xff, 0xff,
    0xff, 0xff, 0xff, 0xff, 0xff, 0xff, 0xff, 0xff, 0xff, 0xff, 0xff, 0xff,
    0xff, 0xff, 0xff, 0xff, 0xff, 0xff, 0xff, 0xff, 0xff, 0xff, 0xff, 0xff,
    0xff, 0xff, 0xff, 0xff, 0xff, 0xff, 0xff, 0xff, 0xff, 0xff, 0xff, 0xff,
    0xff, 0xff, 0xff, 0xff, 0xff, 0xff, 0xff, 0xff, 0xff, 0xff, 0xff, 0xff,
    0xff, 0xff, 0xff, 0xff, 0xff, 0xff, 0xff, 0xff, 0xff, 0xff, 0xff, 0xff,
    0xff, 0xff, 0xff, 0xff, 0xff, 0xff, 0xff, 0xff, 0xff, 0xff, 0xff, 0xff,
    0xff, 0xff, 0xff, 0xff, 0xff, 0xff, 0xff, 0xff, 0xff, 0xff, 0xff, 0xff,
    0xff, 0xff, 0xff, 0xff, 0xff, 0xff, 0xff, 0xff, 0xff, 0xff, 0xff, 0xff,
    0xff, 0xff, 0xff, 0xff, 0xff, 0xff, 0xff, 0xff, 0xff, 0xff, 0xff, 0xff,
    0xff, 0xff, 0xff, 0xff, 0xff, 0xff, 0xff, 0xff, 0xff, 0xff, 0xff, 0xff,
    0xff, 0xff, 0xff, 0xff, 0xff, 0xff, 0xff, 0xff, 0xff, 0xff, 0xff, 0xff,
    0xff, 0xff, 0xff, 0xff, 0xff, 0xff, 0xff, 0xff, 0xff, 0xff, 0xff, 0xff,
    0xdf, 0xff, 0xff, 0xff, 0xff, 0xff, 0xdf, 0xff, 0xff, 0xff, 0xff, 0xff,
    0xff, 0xff, 0xff, 0xff, 0xff, 0xff, 0xdf, 0xff, 0xdf, 0xff, 0xdf, 0xff,
    0xff, 0xff, 0xdf, 0xff, 0xdf, 0xff, 0xff, 0xff, 0xdf, 0xff, 0xdf, 0xff,
    0xdf, 0xff, 0xdf, 0xff, 0xff, 0xff, 0xdf, 0xff, 0xdf, 0xff, 0xdf, 0xff,
    0xff, 0xff, 0xdf, 0xff, 0xdf, 0xff, 0xdf, 0xff, 0xff, 0xff, 0xdf, 0xff,
    0xdf, 0xff, 0xff, 0xf7, 0xdf, 0xff, 0xdf, 0xff, 0xdf, 0xf7, 0xdf, 0xff,
    0xdf, 0xff, 0xdf, 0xff, 0xdf, 0xff, 0xdf, 0xff, 0xdf, 0xff, 0xdf, 0xff,
    0xdf, 0xf7, 0xdf, 0xff, 0xdf, 0xff, 0xdf, 0xf7, 0xdf, 0xff, 0xdf, 0xff,
    0xdf, 0xf7, 0xdf, 0xf7, 0xdf, 0xff, 0xdf, 0xf7, 0xdf, 0xf7, 0xdf, 0xff,
    0xdf, 0xff, 0xdf, 0xf7, 0xdf, 0xff, 0xdf, 0xf7, 0xdf, 0xff, 0xbf, 0xf7,
    0xdf, 0xf7, 0xdf, 0xff, 0xbf, 0xff, 0xdf, 0xf7, 0xdf, 0xf7, 0xdf, 0xff,
    0xdf, 0xf7, 0xdf, 0xff, 0xdf, 0xf7, 0xdf, 0xf7, 0xbf, 0xf7, 0xdf, 0xff,
    0xdf, 0xf7, 0xdf, 0xf7, 0xdf, 0xff, 0xdf, 0xf7, 0xdf, 0xf7, 0xdf, 0xff,
    0xbf, 0xf7, 0xdf, 0xf7, 0xdf, 0xf7, 0xbf, 0xff, 0xdf, 0xf7, 0xdf, 0xff,
    0xdf, 0xf7, 0xdf, 0xf7, 0xdf, 0xff, 0xbf, 0xf7, 0xdf, 0xf7, 0xdf, 0xff,
    0xbf, 0xf7, 0xdf, 0xf7, 0xdf, 0xff, 0xdf, 0xf7, 0xdf, 0xff, 0xbf, 0xff,
    0xdf, 0xff, 0xdf, 0xff, 0xbf, 0xf7, 0xdf, 0xf7, 0xdf, 0xff, 0xdf, 0xf7,
    0xdf, 0xff, 0x1e, 0x5c, 0x5d, 0x0a, 0x5d, 0x0a, 0x5d, 0x7c, 0x5e, 0xe7,
    0x5e, 0xef, 0x5e, 0xef, 0x5e, 0xe7, 0x7e, 0xe7, 0x5e, 0xef, 0x5e, 0xe7,
    0x5e, 0xe7, 0x5e, 0xef, 0x5e, 0xe7, 0x5e, 0xef, 0x7e, 0xe7, 0x5e, 0xef,
    0x5e, 0xe7, 0x5e, 0xe7, 0x5e, 0xef, 0x5e, 0xe7, 0x5e, 0xe7, 0x5e, 0xe7,
    0x3e, 0xe7, 0x3e, 0xe7, 0x3d, 0xe7, 0x3e, 0xe7, 0x3e, 0xe7, 0x3e, 0xe7,
    0x3e, 0xe7, 0x3d, 0xdf, 0x3d, 0xdf, 0x9e, 0xef, 0x7f, 0xf7, 0x9e, 0xef,
    0x9f, 0xef, 0x7e, 0xf7, 0x9f, 0xf7, 0x7e, 0xef, 0x7e, 0xf7, 0x9f, 0xef,
    0x7f, 0xf7, 0x7e, 0xef, 0x9f, 0xf7, 0x7f, 0xef, 0x7e, 0xf7, 0x9f, 0xf7,
    0x9e, 0xef, 0x7e, 0xef, 0x9f, 0xf7, 0x7e, 0xef, 0x7e, 0xef, 0x9f, 0xf7,
    0x7f, 0xef, 0x7e, 0xf7, 0x7e, 0xef, 0x7f, 0xef, 0x7e, 0xef, 0x7e, 0xef,
    0xde, 0xde, 0x5d, 0x0a, 0x5d, 0x12, 0x7d, 0x12, 0x5f, 0xe7, 0xff, 0xff,
    0xff, 0xff, 0xff, 0xff, 0xff, 0xff, 0xff, 0xff, 0xff, 0xff, 0xff, 0xff,
    0xff, 0xff, 0xff, 0xff, 0xff, 0xff, 0xff, 0xff, 0xff, 0xff, 0xff, 0xff,
    0xff, 0xff, 0xff, 0xff, 0xff, 0xff, 0xff, 0xff, 0xff, 0xff, 0xff, 0xff,
    0xff, 0xff, 0xff, 0xff, 0xff, 0xff, 0xff, 0xff, 0xff, 0xff, 0xff, 0xff,
    0xff, 0xff, 0xff, 0xff, 0xff, 0xff, 0xff, 0xff, 0xff, 0xff, 0xff, 0xff,
    0xff, 0xff, 0xff, 0xff, 0xff, 0xff, 0xff, 0xff, 0xff, 0xff, 0xff, 0xff,
    0xff, 0xff, 0xff, 0xff, 0xff, 0xff, 0xff, 0xff, 0xff, 0xff, 0xff, 0xff,
    0xff, 0xff, 0xff, 0xff, 0xff, 0xff, 0xff, 0xff, 0xff, 0xff, 0xff, 0xff,
    0xff, 0xff, 0xff, 0xff, 0xff, 0xff, 0xff, 0xff, 0xff, 0xff, 0xff, 0xff,
    0xff, 0xff, 0xff, 0xff, 0xff, 0xff, 0xff, 0xff, 0xff, 0xff, 0xff, 0xff,
    0xff, 0xff, 0xff, 0xff, 0xff, 0xff, 0xff, 0xff, 0xff, 0xff, 0xff, 0xff,
    0xff, 0xff, 0xff, 0xff, 0xff, 0xff, 0xff, 0xff, 0xff, 0xff, 0xff, 0xff,
    0xff, 0xff, 0xff, 0xff, 0xff, 0xff, 0xff, 0xff, 0xff, 0xff, 0xff, 0xff,
    0xff, 0xff, 0xff, 0xff, 0xff, 0xff, 0xff, 0xff, 0xff, 0xff, 0xff, 0xff,
    0xff, 0xff, 0xff, 0xff, 0xff, 0xff, 0xff, 0xff, 0xff, 0xff, 0xff, 0xff,
    0xff, 0xff, 0xdf, 0xff, 0xff, 0xff, 0xff, 0xff, 0xff, 0xff, 0xff, 0xff,
    0xff, 0xff, 0xff, 0xff, 0xdf, 0xff, 0xff, 0xff, 0xff, 0xff, 0xdf, 0xff,
    0xdf, 0xff, 0xff, 0xff, 0xff, 0xff, 0xdf, 0xff, 0xdf, 0xff, 0xff, 0xff,
    0xff, 0xff, 0xdf, 0xff, 0xff, 0xff, 0xff, 0xff, 0xdf, 0xff, 0xdf, 0xff,
    0xdf, 0xff, 0xdf, 0xff, 0xff, 0xff, 0xdf, 0xff, 0xdf, 0xff, 0xdf, 0xff,
    0xff, 0xff, 0xdf, 0xff, 0xdf, 0xff, 0xff, 0xf7, 0xdf, 0xff, 0xdf, 0xff,
    0xff, 0xff, 0xdf, 0xff, 0xdf, 0xf7, 0xdf, 0xff, 0xdf, 0xff, 0xdf, 0xf7,
    0xdf, 0xff, 0xdf, 0xff, 0xdf, 0xf7, 0xdf, 0xf7, 0xdf, 0xff, 0xdf, 0xff,
    0xdf, 0xf7, 0xdf, 0xff, 0xdf, 0xff, 0xdf, 0xf7, 0xdf, 0xff, 0xdf, 0xff,
    0xdf, 0xf7, 0xdf, 0xff, 0xdf, 0xff, 0xdf, 0xf7, 0xdf, 0xff, 0xdf, 0xff,
    0xdf, 0xf7, 0xbf, 0xf7, 0xdf, 0xff, 0xdf, 0xf7, 0xdf, 0xf7, 0xbf, 0xff,
    0xdf, 0xf7, 0xdf, 0xff, 0xbf, 0xff, 0xbf, 0xf7, 0xdf, 0xff, 0xdf, 0xff,
    0xbf, 0xf7, 0xdf, 0xff, 0xdf, 0xff, 0xbf, 0xf7, 0xdf, 0xff, 0xbf, 0xff,
    0xbf, 0xf7, 0xdf, 0xff, 0xdf, 0xff, 0xbf, 0xf7, 0xdf, 0xff, 0xdf, 0xff,
    0xdf, 0xf7, 0xdf, 0xf7, 0xbf, 0xff, 0xdf, 0xff, 0xdf, 0xf7, 0xbf, 0xff,
    0xdf, 0xff, 0xdf, 0xf7, 0xbf, 0xff, 0xdf, 0xff, 0xdf, 0xf7, 0xdf, 0xff,
    0xbf, 0xf7, 0xdf, 0xf7, 0xdf, 0xf7, 0xdf, 0xf7, 0xbf, 0xff, 0xdf, 0xff,
    0xbf, 0xf7, 0xdf, 0xff, 0xdf, 0xf7, 0xdf, 0xff, 0x3f, 0xdf, 0x7d, 0x12,
    0x5d, 0x12, 0x5d, 0x0a, 0xbe, 0xd6, 0x5e, 0xe7, 0x5e, 0xef, 0x5e, 0xe7,
    0x5e, 0xef, 0x5e, 0xef, 0x7e, 0xe7, 0x5e, 0xef, 0x5e, 0xe7, 0x7e, 0xe7,
    0x5e, 0xef, 0x5e, 0xe7, 0x5e, 0xef, 0x5e, 0xe7, 0x5e, 0xe7, 0x5e, 0xe7,
    0x5e, 0xe7, 0x3e, 0xe7, 0x3e, 0xe7, 0x3d, 0xe7, 0x3e, 0xe7, 0x3e, 0xe7,
    0x3d, 0xe7, 0x3e, 0xdf, 0x3d, 0xdf, 0x3d, 0xdf, 0x1e, 0xdf, 0x3e, 0xdf,
    0x7e, 0xef, 0x7f, 0xf7, 0x9e, 0xef, 0x7e, 0xef, 0x7f, 0xef, 0x9f, 0xef,
    0x9e, 0xf7, 0x7f, 0xef, 0x9e, 0xef, 0x7e, 0xef, 0x9e, 0xf7, 0x9f, 0xef,
    0x7e, 0xef, 0x9f, 0xef, 0x7f, 0xef, 0x9e, 0xf7, 0x9f, 0xef, 0x7f, 0xef,
    0x9e, 0xf7, 0x9f, 0xef, 0x7e, 0xef, 0x9e, 0xef, 0x7f, 0xef, 0x7e, 0xf7,
    0x7e, 0xef, 0x7e, 0xef, 0x7e, 0xef, 0x9e, 0xad, 0x5d, 0x0a, 0x5d, 0x0a,
    0x5e, 0x64, 0xff, 0xff, 0xff, 0xff, 0xff, 0xff, 0xff, 0xff, 0xff, 0xff,
    0xff, 0xff, 0xff, 0xff, 0xff, 0xff, 0xff, 0xff, 0xff, 0xff, 0xff, 0xff,
    0xff, 0xff, 0xff, 0xff, 0xff, 0xff, 0xff, 0xff, 0xff, 0xff, 0xff, 0xff,
    0xff, 0xff, 0xff, 0xff, 0xff, 0xff, 0xff, 0xff, 0xff, 0xff, 0xff, 0xff,
    0xff, 0xff, 0xff, 0xff, 0xff, 0xff, 0xff, 0xff, 0xff, 0xff, 0xff, 0xff,
    0xff, 0xff, 0xff, 0xff, 0xff, 0xff, 0xff, 0xff, 0xff, 0xff, 0xff, 0xff,
    0xff, 0xff, 0xff, 0xff, 0xff, 0xff, 0xff, 0xff, 0xff, 0xff, 0xff, 0xff,
    0xff, 0xff, 0xff, 0xff, 0xff, 0xff, 0xff, 0xff, 0xff, 0xff, 0xff, 0xff,
    0xff, 0xff, 0xff, 0xff, 0xff, 0xff, 0xff, 0xff, 0xff, 0xff, 0xff, 0xff,
    0xff, 0xff, 0xff, 0xff, 0xff, 0xff, 0xff, 0xff, 0xff, 0xff, 0xff, 0xff,
    0xff, 0xff, 0xff, 0xff, 0xff, 0xff, 0xff, 0xff, 0xff, 0xff, 0xff, 0xff,
    0xff, 0xff, 0xff, 0xff, 0xff, 0xff, 0xff, 0xff, 0xff, 0xff, 0xff, 0xff,
    0xff, 0xff, 0xff, 0xff, 0xff, 0xff, 0xff, 0xff, 0xff, 0xff, 0xff, 0xff,
    0xff, 0xff, 0xff, 0xff, 0xff, 0xff, 0xff, 0xff, 0xff, 0xff, 0xff, 0xff,
    0xff, 0xff, 0xff, 0xff, 0xff, 0xff, 0xff, 0xff, 0xff, 0xff, 0xff, 0xff,
    0xff, 0xff, 0xff, 0xff, 0xff, 0xff, 0xff, 0xff, 0xdf, 0xff, 0xff, 0xff,
    0xff, 0xff, 0xdf, 0xff, 0xdf, 0xff, 0xff, 0xff, 0xff, 0xff, 0xdf, 0xff,
    0xff, 0xff, 0xdf, 0xff, 0xdf, 0xff, 0xff, 0xff, 0xff, 0xff, 0xdf, 0xff,
    0xff, 0xff, 0xff, 0xff, 0xdf, 0xff, 0xdf, 0xff, 0xff, 0xff, 0xff, 0xff,
    0xdf, 0xff, 0xdf, 0xff, 0xdf, 0xff, 0xff, 0xff, 0xdf, 0xff, 0xdf, 0xff,
    0xdf, 0xff, 0xdf, 0xff, 0xff, 0xf7, 0xdf, 0xff, 0xdf, 0xff, 0xdf, 0xf7,
    0xdf, 0xff, 0xdf, 0xff, 0xdf, 0xff, 0xdf, 0xf7, 0xdf, 0xff, 0xdf, 0xff,
    0xdf, 0xff, 0xdf, 0xf7, 0xdf, 0xff, 0xdf, 0xff, 0xdf, 0xf7, 0xdf, 0xff,
    0xdf, 0xff, 0xdf, 0xf7, 0xdf, 0xff, 0xdf, 0xf7, 0xdf, 0xff, 0xdf, 0xff,
    0xdf, 0xf7, 0xdf, 0xff, 0xdf, 0xff, 0xdf, 0xff, 0xdf, 0xf7, 0xdf, 0xff,
    0xdf, 0xf7, 0xdf, 0xff, 0xdf, 0xff, 0xbf, 0xf7, 0xdf, 0xff, 0xdf, 0xff,
    0xdf, 0xff, 0xdf, 0xf7, 0xdf, 0xff, 0xdf, 0xf7, 0xdf, 0xf7, 0xdf, 0xff,
    0xdf, 0xf7, 0xbf, 0xf7, 0xdf, 0xff, 0xdf, 0xf7, 0xdf, 0xff, 0xdf, 0xf7,
    0xbf, 0xf7, 0xdf, 0xff, 0xdf, 0xf7, 0xdf, 0xf7, 0xdf, 0xff, 0xdf, 0xf7,
    0xdf, 0xf7, 0xbf, 0xff, 0xdf, 0xff, 0xdf, 0xf7, 0xbf, 0xff, 0xdf, 0xf7,
    0xdf, 0xff, 0xbf, 0xf7, 0xdf, 0xff, 0xdf, 0xf7, 0xdf, 0xf7, 0xdf, 0xff,
    0xdf, 0xf7, 0xdf, 0xff, 0xbf, 0xf7, 0xdf, 0xff, 0xdf, 0xff, 0xdf, 0xf7,
    0xbf, 0xf7, 0xdf, 0xff, 0xdf, 0xf7, 0xdf, 0xff, 0xbf, 0xf7, 0xdf, 0xff,
    0xdf, 0xf7, 0xdf, 0xff, 0x5e, 0x64, 0x5d, 0x0a, 0x5d, 0x0a, 0x9d, 0xad,
    0x5e, 0xe7, 0x5e, 0xef, 0x5e, 0xe7, 0x5e, 0xe7, 0x5e, 0xe7, 0x5e, 0xef,
    0x7e, 0xe7, 0x5e, 0xe7, 0x5e, 0xef, 0x7e, 0xe7, 0x5e, 0xe7, 0x5e, 0xe7,
    0x5e, 0xe7, 0x5e, 0xe7, 0x5e, 0xe7, 0x3d, 0xe7, 0x3e, 0xe7, 0x3d, 0xe7,
    0x3e, 0xe7, 0x3d, 0xe7, 0x3d, 0xdf, 0x3e, 0xe7, 0x1d, 0xdf, 0x3d, 0xdf,
    0x1e, 0xe7, 0x1e, 0xe7, 0x1d, 0xdf, 0x7f, 0xef, 0x9e, 0xef, 0x9f, 0xf7,
    0x7f, 0xf7, 0x9e, 0xef, 0x7e, 0xef, 0x9f, 0xf7, 0x9f, 0xef, 0x7e, 0xef,
    0x9f, 0xf7, 0x7f, 0xef, 0x7e, 0xf7, 0x9e, 0xef, 0x7f, 0xef, 0x7e, 0xf7,
    0x9e, 0xef, 0x7f, 0xf7, 0x7e, 0xef, 0x9f, 0xf7, 0x7f, 0xf7, 0x9e, 0xef,
    0x9f, 0xf7, 0x7e, 0xef, 0x7f, 0xef, 0x7e, 0xef, 0x7e, 0xef, 0x7e, 0xef,
    0x7e, 0x84, 0x5d, 0x0a, 0x5d, 0x0a, 0x1f, 0xb6, 0xff, 0xff, 0xff, 0xff,
    0xff, 0xff, 0xff, 0xff, 0xff, 0xff, 0xff, 0xff, 0xff, 0xff, 0xff, 0xff,
    0xff, 0xff, 0xff, 0xff, 0xff, 0xff, 0xff, 0xff, 0xff, 0xff, 0xff, 0xff,
    0xff, 0xff, 0xff, 0xff, 0xff, 0xff, 0xff, 0xff, 0xff, 0xff, 0xff, 0xff,
    0xff, 0xff, 0xff, 0xff, 0xff, 0xff, 0xff, 0xff, 0xff, 0xff, 0xff, 0xff,
    0xff, 0xff, 0xff, 0xff, 0xff, 0xff, 0xff, 0xff, 0xff, 0xff, 0xff, 0xff,
    0xff, 0xff, 0xff, 0xff, 0xff, 0xff, 0xff, 0xff, 0xff, 0xff, 0xff, 0xff,
    0xff, 0xff, 0xff, 0xff, 0xff, 0xff, 0xff, 0xff, 0xff, 0xff, 0xff, 0xff,
    0xff, 0xff, 0xff, 0xff, 0xff, 0xff, 0xff, 0xff, 0xff, 0xff, 0xff, 0xff,
    0xff, 0xff, 0xff, 0xff, 0xff, 0xff, 0xff, 0xff, 0xff, 0xff, 0xff, 0xff,
    0xff, 0xff, 0xff, 0xff, 0xff, 0xff, 0xff, 0xff, 0xff, 0xff, 0xff, 0xff,
    0xff, 0xff, 0xff, 0xff, 0xff, 0xff, 0xff, 0xff, 0xff, 0xff, 0xff, 0xff,
    0xff, 0xff, 0xff, 0xff, 0xff, 0xff, 0xff, 0xff, 0xff, 0xff, 0xff, 0xff,
    0xff, 0xff, 0xff, 0xff, 0xff, 0xff, 0xff, 0xff, 0xff, 0xff, 0xff, 0xff,
    0xff, 0xff, 0xff, 0xff, 0xff, 0xff, 0xff, 0xff, 0xff, 0xff, 0xff, 0xff,
    0xff, 0xff, 0xff, 0xff, 0xff, 0xff, 0xff, 0xff, 0xff, 0xff, 0xdf, 0xff,
    0xff, 0xff, 0xff, 0xff, 0xff, 0xff, 0xff, 0xff, 0xff, 0xff, 0xff, 0xff,
    0xff, 0xff, 0xff, 0xff, 0xff, 0xff, 0xdf, 0xff, 0xff, 0xff, 0xdf, 0xff,
    0xff, 0xff, 0xdf, 0xff, 0xdf, 0xff, 0xff, 0xff, 0xdf, 0xff, 0xff, 0xff,
    0xdf, 0xff, 0xdf, 0xff, 0xff, 0xff, 0xdf, 0xff, 0xdf, 0xff, 0xff, 0xff,
    0xdf, 0xff, 0xdf, 0xff, 0xdf, 0xff, 0xff, 0xff, 0xdf, 0xff, 0xdf, 0xff,
    0xdf, 0xff, 0xff, 0xf7, 0xdf, 0xff, 0xdf, 0xff, 0xff, 0xff, 0xdf, 0xf7,
    0xdf, 0xff, 0xdf, 0xff, 0xdf, 0xff, 0xdf, 0xf7, 0xdf, 0xff, 0xdf, 0xff,
    0xdf, 0xf7, 0xdf, 0xff, 0xdf, 0xff, 0xdf, 0xf7, 0xdf, 0xff, 0xdf, 0xff,
    0xdf, 0xf7, 0xdf, 0xff, 0xdf, 0xf7, 0xdf, 0xff, 0xdf, 0xf7, 0xdf, 0xff,
    0xdf, 0xf7, 0xdf, 0xff, 0xdf, 0xff, 0xdf, 0xf7, 0xdf, 0xff, 0xbf, 0xf7,
    0xdf, 0xf7, 0xdf, 0xff, 0xbf, 0xf7, 0xdf, 0xf7, 0xbf, 0xff, 0xdf, 0xff,
    0xbf, 0xf7, 0xdf, 0xff, 0xdf, 0xff, 0xdf, 0xf7, 0xdf, 0xff, 0xbf, 0xf7,
    0xdf, 0xff, 0xdf, 0xf7, 0xbf, 0xff, 0xdf, 0xff, 0xdf, 0xf7, 0xdf, 0xff,
    0xdf, 0xff, 0xbf, 0xf7, 0xdf, 0xff, 0xdf, 0xf7, 0xdf, 0xf7, 0xbf, 0xff,
    0xdf, 0xf7, 0xdf, 0xff, 0xdf, 0xff, 0xdf, 0xf7, 0xdf, 0xff, 0xdf, 0xf7,
    0xbf, 0xff, 0xdf, 0xff, 0xbf, 0xf7, 0xdf, 0xf7, 0xdf, 0xff, 0xbf, 0xf7,
    0xdf, 0xf7, 0xdf, 0xff, 0xbf, 0xff, 0xdf, 0xff, 0xdf, 0xf7, 0xdf, 0xff,
    0xdf, 0xf7, 0xbf, 0xff, 0xdf, 0xf7, 0xbf, 0xff, 0xdf, 0xf7, 0xff, 0xad,
    0x5d, 0x0a, 0x5d, 0x0a, 0x5d, 0x7c, 0x5e, 0xe7, 0x5e, 0xe7, 0x5e, 0xe7,
    0x5e, 0xe7, 0x5e, 0xe7, 0x5e, 0xef, 0x5e, 0xe7, 0x5e, 0xe7, 0x5e, 0xe7,
    0x5e, 0xe7, 0x5e, 0xe7, 0x5e, 0xe7, 0x3e, 0xe7, 0x3e, 0xe7, 0x5e, 0xe7,
    0x3e, 0xe7, 0x3d, 0xe7, 0x3e, 0xe7, 0x3e, 0xe7, 0x3d, 0xdf, 0x3e, 0xdf,
    0x1e, 0xdf, 0x3d, 0xe7, 0x3e, 0xdf, 0x1d, 0xe7, 0x1d, 0xdf, 0x1d, 0xdf,
    0x9e, 0xef, 0x7f, 0xef, 0x7e, 0xf7, 0x9f, 0xef, 0x9e, 0xef, 0x7f, 0xf7,
    0x7e, 0xef, 0x9e, 0xf7, 0x7f, 0xf7, 0x9f, 0xef, 0x7e, 0xef, 0x9f, 0xf7,
    0x9f, 0xf7, 0x7e, 0xef, 0x9f, 0xef, 0x9f, 0xf7, 0x7e, 0xef, 0x9e, 0xef,
    0x7f, 0xef, 0x7e, 0xef, 0x9f, 0xf7, 0x7e, 0xef, 0x7e, 0xef, 0x7f, 0xef,
    0x7e, 0xef, 0x7e, 0xef, 0x5e, 0xef, 0x5d, 0x53, 0x5d, 0x0a, 0x5d, 0x12,
    0x5f, 0xe7, 0xff, 0xff, 0xff, 0xff, 0xff, 0xff, 0xff, 0xff, 0xff, 0xff,
    0xff, 0xff, 0xff, 0xff, 0xff, 0xff, 0xff, 0xff, 0xff, 0xff, 0xff, 0xff,
    0xff, 0xff, 0xff, 0xff, 0xff, 0xff, 0xff, 0xff, 0xff, 0xff, 0xff, 0xff,
    0xff, 0xff, 0xff, 0xff, 0xff, 0xff, 0xff, 0xff, 0xff, 0xff, 0xff, 0xff,
    0xff, 0xff, 0xff, 0xff, 0xff, 0xff, 0xff, 0xff, 0xff, 0xff, 0xff, 0xff,
    0xff, 0xff, 0xff, 0xff, 0xff, 0xff, 0xff, 0xff, 0xff, 0xff, 0xff, 0xff,
    0xff, 0xff, 0xff, 0xff, 0xff, 0xff, 0xff, 0xff, 0xff, 0xff, 0xff, 0xff,
    0xff, 0xff, 0xff, 0xff, 0xff, 0xff, 0xff, 0xff, 0xff, 0xff, 0xff, 0xff,
    0xff, 0xff, 0xff, 0xff, 0xff, 0xff, 0xff, 0xff, 0xff, 0xff, 0xff, 0xff,
    0xff, 0xff, 0xff, 0xff, 0xff, 0xff, 0xff, 0xff, 0xff, 0xff, 0xff, 0xff,
    0xff, 0xff, 0xff, 0xff, 0xff, 0xff, 0xff, 0xff, 0xff, 0xff, 0xff, 0xff,
    0xff, 0xff, 0xff, 0xff, 0xff, 0xff, 0xff, 0xff, 0xff, 0xff, 0xff, 0xff,
    0xff, 0xff, 0xff, 0xff, 0xff, 0xff, 0xff, 0xff, 0xff, 0xff, 0xff, 0xff,
    0xff, 0xff, 0xff, 0xff, 0xff, 0xff, 0xff, 0xff, 0xff, 0xff, 0xff, 0xff,
    0xff, 0xff, 0xff, 0xff, 0xff, 0xff, 0xff, 0xff, 0xff, 0xff, 0xff, 0xff,
    0xff, 0xff, 0xff, 0xff, 0xff, 0xff, 0xdf, 0xff, 0xff, 0xff, 0xdf, 0xff,
    0xff, 0xff, 0xff, 0xff, 0xdf, 0xff, 0xff, 0xff, 0xff, 0xff, 0xdf, 0xff,
    0xdf, 0xff, 0xff, 0xff, 0xff, 0xff, 0xdf, 0xff, 0xff, 0xff, 0xff, 0xff,
    0xdf, 0xff, 0xdf, 0xff, 0xff, 0xff, 0xff, 0xff, 0xdf, 0xff, 0xdf, 0xff,
    0xdf, 0xff, 0xdf, 0xff, 0xdf, 0xff, 0xdf, 0xff, 0xff, 0xff, 0xdf, 0xf7,
    0xdf, 0xff, 0xff, 0xff, 0xdf, 0xff, 0xdf, 0xff, 0xff, 0xff, 0xdf, 0xff,
    0xdf, 0xff, 0xdf, 0xf7, 0xdf, 0xff, 0xdf, 0xff, 0xdf, 0xff, 0xdf, 0xf7,
    0xdf, 0xff, 0xdf, 0xff, 0xdf, 0xf7, 0xdf, 0xff, 0xdf, 0xf7, 0xdf, 0xff,
    0xdf, 0xf7, 0xdf, 0xff, 0xdf, 0xff, 0xdf, 0xf7, 0xdf, 0xff, 0xdf, 0xff,
    0xdf, 0xf7, 0xdf, 0xff, 0xdf, 0xff, 0xdf, 0xf7, 0xdf, 0xff, 0xdf, 0xff,
    0xdf, 0xf7, 0xbf, 0xf7, 0xdf, 0xff, 0xdf, 0xff, 0xdf, 0xf7, 0xdf, 0xf7,
    0xbf, 0xff, 0xdf, 0xf7, 0xdf, 0xf7, 0xbf, 0xff, 0xdf, 0xf7, 0xbf, 0xf7,
    0xdf, 0xff, 0xdf, 0xf7, 0xdf, 0xff, 0xbf, 0xf7, 0xdf, 0xff, 0xdf, 0xf7,
    0xdf, 0xff, 0xbf, 0xf7, 0xdf, 0xff, 0xdf, 0xf7, 0xbf, 0xff, 0xdf, 0xff,
    0xdf, 0xf7, 0xbf, 0xff, 0xdf, 0xf7, 0xdf, 0xf7, 0xbf, 0xff, 0xdf, 0xf7,
    0xbf, 0xf7, 0xdf, 0xff, 0xdf, 0xf7, 0xdf, 0xf7, 0xbf, 0xff, 0xdf, 0xff,
    0xdf, 0xf7, 0xdf, 0xff, 0xdf, 0xff, 0xdf, 0xf7, 0xdf, 0xf7, 0xdf, 0xff,
    0xdf, 0xf7, 0xbf, 0xf7, 0xdf, 0xff, 0xdf, 0xff, 0xdf, 0xf7, 0xdf, 0xff,
    0xdf, 0xf7, 0xbf, 0xff, 0x1f, 0xdf, 0x5d, 0x0a, 0x5d, 0x12, 0x5d, 0x53,
    0x3d, 0xe7, 0x5e, 0xe7, 0x5e, 0xef, 0x5e, 0xe7, 0x5e, 0xe7, 0x5e, 0xef,
    0x5e, 0xe7, 0x7e, 0xef, 0x5e, 0xe7, 0x3e, 0xe7, 0x5e, 0xe7, 0x5e, 0xe7,
    0x3d, 0xe7, 0x3e, 0xe7, 0x3d, 0xe7, 0x3e, 0xe7, 0x3e, 0xe7, 0x3d, 0xe7,
    0x3d, 0xdf, 0x1e, 0xdf, 0x1d, 0xe7, 0x3d, 0xdf, 0x1e, 0xdf, 0x1e, 0xe7,
    0x1d, 0xdf, 0x1d, 0xdf, 0x1d, 0xdf, 0x7e, 0xef, 0x9f, 0xf7, 0x7e, 0xef,
    0x9e, 0xef, 0x7f, 0xf7, 0x7f, 0xef, 0x9e, 0xef, 0x7f, 0xef, 0x9e, 0xf7,
    0x7e, 0xef, 0x9e, 0xef, 0x7f, 0xef, 0x9e, 0xf7, 0x7e, 0xef, 0x9f, 0xef,
    0x7e, 0xf7, 0x9f, 0xef, 0x9f, 0xf7, 0x7e, 0xef, 0x9e, 0xef, 0x9f, 0xf7,
    0x7e, 0xef, 0x7e, 0xef, 0x7f, 0xef, 0x7e, 0xef, 0x7e, 0xef, 0x5e, 0xef,
    0x9d, 0x2a, 0x5d, 0x0a, 0x5d, 0x0a, 0xdf, 0xff, 0xff, 0xff, 0xff, 0xff,
    0xff, 0xff, 0xff, 0xff, 0xff, 0xff, 0xff, 0xff, 0xff, 0xff, 0xff, 0xff,
    0xff, 0xff, 0xff, 0xff, 0xff, 0xff, 0xff, 0xff, 0xff, 0xff, 0xff, 0xff,
    0xff, 0xff, 0xff, 0xff, 0xff, 0xff, 0xff, 0xff, 0xff, 0xff, 0xff, 0xff,
    0xff, 0xff, 0xff, 0xff, 0xff, 0xff, 0xff, 0xff, 0xff, 0xff, 0xff, 0xff,
    0xff, 0xff, 0xff, 0xff, 0xff, 0xff, 0xff, 0xff, 0xff, 0xff, 0xff, 0xff,
    0xff, 0xff, 0xff, 0xff, 0xff, 0xff, 0xff, 0xff, 0xff, 0xff, 0xff, 0xff,
    0xff, 0xff, 0xff, 0xff, 0xff, 0xff, 0xff, 0xff, 0xff, 0xff, 0xff, 0xff,
    0xff, 0xff, 0xff, 0xff, 0xff, 0xff, 0xff, 0xff, 0xff, 0xff, 0xff, 0xff,
    0xff, 0xff, 0xff, 0xff, 0xff, 0xff, 0xff, 0xff, 0xff, 0xff, 0xff, 0xff,
    0xff, 0xff, 0xff, 0xff, 0xff, 0xff, 0xff, 0xff, 0xff, 0xff, 0xff, 0xff,
    0xff, 0xff, 0xff, 0xff, 0xff, 0xff, 0xff, 0xff, 0xff, 0xff, 0xff, 0xff,
    0xff, 0xff, 0xff, 0xff, 0xff, 0xff, 0xff, 0xff, 0xff, 0xff, 0xff, 0xff,
    0xff, 0xff, 0xff, 0xff, 0xff, 0xff, 0xff, 0xff, 0xff, 0xff, 0xff, 0xff,
    0xff, 0xff, 0xff, 0xff, 0xff, 0xff, 0xff, 0xff, 0xff, 0xff, 0xff, 0xff,
    0xff, 0xff, 0xff, 0xff, 0xff, 0xff, 0xdf, 0xff, 0xff, 0xff, 0xff, 0xff,
    0xff, 0xff, 0xff, 0xff, 0xff, 0xff, 0xdf, 0xff, 0xff, 0xff, 0xff, 0xff,
    0xdf, 0xff, 0xdf, 0xff, 0xff, 0xff, 0xdf, 0xff, 0xdf, 0xff, 0xff, 0xff,
    0xdf, 0xff, 0xdf, 0xff, 0xff, 0xff, 0xff, 0xff, 0xdf, 0xff, 0xff, 0xff,
    0xff, 0xff, 0xdf, 0xff, 0xdf, 0xff, 0xff, 0xff, 0xdf, 0xff, 0xdf, 0xff,
    0xff, 0xff, 0xdf, 0xff, 0xdf, 0xff, 0xdf, 0xff, 0xdf, 0xff, 0xdf, 0xf7,
    0xdf, 0xf7, 0xdf, 0xff, 0xff, 0xff, 0xdf, 0xf7, 0xdf, 0xff, 0xdf, 0xff,
    0xdf, 0xff, 0xdf, 0xf7, 0xdf, 0xff, 0xdf, 0xff, 0xdf, 0xf7, 0xdf, 0xff,
    0xdf, 0xff, 0xdf, 0xf7, 0xdf, 0xff, 0xdf, 0xff, 0xdf, 0xf7, 0xdf, 0xff,
    0xdf, 0xff, 0xdf, 0xf7, 0xdf, 0xff, 0xdf, 0xff, 0xdf, 0xf7, 0xdf, 0xff,
    0xdf, 0xff, 0xdf, 0xf7, 0xdf, 0xff, 0xbf, 0xf7, 0xdf, 0xff, 0xdf, 0xff,
    0xdf, 0xf7, 0xbf, 0xff, 0xdf, 0xff, 0xdf, 0xff, 0xdf, 0xf7, 0xdf, 0xff,
    0xdf, 0xff, 0xdf, 0xf7, 0xdf, 0xff, 0xbf, 0xff, 0xdf, 0xf7, 0xdf, 0xf7,
    0xdf, 0xff, 0xdf, 0xf7, 0xdf, 0xff, 0xbf, 0xf7, 0xdf, 0xf7, 0xdf, 0xff,
    0xdf, 0xf7, 0xdf, 0xf7, 0xbf, 0xff, 0xdf, 0xff, 0xdf, 0xf7, 0xdf, 0xff,
    0xdf, 0xff, 0xdf, 0xf7, 0xdf, 0xff, 0xdf, 0xff, 0xbf, 0xf7, 0xdf, 0xff,
    0xdf, 0xf7, 0xdf, 0xf7, 0xdf, 0xff, 0xbf, 0xf7, 0xdf, 0xf7, 0xbf, 0xff,
    0xdf, 0xff, 0xbf, 0xf7, 0xdf, 0xff, 0xdf, 0xf7, 0xbf, 0xff, 0xdf, 0xf7,
    0xdf, 0xf7, 0xbf, 0xff, 0xdf, 0xf7, 0xdf, 0xff, 0xdf, 0xff, 0xbf, 0xf7,
    0x5d, 0x0a, 0x5d, 0x0a, 0x9d, 0x2a, 0x3e, 0xe7, 0x3d, 0xe7, 0x5e, 0xe7,
    0x5e, 0xe7, 0x5e, 0xe7, 0x5e, 0xe7, 0x5e, 0xe7, 0x5e, 0xe7, 0x5e, 0xe7,
    0x3e, 0xe7, 0x3e, 0xe7, 0x3d, 0xe7, 0x3e, 0xe7, 0x3e, 0xe7, 0x3d, 0xe7,
    0x3e, 0xdf, 0x3d, 0xdf, 0x3d, 0xdf, 0x1e, 0xdf, 0x3e, 0xe7, 0x3d, 0xe7,
    0x1d, 0xdf, 0x1d, 0xdf, 0x1d, 0xdf, 0x1d, 0xdf, 0x1d, 0xdf, 0x1d, 0xdf,
    0x7f, 0xef, 0x9e, 0xf7, 0x9f, 0xef, 0x7f, 0xf7, 0x9e, 0xef, 0x9e, 0xf7,
    0x7f, 0xef, 0x9f, 0xef, 0x7e, 0xf7, 0x9f, 0xef, 0x7f, 0xef, 0x7e, 0xf7,
    0x9f, 0xef, 0x7e, 0xef, 0x7e, 0xf7, 0x9f, 0xef, 0x7e, 0xef, 0x7f, 0xf7,
    0x9e, 0xf7, 0x7f, 0xef, 0x7f, 0xef, 0x7e, 0xf7, 0x9f, 0xef, 0x7e, 0xef,
    0x7e, 0xef, 0x7e, 0xef, 0x5e, 0xef, 0x5d, 0x0a, 0x5e, 0x0a, 0x5d, 0x0a,
    0xff, 0xff, 0xff, 0xff, 0xff, 0xff, 0xff, 0xff, 0xff, 0xff, 0xff, 0xff,
    0xff, 0xff, 0xff, 0xff, 0xff, 0xff, 0xff, 0xff, 0xff, 0xff, 0xff, 0xff,
    0xff, 0xff, 0xff, 0xff, 0xff, 0xff, 0xff, 0xff, 0xff, 0xff, 0xff, 0xff,
    0xff, 0xff, 0xff, 0xff, 0xff, 0xff, 0xff, 0xff, 0xff, 0xff, 0xff, 0xff,
    0xff, 0xff, 0xff, 0xff, 0xff, 0xff, 0xff, 0xff, 0xff, 0xff, 0xff, 0xff,
    0xff, 0xff, 0xff, 0xff, 0xff, 0xff, 0xff, 0xff, 0xff, 0xff, 0xff, 0xff,
    0xff, 0xff, 0xff, 0xff, 0xff, 0xff, 0xff, 0xff, 0xff, 0xff, 0xff, 0xff,
    0xff, 0xff, 0xff, 0xff, 0xff, 0xff, 0xff, 0xff, 0xff, 0xff, 0xff, 0xff,
    0xff, 0xff, 0xff, 0xff, 0xff, 0xff, 0xff, 0xff, 0xff, 0xff, 0xff, 0xff,
    0xff, 0xff, 0xff, 0xff, 0xff, 0xff, 0xff, 0xff, 0xff, 0xff, 0xff, 0xff,
    0xff, 0xff, 0xff, 0xff, 0xff, 0xff, 0xff, 0xff, 0xff, 0xff, 0xff, 0xff,
    0xff, 0xff, 0xff, 0xff, 0xff, 0xff, 0xff, 0xff, 0xff, 0xff, 0xff, 0xff,
    0xff, 0xff, 0xff, 0xff, 0xff, 0xff, 0xff, 0xff, 0xff, 0xff, 0xff, 0xff,
    0xff, 0xff, 0xff, 0xff, 0xff, 0xff, 0xff, 0xff, 0xff, 0xff, 0xff, 0xff,
    0xff, 0xff, 0xff, 0xff, 0xff, 0xff, 0xff, 0xff, 0xff, 0xff, 0xff, 0xff,
    0xdf, 0xff, 0xff, 0xff, 0xff, 0xff, 0xdf, 0xff, 0xff, 0xff, 0xff, 0xff,
    0xff, 0xff, 0xff, 0xff, 0xff, 0xff, 0xdf, 0xff, 0xff, 0xff, 0xff, 0xff,
    0xdf, 0xff, 0xff, 0xff, 0xff, 0xff, 0xdf, 0xff, 0xdf, 0xff, 0xff, 0xff,
    0xdf, 0xff, 0xdf, 0xff, 0xff, 0xff, 0xdf, 0xff, 0xdf, 0xff, 0xdf, 0xff,
    0xff, 0xff, 0xdf, 0xff, 0xdf, 0xff, 0xdf, 0xf7, 0xdf, 0xff, 0xff, 0xff,
    0xdf, 0xff, 0xff, 0xf7, 0xdf, 0xff, 0xdf, 0xff, 0xdf, 0xff, 0xdf, 0xf7,
    0xdf, 0xff, 0xdf, 0xff, 0xdf, 0xff, 0xdf, 0xf7, 0xdf, 0xff, 0xdf, 0xff,
    0xdf, 0xf7, 0xdf, 0xff, 0xdf, 0xff, 0xdf, 0xf7, 0xdf, 0xff, 0xdf, 0xff,
    0xdf, 0xf7, 0xdf, 0xff, 0xdf, 0xf7, 0xdf, 0xff, 0xdf, 0xf7, 0xdf, 0xff,
    0xdf, 0xff, 0xdf, 0xf7, 0xdf, 0xff, 0xdf, 0xf7, 0xdf, 0xff, 0xbf, 0xf7,
    0xdf, 0xff, 0xdf, 0xf7, 0xdf, 0xf7, 0xbf, 0xf7, 0xdf, 0xff, 0xdf, 0xf7,
    0xdf, 0xf7, 0xbf, 0xff, 0xdf, 0xf7, 0xdf, 0xf7, 0xbf, 0xff, 0xdf, 0xf7,
    0xdf, 0xff, 0xbf, 0xff, 0xdf, 0xf7, 0xbf, 0xff, 0xdf, 0xff, 0xdf, 0xf7,
    0xdf, 0xff, 0xdf, 0xff, 0xbf, 0xf7, 0xdf, 0xff, 0xdf, 0xf7, 0xdf, 0xf7,
    0xdf, 0xff, 0xbf, 0xf7, 0xdf, 0xff, 0xbf, 0xf7, 0xdf, 0xf7, 0xdf, 0xff,
    0xdf, 0xf7, 0xbf, 0xff, 0xdf, 0xff, 0xdf, 0xf7, 0xbf, 0xff, 0xdf, 0xff,
    0xdf, 0xf7, 0xbf, 0xff, 0xdf, 0xf7, 0xdf, 0xf7, 0xdf, 0xff, 0xbf, 0xf7,
    0xdf, 0xff, 0xdf, 0xff, 0xdf, 0xf7, 0xbf, 0xff, 0xdf, 0xf7, 0xdf, 0xf7,
    0xbf, 0xf7, 0xdf, 0xf7, 0xdf, 0xff, 0x5d, 0x0a, 0x5d, 0x0a, 0x5d, 0x0a,
    0x3e, 0xe7, 0x3e, 0xe7, 0x3d, 0xe7, 0x5e, 0xe7, 0x5e, 0xef, 0x5e, 0xe7,
    0x5e, 0xe7, 0x5e, 0xe7, 0x5e, 0xe7, 0x5e, 0xe7, 0x3d, 0xe7, 0x3e, 0xe7,
    0x3e, 0xe7, 0x3d, 0xe7, 0x3e, 0xe7, 0x3d, 0xdf, 0x1e, 0xdf, 0x1e, 0xe7,
    0x3d, 0xdf, 0x1d, 0xdf, 0x1d, 0xdf, 0x1e, 0xdf, 0x1d, 0xdf, 0x1d, 0xdf,
    0x1e, 0xdf, 0x1d, 0xdf, 0x1d, 0xdf, 0x7e, 0xef, 0x9f, 0xef, 0x7e, 0xf7,
    0x7f, 0xef, 0x9e, 0xef, 0x7f, 0xf7, 0x9e, 0xef, 0x7e, 0xf7, 0x9f, 0xef,
    0x9f, 0xf7, 0x7e, 0xef, 0x9f, 0xf7, 0x9f, 0xef, 0x7e, 0xf7, 0x9f, 0xef,
    0x9f, 0xef, 0x7e, 0xf7, 0x9e, 0xef, 0x9f, 0xef, 0x7e, 0xf7, 0x9e, 0xef,
    0x7f, 0xef, 0x7e, 0xf7, 0x7e, 0xef, 0x7f, 0xef, 0x5e, 0xef, 0x5e, 0xef,
    0x5d, 0x0a, 0x5d, 0x12, 0x5d, 0x0a, 0xff, 0xff, 0xff, 0xff, 0xff, 0xff,
    0xff, 0xff, 0xff, 0xff, 0xff, 0xff, 0xff, 0xff, 0xff, 0xff, 0xff, 0xff,
    0xff, 0xff, 0xff, 0xff, 0xff, 0xff, 0xff, 0xff, 0xff, 0xff, 0xff, 0xff,
    0xff, 0xff, 0xff, 0xff, 0xff, 0xff, 0xff, 0xff, 0xff, 0xff, 0xff, 0xff,
    0xff, 0xff, 0xff, 0xff, 0xff, 0xff, 0xff, 0xff, 0xff, 0xff, 0xff, 0xff,
    0xff, 0xff, 0xff, 0xff, 0xff, 0xff, 0xff, 0xff, 0xff, 0xff, 0xff, 0xff,
    0xff, 0xff, 0xff, 0xff, 0xff, 0xff, 0xff, 0xff, 0xff, 0xff, 0xff, 0xff,
    0xff, 0xff, 0xff, 0xff, 0xff, 0xff, 0xff, 0xff, 0xff, 0xff, 0xff, 0xff,
    0xff, 0xff, 0xff, 0xff, 0xff, 0xff, 0xff, 0xff, 0xff, 0xff, 0xff, 0xff,
    0xff, 0xff, 0xff, 0xff, 0xff, 0xff, 0xff, 0xff, 0xff, 0xff, 0xff, 0xff,
    0xff, 0xff, 0xff, 0xff, 0xff, 0xff, 0xff, 0xff, 0xff, 0xff, 0xff, 0xff,
    0xff, 0xff, 0xff, 0xff, 0xff, 0xff, 0xff, 0xff, 0xff, 0xff, 0xff, 0xff,
    0xff, 0xff, 0xff, 0xff, 0xff, 0xff, 0xff, 0xff, 0xff, 0xff, 0xff, 0xff,
    0xff, 0xff, 0xff, 0xff, 0xff, 0xff, 0xff, 0xff, 0xff, 0xff, 0xff, 0xff,
    0xff, 0xff, 0xff, 0xff, 0xff, 0xff, 0xff, 0xff, 0xff, 0xff, 0xff, 0xff,
    0xff, 0xff, 0xff, 0xff, 0xdf, 0xff, 0xff, 0xff, 0xff, 0xff, 0xdf, 0xff,
    0xff, 0xff, 0xff, 0xff, 0xdf, 0xff, 0xff, 0xff, 0xff, 0xff, 0xdf, 0xff,
    0xdf, 0xff, 0xff, 0xff, 0xdf, 0xff, 0xdf, 0xff, 0xff, 0xff, 0xdf, 0xff,
    0xff, 0xff, 0xff, 0xff, 0xdf, 0xff, 0xff, 0xff, 0xdf, 0xff, 0xdf, 0xff,
    0xdf, 0xff, 0xdf, 0xff, 0xdf, 0xff, 0xdf, 0xff, 0xff, 0xff, 0xdf, 0xff,
    0xdf, 0xff, 0xff, 0xff, 0xdf, 0xf7, 0xdf, 0xff, 0xff, 0xff, 0xdf, 0xff,
    0xff, 0xff, 0xdf, 0xff, 0xdf, 0xff, 0xdf, 0xff, 0xdf, 0xf7, 0xdf, 0xff,
    0xdf, 0xff, 0xdf, 0xff, 0xdf, 0xf7, 0xdf, 0xff, 0xdf, 0xff, 0xdf, 0xf7,
    0xdf, 0xff, 0xdf, 0xff, 0xdf, 0xf7, 0xdf, 0xff, 0xdf, 0xff, 0xdf, 0xf7,
    0xdf, 0xff, 0xdf, 0xff, 0xdf, 0xf7, 0xdf, 0xff, 0xdf, 0xff, 0xdf, 0xf7,
    0xdf, 0xff, 0xbf, 0xf7, 0xdf, 0xff, 0xdf, 0xff, 0xdf, 0xf7, 0xbf, 0xff,
    0xdf, 0xff, 0xdf, 0xf7, 0xdf, 0xf7, 0xbf, 0xff, 0xdf, 0xff, 0xdf, 0xf7,
    0xbf, 0xff, 0xdf, 0xf7, 0xdf, 0xf7, 0xdf, 0xff, 0xdf, 0xf7, 0xdf, 0xf7,
    0xbf, 0xff, 0xdf, 0xf7, 0xdf, 0xf7, 0xbf, 0xff, 0xdf, 0xf7, 0xdf, 0xff,
    0xbf, 0xff, 0xdf, 0xf7, 0xdf, 0xff, 0xbf, 0xf7, 0xdf, 0xff, 0xdf, 0xf7,
    0xdf, 0xff, 0xbf, 0xff, 0xdf, 0xf7, 0xdf, 0xf7, 0xdf, 0xff, 0xdf, 0xf7,
    0xbf, 0xf7, 0xdf, 0xff, 0xdf, 0xf7, 0xdf, 0xff, 0xdf, 0xff, 0xdf, 0xf7,
    0xdf, 0xff, 0xdf, 0xff, 0xdf, 0xf7, 0xbf, 0xf7, 0xdf, 0xff, 0xdf, 0xf7,
    0xdf, 0xff, 0xdf, 0xff, 0xdf, 0xff, 0xdf, 0xff, 0xdf, 0xf7, 0xdf, 0xff,
    0x5d, 0x0a, 0x5d, 0x0a, 0x5d, 0x12, 0x3e, 0xe7, 0x3d, 0xe7, 0x5e, 0xe7,
    0x5e, 0xe7, 0x5d, 0xe7, 0x3e, 0xe7, 0x3d, 0xe7, 0x3e, 0xe7, 0x5e, 0xe7,
    0x3d, 0xe7, 0x3e, 0xe7, 0x3e, 0xe7, 0x3d, 0xe7, 0x3d, 0xdf, 0x3e, 0xdf,
    0x3d, 0xe7, 0x1e, 0xe7, 0x1d, 0xdf, 0x1d, 0xe7, 0x1d, 0xdf, 0x1e, 0xdf,
    0x1d, 0xdf, 0x1d, 0xdf, 0x1d, 0xdf, 0x1d, 0xdf, 0xfd, 0xde, 0xfd, 0xde,
    0x7e, 0xef, 0x9f, 0xf7, 0x9e, 0xef, 0x7e, 0xef, 0x7f, 0xf7, 0x9f, 0xef,
    0x7e, 0xef, 0x7f, 0xef, 0x9e, 0xf7, 0x7e, 0xef, 0x7e, 0xef, 0x9f, 0xef,
    0x7e, 0xf7, 0x7e, 0xef, 0x9f, 0xef, 0x7e, 0xf7, 0x7f, 0xef, 0x9f, 0xef,
    0x7e, 0xef, 0x9f, 0xf7, 0x9f, 0xef, 0x7e, 0xef, 0x7e, 0xef, 0x7e, 0xef,
    0x7e, 0xef, 0x7e, 0xef, 0x5e, 0xef, 0x5d, 0x0a, 0x5d, 0x0a, 0x5d, 0x12,
    0xff, 0xff, 0xff, 0xff, 0xff, 0xff, 0xff, 0xff, 0xff, 0xff, 0xff, 0xff,
    0xff, 0xff, 0xff, 0xff, 0xff, 0xff, 0xff, 0xff, 0xff, 0xff, 0xff, 0xff,
    0xff, 0xff, 0xff, 0xff, 0xff, 0xff, 0xff, 0xff, 0xff, 0xff, 0xff, 0xff,
    0xff, 0xff, 0xff, 0xff, 0xff, 0xff, 0xff, 0xff, 0xff, 0xff, 0xff, 0xff,
    0xff, 0xff, 0xff, 0xff, 0xff, 0xff, 0xff, 0xff, 0xff, 0xff, 0xff, 0xff,
    0xff, 0xff, 0xff, 0xff, 0xff, 0xff, 0xff, 0xff, 0xff, 0xff, 0xff, 0xff,
    0xff, 0xff, 0xff, 0xff, 0xff, 0xff, 0xff, 0xff, 0xff, 0xff, 0xff, 0xff,
    0xff, 0xff, 0xff, 0xff, 0xff, 0xff, 0xff, 0xff, 0xff, 0xff, 0xff, 0xff,
    0xff, 0xff, 0xff, 0xff, 0xff, 0xff, 0xff, 0xff, 0xff, 0xff, 0xff, 0xff,
    0xff, 0xff, 0xff, 0xff, 0xff, 0xff, 0xff, 0xff, 0xff, 0xff, 0xff, 0xff,
    0xff, 0xff, 0xff, 0xff, 0xff, 0xff, 0xff, 0xff, 0xff, 0xff, 0xff, 0xff,
    0xff, 0xff, 0xff, 0xff, 0xff, 0xff, 0xff, 0xff, 0xff, 0xff, 0xff, 0xff,
    0xff, 0xff, 0xff, 0xff, 0xff, 0xff, 0xff, 0xff, 0xff, 0xff, 0xff, 0xff,
    0xff, 0xff, 0xff, 0xff, 0xff, 0xff, 0xff, 0xff, 0xff, 0xff, 0xff, 0xff,
    0xff, 0xff, 0xff, 0xff, 0xff, 0xff, 0xdf, 0xff, 0xff, 0xff, 0xff, 0xff,
    0xff, 0xff, 0xff, 0xff, 0xff, 0xff, 0xff, 0xff, 0xff, 0xff, 0xdf, 0xff,
    0xff, 0xff, 0xdf, 0xff, 0xdf, 0xff, 0xff, 0xff, 0xdf, 0xff, 0xff, 0xff,
    0xff, 0xff, 0xdf, 0xff, 0xdf, 0xff, 0xff, 0xff, 0xdf, 0xff, 0xff, 0xff,
    0xff, 0xff, 0xdf, 0xff, 0xdf, 0xff, 0xff, 0xff, 0xdf, 0xff, 0xdf, 0xff,
    0xdf, 0xff, 0xff, 0xf7, 0xdf, 0xff, 0xdf, 0xff, 0xff, 0xf7, 0xdf, 0xff,
    0xdf, 0xff, 0xdf, 0xf7, 0xdf, 0xff, 0xdf, 0xf7, 0xdf, 0xf7, 0xdf, 0xff,
    0xdf, 0xff, 0xdf, 0xff, 0xdf, 0xf7, 0xdf, 0xff, 0xdf, 0xf7, 0xdf, 0xff,
    0xdf, 0xff, 0xdf, 0xf7, 0xdf, 0xff, 0xdf, 0xf7, 0xdf, 0xff, 0xdf, 0xf7,
    0xdf, 0xff, 0xdf, 0xff, 0xdf, 0xf7, 0xdf, 0xff, 0xdf, 0xff, 0xdf, 0xf7,
    0xdf, 0xff, 0xdf, 0xff, 0xbf, 0xf7, 0xdf, 0xff, 0xdf, 0xf7, 0xdf, 0xf7,
    0xdf, 0xff, 0xbf, 0xf7, 0xdf, 0xff, 0xdf, 0xff, 0xdf, 0xf7, 0xbf, 0xff,
    0xdf, 0xff, 0xdf, 0xf7, 0xdf, 0xff, 0xdf, 0xff, 0xdf, 0xf7, 0xbf, 0xff,
    0xdf, 0xff, 0xdf, 0xf7, 0xdf, 0xff, 0xdf, 0xff, 0xdf, 0xf7, 0xbf, 0xff,
    0xdf, 0xf7, 0xdf, 0xf7, 0xdf, 0xff, 0xbf, 0xf7, 0xdf, 0xff, 0xdf, 0xf7,
    0xdf, 0xff, 0xdf, 0xf7, 0xdf, 0xf7, 0xdf, 0xff, 0xbf, 0xff, 0xdf, 0xf7,
    0xbf, 0xff, 0xdf, 0xf7, 0xdf, 0xff, 0xdf, 0xff, 0xdf, 0xf7, 0xbf, 0xf7,
    0xdf, 0xff, 0xdf, 0xf7, 0xbf, 0xf7, 0xbf, 0xff, 0xdf, 0xf7, 0xdf, 0xff,
    0xdf, 0xff, 0xbf, 0xf7, 0xdf, 0xf7, 0xdf, 0xff, 0xbf, 0xf7, 0xbf, 0xf7,
    0xdf, 0xff, 0xdf, 0xff, 0xbf, 0xf7, 0x5d, 0x0a, 0x5d, 0x0a, 0x5d, 0x0a,
    0x3e, 0xe7, 0x3e, 0xe7, 0x3d, 0xe7, 0x3d, 0xe7, 0x3e, 0xe7, 0x3d, 0xe7,
    0x5e, 0xe7, 0x3d, 0xe7, 0x3d, 0xe7, 0x3e, 0xe7, 0x3d, 0xe7, 0x3e, 0xe7,
    0x3d, 0xdf, 0x3e, 0xdf, 0x1e, 0xdf, 0x3d, 0xe7, 0x1d, 0xdf, 0x1e, 0xdf,
    0x1d, 0xdf, 0x1d, 0xdf, 0x1d, 0xdf, 0x1d, 0xdf, 0xfd, 0xde, 0xfd, 0xde,
    0xfd, 0xde, 0xfd, 0xd6, 0xfd, 0xd6, 0x7f, 0xef, 0x9e, 0xf7, 0x9f, 0xef,
    0x7f, 0xef, 0x9e, 0xf7, 0x9e, 0xef, 0x7f, 0xf7, 0x9f, 0xef, 0x9e, 0xef,
    0x7f, 0xf7, 0x9f, 0xef, 0x9e, 0xf7, 0x7f, 0xef, 0x9f, 0xef, 0x9e, 0xf7,
    0x7e, 0xf7, 0x9f, 0xef, 0x7e, 0xf7, 0x7e, 0xf7, 0x9f, 0xef, 0x7f, 0xf7,
    0x7e, 0xef, 0x7f, 0xef, 0x7e, 0xef, 0x7e, 0xef, 0x5e, 0xef, 0x5e, 0xef,
    0x5d, 0x0a, 0x5d, 0x0a, 0x5e, 0x0a, 0xff, 0xff, 0xff, 0xff, 0xff, 0xff,
    0xff, 0xff, 0xff, 0xff, 0xff, 0xff, 0xff, 0xff, 0xff, 0xff, 0xff, 0xff,
    0xff, 0xff, 0xff, 0xff, 0xff, 0xff, 0xff, 0xff, 0xff, 0xff, 0xff, 0xff,
    0xff, 0xff, 0xff, 0xff, 0xff, 0xff, 0xff, 0xff, 0xff, 0xff, 0xff, 0xff,
    0xff, 0xff, 0xff, 0xff, 0xff, 0xff, 0xff, 0xff, 0xff, 0xff, 0xff, 0xff,
    0xff, 0xff, 0xff, 0xff, 0xff, 0xff, 0xff, 0xff, 0xff, 0xff, 0xff, 0xff,
    0xff, 0xff, 0xff, 0xff, 0xff, 0xff, 0xff, 0xff, 0xff, 0xff, 0xff, 0xff,
    0xff, 0xff, 0xff, 0xff, 0xff, 0xff, 0xff, 0xff, 0xff, 0xff, 0xff, 0xff,
    0xff, 0xff, 0xff, 0xff, 0xff, 0xff, 0xff, 0xff, 0xff, 0xff, 0xff, 0xff,
    0xff, 0xff, 0xff, 0xff, 0xff, 0xff, 0xff, 0xff, 0xff, 0xff, 0xff, 0xff,
    0xff, 0xff, 0xff, 0xff, 0xff, 0xff, 0xff, 0xff, 0xff, 0xff, 0xff, 0xff,
    0xff, 0xff, 0xff, 0xff, 0xff, 0xff, 0xff, 0xff, 0xff, 0xff, 0xff, 0xff,
    0xff, 0xff, 0xff, 0xff, 0xff, 0xff, 0xff, 0xff, 0xff, 0xff, 0xff, 0xff,
    0xff, 0xff, 0xff, 0xff, 0xff, 0xff, 0xff, 0xff, 0xff, 0xff, 0xff, 0xff,
    0xff, 0xff, 0xff, 0xff, 0xff, 0xff, 0xff, 0xff, 0xff, 0xff, 0xff, 0xff,
    0xff, 0xff, 0xdf, 0xff, 0xff, 0xff, 0xff, 0xff, 0xdf, 0xff, 0xff, 0xff,
    0xff, 0xff, 0xdf, 0xff, 0xff, 0xff, 0xdf, 0xff, 0xff, 0xff, 0xff, 0xff,
    0xdf, 0xff, 0xdf, 0xff, 0xff, 0xff, 0xff, 0xff, 0xdf, 0xff, 0xff, 0xff,
    0xdf, 0xff, 0xdf, 0xff, 0xff, 0xff, 0xdf, 0xff, 0xdf, 0xff, 0xdf, 0xff,
    0xdf, 0xff, 0xff, 0xff, 0xdf, 0xff, 0xdf, 0xff, 0xdf, 0xff, 0xdf, 0xff,
    0xdf, 0xff, 0xdf, 0xff, 0xdf, 0xff, 0xff, 0xff, 0xdf, 0xff, 0xdf, 0xff,
    0xdf, 0xff, 0xdf, 0xff, 0xdf, 0xf7, 0xdf, 0xff, 0xdf, 0xff, 0xdf, 0xff,
    0xdf, 0xf7, 0xdf, 0xff, 0xdf, 0xff, 0xdf, 0xf7, 0xdf, 0xff, 0xdf, 0xff,
    0xdf, 0xf7, 0xdf, 0xff, 0xdf, 0xff, 0xdf, 0xf7, 0xdf, 0xff, 0xdf, 0xf7,
    0xdf, 0xff, 0xdf, 0xf7, 0xdf, 0xff, 0xdf, 0xf7, 0xdf, 0xff, 0xdf, 0xf7,
    0xbf, 0xff, 0xdf, 0xff, 0xdf, 0xf7, 0xbf, 0xf7, 0xdf, 0xff, 0xdf, 0xf7,
    0xdf, 0xf7, 0xbf, 0xff, 0xdf, 0xf7, 0xdf, 0xf7, 0xbf, 0xf7, 0xdf, 0xff,
    0xdf, 0xf7, 0xbf, 0xf7, 0xdf, 0xff, 0xdf, 0xf7, 0xbf, 0xf7, 0xbf, 0xff,
    0xdf, 0xf7, 0xdf, 0xff, 0xdf, 0xff, 0xbf, 0xf7, 0xdf, 0xff, 0xdf, 0xf7,
    0xdf, 0xf7, 0xbf, 0xff, 0xdf, 0xff, 0xbf, 0xf7, 0xdf, 0xff, 0xbf, 0xf7,
    0xdf, 0xf7, 0xdf, 0xff, 0xdf, 0xf7, 0xdf, 0xff, 0xbf, 0xf7, 0xdf, 0xf7,
    0xdf, 0xff, 0xbf, 0xff, 0xdf, 0xf7, 0xdf, 0xff, 0xdf, 0xf7, 0xdf, 0xff,
    0xdf, 0xf7, 0xbf, 0xf7, 0xdf, 0xff, 0xdf, 0xff, 0xdf, 0xf7, 0xbf, 0xff,
    0xdf, 0xf7, 0xdf, 0xf7, 0xdf, 0xff, 0xdf, 0xf7, 0xbf, 0xf7, 0xdf, 0xff,
    0x5d, 0x0a, 0x5d, 0x0a, 0x5d, 0x0a, 0x3e, 0xe7, 0x3d, 0xe7, 0x3d, 0xe7,
    0x3e, 0xe7, 0x3e, 0xe7, 0x3e, 0xe7, 0x3e, 0xe7, 0x3e, 0xe7, 0x3e, 0xe7,
    0x3e, 0xe7, 0x3d, 0xe7, 0x3d, 0xdf, 0x3e, 0xdf, 0x1d, 0xe7, 0x1d, 0xe7,
    0x1d, 0xdf, 0x1d, 0xdf, 0x1d, 0xdf, 0x1e, 0xdf, 0x1d, 0xdf, 0x1d, 0xdf,
    0xfd, 0xde, 0xfd, 0xde, 0xfd, 0xde, 0xfd, 0xde, 0xfd, 0xd6, 0xfd, 0xd6,
    0x7e, 0xef, 0x7f, 0xef, 0x9e, 0xf7, 0x7f, 0xef, 0x9e, 0xef, 0x7f, 0xf7,
    0x7e, 0xef, 0x9e, 0xf7, 0x7f, 0xef, 0x7f, 0xef, 0x9e, 0xf7, 0x7e, 0xef,
    0x7f, 0xf7, 0x9f, 0xef, 0x7e, 0xef, 0x9f, 0xef, 0x9f, 0xef, 0x7e, 0xef,
    0x9e, 0xef, 0x9f, 0xef, 0x7e, 0xf7, 0x7e, 0xef, 0x7f, 0xef, 0x7e, 0xef,
    0x7e, 0xef, 0x5e, 0xef, 0x5e, 0xef, 0x5d, 0x0a, 0x5d, 0x0a, 0x5d, 0x0a,
    0xff, 0xff, 0xff, 0xff, 0xff, 0xff, 0xff, 0xff, 0xff, 0xff, 0xff, 0xff,
    0xff, 0xff, 0xff, 0xff, 0xff, 0xff, 0xff, 0xff, 0xff, 0xff, 0xff, 0xff,
    0xff, 0xff, 0xff, 0xff, 0xff, 0xff, 0xff, 0xff, 0xff, 0xff, 0xff, 0xff,
    0xff, 0xff, 0xff, 0xff, 0xff, 0xff, 0xff, 0xff, 0xff, 0xff, 0xff, 0xff,
    0xff, 0xff, 0xff, 0xff, 0xff, 0xff, 0xff, 0xff, 0xff, 0xff, 0xff, 0xff,
    0xff, 0xff, 0xff, 0xff, 0xff, 0xff, 0xff, 0xff, 0xff, 0xff, 0xff, 0xff,
    0xff, 0xff, 0xff, 0xff, 0xff, 0xff, 0xff, 0xff, 0xff, 0xff, 0xff, 0xff,
    0xff, 0xff, 0xff, 0xff, 0xff, 0xff, 0xff, 0xff, 0xff, 0xff, 0xff, 0xff,
    0xff, 0xff, 0xff, 0xff, 0xff, 0xff, 0xff, 0xff, 0xff, 0xff, 0xff, 0xff,
    0xff, 0xff, 0xff, 0xff, 0xff, 0xff, 0xff, 0xff, 0xff, 0xff, 0xff, 0xff,
    0xff, 0xff, 0xff, 0xff, 0xff, 0xff, 0xff, 0xff, 0xff, 0xff, 0xff, 0xff,
    0xff, 0xff, 0xff, 0xff, 0xff, 0xff, 0xff, 0xff, 0xff, 0xff, 0xff, 0xff,
    0xff, 0xff, 0xff, 0xff, 0xff, 0xff, 0xff, 0xff, 0xff, 0xff, 0xff, 0xff,
    0xff, 0xff, 0xff, 0xff, 0xff, 0xff, 0xff, 0xff, 0xff, 0xff, 0xff, 0xff,
    0xff, 0xff, 0xdf, 0xff, 0xff, 0xff, 0xff, 0xff, 0xff, 0xff, 0xdf, 0xff,
    0xff, 0xff, 0xff, 0xff, 0xdf, 0xff, 0xff, 0xff, 0xff, 0xff, 0xdf, 0xff,
    0xdf, 0xff, 0xff, 0xff, 0xff, 0xff, 0xdf, 0xff, 0xff, 0xff, 0xdf, 0xff,
    0xdf, 0xff, 0xff, 0xff, 0xff, 0xff, 0xdf, 0xff, 0xff, 0xff, 0xdf, 0xff,
    0xdf, 0xff, 0xdf, 0xff, 0xdf, 0xff, 0xdf, 0xff, 0xff, 0xff, 0xdf, 0xf7,
    0xdf, 0xff, 0xff, 0xff, 0xdf, 0xf7, 0xff, 0xff, 0xdf, 0xff, 0xdf, 0xf7,
    0xdf, 0xff, 0xdf, 0xff, 0xdf, 0xf7, 0xdf, 0xff, 0xdf, 0xff, 0xdf, 0xff,
    0xdf, 0xf7, 0xdf, 0xff, 0xdf, 0xff, 0xdf, 0xf7, 0xdf, 0xff, 0xdf, 0xf7,
    0xdf, 0xff, 0xdf, 0xff, 0xdf, 0xf7, 0xdf, 0xff, 0xdf, 0xff, 0xdf, 0xf7,
    0xdf, 0xff, 0xdf, 0xff, 0xdf, 0xff, 0xdf, 0xf7, 0xdf, 0xff, 0xdf, 0xff,
    0xbf, 0xf7, 0xdf, 0xf7, 0xdf, 0xff, 0xdf, 0xf7, 0xbf, 0xff, 0xdf, 0xff,
    0xdf, 0xf7, 0xdf, 0xff, 0xbf, 0xf7, 0xdf, 0xff, 0xdf, 0xff, 0xdf, 0xf7,
    0xdf, 0xff, 0xbf, 0xff, 0xdf, 0xf7, 0xdf, 0xff, 0xbf, 0xff, 0xdf, 0xf7,
    0xdf, 0xff, 0xdf, 0xff, 0xdf, 0xf7, 0xbf, 0xf7, 0xdf, 0xff, 0xdf, 0xf7,
    0xdf, 0xff, 0xbf, 0xff, 0xdf, 0xf7, 0xdf, 0xff, 0xdf, 0xf7, 0xdf, 0xf7,
    0xdf, 0xff, 0xbf, 0xff, 0xdf, 0xff, 0xdf, 0xf7, 0xdf, 0xf7, 0xbf, 0xff,
    0xdf, 0xff, 0xdf, 0xf7, 0xbf, 0xf7, 0xdf, 0xff, 0xdf, 0xf7, 0xdf, 0xff,
    0xbf, 0xf7, 0xdf, 0xff, 0xdf, 0xff, 0xdf, 0xf7, 0xdf, 0xff, 0xbf, 0xf7,
    0xdf, 0xf7, 0xdf, 0xff, 0xdf, 0xff, 0xdf, 0xf7, 0xdf, 0xff, 0xdf, 0xff,
    0xbf, 0xf7, 0xdf, 0xff, 0xdf, 0xff, 0x5d, 0x0a, 0x5d, 0x0a, 0x5d, 0x12,
    0x1d, 0xdf, 0x3d, 0xe7, 0x3e, 0xe7, 0x3e, 0xe7, 0x3d, 0xe7, 0x3d, 0xe7,
    0x3e, 0xe7, 0x3d, 0xe7, 0x3e, 0xe7, 0x3d, 0xdf, 0x3e, 0xdf, 0x1e, 0xdf,
    0x1d, 0xe7, 0x1d, 0xdf, 0x1d, 0xdf, 0x1e, 0xdf, 0x1d, 0xdf, 0x1d, 0xdf,
    0x1d, 0xdf, 0xfd, 0xde, 0xfd, 0xde, 0xfd, 0xde, 0xfd, 0xd6, 0xfd, 0xd6,
    0xfd, 0xd6, 0xfd, 0xde, 0xdd, 0xd6, 0x9e, 0xef, 0x7f, 0xf7, 0x7e, 0xf7,
    0x9e, 0xef, 0x7f, 0xef, 0x9f, 0xf7, 0x9e, 0xef, 0x7f, 0xef, 0x9e, 0xf7,
    0x9e, 0xef, 0x7f, 0xef, 0x9e, 0xf7, 0x9e, 0xef, 0x7f, 0xf7, 0x7e, 0xef,
    0x9e, 0xf7, 0x7f, 0xf7, 0x7f, 0xef, 0x9e, 0xf7, 0x7f, 0xef, 0x9e, 0xef,
    0x7e, 0xf7, 0x7f, 0xef, 0x7e, 0xef, 0x7e, 0xef, 0x7e, 0xef, 0x5e, 0xef,
    0x5d, 0x0a, 0x5d, 0x0a, 0x5d, 0x12, 0xff, 0xff, 0xff, 0xff, 0xff, 0xff,
    0xff, 0xff, 0xff, 0xff, 0xff, 0xff, 0xff, 0xff, 0xff, 0xff, 0xff, 0xff,
    0xff, 0xff, 0xff, 0xff, 0xff, 0xff, 0xff, 0xff, 0xff, 0xff, 0xff, 0xff,
    0xff, 0xff, 0xff, 0xff, 0xff, 0xff, 0xff, 0xff, 0xff, 0xff, 0xff, 0xff,
    0xff, 0xff, 0xff, 0xff, 0xff, 0xff, 0xff, 0xff, 0xff, 0xff, 0xff, 0xff,
    0xff, 0xff, 0xff, 0xff, 0xff, 0xff, 0xff, 0xff, 0xff, 0xff, 0xff, 0xff,
    0xff, 0xff, 0xff, 0xff, 0xff, 0xff, 0xff, 0xff, 0xff, 0xff, 0xff, 0xff,
    0xff, 0xff, 0xff, 0xff, 0xff, 0xff, 0xff, 0xff, 0xff, 0xff, 0xff, 0xff,
    0xff, 0xff, 0xff, 0xff, 0xff, 0xff, 0xff, 0xff, 0xff, 0xff, 0xff, 0xff,
    0xff, 0xff, 0xff, 0xff, 0xff, 0xff, 0xff, 0xff, 0xff, 0xff, 0xff, 0xff,
    0xff, 0xff, 0xff, 0xff, 0xff, 0xff, 0xff, 0xff, 0xff, 0xff, 0xff, 0xff,
    0xff, 0xff, 0xff, 0xff, 0xff, 0xff, 0xff, 0xff, 0xff, 0xff, 0xff, 0xff,
    0xff, 0xff, 0xff, 0xff, 0xff, 0xff, 0xff, 0xff, 0xff, 0xff, 0xff, 0xff,
    0xff, 0xff, 0xff, 0xff, 0xff, 0xff, 0xff, 0xff, 0xff, 0xff, 0xff, 0xff,
    0xff, 0xff, 0xff, 0xff, 0xff, 0xff, 0xff, 0xff, 0xff, 0xff, 0xdf, 0xff,
    0xff, 0xff, 0xff, 0xff, 0xff, 0xff, 0xff, 0xff, 0xff, 0xff, 0xdf, 0xff,
    0xff, 0xff, 0xff, 0xff, 0xdf, 0xff, 0xff, 0xff, 0xdf, 0xff, 0xdf, 0xff,
    0xff, 0xff, 0xff, 0xff, 0xdf, 0xff, 0xdf, 0xff, 0xff, 0xff, 0xdf, 0xff,
    0xff, 0xff, 0xdf, 0xff, 0xdf, 0xff, 0xdf, 0xff, 0xff, 0xff, 0xdf, 0xff,
    0xdf, 0xff, 0xdf, 0xff, 0xff, 0xff, 0xdf, 0xff, 0xdf, 0xf7, 0xff, 0xff,
    0xdf, 0xff, 0xdf, 0xf7, 0xff, 0xff, 0xdf, 0xff, 0xdf, 0xf7, 0xdf, 0xff,
    0xdf, 0xff, 0xdf, 0xff, 0xdf, 0xff, 0xdf, 0xff, 0xdf, 0xf7, 0xdf, 0xff,
    0xdf, 0xff, 0xdf, 0xf7, 0xdf, 0xff, 0xdf, 0xff, 0xdf, 0xf7, 0xdf, 0xf7,
    0xdf, 0xff, 0xdf, 0xff, 0xdf, 0xf7, 0xdf, 0xf7, 0xdf, 0xff, 0xdf, 0xff,
    0xdf, 0xf7, 0xdf, 0xff, 0xdf, 0xf7, 0xbf, 0xff, 0xdf, 0xff, 0xdf, 0xf7,
    0xdf, 0xf7, 0xdf, 0xf7, 0xbf, 0xff, 0xdf, 0xff, 0xdf, 0xf7, 0xdf, 0xff,
    0xbf, 0xf7, 0xdf, 0xf7, 0xdf, 0xff, 0xdf, 0xf7, 0xdf, 0xff, 0xdf, 0xf7,
    0xdf, 0xf7, 0xdf, 0xff, 0xdf, 0xf7, 0xbf, 0xf7, 0xdf, 0xff, 0xdf, 0xf7,
    0xdf, 0xff, 0xbf, 0xf7, 0xdf, 0xf7, 0xdf, 0xff, 0xdf, 0xf7, 0xbf, 0xff,
    0xdf, 0xff, 0xdf, 0xf7, 0xbf, 0xf7, 0xdf, 0xff, 0xdf, 0xf7, 0xdf, 0xf7,
    0xdf, 0xff, 0xbf, 0xff, 0xdf, 0xf7, 0xdf, 0xff, 0xdf, 0xff, 0xdf, 0xf7,
    0xbf, 0xff, 0xdf, 0xf7, 0xdf, 0xf7, 0xbf, 0xff, 0xdf, 0xf7, 0xbf, 0xf7,
    0xdf, 0xff, 0xdf, 0xff, 0xdf, 0xf7, 0xbf, 0xf7, 0xdf, 0xff, 0xdf, 0xf7,
    0xbf, 0xff, 0xbf, 0xf7, 0xdf, 0xff, 0xdf, 0xf7, 0xdf, 0xff, 0xdf, 0xf7,
    0x5d, 0x0a, 0x5d, 0x0a, 0x5d, 0x0a, 0x1e, 0xdf, 0x3d, 0xdf, 0x3d, 0xe7,
    0x3e, 0xdf, 0x3e, 0xe7, 0x3d, 0xdf, 0x3e, 0xe7, 0x3e, 0xdf, 0x3d, 0xe7,
    0x3d, 0xdf, 0x1e, 0xdf, 0x3e, 0xe7, 0x1d, 0xdf, 0x1d, 0xdf, 0x1e, 0xdf,
    0x1d, 0xdf, 0x1d, 0xdf, 0x1d, 0xdf, 0xfd, 0xde, 0xfd, 0xde, 0xfd, 0xd6,
    0xfd, 0xde, 0xfd, 0xd6, 0xfd, 0xd6, 0xdd, 0xd6, 0xdd, 0xd6, 0xdc, 0xd6,
    0x9f, 0xef, 0x7e, 0xef, 0x9f, 0xf7, 0x9f, 0xef, 0x7e, 0xef, 0x7e, 0xf7,
    0x9f, 0xef, 0x7f, 0xef, 0x9e, 0xf7, 0x7f, 0xf7, 0x7f, 0xef, 0x9e, 0xef,
    0x9f, 0xf7, 0x7f, 0xef, 0x9e, 0xef, 0x9e, 0xf7, 0x7f, 0xef, 0x9e, 0xef,
    0x7f, 0xf7, 0x9f, 0xf7, 0x9e, 0xef, 0x7e, 0xef, 0x7f, 0xef, 0x7e, 0xef,
    0x7e, 0xef, 0x5e, 0xef, 0x5e, 0xef, 0x5d, 0x0a, 0x5d, 0x0a, 0x5e, 0x0a,
    0xff, 0xff, 0xff, 0xff, 0xff, 0xff, 0xff, 0xff, 0xff, 0xff, 0xff, 0xff,
    0xff, 0xff, 0xff, 0xff, 0xff, 0xff, 0xff, 0xff, 0xff, 0xff, 0xff, 0xff,
    0xff, 0xff, 0xff, 0xff, 0xff, 0xff, 0xff, 0xff, 0xff, 0xff, 0xff, 0xff,
    0xff, 0xff, 0xff, 0xff, 0xff, 0xff, 0xff, 0xff, 0xff, 0xff, 0xff, 0xff,
    0xff, 0xff, 0xff, 0xff, 0xff, 0xff, 0xff, 0xff, 0xff, 0xff, 0xff, 0xff,
    0xff, 0xff, 0xff, 0xff, 0xff, 0xff, 0xff, 0xff, 0xff, 0xff, 0xff, 0xff,
    0xff, 0xff, 0xff, 0xff, 0xff, 0xff, 0xff, 0xff, 0xff, 0xff, 0xff, 0xff,
    0xff, 0xff, 0xff, 0xff, 0xff, 0xff, 0xff, 0xff, 0xff, 0xff, 0xff, 0xff,
    0xff, 0xff, 0xff, 0xff, 0xff, 0xff, 0xff, 0xff, 0xff, 0xff, 0xff, 0xff,
    0xff, 0xff, 0xff, 0xff, 0xff, 0xff, 0xff, 0xff, 0xff, 0xff, 0xff, 0xff,
    0xff, 0xff, 0xff, 0xff, 0xff, 0xff, 0xff, 0xff, 0xff, 0xff, 0xff, 0xff,
    0xff, 0xff, 0xff, 0xff, 0xff, 0xff, 0xff, 0xff, 0xff, 0xff, 0xff, 0xff,
    0xff, 0xff, 0xff, 0xff, 0xff, 0xff, 0xff, 0xff, 0xff, 0xff, 0xff, 0xff,
    0xff, 0xff, 0xff, 0xff, 0xff, 0xff, 0xff, 0xff, 0xff, 0xff, 0xdf, 0xff,
    0xff, 0xff, 0xff, 0xff, 0xff, 0xff, 0xdf, 0xff, 0xff, 0xff, 0xdf, 0xff,
    0xff, 0xff, 0xff, 0xff, 0xff, 0xff, 0xdf, 0xff, 0xdf, 0xff, 0xff, 0xff,
    0xff, 0xff, 0xdf, 0xff, 0xdf, 0xff, 0xff, 0xff, 0xdf, 0xff, 0xff, 0xff,
    0xff, 0xff, 0xdf, 0xff, 0xdf, 0xff, 0xdf, 0xff, 0xdf, 0xff, 0xdf, 0xff,
    0xff, 0xff, 0xdf, 0xff, 0xff, 0xff, 0xdf, 0xf7, 0xdf, 0xff, 0xdf, 0xff,
    0xdf, 0xff, 0xdf, 0xff, 0xdf, 0xff, 0xdf, 0xff, 0xdf, 0xf7, 0xdf, 0xff,
    0xdf, 0xff, 0xdf, 0xff, 0xdf, 0xf7, 0xdf, 0xff, 0xdf, 0xf7, 0xdf, 0xff,
    0xdf, 0xf7, 0xdf, 0xf7, 0xdf, 0xff, 0xdf, 0xff, 0xdf, 0xf7, 0xdf, 0xff,
    0xdf, 0xff, 0xdf, 0xf7, 0xdf, 0xff, 0xdf, 0xff, 0xdf, 0xf7, 0xdf, 0xff,
    0xdf, 0xff, 0xdf, 0xf7, 0xdf, 0xff, 0xdf, 0xff, 0xbf, 0xf7, 0xdf, 0xf7,
    0xdf, 0xff, 0xbf, 0xf7, 0xdf, 0xff, 0xdf, 0xff, 0xbf, 0xf7, 0xdf, 0xf7,
    0xdf, 0xff, 0xdf, 0xf7, 0xdf, 0xff, 0xbf, 0xf7, 0xdf, 0xff, 0xbf, 0xf7,
    0xdf, 0xff, 0xbf, 0xf7, 0xdf, 0xff, 0xbf, 0xf7, 0xdf, 0xff, 0xdf, 0xff,
    0xdf, 0xf7, 0xbf, 0xff, 0xdf, 0xff, 0xdf, 0xf7, 0xdf, 0xff, 0xbf, 0xff,
    0xdf, 0xf7, 0xdf, 0xf7, 0xdf, 0xff, 0xbf, 0xf7, 0xdf, 0xff, 0xdf, 0xff,
    0xbf, 0xf7, 0xdf, 0xff, 0xdf, 0xf7, 0xbf, 0xff, 0xdf, 0xf7, 0xdf, 0xf7,
    0xbf, 0xff, 0xdf, 0xf7, 0xdf, 0xff, 0xdf, 0xff, 0xdf, 0xf7, 0xdf, 0xff,
    0xdf, 0xff, 0xdf, 0xf7, 0xdf, 0xff, 0xbf, 0xf7, 0xdf, 0xff, 0xdf, 0xff,
    0xdf, 0xf7, 0xbf, 0xff, 0xdf, 0xf7, 0xdf, 0xf7, 0xdf, 0xff, 0xdf, 0xf7,
    0xbf, 0xff, 0xdf, 0xf7, 0xdf, 0xff, 0x5d, 0x0a, 0x5d, 0x12, 0x5d, 0x0a,
    0x1e, 0xe7, 0x1d, 0xe7, 0x3d, 0xdf, 0x3d, 0xe7, 0x3e, 0xdf, 0x3d, 0xe7,
    0x3d, 0xdf, 0x3e, 0xdf, 0x3d, 0xdf, 0x1e, 0xe7, 0x1d, 0xe7, 0x1d, 0xdf,
    0x3d, 0xdf, 0x1d, 0xdf, 0x1e, 0xdf, 0x1d, 0xdf, 0x1d, 0xdf, 0xfd, 0xde,
    0xfd, 0xde, 0xfd, 0xd6, 0xfd, 0xd6, 0xdd, 0xd6, 0xdd, 0xd6, 0xdd, 0xd6,
    0xdd, 0xd6, 0xdc, 0xd6, 0xdd, 0xd6, 0x7e, 0xef, 0x9f, 0xef, 0x7e, 0xf7,
    0x9f, 0xef, 0x7e, 0xf7, 0x9f, 0xef, 0x7e, 0xf7, 0x9e, 0xef, 0x7f, 0xef,
    0x9e, 0xf7, 0x7e, 0xef, 0x7f, 0xef, 0x9e, 0xf7, 0x7f, 0xef, 0x7f, 0xef,
    0x9e, 0xf7, 0x7f, 0xef, 0x9e, 0xef, 0x7e, 0xef, 0x7f, 0xf7, 0x9f, 0xef,
    0x7e, 0xef, 0x7e, 0xef, 0x7f, 0xef, 0x5e, 0xef, 0x7e, 0xef, 0x5e, 0xef,
    0x5d, 0x0a, 0x5d, 0x0a, 0x5d, 0x0a, 0xff, 0xff, 0xff, 0xff, 0xff, 0xff,
    0xff, 0xff, 0xff, 0xff, 0xff, 0xff, 0xff, 0xff, 0xff, 0xff, 0xff, 0xff,
    0xff, 0xff, 0xff, 0xff, 0xff, 0xff, 0xff, 0xff, 0xff, 0xff, 0xff, 0xff,
    0xff, 0xff, 0xff, 0xff, 0xff, 0xff, 0xff, 0xff, 0xff, 0xff, 0xff, 0xff,
    0xff, 0xff, 0xff, 0xff, 0xff, 0xff, 0xff, 0xff, 0xff, 0xff, 0xff, 0xff,
    0xff, 0xff, 0xff, 0xff, 0xff, 0xff, 0xff, 0xff, 0xff, 0xff, 0xff, 0xff,
    0xff, 0xff, 0xff, 0xff, 0xff, 0xff, 0xff, 0xff, 0xff, 0xff, 0xff, 0xff,
    0xff, 0xff, 0xff, 0xff, 0xff, 0xff, 0xff, 0xff, 0xff, 0xff, 0xff, 0xff,
    0xff, 0xff, 0xff, 0xff, 0xff, 0xff, 0xff, 0xff, 0xff, 0xff, 0xff, 0xff,
    0xff, 0xff, 0xff, 0xff, 0xff, 0xff, 0xff, 0xff, 0xff, 0xff, 0xff, 0xff,
    0xff, 0xff, 0xff, 0xff, 0xff, 0xff, 0xff, 0xff, 0xff, 0xff, 0xff, 0xff,
    0xff, 0xff, 0xff, 0xff, 0xff, 0xff, 0xff, 0xff, 0xff, 0xff, 0xff, 0xff,
    0xff, 0xff, 0xff, 0xff, 0xff, 0xff, 0xff, 0xff, 0xff, 0xff, 0xff, 0xff,
    0xff, 0xff, 0xff, 0xff, 0xff, 0xff, 0xff, 0xff, 0xff, 0xff, 0xff, 0xff,
    0xff, 0xff, 0xff, 0xff, 0xff, 0xff, 0xdf, 0xff, 0xff, 0xff, 0xff, 0xff,
    0xff, 0xff, 0xff, 0xff, 0xdf, 0xff, 0xff, 0xff, 0xff, 0xff, 0xdf, 0xff,
    0xdf, 0xff, 0xff, 0xff, 0xdf, 0xff, 0xdf, 0xff, 0xff, 0xff, 0xff, 0xff,
    0xdf, 0xff, 0xdf, 0xff, 0xff, 0xff, 0xff, 0xff, 0xdf, 0xff, 0xdf, 0xff,
    0xff, 0xff, 0xdf, 0xff, 0xdf, 0xff, 0xdf, 0xff, 0xdf, 0xff, 0xdf, 0xff,
    0xff, 0xff, 0xdf, 0xff, 0xff, 0xf7, 0xdf, 0xff, 0xff, 0xf7, 0xdf, 0xff,
    0xdf, 0xff, 0xdf, 0xff, 0xdf, 0xf7, 0xdf, 0xff, 0xdf, 0xff, 0xdf, 0xff,
    0xdf, 0xff, 0xdf, 0xf7, 0xdf, 0xff, 0xdf, 0xff, 0xdf, 0xff, 0xdf, 0xf7,
    0xdf, 0xff, 0xdf, 0xf7, 0xdf, 0xff, 0xdf, 0xff, 0xdf, 0xf7, 0xdf, 0xff,
    0xdf, 0xff, 0xdf, 0xf7, 0xdf, 0xff, 0xdf, 0xff, 0xdf, 0xf7, 0xdf, 0xff,
    0xbf, 0xf7, 0xdf, 0xf7, 0xdf, 0xff, 0xdf, 0xf7, 0xdf, 0xf7, 0xbf, 0xff,
    0xdf, 0xff, 0xdf, 0xf7, 0xdf, 0xff, 0xbf, 0xf7, 0xdf, 0xff, 0xdf, 0xf7,
    0xdf, 0xff, 0xdf, 0xff, 0xdf, 0xf7, 0xbf, 0xf7, 0xdf, 0xff, 0xdf, 0xff,
    0xdf, 0xf7, 0xbf, 0xf7, 0xdf, 0xff, 0xdf, 0xf7, 0xdf, 0xf7, 0xbf, 0xff,
    0xdf, 0xf7, 0xdf, 0xf7, 0xdf, 0xff, 0xbf, 0xf7, 0xdf, 0xff, 0xdf, 0xf7,
    0xdf, 0xf7, 0xdf, 0xff, 0xdf, 0xf7, 0xdf, 0xff, 0xdf, 0xf7, 0xbf, 0xff,
    0xdf, 0xf7, 0xdf, 0xff, 0xdf, 0xff, 0xdf, 0xf7, 0xbf, 0xf7, 0xdf, 0xff,
    0xbf, 0xf7, 0xdf, 0xf7, 0xbf, 0xff, 0xdf, 0xf7, 0xdf, 0xff, 0xbf, 0xf7,
    0xdf, 0xf7, 0xdf, 0xff, 0xbf, 0xf7, 0xdf, 0xff, 0xdf, 0xff, 0xdf, 0xf7,
    0xdf, 0xff, 0xdf, 0xff, 0xbf, 0xf7, 0xdf, 0xf7, 0xdf, 0xff, 0xbf, 0xff,
    0x5e, 0x0a, 0x5d, 0x0a, 0x5d, 0x0a, 0x1d, 0xdf, 0x3e, 0xe7, 0x1d, 0xdf,
    0x3d, 0xe7, 0x3e, 0xdf, 0x3e, 0xe7, 0x3d, 0xe7, 0x3e, 0xe7, 0x3e, 0xdf,
    0x1d, 0xdf, 0x1d, 0xdf, 0x1d, 0xdf, 0x1d, 0xdf, 0x1e, 0xdf, 0x1d, 0xdf,
    0xfd, 0xde, 0xfd, 0xde, 0xfd, 0xde, 0xfd, 0xd6, 0xdd, 0xd6, 0xfd, 0xde,
    0xfd, 0xd6, 0xfd, 0xde, 0xdd, 0xd6, 0xdc, 0xd6, 0xdd, 0xd6, 0xdd, 0xd6,
    0x7e, 0xef, 0x9f, 0xf7, 0x7e, 0xef, 0x7e, 0xef, 0x9f, 0xef, 0x9f, 0xf7,
    0x7e, 0xef, 0x7f, 0xef, 0x9f, 0xf7, 0x9e, 0xef, 0x7f, 0xef, 0x9e, 0xf7,
    0x9e, 0xef, 0x7f, 0xef, 0x9e, 0xf7, 0x7f, 0xef, 0x9f, 0xf7, 0x7e, 0xef,
    0x9e, 0xef, 0x7f, 0xf7, 0x9f, 0xef, 0x7e, 0xef, 0x7e, 0xf7, 0x7e, 0xef,
    0x7e, 0xef, 0x5e, 0xef, 0x5e, 0xef, 0x5d, 0x0a, 0x5d, 0x0a, 0x5d, 0x12,
    0xff, 0xff, 0xff, 0xff, 0xff, 0xff, 0xff, 0xff, 0xff, 0xff, 0xff, 0xff,
    0xff, 0xff, 0xff, 0xff, 0xff, 0xff, 0xff, 0xff, 0xff, 0xff, 0xff, 0xff,
    0xff, 0xff, 0xff, 0xff, 0xff, 0xff, 0xff, 0xff, 0xff, 0xff, 0xff, 0xff,
    0xff, 0xff, 0xff, 0xff, 0xff, 0xff, 0xff, 0xff, 0xff, 0xff, 0xff, 0xff,
    0xff, 0xff, 0xff, 0xff, 0xff, 0xff, 0xff, 0xff, 0xff, 0xff, 0xff, 0xff,
    0xff, 0xff, 0xff, 0xff, 0xff, 0xff, 0xff, 0xff, 0xff, 0xff, 0xff, 0xff,
    0xff, 0xff, 0xff, 0xff, 0xff, 0xff, 0xff, 0xff, 0xff, 0xff, 0xff, 0xff,
    0xff, 0xff, 0xff, 0xff, 0xff, 0xff, 0xff, 0xff, 0xff, 0xff, 0xff, 0xff,
    0xff, 0xff, 0xff, 0xff, 0xff, 0xff, 0xff, 0xff, 0xff, 0xff, 0xff, 0xff,
    0xff, 0xff, 0xff, 0xff, 0xff, 0xff, 0xff, 0xff, 0xff, 0xff, 0xff, 0xff,
    0xff, 0xff, 0xff, 0xff, 0xff, 0xff, 0xff, 0xff, 0xff, 0xff, 0xff, 0xff,
    0xff, 0xff, 0xff, 0xff, 0xff, 0xff, 0xff, 0xff, 0xff, 0xff, 0xff, 0xff,
    0xff, 0xff, 0xff, 0xff, 0xff, 0xff, 0xff, 0xff, 0xff, 0xff, 0xff, 0xff,
    0xff, 0xff, 0xff, 0xff, 0xff, 0xff, 0xdf, 0xff, 0xff, 0xff, 0xff, 0xff,
    0xff, 0xff, 0xdf, 0xff, 0xff, 0xff, 0xff, 0xff, 0xff, 0xff, 0xff, 0xff,
    0xff, 0xff, 0xdf, 0xff, 0xdf, 0xff, 0xff, 0xff, 0xff, 0xff, 0xdf, 0xff,
    0xff, 0xff, 0xff, 0xff, 0xdf, 0xff, 0xff, 0xff, 0xdf, 0xff, 0xdf, 0xff,
    0xff, 0xff, 0xdf, 0xff, 0xdf, 0xff, 0xff, 0xff, 0xdf, 0xff, 0xdf, 0xff,
    0xff, 0xff, 0xdf, 0xf7, 0xdf, 0xff, 0xdf, 0xff, 0xdf, 0xff, 0xdf, 0xff,
    0xff, 0xf7, 0xdf, 0xff, 0xdf, 0xff, 0xdf, 0xf7, 0xdf, 0xff, 0xdf, 0xff,
    0xdf, 0xf7, 0xdf, 0xff, 0xdf, 0xff, 0xdf, 0xf7, 0xdf, 0xff, 0xdf, 0xf7,
    0xdf, 0xff, 0xdf, 0xff, 0xdf, 0xf7, 0xdf, 0xff, 0xdf, 0xff, 0xdf, 0xf7,
    0xdf, 0xff, 0xdf, 0xf7, 0xdf, 0xff, 0xdf, 0xff, 0xdf, 0xf7, 0xdf, 0xff,
    0xdf, 0xf7, 0xdf, 0xff, 0xbf, 0xf7, 0xdf, 0xff, 0xdf, 0xff, 0xdf, 0xff,
    0xbf, 0xf7, 0xdf, 0xff, 0xdf, 0xf7, 0xdf, 0xf7, 0xdf, 0xff, 0xbf, 0xf7,
    0xdf, 0xff, 0xdf, 0xf7, 0xbf, 0xf7, 0xdf, 0xff, 0xdf, 0xf7, 0xdf, 0xff,
    0xdf, 0xf7, 0xdf, 0xff, 0xdf, 0xf7, 0xdf, 0xff, 0xbf, 0xff, 0xdf, 0xf7,
    0xdf, 0xff, 0xdf, 0xf7, 0xdf, 0xff, 0xbf, 0xff, 0xdf, 0xf7, 0xdf, 0xff,
    0xdf, 0xff, 0xbf, 0xf7, 0xdf, 0xff, 0xdf, 0xff, 0xbf, 0xf7, 0xdf, 0xff,
    0xdf, 0xf7, 0xbf, 0xff, 0xdf, 0xf7, 0xdf, 0xff, 0xbf, 0xf7, 0xdf, 0xff,
    0xdf, 0xf7, 0xdf, 0xff, 0xdf, 0xf7, 0xdf, 0xff, 0xbf, 0xff, 0xdf, 0xf7,
    0xdf, 0xff, 0xbf, 0xff, 0xdf, 0xf7, 0xdf, 0xff, 0xdf, 0xf7, 0xdf, 0xf7,
    0xbf, 0xff, 0xdf, 0xf7, 0xbf, 0xf7, 0xdf, 0xff, 0xdf, 0xf7, 0xbf, 0xff,
    0xdf, 0xf7, 0xdf, 0xff, 0xdf, 0xf7, 0x5d, 0x0a, 0x5d, 0x0a, 0x5d, 0x0a,
    0xfd, 0xde, 0x3d, 0xe7, 0x1d, 0xdf, 0x1e, 0xdf, 0x3e, 0xe7, 0x1d, 0xdf,
    0x1d, 0xdf, 0x1e, 0xdf, 0x1d, 0xe7, 0x1d, 0xdf, 0x1d, 0xdf, 0x1e, 0xdf,
    0x1d, 0xdf, 0x1d, 0xdf, 0xfd, 0xde, 0xfd, 0xde, 0xfd, 0xde, 0xfd, 0xd6,
    0xdd, 0xd6, 0xfd, 0xd6, 0xdd, 0xd6, 0xdc, 0xd6, 0xdc, 0xd6, 0xdd, 0xd6,
    0xdc, 0xd6, 0xdc, 0xd6, 0xdc, 0xd6, 0x7f, 0xef, 0x9e, 0xf7, 0x9f, 0xef,
    0x7f, 0xf7, 0x9e, 0xef, 0x7e, 0xef, 0x9f, 0xf7, 0x7e, 0xef, 0x9e, 0xf7,
    0x7f, 0xef, 0x7f, 0xef, 0x9e, 0xf7, 0x7f, 0xef, 0x9e, 0xf7, 0x7e, 0xef,
    0x9f, 0xef, 0x7e, 0xf7, 0x9f, 0xef, 0x9f, 0xf7, 0x7e, 0xef, 0x9e, 0xf7,
    0x7f, 0xef, 0x7f, 0xef, 0x7e, 0xef, 0x7e, 0xef, 0x5e, 0xef, 0x5e, 0xe7,
    0x5d, 0x0a, 0x5d, 0x0a, 0x5d, 0x0a, 0xff, 0xff, 0xff, 0xff, 0xff, 0xff,
    0xff, 0xff, 0xff, 0xff, 0xff, 0xff, 0xff, 0xff, 0xff, 0xff, 0xff, 0xff,
    0xff, 0xff, 0xff, 0xff, 0xff, 0xff, 0xff, 0xff, 0xff, 0xff, 0xff, 0xff,
    0xff, 0xff, 0xff, 0xff, 0xff, 0xff, 0xff, 0xff, 0xff, 0xff, 0xff, 0xff,
    0xff, 0xff, 0xff, 0xff, 0xff, 0xff, 0xff, 0xff, 0xff, 0xff, 0xff, 0xff,
    0xff, 0xff, 0xff, 0xff, 0xff, 0xff, 0xff, 0xff, 0xff, 0xff, 0xff, 0xff,
    0xff, 0xff, 0xff, 0xff, 0xff, 0xff, 0xff, 0xff, 0xff, 0xff, 0xff, 0xff,
    0xff, 0xff, 0xff, 0xff, 0xff, 0xff, 0xff, 0xff, 0xff, 0xff, 0xff, 0xff,
    0xff, 0xff, 0xff, 0xff, 0xff, 0xff, 0xff, 0xff, 0xff, 0xff, 0xff, 0xff,
    0xff, 0xff, 0xff, 0xff, 0xff, 0xff, 0xff, 0xff, 0xff, 0xff, 0xff, 0xff,
    0xff, 0xff, 0xff, 0xff, 0xff, 0xff, 0xff, 0xff, 0xff, 0xff, 0xff, 0xff,
    0xff, 0xff, 0xff, 0xff, 0xff, 0xff, 0xff, 0xff, 0xff, 0xff, 0xff, 0xff,
    0xff, 0xff, 0xff, 0xff, 0xff, 0xff, 0xff, 0xff, 0xff, 0xff, 0xff, 0xff,
    0xff, 0xff, 0xff, 0xff, 0xff, 0xff, 0xff, 0xff, 0xff, 0xff, 0xff, 0xff,
    0xff, 0xff, 0xdf, 0xff, 0xff, 0xff, 0xff, 0xff, 0xff, 0xff, 0xdf, 0xff,
    0xff, 0xff, 0xdf, 0xff, 0xdf, 0xff, 0xdf, 0xff, 0xff, 0xff, 0xdf, 0xff,
    0xff, 0xff, 0xdf, 0xff, 0xdf, 0xff, 0xff, 0xff, 0xdf, 0xff, 0xdf, 0xff,
    0xff, 0xff, 0xff, 0xff, 0xdf, 0xff, 0xdf, 0xff, 0xdf, 0xff, 0xdf, 0xff,
    0xdf, 0xff, 0xdf, 0xff, 0xff, 0xff, 0xdf, 0xff, 0xdf, 0xff, 0xff, 0xff,
    0xdf, 0xf7, 0xdf, 0xff, 0xdf, 0xff, 0xdf, 0xff, 0xdf, 0xff, 0xdf, 0xff,
    0xdf, 0xff, 0xdf, 0xff, 0xdf, 0xff, 0xdf, 0xff, 0xdf, 0xf7, 0xdf, 0xf7,
    0xdf, 0xff, 0xdf, 0xff, 0xdf, 0xf7, 0xdf, 0xff, 0xdf, 0xf7, 0xdf, 0xff,
    0xdf, 0xff, 0xdf, 0xf7, 0xdf, 0xff, 0xdf, 0xff, 0xdf, 0xf7, 0xdf, 0xff,
    0xdf, 0xf7, 0xdf, 0xff, 0xdf, 0xff, 0xbf, 0xff, 0xdf, 0xf7, 0xdf, 0xf7,
    0xdf, 0xff, 0xdf, 0xf7, 0xbf, 0xf7, 0xdf, 0xff, 0xdf, 0xff, 0xbf, 0xf7,
    0xdf, 0xff, 0xdf, 0xff, 0xbf, 0xf7, 0xdf, 0xff, 0xdf, 0xff, 0xbf, 0xf7,
    0xdf, 0xff, 0xbf, 0xf7, 0xdf, 0xff, 0xdf, 0xff, 0xbf, 0xf7, 0xdf, 0xf7,
    0xdf, 0xff, 0xdf, 0xf7, 0xbf, 0xff, 0xdf, 0xf7, 0xdf, 0xff, 0xbf, 0xf7,
    0xdf, 0xf7, 0xdf, 0xff, 0xdf, 0xf7, 0xdf, 0xf7, 0xbf, 0xff, 0xdf, 0xf7,
    0xdf, 0xff, 0xbf, 0xf7, 0xdf, 0xf7, 0xdf, 0xff, 0xdf, 0xf7, 0xdf, 0xff,
    0xdf, 0xf7, 0xdf, 0xf7, 0xbf, 0xff, 0xdf, 0xff, 0xdf, 0xf7, 0xbf, 0xff,
    0xdf, 0xf7, 0xdf, 0xf7, 0xdf, 0xff, 0xdf, 0xf7, 0xdf, 0xf7, 0xdf, 0xff,
    0xbf, 0xff, 0xdf, 0xf7, 0xdf, 0xff, 0xdf, 0xff, 0xdf, 0xf7, 0xbf, 0xff,
    0xdf, 0xf7, 0xdf, 0xff, 0xdf, 0xf7, 0xdf, 0xff, 0xbf, 0xf7, 0xdf, 0xff,
    0x5d, 0x0a, 0x5d, 0x12, 0x5d, 0x0a, 0xdd, 0xd6, 0x1d, 0xe7, 0x1d, 0xdf,
    0x3d, 0xdf, 0x1d, 0xdf, 0x3d, 0xe7, 0x1e, 0xdf, 0x1d, 0xdf, 0x1d, 0xe7,
    0x3d, 0xdf, 0x1e, 0xdf, 0x1d, 0xdf, 0x1d, 0xdf, 0xfd, 0xde, 0xfd, 0xde,
    0xfd, 0xde, 0xfd, 0xd6, 0xfd, 0xd6, 0xdd, 0xd6, 0xdd, 0xd6, 0xdd, 0xd6,
    0xdc, 0xd6, 0xdd, 0xd6, 0xdd, 0xd6, 0xdc, 0xd6, 0xdd, 0xd6, 0xdd, 0xd6,
    0x7e, 0xef, 0x9f, 0xef, 0x7e, 0xf7, 0x9f, 0xef, 0x7e, 0xf7, 0x9f, 0xef,
    0x7f, 0xef, 0x9e, 0xf7, 0x9f, 0xef, 0x7e, 0xef, 0x9e, 0xf7, 0x7f, 0xef,
    0x9f, 0xef, 0x7e, 0xf7, 0x9f, 0xef, 0x7e, 0xef, 0x7e, 0xf7, 0x9f, 0xef,
    0x7e, 0xef, 0x7e, 0xf7, 0x9f, 0xef, 0x7e, 0xef, 0x7e, 0xef, 0x7e, 0xef,
    0x5e, 0xef, 0x7e, 0xef, 0x5e, 0xef, 0x5d, 0x0a, 0x5e, 0x0a, 0x5d, 0x12,
    0xff, 0xff, 0xff, 0xff, 0xff, 0xff, 0xff, 0xff, 0xff, 0xff, 0xff, 0xff,
    0xff, 0xff, 0xff, 0xff, 0xff, 0xff, 0xff, 0xff, 0xff, 0xff, 0xff, 0xff,
    0xff, 0xff, 0xff, 0xff, 0xff, 0xff, 0xff, 0xff, 0xff, 0xff, 0xff, 0xff,
    0xff, 0xff, 0xff, 0xff, 0xff, 0xff, 0xff, 0xff, 0xff, 0xff, 0xff, 0xff,
    0xff, 0xff, 0xff, 0xff, 0xff, 0xff, 0xff, 0xff, 0xff, 0xff, 0xff, 0xff,
    0xff, 0xff, 0xff, 0xff, 0xff, 0xff, 0xff, 0xff, 0xff, 0xff, 0xff, 0xff,
    0xff, 0xff, 0xff, 0xff, 0xff, 0xff, 0xff, 0xff, 0xff, 0xff, 0xff, 0xff,
    0xff, 0xff, 0xff, 0xff, 0xff, 0xff, 0xff, 0xff, 0xff, 0xff, 0xff, 0xff,
    0xff, 0xff, 0xff, 0xff, 0xff, 0xff, 0xff, 0xff, 0xff, 0xff, 0xff, 0xff,
    0xff, 0xff, 0xff, 0xff, 0xff, 0xff, 0xff, 0xff, 0xff, 0xff, 0xff, 0xff,
    0xff, 0xff, 0xff, 0xff, 0xff, 0xff, 0xff, 0xff, 0xff, 0xff, 0xff, 0xff,
    0xff, 0xff, 0xff, 0xff, 0xff, 0xff, 0xff, 0xff, 0xff, 0xff, 0xff, 0xff,
    0xff, 0xff, 0xff, 0xff, 0xff, 0xff, 0xff, 0xff, 0xff, 0xff, 0xff, 0xff,
    0xff, 0xff, 0xdf, 0xff, 0xff, 0xff, 0xff, 0xff, 0xff, 0xff, 0xdf, 0xff,
    0xff, 0xff, 0xff, 0xff, 0xff, 0xff, 0xff, 0xff, 0xdf, 0xff, 0xdf, 0xff,
    0xff, 0xff, 0xff, 0xff, 0xdf, 0xff, 0xff, 0xff, 0xff, 0xff, 0xdf, 0xff,
    0xff, 0xff, 0xdf, 0xff, 0xff, 0xff, 0xff, 0xff, 0xdf, 0xff, 0xdf, 0xff,
    0xff, 0xff, 0xdf, 0xff, 0xdf, 0xff, 0xff, 0xff, 0xdf, 0xff, 0xdf, 0xff,
    0xdf, 0xff, 0xdf, 0xff, 0xff, 0xf7, 0xdf, 0xff, 0xff, 0xff, 0xff, 0xf7,
    0xdf, 0xff, 0xdf, 0xf7, 0xdf, 0xff, 0xdf, 0xf7, 0xdf, 0xff, 0xdf, 0xff,
    0xdf, 0xff, 0xdf, 0xff, 0xdf, 0xf7, 0xdf, 0xff, 0xdf, 0xff, 0xdf, 0xf7,
    0xdf, 0xff, 0xdf, 0xff, 0xdf, 0xf7, 0xdf, 0xff, 0xdf, 0xf7, 0xdf, 0xff,
    0xdf, 0xff, 0xdf, 0xf7, 0xdf, 0xff, 0xdf, 0xff, 0xdf, 0xf7, 0xdf, 0xff,
    0xbf, 0xf7, 0xdf, 0xf7, 0xdf, 0xff, 0xbf, 0xff, 0xdf, 0xf7, 0xdf, 0xf7,
    0xdf, 0xff, 0xdf, 0xf7, 0xbf, 0xf7, 0xdf, 0xff, 0xdf, 0xf7, 0xdf, 0xf7,
    0xdf, 0xff, 0xdf, 0xf7, 0xdf, 0xff, 0xdf, 0xf7, 0xdf, 0xff, 0xbf, 0xf7,
    0xdf, 0xff, 0xdf, 0xf7, 0xbf, 0xff, 0xdf, 0xf7, 0xdf, 0xf7, 0xbf, 0xff,
    0xdf, 0xff, 0xdf, 0xf7, 0xdf, 0xff, 0xdf, 0xff, 0xbf, 0xf7, 0xdf, 0xff,
    0xdf, 0xf7, 0xdf, 0xff, 0xdf, 0xf7, 0xdf, 0xf7, 0xdf, 0xff, 0xbf, 0xff,
    0xdf, 0xf7, 0xbf, 0xff, 0xdf, 0xff, 0xdf, 0xf7, 0xbf, 0xff, 0xdf, 0xf7,
    0xdf, 0xf7, 0xbf, 0xff, 0xdf, 0xf7, 0xdf, 0xff, 0xdf, 0xf7, 0xbf, 0xff,
    0xdf, 0xff, 0xdf, 0xf7, 0xbf, 0xf7, 0xdf, 0xff, 0xdf, 0xf7, 0xbf, 0xff,
    0xdf, 0xf7, 0xdf, 0xff, 0xdf, 0xf7, 0xbf, 0xff, 0xdf, 0xf7, 0xdf, 0xff,
    0xbf, 0xf7, 0xdf, 0xff, 0xdf, 0xff, 0x5d, 0x0a, 0x5d, 0x0a, 0x5d, 0x0a,
    0xbd, 0xd6, 0x1d, 0xdf, 0x1d, 0xdf, 0x1e, 0xdf, 0x1d, 0xdf, 0x1e, 0xdf,
    0x3d, 0xe7, 0x1d, 0xdf, 0x1d, 0xdf, 0x1e, 0xdf, 0x1d, 0xdf, 0x1d, 0xdf,
    0xfd, 0xde, 0xfd, 0xde, 0xfd, 0xd6, 0xfd, 0xd6, 0xdd, 0xd6, 0xdd, 0xd6,
    0xdc, 0xd6, 0xdc, 0xd6, 0xfd, 0xd6, 0xdd, 0xd6, 0xdc, 0xd6, 0xdc, 0xd6,
    0xdd, 0xd6, 0xdc, 0xce, 0xbc, 0xce, 0x9e, 0xef, 0x7f, 0xf7, 0x7e, 0xef,
    0x9e, 0xef, 0x7f, 0xf7, 0x9e, 0xef, 0x7f, 0xef, 0x7f, 0xf7, 0x9e, 0xef,
    0x9f, 0xf7, 0x7e, 0xef, 0x9f, 0xef, 0x7e, 0xf7, 0x9f, 0xef, 0x9f, 0xf7,
    0x7e, 0xef, 0x9f, 0xef, 0x9f, 0xf7, 0x7e, 0xef, 0x9f, 0xef, 0x9f, 0xf7,
    0x7e, 0xef, 0x7f, 0xef, 0x7e, 0xef, 0x7e, 0xef, 0x5e, 0xef, 0x5e, 0xef,
    0x5d, 0x0a, 0x5d, 0x0a, 0x5d, 0x0a, 0xff, 0xff, 0xff, 0xff, 0xff, 0xff,
    0xff, 0xff, 0xff, 0xff, 0xff, 0xff, 0xff, 0xff, 0xff, 0xff, 0xff, 0xff,
    0xff, 0xff, 0xff, 0xff, 0xff, 0xff, 0xff, 0xff, 0xff, 0xff, 0xff, 0xff,
    0xff, 0xff, 0xff, 0xff, 0xff, 0xff, 0xff, 0xff, 0xff, 0xff, 0xff, 0xff,
    0xff, 0xff, 0xff, 0xff, 0xff, 0xff, 0xff, 0xff, 0xff, 0xff, 0xff, 0xff,
    0xff, 0xff, 0xff, 0xff, 0xff, 0xff, 0xff, 0xff, 0xff, 0xff, 0xff, 0xff,
    0xff, 0xff, 0xff, 0xff, 0xff, 0xff, 0xff, 0xff, 0xff, 0xff, 0xff, 0xff,
    0xff, 0xff, 0xff, 0xff, 0xff, 0xff, 0xff, 0xff, 0xff, 0xff, 0xff, 0xff,
    0xff, 0xff, 0xff, 0xff, 0xff, 0xff, 0xff, 0xff, 0xff, 0xff, 0xff, 0xff,
    0xff, 0xff, 0xff, 0xff, 0xff, 0xff, 0xff, 0xff, 0xff, 0xff, 0xff, 0xff,
    0xff, 0xff, 0xff, 0xff, 0xff, 0xff, 0xff, 0xff, 0xff, 0xff, 0xff, 0xff,
    0xff, 0xff, 0xff, 0xff, 0xff, 0xff, 0xff, 0xff, 0xff, 0xff, 0xff, 0xff,
    0xff, 0xff, 0xff, 0xff, 0xff, 0xff, 0xff, 0xff, 0xff, 0xff, 0xff, 0xff,
    0xff, 0xff, 0xff, 0xff, 0xff, 0xff, 0xff, 0xff, 0xff, 0xff, 0xdf, 0xff,
    0xff, 0xff, 0xff, 0xff, 0xff, 0xff, 0xdf, 0xff, 0xff, 0xff, 0xff, 0xff,
    0xdf, 0xff, 0xff, 0xff, 0xff, 0xff, 0xdf, 0xff, 0xdf, 0xff, 0xff, 0xff,
    0xdf, 0xff, 0xdf, 0xff, 0xff, 0xff, 0xff, 0xff, 0xdf, 0xff, 0xdf, 0xff,
    0xff, 0xff, 0xdf, 0xff, 0xdf, 0xff, 0xdf, 0xff, 0xff, 0xff, 0xdf, 0xff,
    0xdf, 0xff, 0xff, 0xf7, 0xdf, 0xff, 0xdf, 0xff, 0xff, 0xf7, 0xdf, 0xff,
    0xdf, 0xff, 0xdf, 0xff, 0xdf, 0xff, 0xdf, 0xf7, 0xdf, 0xff, 0xdf, 0xff,
    0xdf, 0xff, 0xdf, 0xf7, 0xdf, 0xf7, 0xdf, 0xff, 0xdf, 0xff, 0xdf, 0xf7,
    0xdf, 0xff, 0xdf, 0xff, 0xdf, 0xf7, 0xdf, 0xff, 0xdf, 0xff, 0xdf, 0xf7,
    0xdf, 0xff, 0xdf, 0xff, 0xdf, 0xf7, 0xdf, 0xff, 0xdf, 0xff, 0xdf, 0xf7,
    0xdf, 0xff, 0xbf, 0xf7, 0xdf, 0xf7, 0xdf, 0xff, 0xdf, 0xff, 0xdf, 0xf7,
    0xbf, 0xff, 0xdf, 0xff, 0xdf, 0xf7, 0xbf, 0xff, 0xdf, 0xff, 0xdf, 0xf7,
    0xdf, 0xff, 0xbf, 0xf7, 0xdf, 0xff, 0xdf, 0xf7, 0xbf, 0xff, 0xdf, 0xf7,
    0xdf, 0xff, 0xbf, 0xf7, 0xdf, 0xf7, 0xdf, 0xff, 0xdf, 0xff, 0xbf, 0xf7,
    0xdf, 0xff, 0xdf, 0xff, 0xdf, 0xf7, 0xbf, 0xf7, 0xdf, 0xff, 0xdf, 0xf7,
    0xbf, 0xf7, 0xdf, 0xff, 0xbf, 0xff, 0xdf, 0xf7, 0xbf, 0xff, 0xdf, 0xff,
    0xdf, 0xf7, 0xbf, 0xff, 0xdf, 0xf7, 0xdf, 0xf7, 0xdf, 0xff, 0xbf, 0xf7,
    0xdf, 0xff, 0xdf, 0xff, 0xdf, 0xf7, 0xdf, 0xff, 0xdf, 0xf7, 0xdf, 0xff,
    0xbf, 0xff, 0xdf, 0xf7, 0xdf, 0xf7, 0xbf, 0xff, 0xdf, 0xff, 0xdf, 0xf7,
    0xdf, 0xff, 0xdf, 0xf7, 0xbf, 0xf7, 0xdf, 0xff, 0xdf, 0xf7, 0xdf, 0xff,
    0xdf, 0xf7, 0xbf, 0xff, 0xdf, 0xf7, 0xdf, 0xff, 0xdf, 0xf7, 0xdf, 0xf7,
    0x5d, 0x0a, 0x5d, 0x0a, 0x5d, 0x12, 0xbc, 0xd6, 0xfd, 0xde, 0x1d, 0xdf,
    0x1d, 0xe7, 0x1e, 0xdf, 0x1d, 0xdf, 0x1d, 0xdf, 0x1e, 0xdf, 0x1d, 0xdf,
    0x1d, 0xdf, 0x1d, 0xdf, 0xfd, 0xde, 0xfd, 0xde, 0xfd, 0xde, 0xfd, 0xd6,
    0xfd, 0xd6, 0xdd, 0xde, 0xdd, 0xd6, 0xfd, 0xd6, 0xdc, 0xd6, 0xdd, 0xd6,
    0xdc, 0xd6, 0xdc, 0xd6, 0xdd, 0xd6, 0xbc, 0xd6, 0xbc, 0xd6, 0xbc, 0xce,
    0x7f, 0xef, 0x9e, 0xf7, 0x9f, 0xef, 0x7f, 0xef, 0x9e, 0xf7, 0x7e, 0xef,
    0x9e, 0xf7, 0x7f, 0xef, 0x7e, 0xef, 0x9f, 0xf7, 0x7f, 0xef, 0x7e, 0xf7,
    0x9e, 0xef, 0x7f, 0xef, 0x7e, 0xf7, 0x9e, 0xef, 0x7f, 0xef, 0x7e, 0xf7,
    0x9f, 0xef, 0x7e, 0xef, 0x7e, 0xf7, 0x7f, 0xef, 0x7e, 0xef, 0x7e, 0xef,
    0x7e, 0xef, 0x5e, 0xef, 0x5e, 0xef, 0x5d, 0x0a, 0x5d, 0x0a, 0x5d, 0x0a,
    0xff, 0xff, 0xff, 0xff, 0xff, 0xff, 0xff, 0xff, 0xff, 0xff, 0xff, 0xff,
    0xff, 0xff, 0xff, 0xff, 0xff, 0xff, 0xff, 0xff, 0xff, 0xff, 0xff, 0xff,
    0xff, 0xff, 0xff, 0xff, 0xff, 0xff, 0xff, 0xff, 0xff, 0xff, 0xff, 0xff,
    0xff, 0xff, 0xff, 0xff, 0xff, 0xff, 0xff, 0xff, 0xff, 0xff, 0xff, 0xff,
    0xff, 0xff, 0xff, 0xff, 0xff, 0xff, 0xff, 0xff, 0xff, 0xff, 0xff, 0xff,
    0xff, 0xff, 0xff, 0xff, 0xff, 0xff, 0xff, 0xff, 0xff, 0xff, 0xff, 0xff,
    0xff, 0xff, 0xff, 0xff, 0xff, 0xff, 0xff, 0xff, 0xff, 0xff, 0xff, 0xff,
    0xff, 0xff, 0xff, 0xff, 0xff, 0xff, 0xff, 0xff, 0xff, 0xff, 0xff, 0xff,
    0xff, 0xff, 0xff, 0xff, 0xff, 0xff, 0xff, 0xff, 0xff, 0xff, 0xff, 0xff,
    0xff, 0xff, 0xff, 0xff, 0xff, 0xff, 0xff, 0xff, 0xff, 0xff, 0xff, 0xff,
    0xff, 0xff, 0xff, 0xff, 0xff, 0xff, 0xff, 0xff, 0xff, 0xff, 0xff, 0xff,
    0xff, 0xff, 0xff, 0xff, 0xff, 0xff, 0xff, 0xff, 0xff, 0xff, 0xff, 0xff,
    0xff, 0xff, 0xff, 0xff, 0xff, 0xff, 0xff, 0xff, 0xff, 0xff, 0xdf, 0xff,
    0xff, 0xff, 0xff, 0xff, 0xff, 0xff, 0xdf, 0xff, 0xff, 0xff, 0xff, 0xff,
    0xff, 0xff, 0xdf, 0xff, 0xdf, 0xff, 0xdf, 0xff, 0xff, 0xff, 0xdf, 0xff,
    0xff, 0xff, 0xff, 0xff, 0xdf, 0xff, 0xff, 0xff, 0xdf, 0xff, 0xdf, 0xff,
    0xff, 0xff, 0xdf, 0xff, 0xff, 0xff, 0xdf, 0xff, 0xdf, 0xff, 0xdf, 0xff,
    0xdf, 0xff, 0xdf, 0xff, 0xdf, 0xff, 0xdf, 0xff, 0xdf, 0xff, 0xff, 0xff,
    0xdf, 0xf7, 0xdf, 0xff, 0xdf, 0xff, 0xdf, 0xf7, 0xdf, 0xff, 0xdf, 0xff,
    0xdf, 0xff, 0xdf, 0xff, 0xdf, 0xff, 0xdf, 0xff, 0xdf, 0xff, 0xdf, 0xf7,
    0xdf, 0xff, 0xdf, 0xf7, 0xdf, 0xff, 0xdf, 0xff, 0xdf, 0xf7, 0xdf, 0xff,
    0xdf, 0xf7, 0xdf, 0xff, 0xdf, 0xff, 0xdf, 0xf7, 0xdf, 0xff, 0xdf, 0xf7,
    0xdf, 0xff, 0xdf, 0xf7, 0xdf, 0xff, 0xdf, 0xff, 0xdf, 0xf7, 0xbf, 0xff,
    0xdf, 0xff, 0xdf, 0xf7, 0xbf, 0xf7, 0xdf, 0xf7, 0xdf, 0xff, 0xdf, 0xf7,
    0xbf, 0xf7, 0xdf, 0xff, 0xdf, 0xff, 0xbf, 0xf7, 0xdf, 0xff, 0xdf, 0xff,
    0xbf, 0xf7, 0xdf, 0xf7, 0xdf, 0xff, 0xbf, 0xff, 0xdf, 0xf7, 0xdf, 0xff,
    0xdf, 0xf7, 0xbf, 0xf7, 0xdf, 0xff, 0xdf, 0xf7, 0xdf, 0xff, 0xdf, 0xf7,
    0xdf, 0xff, 0xbf, 0xff, 0xdf, 0xf7, 0xdf, 0xf7, 0xdf, 0xff, 0xdf, 0xf7,
    0xdf, 0xf7, 0xbf, 0xff, 0xdf, 0xf7, 0xdf, 0xff, 0xbf, 0xff, 0xdf, 0xf7,
    0xdf, 0xff, 0xdf, 0xf7, 0xdf, 0xf7, 0xbf, 0xff, 0xdf, 0xf7, 0xdf, 0xff,
    0xbf, 0xf7, 0xdf, 0xff, 0xdf, 0xf7, 0xbf, 0xf7, 0xdf, 0xff, 0xdf, 0xf7,
    0xdf, 0xf7, 0xbf, 0xff, 0xdf, 0xff, 0xdf, 0xf7, 0xbf, 0xff, 0xdf, 0xff,
    0xdf, 0xf7, 0xbf, 0xff, 0xdf, 0xf7, 0xdf, 0xff, 0xdf, 0xf7, 0xdf, 0xff,
    0xbf, 0xff, 0xdf, 0xf7, 0xbf, 0xff, 0x5d, 0x0a, 0x5e, 0x0a, 0x5d, 0x0a,
    0xbc, 0xd6, 0xdd, 0xd6, 0x1d, 0xdf, 0x1d, 0xdf, 0x1e, 0xdf, 0x1d, 0xe7,
    0x3d, 0xdf, 0x1d, 0xdf, 0x1e, 0xdf, 0x1d, 0xdf, 0xfd, 0xde, 0xfd, 0xde,
    0xfd, 0xde, 0xfd, 0xd6, 0xfd, 0xd6, 0xdd, 0xd6, 0xdc, 0xd6, 0xdc, 0xd6,
    0xfd, 0xd6, 0xdd, 0xd6, 0xdc, 0xd6, 0xdd, 0xd6, 0xdd, 0xd6, 0xdc, 0xce,
    0xbd, 0xce, 0xbc, 0xce, 0xbc, 0xce, 0x7e, 0xef, 0x9f, 0xef, 0x7e, 0xf7,
    0x9f, 0xef, 0x7f, 0xef, 0x9e, 0xf7, 0x9f, 0xef, 0x7e, 0xef, 0x9e, 0xf7,
    0x9f, 0xef, 0x7e, 0xef, 0x9f, 0xf7, 0x9f, 0xef, 0x7e, 0xef, 0x9f, 0xf7,
    0x9f, 0xef, 0x7e, 0xf7, 0x9f, 0xef, 0x9e, 0xf7, 0x7f, 0xef, 0x9f, 0xf7,
    0x7e, 0xef, 0x7e, 0xef, 0x7f, 0xef, 0x5e, 0xef, 0x7e, 0xef, 0x5e, 0xe7,
    0x5d, 0x0a, 0x5d, 0x12, 0x5e, 0x0a, 0xff, 0xff, 0xff, 0xff, 0xff, 0xff,
    0xff, 0xff, 0xff, 0xff, 0xff, 0xff, 0xff, 0xff, 0xff, 0xff, 0xff, 0xff,
    0xff, 0xff, 0xff, 0xff, 0xff, 0xff, 0xff, 0xff, 0xff, 0xff, 0xff, 0xff,
    0xff, 0xff, 0xff, 0xff, 0xff, 0xff, 0xff, 0xff, 0xff, 0xff, 0xff, 0xff,
    0xff, 0xff, 0xff, 0xff, 0xff, 0xff, 0xff, 0xff, 0xff, 0xff, 0xff, 0xff,
    0xff, 0xff, 0xff, 0xff, 0xff, 0xff, 0xff, 0xff, 0xff, 0xff, 0xff, 0xff,
    0xff, 0xff, 0xff, 0xff, 0xff, 0xff, 0xff, 0xff, 0xff, 0xff, 0xff, 0xff,
    0xff, 0xff, 0xff, 0xff, 0xff, 0xff, 0xff, 0xff, 0xff, 0xff, 0xff, 0xff,
    0xff, 0xff, 0xff, 0xff, 0xff, 0xff, 0xff, 0xff, 0xff, 0xff, 0xff, 0xff,
    0xff, 0xff, 0xff, 0xff, 0xff, 0xff, 0xff, 0xff, 0xff, 0xff, 0xff, 0xff,
    0xff, 0xff, 0xff, 0xff, 0xff, 0xff, 0xff, 0xff, 0xff, 0xff, 0xff, 0xff,
    0xff, 0xff, 0xff, 0xff, 0xff, 0xff, 0xff, 0xff, 0xff, 0xff, 0xff, 0xff,
    0xff, 0xff, 0xff, 0xff, 0xff, 0xff, 0xff, 0xff, 0xff, 0xff, 0xff, 0xff,
    0xff, 0xff, 0xff, 0xff, 0xff, 0xff, 0xdf, 0xff, 0xff, 0xff, 0xff, 0xff,
    0xff, 0xff, 0xdf, 0xff, 0xff, 0xff, 0xff, 0xff, 0xdf, 0xff, 0xff, 0xff,
    0xff, 0xff, 0xdf, 0xff, 0xdf, 0xff, 0xff, 0xff, 0xdf, 0xff, 0xff, 0xff,
    0xff, 0xff, 0xdf, 0xff, 0xff, 0xff, 0xff, 0xff, 0xdf, 0xff, 0xdf, 0xff,
    0xdf, 0xff, 0xdf, 0xff, 0xff, 0xff, 0xff, 0xff, 0xdf, 0xff, 0xff, 0xf7,
    0xdf, 0xff, 0xdf, 0xff, 0xdf, 0xff, 0xff, 0xff, 0xdf, 0xff, 0xdf, 0xff,
    0xff, 0xff, 0xdf, 0xf7, 0xdf, 0xff, 0xdf, 0xff, 0xdf, 0xf7, 0xdf, 0xf7,
    0xdf, 0xff, 0xdf, 0xff, 0xdf, 0xff, 0xdf, 0xf7, 0xdf, 0xff, 0xdf, 0xff,
    0xdf, 0xf7, 0xdf, 0xff, 0xdf, 0xff, 0xdf, 0xf7, 0xdf, 0xff, 0xdf, 0xf7,
    0xdf, 0xff, 0xdf, 0xff, 0xdf, 0xf7, 0xdf, 0xff, 0xdf, 0xff, 0xbf, 0xf7,
    0xdf, 0xf7, 0xdf, 0xff, 0xdf, 0xf7, 0xbf, 0xf7, 0xdf, 0xff, 0xdf, 0xff,
    0xdf, 0xf7, 0xdf, 0xff, 0xbf, 0xff, 0xdf, 0xf7, 0xdf, 0xf7, 0xdf, 0xff,
    0xdf, 0xf7, 0xdf, 0xf7, 0xdf, 0xff, 0xdf, 0xff, 0xdf, 0xf7, 0xdf, 0xff,
    0xdf, 0xf7, 0xdf, 0xff, 0xbf, 0xff, 0xdf, 0xf7, 0xdf, 0xff, 0xdf, 0xf7,
    0xbf, 0xff, 0xbf, 0xf7, 0xdf, 0xf7, 0xdf, 0xff, 0xdf, 0xf7, 0xbf, 0xff,
    0xdf, 0xff, 0xdf, 0xf7, 0xdf, 0xff, 0xdf, 0xff, 0xdf, 0xf7, 0xdf, 0xf7,
    0xdf, 0xff, 0xdf, 0xf7, 0xbf, 0xff, 0xdf, 0xff, 0xdf, 0xf7, 0xdf, 0xff,
    0xbf, 0xf7, 0xdf, 0xf7, 0xdf, 0xff, 0xbf, 0xf7, 0xdf, 0xff, 0xdf, 0xff,
    0xdf, 0xf7, 0xdf, 0xff, 0xdf, 0xff, 0xbf, 0xf7, 0xdf, 0xf7, 0xdf, 0xff,
    0xdf, 0xf7, 0xdf, 0xf7, 0xdf, 0xff, 0xdf, 0xf7, 0xbf, 0xff, 0xdf, 0xf7,
    0xdf, 0xff, 0xbf, 0xf7, 0xdf, 0xf7, 0xdf, 0xff, 0xdf, 0xff, 0xdf, 0xff,
    0x5d, 0x0a, 0x5d, 0x0a, 0x5d, 0x0a, 0xbd, 0xd6, 0xdd, 0xd6, 0xfd, 0xde,
    0x1d, 0xdf, 0x1d, 0xdf, 0x1d, 0xdf, 0x1d, 0xdf, 0x1d, 0xdf, 0x1d, 0xdf,
    0xfd, 0xde, 0xfd, 0xde, 0xfd, 0xd6, 0xfd, 0xd6, 0xdd, 0xd6, 0xfd, 0xde,
    0xdd, 0xd6, 0xdc, 0xd6, 0xdd, 0xd6, 0xdc, 0xd6, 0xdc, 0xd6, 0xdd, 0xd6,
    0xdc, 0xd6, 0xbc, 0xce, 0xbc, 0xce, 0xbc, 0xce, 0xbc, 0xce, 0xbc, 0xce,
    0x7e, 0xef, 0x9f, 0xf7, 0x7e, 0xef, 0x7e, 0xf7, 0x9f, 0xef, 0x7f, 0xef,
    0x7f, 0xf7, 0x9e, 0xef, 0x7f, 0xf7, 0x7e, 0xef, 0x9e, 0xef, 0x7f, 0xf7,
    0x7e, 0xef, 0x9e, 0xf7, 0x7f, 0xef, 0x7e, 0xef, 0x9f, 0xf7, 0x7e, 0xef,
    0x7e, 0xef, 0x9f, 0xf7, 0x9f, 0xef, 0x7e, 0xef, 0x7e, 0xef, 0x7f, 0xef,
    0x7e, 0xef, 0x5e, 0xef, 0x5e, 0xef, 0x5d, 0x0a, 0x5d, 0x0a, 0x5d, 0x12,
    0xff, 0xff, 0xff, 0xff, 0xff, 0xff, 0xff, 0xff, 0xff, 0xff, 0xff, 0xff,
    0xff, 0xff, 0xff, 0xff, 0xff, 0xff, 0xff, 0xff, 0xff, 0xff, 0xff, 0xff,
    0xff, 0xff, 0xff, 0xff, 0xff, 0xff, 0xff, 0xff, 0xff, 0xff, 0xff, 0xff,
    0xff, 0xff, 0xff, 0xff, 0xff, 0xff, 0xff, 0xff, 0xff, 0xff, 0xff, 0xff,
    0xff, 0xff, 0xff, 0xff, 0xff, 0xff, 0xff, 0xff, 0xff, 0xff, 0xff, 0xff,
    0xff, 0xff, 0xff, 0xff, 0xff, 0xff, 0xff, 0xff, 0xff, 0xff, 0xff, 0xff,
    0xff, 0xff, 0xff, 0xff, 0xff, 0xff, 0xff, 0xff, 0xff, 0xff, 0xff, 0xff,
    0xff, 0xff, 0xff, 0xff, 0xff, 0xff, 0xff, 0xff, 0xff, 0xff, 0xff, 0xff,
    0xff, 0xff, 0xff, 0xff, 0xff, 0xff, 0xff, 0xff, 0xff, 0xff, 0xff, 0xff,
    0xff, 0xff, 0xff, 0xff, 0xff, 0xff, 0xff, 0xff, 0xff, 0xff, 0xff, 0xff,
    0xff, 0xff, 0xff, 0xff, 0xff, 0xff, 0xff, 0xff, 0xff, 0xff, 0xff, 0xff,
    0xff, 0xff, 0xff, 0xff, 0xff, 0xff, 0xff, 0xff, 0xff, 0xff, 0xff, 0xff,
    0xff, 0xff, 0xff, 0xff, 0xff, 0xff, 0xdf, 0xff, 0xff, 0xff, 0xff, 0xff,
    0xff, 0xff, 0xdf, 0xff, 0xff, 0xff, 0xff, 0xff, 0xff, 0xff, 0xff, 0xff,
    0xdf, 0xff, 0xdf, 0xff, 0xff, 0xff, 0xff, 0xff, 0xdf, 0xff, 0xff, 0xff,
    0xdf, 0xff, 0xdf, 0xff, 0xff, 0xff, 0xdf, 0xff, 0xdf, 0xff, 0xff, 0xff,
    0xdf, 0xff, 0xdf, 0xff, 0xdf, 0xff, 0xff, 0xff, 0xdf, 0xff, 0xdf, 0xff,
    0xdf, 0xff, 0xdf, 0xff, 0xdf, 0xff, 0xff, 0xff, 0xdf, 0xf7, 0xdf, 0xff,
    0xdf, 0xff, 0xff, 0xf7, 0xdf, 0xff, 0xdf, 0xff, 0xdf, 0xff, 0xdf, 0xf7,
    0xdf, 0xff, 0xdf, 0xff, 0xdf, 0xff, 0xdf, 0xf7, 0xdf, 0xf7, 0xdf, 0xff,
    0xdf, 0xff, 0xdf, 0xf7, 0xdf, 0xff, 0xdf, 0xf7, 0xdf, 0xff, 0xdf, 0xff,
    0xdf, 0xf7, 0xdf, 0xff, 0xdf, 0xff, 0xdf, 0xf7, 0xdf, 0xff, 0xdf, 0xff,
    0xdf, 0xf7, 0xbf, 0xff, 0xdf, 0xf7, 0xdf, 0xff, 0xbf, 0xff, 0xdf, 0xf7,
    0xdf, 0xf7, 0xdf, 0xff, 0xbf, 0xff, 0xdf, 0xf7, 0xdf, 0xf7, 0xdf, 0xff,
    0xdf, 0xff, 0xbf, 0xf7, 0xdf, 0xff, 0xdf, 0xf7, 0xbf, 0xf7, 0xbf, 0xff,
    0xdf, 0xf7, 0xbf, 0xff, 0xbf, 0xf7, 0xdf, 0xf7, 0xdf, 0xff, 0xdf, 0xf7,
    0xbf, 0xff, 0xdf, 0xf7, 0xdf, 0xff, 0xdf, 0xff, 0xdf, 0xf7, 0xbf, 0xff,
    0xdf, 0xf7, 0xdf, 0xf7, 0xdf, 0xff, 0xbf, 0xf7, 0xdf, 0xf7, 0xbf, 0xff,
    0xbf, 0xff, 0xdf, 0xf7, 0xbf, 0xff, 0xdf, 0xf7, 0xdf, 0xf7, 0xdf, 0xff,
    0xbf, 0xf7, 0xdf, 0xff, 0xdf, 0xff, 0xdf, 0xf7, 0xdf, 0xff, 0xdf, 0xff,
    0xdf, 0xf7, 0xbf, 0xf7, 0xdf, 0xff, 0xdf, 0xf7, 0xbf, 0xff, 0xdf, 0xff,
    0xdf, 0xf7, 0xdf, 0xff, 0xbf, 0xff, 0xdf, 0xf7, 0xbf, 0xff, 0xdf, 0xf7,
    0xdf, 0xff, 0xdf, 0xf7, 0xdf, 0xff, 0xbf, 0xf7, 0xdf, 0xff, 0xdf, 0xf7,
    0xbf, 0xf7, 0xdf, 0xf7, 0xdf, 0xff, 0x5d, 0x0a, 0x5d, 0x0a, 0x5d, 0x12,
    0xbc, 0xd6, 0xbc, 0xd6, 0xfd, 0xd6, 0x1d, 0xdf, 0x1d, 0xdf, 0x1d, 0xdf,
    0x1e, 0xdf, 0x1d, 0xdf, 0xfd, 0xde, 0xfd, 0xde, 0xfd, 0xde, 0xfd, 0xd6,
    0xfd, 0xd6, 0xdd, 0xd6, 0xdd, 0xd6, 0xdc, 0xd6, 0xdd, 0xd6, 0xdd, 0xd6,
    0xdc, 0xd6, 0xdd, 0xd6, 0xbc, 0xce, 0xbc, 0xce, 0xbc, 0xd6, 0xbc, 0xce,
    0x9c, 0xce, 0x9c, 0xd6, 0xbc, 0xce, 0x9f, 0xef, 0x7e, 0xef, 0x9f, 0xf7,
    0x9e, 0xef, 0x7e, 0xf7, 0x9f, 0xef, 0x9e, 0xef, 0x7f, 0xf7, 0x9f, 0xef,
    0x9e, 0xf7, 0x7f, 0xef, 0x9f, 0xef, 0x9e, 0xf7, 0x7f, 0xef, 0x9e, 0xef,
    0x7e, 0xf7, 0x9f, 0xef, 0x9f, 0xef, 0x7e, 0xf7, 0x7e, 0xef, 0x9f, 0xf7,
    0x7e, 0xef, 0x7e, 0xef, 0x7e, 0xef, 0x7e, 0xef, 0x5e, 0xef, 0x5e, 0xef,
    0x5d, 0x0a, 0x5d, 0x0a, 0x5d, 0x0a, 0xff, 0xff, 0xff, 0xff, 0xff, 0xff,
    0xff, 0xff, 0xff, 0xff, 0xff, 0xff, 0xff, 0xff, 0xff, 0xff, 0xff, 0xff,
    0xff, 0xff, 0xff, 0xff, 0xff, 0xff, 0xff, 0xff, 0xff, 0xff, 0xff, 0xff,
    0xff, 0xff, 0xff, 0xff, 0xff, 0xff, 0xff, 0xff, 0xff, 0xff, 0xff, 0xff,
    0xff, 0xff, 0xff, 0xff, 0xff, 0xff, 0xff, 0xff, 0xff, 0xff, 0xff, 0xff,
    0xff, 0xff, 0xff, 0xff, 0xff, 0xff, 0xff, 0xff, 0xff, 0xff, 0xff, 0xff,
    0xff, 0xff, 0xff, 0xff, 0xff, 0xff, 0xff, 0xff, 0xff, 0xff, 0xff, 0xff,
    0xff, 0xff, 0xff, 0xff, 0xff, 0xff, 0xff, 0xff, 0xff, 0xff, 0xff, 0xff,
    0xff, 0xff, 0xff, 0xff, 0xff, 0xff, 0xff, 0xff, 0xff, 0xff, 0xff, 0xff,
    0xff, 0xff, 0xff, 0xff, 0xff, 0xff, 0xff, 0xff, 0xff, 0xff, 0xff, 0xff,
    0xff, 0xff, 0xff, 0xff, 0xff, 0xff, 0xff, 0xff, 0xff, 0xff, 0xff, 0xff,
    0xff, 0xff, 0xff, 0xff, 0xff, 0xff, 0xff, 0xff, 0xff, 0xff, 0xff, 0xff,
    0xff, 0xff, 0xff, 0xff, 0xff, 0xff, 0xff, 0xff, 0xff, 0xff, 0xff, 0xff,
    0xff, 0xff, 0xdf, 0xff, 0xff, 0xff, 0xff, 0xff, 0xff, 0xff, 0xdf, 0xff,
    0xff, 0xff, 0xff, 0xff, 0xdf, 0xff, 0xdf, 0xff, 0xff, 0xff, 0xdf, 0xff,
    0xdf, 0xff, 0xff, 0xff, 0xff, 0xff, 0xdf, 0xff, 0xff, 0xff, 0xff, 0xff,
    0xdf, 0xff, 0xff, 0xff, 0xdf, 0xff, 0xdf, 0xff, 0xdf, 0xff, 0xff, 0xff,
    0xdf, 0xff, 0xdf, 0xff, 0xdf, 0xff, 0xff, 0xf7, 0xdf, 0xff, 0xdf, 0xff,
    0xdf, 0xff, 0xff, 0xf7, 0xdf, 0xff, 0xdf, 0xff, 0xdf, 0xf7, 0xdf, 0xff,
    0xdf, 0xff, 0xdf, 0xf7, 0xdf, 0xff, 0xdf, 0xff, 0xdf, 0xff, 0xdf, 0xf7,
    0xdf, 0xff, 0xdf, 0xff, 0xdf, 0xf7, 0xdf, 0xff, 0xdf, 0xff, 0xdf, 0xf7,
    0xdf, 0xff, 0xdf, 0xf7, 0xdf, 0xff, 0xdf, 0xff, 0xdf, 0xf7, 0xdf, 0xff,
    0xdf, 0xf7, 0xdf, 0xff, 0xdf, 0xff, 0xdf, 0xf7, 0xdf, 0xf7, 0xdf, 0xff,
    0xdf, 0xf7, 0xbf, 0xff, 0xdf, 0xff, 0xdf, 0xf7, 0xbf, 0xff, 0xdf, 0xf7,
    0xdf, 0xf7, 0xbf, 0xff, 0xdf, 0xf7, 0xdf, 0xf7, 0xbf, 0xff, 0xdf, 0xff,
    0xdf, 0xff, 0xdf, 0xf7, 0xdf, 0xff, 0xdf, 0xf7, 0xdf, 0xff, 0xdf, 0xf7,
    0xbf, 0xff, 0xdf, 0xf7, 0xdf, 0xf7, 0xdf, 0xff, 0xbf, 0xf7, 0xdf, 0xf7,
    0xdf, 0xff, 0xdf, 0xf7, 0xdf, 0xff, 0xbf, 0xff, 0xdf, 0xf7, 0xdf, 0xff,
    0xdf, 0xff, 0xdf, 0xf7, 0xdf, 0xf7, 0xdf, 0xff, 0xdf, 0xf7, 0xdf, 0xff,
    0xbf, 0xff, 0xdf, 0xf7, 0xdf, 0xf7, 0xdf, 0xff, 0xbf, 0xf7, 0xdf, 0xf7,
    0xbf, 0xff, 0xdf, 0xf7, 0xdf, 0xff, 0xbf, 0xf7, 0xdf, 0xff, 0xdf, 0xf7,
    0xbf, 0xf7, 0xdf, 0xff, 0xdf, 0xf7, 0xdf, 0xf7, 0xbf, 0xff, 0xdf, 0xf7,
    0xdf, 0xff, 0xdf, 0xf7, 0xbf, 0xff, 0xdf, 0xf7, 0xdf, 0xff, 0xbf, 0xf7,
    0xdf, 0xff, 0xdf, 0xff, 0xdf, 0xff, 0xbf, 0xf7, 0xdf, 0xff, 0xdf, 0xf7,
    0x5d, 0x0a, 0x5d, 0x0a, 0x5d, 0x0a, 0xbc, 0xce, 0xbd, 0xd6, 0xdd, 0xd6,
    0x1d, 0xdf, 0x1d, 0xdf, 0x1d, 0xdf, 0x1e, 0xdf, 0xfd, 0xde, 0xfd, 0xde,
    0xfd, 0xde, 0xfd, 0xd6, 0xfd, 0xd6, 0xdd, 0xde, 0xdc, 0xd6, 0xdc, 0xd6,
    0xfd, 0xd6, 0xdc, 0xd6, 0xdc, 0xd6, 0xdd, 0xd6, 0xdd, 0xd6, 0xbc, 0xce,
    0xbd, 0xd6, 0xbc, 0xce, 0xbc, 0xce, 0xbd, 0xce, 0x9c, 0xce, 0x9c, 0xce,
    0x7e, 0xef, 0x7f, 0xf7, 0x9f, 0xef, 0x7e, 0xef, 0x7f, 0xf7, 0x9e, 0xef,
    0x7e, 0xef, 0x7f, 0xf7, 0x9e, 0xef, 0x7e, 0xef, 0x7f, 0xf7, 0x9e, 0xef,
    0x7f, 0xf7, 0x9f, 0xef, 0x9e, 0xf7, 0x7f, 0xef, 0x7e, 0xef, 0x9f, 0xf7,
    0x9f, 0xef, 0x7e, 0xef, 0x9f, 0xf7, 0x7e, 0xef, 0x7f, 0xef, 0x7e, 0xef,
    0x7e, 0xef, 0x7e, 0xef, 0x5e, 0xe7, 0x5d, 0x0a, 0x5d, 0x0a, 0x5d, 0x0a,
    0xff, 0xff, 0xff, 0xff, 0xff, 0xff, 0xff, 0xff, 0xff, 0xff, 0xff, 0xff,
    0xff, 0xff, 0xff, 0xff, 0xff, 0xff, 0xff, 0xff, 0xff, 0xff, 0xff, 0xff,
    0xff, 0xff, 0xff, 0xff, 0xff, 0xff, 0xff, 0xff, 0xff, 0xff, 0xff, 0xff,
    0xff, 0xff, 0xff, 0xff, 0xff, 0xff, 0xff, 0xff, 0xff, 0xff, 0xff, 0xff,
    0xff, 0xff, 0xff, 0xff, 0xff, 0xff, 0xff, 0xff, 0xff, 0xff, 0xff, 0xff,
    0xff, 0xff, 0xff, 0xff, 0xff, 0xff, 0xff, 0xff, 0xff, 0xff, 0xff, 0xff,
    0xff, 0xff, 0xff, 0xff, 0xff, 0xff, 0xff, 0xff, 0xff, 0xff, 0xff, 0xff,
    0xff, 0xff, 0xff, 0xff, 0xff, 0xff, 0xff, 0xff, 0xff, 0xff, 0xff, 0xff,
    0xff, 0xff, 0xff, 0xff, 0xff, 0xff, 0xff, 0xff, 0xff, 0xff, 0xff, 0xff,
    0xff, 0xff, 0xff, 0xff, 0xff, 0xff, 0xff, 0xff, 0xff, 0xff, 0xff, 0xff,
    0xff, 0xff, 0xff, 0xff, 0xff, 0xff, 0xff, 0xff, 0xff, 0xff, 0xff, 0xff,
    0xff, 0xff, 0xff, 0xff, 0xff, 0xff, 0xff, 0xff, 0xff, 0xff, 0xff, 0xff,
    0xff, 0xff, 0xdf, 0xff, 0xff, 0xff, 0xff, 0xff, 0xff, 0xff, 0xdf, 0xff,
    0xff, 0xff, 0xff, 0xff, 0xff, 0xff, 0xdf, 0xff, 0xdf, 0xff, 0xff, 0xff,
    0xff, 0xff, 0xdf, 0xff, 0xff, 0xff, 0xdf, 0xff, 0xdf, 0xff, 0xff, 0xff,
    0xdf, 0xff, 0xdf, 0xff, 0xff, 0xff, 0xdf, 0xff, 0xdf, 0xff, 0xdf, 0xff,
    0xdf, 0xff, 0xff, 0xff, 0xdf, 0xff, 0xdf, 0xff, 0xdf, 0xff, 0xff, 0xff,
    0xdf, 0xff, 0xdf, 0xff, 0xff, 0xf7, 0xdf, 0xff, 0xdf, 0xff, 0xff, 0xff,
    0xdf, 0xff, 0xdf, 0xff, 0xdf, 0xf7, 0xdf, 0xff, 0xdf, 0xff, 0xdf, 0xff,
    0xdf, 0xff, 0xdf, 0xf7, 0xdf, 0xff, 0xdf, 0xff, 0xdf, 0xf7, 0xdf, 0xff,
    0xdf, 0xf7, 0xdf, 0xff, 0xdf, 0xff, 0xdf, 0xf7, 0xdf, 0xff, 0xdf, 0xf7,
    0xdf, 0xff, 0xdf, 0xff, 0xdf, 0xf7, 0xdf, 0xff, 0xdf, 0xf7, 0xbf, 0xff,
    0xdf, 0xf7, 0xbf, 0xff, 0xdf, 0xff, 0xdf, 0xf7, 0xdf, 0xf7, 0xdf, 0xff,
    0xdf, 0xf7, 0xdf, 0xff, 0xdf, 0xff, 0xdf, 0xf7, 0xbf, 0xff, 0xdf, 0xff,
    0xdf, 0xf7, 0xdf, 0xf7, 0xbf, 0xff, 0xdf, 0xf7, 0xdf, 0xff, 0xbf, 0xf7,
    0xdf, 0xff, 0xdf, 0xf7, 0xdf, 0xff, 0xdf, 0xff, 0xbf, 0xf7, 0xdf, 0xff,
    0xdf, 0xff, 0xdf, 0xf7, 0xbf, 0xff, 0xdf, 0xf7, 0xdf, 0xf7, 0xdf, 0xff,
    0xdf, 0xf7, 0xbf, 0xff, 0xdf, 0xf7, 0xdf, 0xff, 0xbf, 0xff, 0xdf, 0xf7,
    0xdf, 0xf7, 0xdf, 0xff, 0xdf, 0xf7, 0xbf, 0xff, 0xdf, 0xff, 0xdf, 0xf7,
    0xbf, 0xff, 0xdf, 0xf7, 0xdf, 0xff, 0xdf, 0xf7, 0xbf, 0xff, 0xdf, 0xf7,
    0xdf, 0xff, 0xdf, 0xff, 0xdf, 0xf7, 0xdf, 0xff, 0xbf, 0xff, 0xdf, 0xf7,
    0xdf, 0xff, 0xdf, 0xf7, 0xdf, 0xf7, 0xdf, 0xff, 0xbf, 0xff, 0xdf, 0xf7,
    0xdf, 0xff, 0xbf, 0xf7, 0xdf, 0xf7, 0xdf, 0xff, 0xdf, 0xf7, 0xbf, 0xf7,
    0xdf, 0xff, 0xdf, 0xff, 0xbf, 0xff, 0x5e, 0x0a, 0x5d, 0x0a, 0x5d, 0x0a,
    0xbc, 0xd6, 0xbd, 0xd6, 0xdc, 0xd6, 0xfd, 0xde, 0x1d, 0xdf, 0xfd, 0xde,
    0x1d, 0xdf, 0x1d, 0xdf, 0xfd, 0xde, 0xfd, 0xd6, 0xfd, 0xd6, 0xdd, 0xd6,
    0xdd, 0xd6, 0xfc, 0xd6, 0xdd, 0xd6, 0xdd, 0xd6, 0xdc, 0xd6, 0xdc, 0xd6,
    0xbc, 0xce, 0xbc, 0xce, 0xbc, 0xce, 0xbc, 0xce, 0x9c, 0xce, 0xbc, 0xce,
    0x9c, 0xce, 0x9c, 0xce, 0x9c, 0xce, 0x7e, 0xef, 0x9f, 0xf7, 0x9e, 0xef,
    0x7f, 0xef, 0x9f, 0xf7, 0x9e, 0xef, 0x7f, 0xf7, 0x9f, 0xef, 0x9e, 0xef,
    0x7f, 0xf7, 0x9e, 0xef, 0x7e, 0xef, 0x7f, 0xef, 0x9e, 0xf7, 0x7f, 0xef,
    0x9e, 0xef, 0x7e, 0xf7, 0x7f, 0xf7, 0x9e, 0xef, 0x7f, 0xef, 0x9e, 0xf7,
    0x7e, 0xef, 0x7f, 0xef, 0x7e, 0xef, 0x5e, 0xef, 0x5e, 0xef, 0x5e, 0xef,
    0x5d, 0x0a, 0x5e, 0x12, 0x5d, 0x0a, 0xff, 0xff, 0xff, 0xff, 0xff, 0xff,
    0xff, 0xff, 0xff, 0xff, 0xff, 0xff, 0xff, 0xff, 0xff, 0xff, 0xff, 0xff,
    0xff, 0xff, 0xff, 0xff, 0xff, 0xff, 0xff, 0xff, 0xff, 0xff, 0xff, 0xff,
    0xff, 0xff, 0xff, 0xff, 0xff, 0xff, 0xff, 0xff, 0xff, 0xff, 0xff, 0xff,
    0xff, 0xff, 0xff, 0xff, 0xff, 0xff, 0xff, 0xff, 0xff, 0xff, 0xff, 0xff,
    0xff, 0xff, 0xff, 0xff, 0xff, 0xff, 0xff, 0xff, 0xff, 0xff, 0xff, 0xff,
    0xff, 0xff, 0xff, 0xff, 0xff, 0xff, 0xff, 0xff, 0xff, 0xff, 0xff, 0xff,
    0xff, 0xff, 0xff, 0xff, 0xff, 0xff, 0xff, 0xff, 0xff, 0xff, 0xff, 0xff,
    0xff, 0xff, 0xff, 0xff, 0xff, 0xff, 0xff, 0xff, 0xff, 0xff, 0xff, 0xff,
    0xff, 0xff, 0xff, 0xff, 0xff, 0xff, 0xff, 0xff, 0xff, 0xff, 0xff, 0xff,
    0xff, 0xff, 0xff, 0xff, 0xff, 0xff, 0xff, 0xff, 0xff, 0xff, 0xff, 0xff,
    0xff, 0xff, 0xff, 0xff, 0xff, 0xff, 0xff, 0xff, 0xff, 0xff, 0xff, 0xff,
    0xff, 0xff, 0xff, 0xff, 0xff, 0xff, 0xff, 0xff, 0xff, 0xff, 0xdf, 0xff,
    0xff, 0xff, 0xff, 0xff, 0xff, 0xff, 0xdf, 0xff, 0xff, 0xff, 0xff, 0xff,
    0xdf, 0xff, 0xdf, 0xff, 0xff, 0xff, 0xdf, 0xff, 0xff, 0xff, 0xff, 0xff,
    0xdf, 0xff, 0xff, 0xff, 0xff, 0xff, 0xdf, 0xff, 0xff, 0xff, 0xff, 0xff,
    0xdf, 0xff, 0xdf, 0xff, 0xff, 0xff, 0xdf, 0xff, 0xdf, 0xff, 0xdf, 0xff,
    0xff, 0xff, 0xdf, 0xf7, 0xdf, 0xff, 0xdf, 0xff, 0xdf, 0xff, 0xdf, 0xff,
    0xdf, 0xf7, 0xdf, 0xff, 0xdf, 0xf7, 0xdf, 0xff, 0xdf, 0xff, 0xdf, 0xff,
    0xdf, 0xf7, 0xdf, 0xff, 0xdf, 0xff, 0xdf, 0xf7, 0xdf, 0xf7, 0xdf, 0xff,
    0xdf, 0xff, 0xdf, 0xf7, 0xdf, 0xff, 0xdf, 0xff, 0xdf, 0xf7, 0xdf, 0xff,
    0xdf, 0xff, 0xdf, 0xf7, 0xdf, 0xff, 0xdf, 0xf7, 0xdf, 0xff, 0xdf, 0xff,
    0xdf, 0xf7, 0xdf, 0xff, 0xdf, 0xf7, 0xbf, 0xff, 0xdf, 0xf7, 0xdf, 0xff,
    0xbf, 0xf7, 0xdf, 0xff, 0xbf, 0xf7, 0xdf, 0xf7, 0xbf, 0xff, 0xdf, 0xf7,
    0xdf, 0xf7, 0xdf, 0xff, 0xbf, 0xff, 0xdf, 0xf7, 0xdf, 0xff, 0xdf, 0xf7,
    0xbf, 0xf7, 0xdf, 0xff, 0xdf, 0xf7, 0xbf, 0xff, 0xdf, 0xf7, 0xdf, 0xf7,
    0xdf, 0xff, 0xdf, 0xf7, 0xbf, 0xff, 0xdf, 0xf7, 0xdf, 0xff, 0xdf, 0xff,
    0xbf, 0xf7, 0xdf, 0xff, 0xbf, 0xf7, 0xdf, 0xff, 0xdf, 0xf7, 0xbf, 0xf7,
    0xdf, 0xff, 0xdf, 0xf7, 0xbf, 0xff, 0xbf, 0xff, 0xdf, 0xf7, 0xdf, 0xf7,
    0xdf, 0xff, 0xdf, 0xf7, 0xdf, 0xff, 0xdf, 0xf7, 0xdf, 0xff, 0xdf, 0xff,
    0xdf, 0xf7, 0xdf, 0xf7, 0xbf, 0xff, 0xdf, 0xf7, 0xdf, 0xf7, 0xbf, 0xff,
    0xdf, 0xf7, 0xdf, 0xf7, 0xbf, 0xff, 0xdf, 0xff, 0xbf, 0xf7, 0xdf, 0xff,
    0xdf, 0xf7, 0xbf, 0xf7, 0xdf, 0xff, 0xdf, 0xff, 0xdf, 0xf7, 0xdf, 0xff,
    0xdf, 0xff, 0xbf, 0xf7, 0xdf, 0xf7, 0xdf, 0xff, 0xdf, 0xf7, 0xdf, 0xf7,
    0x5d, 0x0a, 0x5d, 0x12, 0x5d, 0x0a, 0xbc, 0xd6, 0xdc, 0xd6, 0xbc, 0xd6,
    0xdd, 0xd6, 0x1d, 0xdf, 0xfd, 0xde, 0xfd, 0xde, 0xfd, 0xde, 0xfd, 0xd6,
    0xdd, 0xd6, 0xfd, 0xde, 0xfd, 0xd6, 0xdd, 0xd6, 0xdd, 0xd6, 0xdc, 0xd6,
    0xdd, 0xd6, 0xdd, 0xd6, 0xbc, 0xce, 0xbd, 0xd6, 0xbc, 0xce, 0xbc, 0xce,
    0xbc, 0xd6, 0x9c, 0xce, 0xbc, 0xce, 0x9c, 0xce, 0x9c, 0xce, 0x9c, 0xce,
    0x9f, 0xef, 0x7e, 0xef, 0x7e, 0xf7, 0x9f, 0xef, 0x7e, 0xef, 0x9e, 0xf7,
    0x7f, 0xef, 0x7e, 0xef, 0x9f, 0xf7, 0x9f, 0xf7, 0x7e, 0xef, 0x9f, 0xf7,
    0x9e, 0xef, 0x7f, 0xef, 0x7f, 0xf7, 0x9e, 0xef, 0x9f, 0xef, 0x7e, 0xf7,
    0x9f, 0xef, 0x7e, 0xef, 0x7f, 0xf7, 0x7e, 0xef, 0x7e, 0xef, 0x7f, 0xef,
    0x7e, 0xef, 0x5e, 0xef, 0x5e, 0xef, 0x5d, 0x0a, 0x5d, 0x0a, 0x5d, 0x12,
    0xff, 0xff, 0xff, 0xff, 0xff, 0xff, 0xff, 0xff, 0xff, 0xff, 0xff, 0xff,
    0xff, 0xff, 0xff, 0xff, 0xff, 0xff, 0xff, 0xff, 0xff, 0xff, 0xff, 0xff,
    0xff, 0xff, 0xff, 0xff, 0xff, 0xff, 0xff, 0xff, 0xff, 0xff, 0xff, 0xff,
    0xff, 0xff, 0xff, 0xff, 0xff, 0xff, 0xff, 0xff, 0xff, 0xff, 0xff, 0xff,
    0xff, 0xff, 0xff, 0xff, 0xff, 0xff, 0xff, 0xff, 0xff, 0xff, 0xff, 0xff,
    0xff, 0xff, 0xff, 0xff, 0xff, 0xff, 0xff, 0xff, 0xff, 0xff, 0xff, 0xff,
    0xff, 0xff, 0xff, 0xff, 0xff, 0xff, 0xff, 0xff, 0xff, 0xff, 0xff, 0xff,
    0xff, 0xff, 0xff, 0xff, 0xff, 0xff, 0xff, 0xff, 0xff, 0xff, 0xff, 0xff,
    0xff, 0xff, 0xff, 0xff, 0xff, 0xff, 0xff, 0xff, 0xff, 0xff, 0xff, 0xff,
    0xff, 0xff, 0xff, 0xff, 0xff, 0xff, 0xff, 0xff, 0xff, 0xff, 0xff, 0xff,
    0xff, 0xff, 0xff, 0xff, 0xff, 0xff, 0xff, 0xff, 0xff, 0xff, 0xff, 0xff,
    0xff, 0xff, 0xff, 0xff, 0xff, 0xff, 0xff, 0xff, 0xff, 0xff, 0xdf, 0xff,
    0xff, 0xff, 0xff, 0xff, 0xff, 0xff, 0xdf, 0xff, 0xff, 0xff, 0xff, 0xff,
    0xff, 0xff, 0xff, 0xff, 0xdf, 0xff, 0xff, 0xff, 0xff, 0xff, 0xdf, 0xff,
    0xdf, 0xff, 0xff, 0xff, 0xdf, 0xff, 0xdf, 0xff, 0xff, 0xff, 0xdf, 0xff,
    0xdf, 0xff, 0xff, 0xff, 0xdf, 0xff, 0xdf, 0xff, 0xdf, 0xff, 0xdf, 0xff,
    0xff, 0xff, 0xdf, 0xff, 0xdf, 0xff, 0xdf, 0xff, 0xff, 0xff, 0xdf, 0xff,
    0xff, 0xf7, 0xdf, 0xff, 0xff, 0xff, 0xdf, 0xff, 0xdf, 0xff, 0xdf, 0xff,
    0xdf, 0xf7, 0xdf, 0xff, 0xdf, 0xff, 0xdf, 0xff, 0xdf, 0xf7, 0xdf, 0xff,
    0xdf, 0xff, 0xdf, 0xf7, 0xdf, 0xff, 0xdf, 0xff, 0xdf, 0xf7, 0xdf, 0xff,
    0xdf, 0xff, 0xdf, 0xf7, 0xdf, 0xff, 0xdf, 0xff, 0xdf, 0xf7, 0xdf, 0xff,
    0xdf, 0xff, 0xdf, 0xf7, 0xdf, 0xff, 0xbf, 0xff, 0xdf, 0xf7, 0xdf, 0xff,
    0xdf, 0xf7, 0xdf, 0xff, 0xdf, 0xf7, 0xdf, 0xff, 0xbf, 0xff, 0xdf, 0xf7,
    0xdf, 0xff, 0xdf, 0xff, 0xbf, 0xf7, 0xdf, 0xff, 0xdf, 0xf7, 0xdf, 0xf7,
    0xbf, 0xff, 0xdf, 0xff, 0xdf, 0xf7, 0xdf, 0xff, 0xdf, 0xff, 0xdf, 0xf7,
    0xdf, 0xff, 0xbf, 0xff, 0xdf, 0xf7, 0xbf, 0xf7, 0xdf, 0xff, 0xdf, 0xf7,
    0xbf, 0xf7, 0xdf, 0xff, 0xdf, 0xf7, 0xdf, 0xff, 0xdf, 0xff, 0xdf, 0xf7,
    0xdf, 0xff, 0xdf, 0xff, 0xdf, 0xf7, 0xdf, 0xf7, 0xdf, 0xff, 0xdf, 0xf7,
    0xdf, 0xff, 0xbf, 0xf7, 0xdf, 0xff, 0xbf, 0xf7, 0xdf, 0xf7, 0xbf, 0xff,
    0xdf, 0xf7, 0xbf, 0xf7, 0xbf, 0xff, 0xdf, 0xff, 0xdf, 0xf7, 0xdf, 0xff,
    0xbf, 0xff, 0xdf, 0xf7, 0xdf, 0xff, 0xdf, 0xff, 0xdf, 0xf7, 0xdf, 0xf7,
    0xdf, 0xff, 0xbf, 0xff, 0xdf, 0xf7, 0xdf, 0xff, 0xdf, 0xf7, 0xdf, 0xf7,
    0xbf, 0xff, 0xdf, 0xf7, 0xdf, 0xf7, 0xbf, 0xff, 0xdf, 0xff, 0xdf, 0xf7,
    0xdf, 0xff, 0xbf, 0xff, 0xdf, 0xf7, 0x5d, 0x0a, 0x5d, 0x0a, 0x5d, 0x0a,
    0xbd, 0xd6, 0xbc, 0xce, 0xbc, 0xd6, 0xdd, 0xd6, 0xfd, 0xd6, 0xfd, 0xde,
    0xfd, 0xde, 0xfd, 0xd6, 0xdd, 0xd6, 0xfd, 0xd6, 0xdc, 0xd6, 0xdd, 0xd6,
    0xdc, 0xd6, 0xdc, 0xd6, 0xdc, 0xd6, 0xdd, 0xd6, 0xdc, 0xce, 0xbc, 0xd6,
    0xbd, 0xd6, 0xbc, 0xce, 0xbc, 0xce, 0x9d, 0xce, 0xbc, 0xce, 0x9c, 0xce,
    0x9c, 0xce, 0x9c, 0xce, 0x9c, 0xc6, 0x7e, 0xef, 0x9f, 0xf7, 0x9f, 0xef,
    0x7e, 0xf7, 0x7f, 0xef, 0x9f, 0xef, 0x9e, 0xf7, 0x7e, 0xef, 0x7f, 0xef,
    0x9e, 0xef, 0x7f, 0xf7, 0x7f, 0xef, 0x9e, 0xf7, 0x9e, 0xef, 0x7f, 0xf7,
    0x9e, 0xef, 0x7f, 0xef, 0x9f, 0xf7, 0x9e, 0xef, 0x9f, 0xef, 0x9f, 0xf7,
    0x7e, 0xef, 0x7e, 0xef, 0x7e, 0xef, 0x7e, 0xef, 0x7e, 0xef, 0x5e, 0xef,
    0x5d, 0x0a, 0x5d, 0x0a, 0x5d, 0x0a, 0xff, 0xff, 0xff, 0xff, 0xff, 0xff,
    0xff, 0xff, 0xff, 0xff, 0xff, 0xff, 0xff, 0xff, 0xff, 0xff, 0xff, 0xff,
    0xff, 0xff, 0xff, 0xff, 0xff, 0xff, 0xff, 0xff, 0xff, 0xff, 0xff, 0xff,
    0xff, 0xff, 0xff, 0xff, 0xff, 0xff, 0xff, 0xff, 0xff, 0xff, 0xff, 0xff,
    0xff, 0xff, 0xff, 0xff, 0xff, 0xff, 0xff, 0xff, 0xff, 0xff, 0xff, 0xff,
    0xff, 0xff, 0xff, 0xff, 0xff, 0xff, 0xff, 0xff, 0xff, 0xff, 0xff, 0xff,
    0xff, 0xff, 0xff, 0xff, 0xff, 0xff, 0xff, 0xff, 0xff, 0xff, 0xff, 0xff,
    0xff, 0xff, 0xff, 0xff, 0xff, 0xff, 0xff, 0xff, 0xff, 0xff, 0xff, 0xff,
    0xff, 0xff, 0xff, 0xff, 0xff, 0xff, 0xff, 0xff, 0xff, 0xff, 0xff, 0xff,
    0xff, 0xff, 0xff, 0xff, 0xff, 0xff, 0xff, 0xff, 0xff, 0xff, 0xff, 0xff,
    0xff, 0xff, 0xff, 0xff, 0xff, 0xff, 0xff, 0xff, 0xff, 0xff, 0xff, 0xff,
    0xff, 0xff, 0xff, 0xff, 0xff, 0xff, 0xff, 0xff, 0xff, 0xff, 0xff, 0xff,
    0xff, 0xff, 0xff, 0xff, 0xdf, 0xff, 0xff, 0xff, 0xff, 0xff, 0xff, 0xff,
    0xff, 0xff, 0xdf, 0xff, 0xff, 0xff, 0xff, 0xff, 0xdf, 0xff, 0xdf, 0xff,
    0xff, 0xff, 0xdf, 0xff, 0xff, 0xff, 0xff, 0xff, 0xdf, 0xff, 0xff, 0xff,
    0xff, 0xff, 0xdf, 0xff, 0xff, 0xff, 0xff, 0xff, 0xdf, 0xff, 0xdf, 0xff,
    0xdf, 0xff, 0xdf, 0xff, 0xdf, 0xff, 0xdf, 0xff, 0xff, 0xff, 0xdf, 0xf7,
    0xdf, 0xff, 0xdf, 0xff, 0xdf, 0xf7, 0xdf, 0xff, 0xff, 0xff, 0xdf, 0xf7,
    0xdf, 0xff, 0xdf, 0xff, 0xdf, 0xff, 0xdf, 0xf7, 0xdf, 0xff, 0xdf, 0xff,
    0xdf, 0xff, 0xdf, 0xf7, 0xdf, 0xff, 0xdf, 0xff, 0xdf, 0xf7, 0xdf, 0xff,
    0xdf, 0xf7, 0xdf, 0xff, 0xdf, 0xf7, 0xdf, 0xff, 0xdf, 0xf7, 0xdf, 0xff,
    0xdf, 0xf7, 0xdf, 0xff, 0xdf, 0xff, 0xdf, 0xf7, 0xdf, 0xff, 0xdf, 0xff,
    0xbf, 0xf7, 0xdf, 0xf7, 0xdf, 0xff, 0xbf, 0xff, 0xdf, 0xf7, 0xdf, 0xf7,
    0xbf, 0xff, 0xdf, 0xf7, 0xdf, 0xf7, 0xdf, 0xff, 0xdf, 0xf7, 0xbf, 0xff,
    0xdf, 0xff, 0xdf, 0xf7, 0xdf, 0xf7, 0xdf, 0xff, 0xbf, 0xf7, 0xdf, 0xf7,
    0xdf, 0xff, 0xbf, 0xf7, 0xdf, 0xf7, 0xdf, 0xff, 0xdf, 0xff, 0xdf, 0xf7,
    0xdf, 0xff, 0xdf, 0xff, 0xdf, 0xf7, 0xdf, 0xff, 0xbf, 0xf7, 0xdf, 0xf7,
    0xdf, 0xff, 0xbf, 0xf7, 0xdf, 0xf7, 0xbf, 0xff, 0xdf, 0xff, 0xbf, 0xf7,
    0xdf, 0xff, 0xdf, 0xff, 0xdf, 0xf7, 0xdf, 0xf7, 0xdf, 0xff, 0xdf, 0xff,
    0xdf, 0xf7, 0xbf, 0xff, 0xdf, 0xff, 0xdf, 0xf7, 0xdf, 0xff, 0xdf, 0xf7,
    0xbf, 0xf7, 0xdf, 0xff, 0xdf, 0xf7, 0xdf, 0xff, 0xbf, 0xf7, 0xdf, 0xf7,
    0xbf, 0xff, 0xdf, 0xff, 0xdf, 0xf7, 0xdf, 0xf7, 0xdf, 0xff, 0xbf, 0xf7,
    0xdf, 0xff, 0xdf, 0xff, 0xbf, 0xf7, 0xdf, 0xff, 0xdf, 0xff, 0xbf, 0xf7,
    0xdf, 0xf7, 0xdf, 0xff, 0xdf, 0xf7, 0xbf, 0xf7, 0xdf, 0xff, 0xdf, 0xff,
    0x5d, 0x0a, 0x5d, 0x0a, 0x5d, 0x0a, 0xbc, 0xd6, 0xbd, 0xce, 0xbc, 0xd6,
    0xdd, 0xd6, 0xfd, 0xd6, 0xfd, 0xde, 0xfd, 0xde, 0xfd, 0xd6, 0xfd, 0xd6,
    0xdd, 0xd6, 0xdd, 0xd6, 0xdc, 0xd6, 0xdd, 0xd6, 0xdd, 0xd6, 0xdc, 0xd6,
    0xdd, 0xd6, 0xbc, 0xce, 0xbc, 0xce, 0xbc, 0xce, 0xbc, 0xce, 0x9c, 0xce,
    0x9c, 0xce, 0xbc, 0xce, 0x9c, 0xce, 0x9c, 0xce, 0x9c, 0xc6, 0x7c, 0xc6,
    0x7e, 0xef, 0x9f, 0xef, 0x9e, 0xf7, 0x7e, 0xef, 0x9f, 0xf7, 0x7f, 0xef,
    0x9e, 0xf7, 0x9f, 0xf7, 0x7e, 0xef, 0x9e, 0xef, 0x9f, 0xef, 0x7e, 0xf7,
    0x7e, 0xef, 0x9f, 0xef, 0x7e, 0xf7, 0x7e, 0xef, 0x9f, 0xef, 0x7e, 0xf7,
    0x7e, 0xef, 0x7f, 0xf7, 0x9e, 0xef, 0x7f, 0xef, 0x7f, 0xef, 0x7e, 0xef,
    0x5e, 0xef, 0x5e, 0xef, 0x5e, 0xe7, 0x5d, 0x0a, 0x5d, 0x0a, 0x5e, 0x0a,
    0xff, 0xff, 0xff, 0xff, 0xff, 0xff, 0xff, 0xff, 0xff, 0xff, 0xff, 0xff,
    0xff, 0xff, 0xff, 0xff, 0xff, 0xff, 0xff, 0xff, 0xff, 0xff, 0xff, 0xff,
    0xff, 0xff, 0xff, 0xff, 0xff, 0xff, 0xff, 0xff, 0xff, 0xff, 0xff, 0xff,
    0xff, 0xff, 0xff, 0xff, 0xff, 0xff, 0xff, 0xff, 0xff, 0xff, 0xff, 0xff,
    0xff, 0xff, 0xff, 0xff, 0xff, 0xff, 0xff, 0xff, 0xff, 0xff, 0xff, 0xff,
    0xff, 0xff, 0xff, 0xff, 0xff, 0xff, 0xff, 0xff, 0xff, 0xff, 0xff, 0xff,
    0xff, 0xff, 0xff, 0xff, 0xff, 0xff, 0xff, 0xff, 0xff, 0xff, 0xff, 0xff,
    0xff, 0xff, 0xff, 0xff, 0xff, 0xff, 0xff, 0xff, 0xff, 0xff, 0xff, 0xff,
    0xff, 0xff, 0xff, 0xff, 0xff, 0xff, 0xff, 0xff, 0xff, 0xff, 0xff, 0xff,
    0xff, 0xff, 0xff, 0xff, 0xff, 0xff, 0xff, 0xff, 0xff, 0xff, 0xff, 0xff,
    0xff, 0xff, 0xff, 0xff, 0xff, 0xff, 0xff, 0xff, 0xff, 0xff, 0xff, 0xff,
    0xff, 0xff, 0xff, 0xff, 0xdf, 0xff, 0xff, 0xff, 0xff, 0xff, 0xff, 0xff,
    0xdf, 0xff, 0xff, 0xff, 0xff, 0xff, 0xdf, 0xff, 0xff, 0xff, 0xff, 0xff,
    0xdf, 0xff, 0xdf, 0xff, 0xff, 0xff, 0xdf, 0xff, 0xdf, 0xff, 0xff, 0xff,
    0xdf, 0xff, 0xdf, 0xff, 0xff, 0xff, 0xdf, 0xff, 0xdf, 0xff, 0xff, 0xff,
    0xdf, 0xff, 0xdf, 0xff, 0xdf, 0xff, 0xff, 0xff, 0xff, 0xff, 0xdf, 0xff,
    0xdf, 0xff, 0xdf, 0xff, 0xff, 0xff, 0xdf, 0xff, 0xdf, 0xff, 0xff, 0xff,
    0xdf, 0xff, 0xdf, 0xff, 0xdf, 0xf7, 0xdf, 0xff, 0xdf, 0xff, 0xdf, 0xf7,
    0xdf, 0xff, 0xdf, 0xff, 0xdf, 0xf7, 0xdf, 0xf7, 0xdf, 0xff, 0xdf, 0xf7,
    0xdf, 0xff, 0xdf, 0xff, 0xdf, 0xf7, 0xdf, 0xff, 0xdf, 0xff, 0xdf, 0xff,
    0xdf, 0xf7, 0xdf, 0xff, 0xdf, 0xff, 0xdf, 0xf7, 0xdf, 0xff, 0xdf, 0xff,
    0xdf, 0xf7, 0xdf, 0xff, 0xbf, 0xf7, 0xdf, 0xf7, 0xdf, 0xff, 0xbf, 0xf7,
    0xdf, 0xff, 0xdf, 0xf7, 0xbf, 0xff, 0xdf, 0xff, 0xdf, 0xf7, 0xbf, 0xff,
    0xdf, 0xf7, 0xdf, 0xf7, 0xdf, 0xff, 0xbf, 0xf7, 0xdf, 0xff, 0xdf, 0xff,
    0xbf, 0xf7, 0xdf, 0xff, 0xdf, 0xff, 0xbf, 0xf7, 0xdf, 0xff, 0xdf, 0xf7,
    0xbf, 0xf7, 0xdf, 0xff, 0xbf, 0xf7, 0xdf, 0xff, 0xbf, 0xf7, 0xdf, 0xff,
    0xdf, 0xff, 0xdf, 0xf7, 0xbf, 0xff, 0xdf, 0xff, 0xdf, 0xf7, 0xbf, 0xf7,
    0xdf, 0xff, 0xdf, 0xf7, 0xbf, 0xf7, 0xdf, 0xff, 0xbf, 0xf7, 0xbf, 0xff,
    0xdf, 0xf7, 0xdf, 0xff, 0xbf, 0xf7, 0xdf, 0xff, 0xdf, 0xf7, 0xdf, 0xff,
    0xdf, 0xff, 0xdf, 0xf7, 0xdf, 0xff, 0xdf, 0xff, 0xbf, 0xf7, 0xdf, 0xf7,
    0xdf, 0xff, 0xdf, 0xff, 0xdf, 0xf7, 0xbf, 0xf7, 0xdf, 0xff, 0xbf, 0xff,
    0xdf, 0xf7, 0xdf, 0xf7, 0xdf, 0xff, 0xbf, 0xf7, 0xdf, 0xff, 0xdf, 0xf7,
    0xdf, 0xf7, 0xdf, 0xff, 0xdf, 0xff, 0xdf, 0xf7, 0xbf, 0xff, 0xdf, 0xff,
    0xdf, 0xf7, 0xdf, 0xf7, 0xbf, 0xff, 0x5d, 0x0a, 0x5e, 0x0a, 0x5d, 0x12,
    0xbc, 0xd6, 0xbc, 0xd6, 0xdc, 0xd6, 0xbc, 0xd6, 0xdd, 0xd6, 0xfd, 0xd6,
    0xfd, 0xd6, 0xdd, 0xd6, 0xfd, 0xde, 0xdc, 0xd6, 0xdd, 0xd6, 0xfd, 0xd6,
    0xdc, 0xd6, 0xdd, 0xd6, 0xdd, 0xd6, 0xbc, 0xce, 0xbd, 0xd6, 0xbc, 0xce,
    0xbc, 0xce, 0xbc, 0xce, 0x9c, 0xce, 0x9c, 0xce, 0x9c, 0xce, 0x9c, 0xc6,
    0x9c, 0xc6, 0x7c, 0xc6, 0x7c, 0xce, 0x7f, 0xef, 0x7e, 0xf7, 0x7f, 0xef,
    0x9e, 0xef, 0x7e, 0xef, 0x7e, 0xf7, 0x9f, 0xef, 0x7f, 0xef, 0x7e, 0xf7,
    0x9f, 0xf7, 0x9f, 0xef, 0x7e, 0xef, 0x9f, 0xf7, 0x9f, 0xef, 0x7e, 0xef,
    0x9f, 0xf7, 0x9f, 0xef, 0x7e, 0xef, 0x7f, 0xf7, 0x9e, 0xef, 0x7e, 0xf7,
    0x7e, 0xef, 0x7f, 0xef, 0x7e, 0xef, 0x7e, 0xef, 0x7e, 0xef, 0x5e, 0xef,
    0x5d, 0x0a, 0x5d, 0x0a, 0x5d, 0x12, 0xff, 0xff, 0xff, 0xff, 0xff, 0xff,
    0xff, 0xff, 0xff, 0xff, 0xff, 0xff, 0xff, 0xff, 0xff, 0xff, 0xff, 0xff,
    0xff, 0xff, 0xff, 0xff, 0xff, 0xff, 0xff, 0xff, 0xff, 0xff, 0xff, 0xff,
    0xff, 0xff, 0xff, 0xff, 0xff, 0xff, 0xff, 0xff, 0xff, 0xff, 0xff, 0xff,
    0xff, 0xff, 0xff, 0xff, 0xff, 0xff, 0xff, 0xff, 0xff, 0xff, 0xff, 0xff,
    0xff, 0xff, 0xff, 0xff, 0xff, 0xff, 0xff, 0xff, 0xff, 0xff, 0xff, 0xff,
    0xff, 0xff, 0xff, 0xff, 0xff, 0xff, 0xff, 0xff, 0xff, 0xff, 0xff, 0xff,
    0xff, 0xff, 0xff, 0xff, 0xff, 0xff, 0xff, 0xff, 0xff, 0xff, 0xff, 0xff,
    0xff, 0xff, 0xff, 0xff, 0xff, 0xff, 0xff, 0xff, 0xff, 0xff, 0xff, 0xff,
    0xff, 0xff, 0xff, 0xff, 0xff, 0xff, 0xff, 0xff, 0xff, 0xff, 0xff, 0xff,
    0xff, 0xff, 0xff, 0xff, 0xff, 0xff, 0xff, 0xff, 0xff, 0xff, 0xff, 0xff,
    0xff, 0xff, 0xff, 0xff, 0xff, 0xff, 0xff, 0xff, 0xff, 0xff, 0xff, 0xff,
    0xdf, 0xff, 0xff, 0xff, 0xff, 0xff, 0xff, 0xff, 0xdf, 0xff, 0xff, 0xff,
    0xff, 0xff, 0xff, 0xff, 0xdf, 0xff, 0xdf, 0xff, 0xff, 0xff, 0xff, 0xff,
    0xdf, 0xff, 0xff, 0xff, 0xff, 0xff, 0xdf, 0xff, 0xff, 0xff, 0xff, 0xff,
    0xdf, 0xff, 0xff, 0xff, 0xdf, 0xff, 0xdf, 0xff, 0xdf, 0xff, 0xdf, 0xff,
    0xdf, 0xff, 0xdf, 0xff, 0xff, 0xf7, 0xdf, 0xff, 0xdf, 0xff, 0xdf, 0xff,
    0xff, 0xf7, 0xdf, 0xff, 0xdf, 0xf7, 0xdf, 0xff, 0xdf, 0xff, 0xdf, 0xff,
    0xdf, 0xf7, 0xdf, 0xff, 0xdf, 0xff, 0xdf, 0xff, 0xdf, 0xff, 0xdf, 0xf7,
    0xdf, 0xff, 0xdf, 0xff, 0xdf, 0xf7, 0xdf, 0xff, 0xdf, 0xff, 0xdf, 0xf7,
    0xdf, 0xff, 0xdf, 0xf7, 0xdf, 0xff, 0xdf, 0xff, 0xdf, 0xf7, 0xdf, 0xff,
    0xdf, 0xff, 0xdf, 0xf7, 0xdf, 0xff, 0xdf, 0xff, 0xbf, 0xf7, 0xdf, 0xff,
    0xdf, 0xff, 0xdf, 0xf7, 0xdf, 0xff, 0xdf, 0xf7, 0xdf, 0xf7, 0xdf, 0xff,
    0xdf, 0xf7, 0xdf, 0xff, 0xdf, 0xff, 0xbf, 0xf7, 0xdf, 0xff, 0xdf, 0xf7,
    0xdf, 0xf7, 0xbf, 0xff, 0xdf, 0xf7, 0xdf, 0xf7, 0xdf, 0xff, 0xdf, 0xf7,
    0xdf, 0xff, 0xdf, 0xff, 0xbf, 0xf7, 0xdf, 0xff, 0xdf, 0xf7, 0xdf, 0xff,
    0xbf, 0xf7, 0xdf, 0xf7, 0xdf, 0xff, 0xbf, 0xf7, 0xdf, 0xf7, 0xdf, 0xff,
    0xdf, 0xf7, 0xdf, 0xff, 0xdf, 0xff, 0xdf, 0xf7, 0xdf, 0xff, 0xdf, 0xff,
    0xdf, 0xf7, 0xdf, 0xff, 0xdf, 0xf7, 0xdf, 0xff, 0xbf, 0xf7, 0xdf, 0xff,
    0xdf, 0xf7, 0xdf, 0xf7, 0xbf, 0xf7, 0xbf, 0xff, 0xdf, 0xf7, 0xdf, 0xf7,
    0xbf, 0xff, 0xdf, 0xff, 0xdf, 0xf7, 0xbf, 0xff, 0xdf, 0xf7, 0xdf, 0xff,
    0xdf, 0xf7, 0xdf, 0xf7, 0xdf, 0xff, 0xbf, 0xff, 0xdf, 0xf7, 0xdf, 0xff,
    0xdf, 0xf7, 0xdf, 0xff, 0xbf, 0xff, 0xdf, 0xf7, 0xbf, 0xf7, 0xdf, 0xff,
    0xdf, 0xf7, 0xbf, 0xf7, 0xdf, 0xff, 0xdf, 0xff, 0xdf, 0xf7, 0xdf, 0xff,
    0x5d, 0x0a, 0x5d, 0x0a, 0x5d, 0x0a, 0xbc, 0xce, 0xbd, 0xd6, 0xbc, 0xce,
    0xdc, 0xd6, 0xdc, 0xd6, 0xdd, 0xd6, 0xfd, 0xd6, 0xdd, 0xd6, 0xfc, 0xde,
    0xdd, 0xd6, 0xdc, 0xd6, 0xdc, 0xd6, 0xdc, 0xd6, 0xdc, 0xd6, 0xbc, 0xce,
    0xbc, 0xce, 0xbc, 0xd6, 0xbc, 0xce, 0x9c, 0xce, 0x9c, 0xce, 0x9c, 0xce,
    0x9c, 0xce, 0x9c, 0xce, 0x7c, 0xc6, 0x7c, 0xc6, 0x7b, 0xc6, 0x7b, 0xc6,
    0x9e, 0xef, 0x9f, 0xf7, 0x7f, 0xef, 0x9f, 0xf7, 0x9e, 0xef, 0x7f, 0xef,
    0x9e, 0xef, 0x7e, 0xef, 0x7f, 0xef, 0x9e, 0xf7, 0x7e, 0xef, 0x7f, 0xef,
    0x9e, 0xf7, 0x7f, 0xef, 0x7e, 0xef, 0x9f, 0xf7, 0x9e, 0xf7, 0x7f, 0xef,
    0x9f, 0xef, 0x9f, 0xf7, 0x9e, 0xef, 0x7e, 0xef, 0x7f, 0xef, 0x7e, 0xef,
    0x7e, 0xef, 0x5e, 0xef, 0x5e, 0xef, 0x5d, 0x0a, 0x5d, 0x0a, 0x5d, 0x0a,
    0xff, 0xff, 0xff, 0xff, 0xff, 0xff, 0xff, 0xff, 0xff, 0xff, 0xff, 0xff,
    0xff, 0xff, 0xff, 0xff, 0xff, 0xff, 0xff, 0xff, 0xff, 0xff, 0xff, 0xff,
    0xff, 0xff, 0xff, 0xff, 0xff, 0xff, 0xff, 0xff, 0xff, 0xff, 0xff, 0xff,
    0xff, 0xff, 0xff, 0xff, 0xff, 0xff, 0xff, 0xff, 0xff, 0xff, 0xff, 0xff,
    0xff, 0xff, 0xff, 0xff, 0xff, 0xff, 0xff, 0xff, 0xff, 0xff, 0xff, 0xff,
    0xff, 0xff, 0xff, 0xff, 0xff, 0xff, 0xff, 0xff, 0xff, 0xff, 0xff, 0xff,
    0xff, 0xff, 0xff, 0xff, 0xff, 0xff, 0xff, 0xff, 0xff, 0xff, 0xff, 0xff,
    0xff, 0xff, 0xff, 0xff, 0xff, 0xff, 0xff, 0xff, 0xff, 0xff, 0xff, 0xff,
    0xff, 0xff, 0xff, 0xff, 0xff, 0xff, 0xff, 0xff, 0xff, 0xff, 0xff, 0xff,
    0xff, 0xff, 0xff, 0xff, 0xff, 0xff, 0xff, 0xff, 0xff, 0xff, 0xff, 0xff,
    0xff, 0xff, 0xff, 0xff, 0xff, 0xff, 0xff, 0xff, 0xff, 0xff, 0xff, 0xff,
    0xff, 0xff, 0xdf, 0xff, 0xff, 0xff, 0xff, 0xff, 0xdf, 0xff, 0xff, 0xff,
    0xff, 0xff, 0xff, 0xff, 0xdf, 0xff, 0xff, 0xff, 0xdf, 0xff, 0xdf, 0xff,
    0xff, 0xff, 0xff, 0xff, 0xdf, 0xff, 0xdf, 0xff, 0xff, 0xff, 0xdf, 0xff,
    0xdf, 0xff, 0xff, 0xff, 0xdf, 0xff, 0xff, 0xff, 0xdf, 0xff, 0xdf, 0xff,
    0xdf, 0xff, 0xff, 0xff, 0xdf, 0xff, 0xdf, 0xff, 0xdf, 0xff, 0xdf, 0xff,
    0xff, 0xff, 0xdf, 0xff, 0xdf, 0xf7, 0xdf, 0xff, 0xff, 0xff, 0xdf, 0xff,
    0xdf, 0xf7, 0xdf, 0xff, 0xdf, 0xff, 0xdf, 0xff, 0xdf, 0xf7, 0xdf, 0xff,
    0xdf, 0xff, 0xdf, 0xf7, 0xdf, 0xff, 0xdf, 0xff, 0xdf, 0xff, 0xdf, 0xf7,
    0xdf, 0xff, 0xdf, 0xf7, 0xdf, 0xff, 0xdf, 0xff, 0xdf, 0xf7, 0xdf, 0xf7,
    0xdf, 0xff, 0xdf, 0xf7, 0xdf, 0xff, 0xdf, 0xff, 0xdf, 0xf7, 0xdf, 0xf7,
    0xbf, 0xf7, 0xdf, 0xff, 0xdf, 0xf7, 0xdf, 0xf7, 0xbf, 0xff, 0xdf, 0xff,
    0xbf, 0xf7, 0xdf, 0xff, 0xbf, 0xf7, 0xdf, 0xf7, 0xdf, 0xff, 0xbf, 0xf7,
    0xdf, 0xff, 0xdf, 0xff, 0xbf, 0xf7, 0xdf, 0xff, 0xdf, 0xff, 0xbf, 0xf7,
    0xdf, 0xff, 0xdf, 0xf7, 0xbf, 0xf7, 0xdf, 0xff, 0xdf, 0xf7, 0xdf, 0xff,
    0xdf, 0xf7, 0xdf, 0xff, 0xdf, 0xf7, 0xdf, 0xff, 0xdf, 0xff, 0xdf, 0xf7,
    0xbf, 0xff, 0xdf, 0xff, 0xdf, 0xf7, 0xbf, 0xf7, 0xdf, 0xff, 0xbf, 0xf7,
    0xdf, 0xf7, 0xdf, 0xff, 0xbf, 0xf7, 0xdf, 0xf7, 0xdf, 0xff, 0xdf, 0xff,
    0xbf, 0xf7, 0xdf, 0xff, 0xdf, 0xf7, 0xdf, 0xff, 0xbf, 0xff, 0xdf, 0xf7,
    0xdf, 0xff, 0xdf, 0xff, 0xbf, 0xf7, 0xdf, 0xf7, 0xdf, 0xff, 0xdf, 0xf7,
    0xbf, 0xf7, 0xdf, 0xff, 0xdf, 0xff, 0xbf, 0xf7, 0xdf, 0xff, 0xdf, 0xf7,
    0xdf, 0xf7, 0xbf, 0xff, 0xdf, 0xf7, 0xdf, 0xff, 0xbf, 0xf7, 0xdf, 0xff,
    0xdf, 0xf7, 0xdf, 0xff, 0xbf, 0xff, 0xdf, 0xf7, 0xdf, 0xf7, 0xdf, 0xff,
    0xbf, 0xf7, 0xdf, 0xff, 0xdf, 0xff, 0x5d, 0x0a, 0x5d, 0x0a, 0x5d, 0x0a,
    0xbc, 0xd6, 0xbc, 0xd6, 0xdd, 0xce, 0xbd, 0xd6, 0xbc, 0xd6, 0xdd, 0xd6,
    0xfd, 0xd6, 0xdc, 0xd6, 0xdd, 0xd6, 0xdd, 0xd6, 0xdd, 0xd6, 0xdd, 0xd6,
    0xdd, 0xd6, 0xbc, 0xd6, 0xbd, 0xce, 0xbd, 0xd6, 0xbc, 0xce, 0xbc, 0xce,
    0x9c, 0xce, 0x9c, 0xce, 0x9c, 0xce, 0x9c, 0xce, 0x9c, 0xc6, 0x9c, 0xce,
    0x7b, 0xce, 0x7c, 0xc6, 0x7c, 0xc6, 0x7e, 0xef, 0x9e, 0xef, 0x7f, 0xf7,
    0x9e, 0xef, 0x7f, 0xf7, 0x9f, 0xf7, 0x9e, 0xf7, 0x9f, 0xef, 0x7f, 0xef,
    0x9e, 0xf7, 0x7f, 0xef, 0x9e, 0xef, 0x9f, 0xf7, 0x7e, 0xef, 0x9f, 0xef,
    0x7e, 0xf7, 0x7e, 0xef, 0x9e, 0xef, 0x7e, 0xf7, 0x7f, 0xef, 0x9f, 0xf7,
    0x7e, 0xef, 0x7e, 0xef, 0x7e, 0xef, 0x5e, 0xef, 0x7e, 0xef, 0x5e, 0xef,
    0x5d, 0x0a, 0x5d, 0x0a, 0x5d, 0x12, 0xff, 0xff, 0xff, 0xff, 0xff, 0xff,
    0xff, 0xff, 0xff, 0xff, 0xff, 0xff, 0xff, 0xff, 0xff, 0xff, 0xff, 0xff,
    0xff, 0xff, 0xff, 0xff, 0xff, 0xff, 0xff, 0xff, 0xff, 0xff, 0xff, 0xff,
    0xff, 0xff, 0xff, 0xff, 0xff, 0xff, 0xff, 0xff, 0xff, 0xff, 0xff, 0xff,
    0xff, 0xff, 0xff, 0xff, 0xff, 0xff, 0xff, 0xff, 0xff, 0xff, 0xff, 0xff,
    0xff, 0xff, 0xff, 0xff, 0xff, 0xff, 0xff, 0xff, 0xff, 0xff, 0xff, 0xff,
    0xff, 0xff, 0xff, 0xff, 0xff, 0xff, 0xff, 0xff, 0xff, 0xff, 0xff, 0xff,
    0xff, 0xff, 0xff, 0xff, 0xff, 0xff, 0xff, 0xff, 0xff, 0xff, 0xff, 0xff,
    0xff, 0xff, 0xff, 0xff, 0xff, 0xff, 0xff, 0xff, 0xff, 0xff, 0xff, 0xff,
    0xff, 0xff, 0xff, 0xff, 0xff, 0xff, 0xff, 0xff, 0xff, 0xff, 0xff, 0xff,
    0xff, 0xff, 0xff, 0xff, 0xff, 0xff, 0xff, 0xff, 0xff, 0xff, 0xff, 0xff,
    0xff, 0xff, 0xff, 0xff, 0xff, 0xff, 0xdf, 0xff, 0xff, 0xff, 0xff, 0xff,
    0xff, 0xff, 0xff, 0xff, 0xdf, 0xff, 0xff, 0xff, 0xff, 0xff, 0xff, 0xff,
    0xdf, 0xff, 0xff, 0xff, 0xff, 0xff, 0xdf, 0xff, 0xdf, 0xff, 0xff, 0xff,
    0xff, 0xff, 0xdf, 0xff, 0xff, 0xff, 0xff, 0xff, 0xdf, 0xff, 0xdf, 0xff,
    0xdf, 0xff, 0xdf, 0xff, 0xdf, 0xff, 0xff, 0xff, 0xdf, 0xff, 0xdf, 0xff,
    0xff, 0xff, 0xdf, 0xff, 0xdf, 0xff, 0xdf, 0xff, 0xff, 0xf7, 0xdf, 0xff,
    0xdf, 0xff, 0xdf, 0xff, 0xdf, 0xff, 0xdf, 0xf7, 0xdf, 0xff, 0xdf, 0xff,
    0xdf, 0xff, 0xdf, 0xff, 0xdf, 0xf7, 0xdf, 0xf7, 0xdf, 0xff, 0xdf, 0xf7,
    0xdf, 0xff, 0xdf, 0xf7, 0xdf, 0xff, 0xdf, 0xff, 0xdf, 0xf7, 0xdf, 0xff,
    0xdf, 0xff, 0xdf, 0xff, 0xdf, 0xff, 0xdf, 0xff, 0xdf, 0xf7, 0xdf, 0xff,
    0xdf, 0xff, 0xdf, 0xff, 0xbf, 0xf7, 0xdf, 0xff, 0xdf, 0xff, 0xdf, 0xf7,
    0xbf, 0xf7, 0xdf, 0xff, 0xdf, 0xf7, 0xdf, 0xff, 0xbf, 0xff, 0xdf, 0xf7,
    0xdf, 0xff, 0xbf, 0xf7, 0xdf, 0xf7, 0xdf, 0xff, 0xdf, 0xf7, 0xdf, 0xf7,
    0xdf, 0xff, 0xdf, 0xf7, 0xdf, 0xff, 0xbf, 0xff, 0xdf, 0xf7, 0xdf, 0xff,
    0xbf, 0xf7, 0xdf, 0xff, 0xbf, 0xf7, 0xbf, 0xff, 0xdf, 0xf7, 0xbf, 0xf7,
    0xdf, 0xff, 0xdf, 0xf7, 0xbf, 0xf7, 0xdf, 0xff, 0xdf, 0xff, 0xdf, 0xf7,
    0xbf, 0xff, 0xdf, 0xff, 0xdf, 0xf7, 0xbf, 0xff, 0xdf, 0xff, 0xdf, 0xf7,
    0xbf, 0xf7, 0xdf, 0xff, 0xdf, 0xf7, 0xbf, 0xf7, 0xdf, 0xff, 0xdf, 0xf7,
    0xbf, 0xff, 0xdf, 0xff, 0xdf, 0xf7, 0xdf, 0xf7, 0xdf, 0xff, 0xdf, 0xff,
    0xdf, 0xf7, 0xdf, 0xff, 0xdf, 0xff, 0xdf, 0xf7, 0xdf, 0xff, 0xbf, 0xf7,
    0xdf, 0xff, 0xdf, 0xff, 0xbf, 0xf7, 0xdf, 0xff, 0xdf, 0xff, 0xbf, 0xf7,
    0xdf, 0xf7, 0xdf, 0xff, 0xdf, 0xf7, 0xdf, 0xff, 0xdf, 0xf7, 0xdf, 0xff,
    0xbf, 0xff, 0xdf, 0xf7, 0xdf, 0xff, 0xbf, 0xf7, 0xdf, 0xf7, 0xbf, 0xff,
    0x5d, 0x0a, 0x5e, 0x0a, 0x5d, 0x0a, 0xbc, 0xd6, 0xbc, 0xce, 0xbc, 0xd6,
    0xdc, 0xd6, 0xbc, 0xd6, 0xdc, 0xd6, 0xfd, 0xd6, 0xdd, 0xd6, 0xdc, 0xd6,
    0xdd, 0xd6, 0xdc, 0xd6, 0xdc, 0xd6, 0xdc, 0xce, 0xbd, 0xce, 0xbc, 0xd6,
    0xbc, 0xce, 0xbc, 0xce, 0x9c, 0xce, 0x9c, 0xce, 0x9c, 0xce, 0x9c, 0xce,
    0x9c, 0xc6, 0x7c, 0xc6, 0x7b, 0xc6, 0x9c, 0xc6, 0x7c, 0xc6, 0x7b, 0xc6,
    0x7f, 0xef, 0x7e, 0xf7, 0x9e, 0xef, 0x7f, 0xef, 0x7e, 0xef, 0x7e, 0xef,
    0x9f, 0xf7, 0x7e, 0xef, 0x9e, 0xf7, 0x7f, 0xef, 0x9f, 0xf7, 0x7e, 0xef,
    0x7e, 0xf7, 0x9f, 0xef, 0x9f, 0xf7, 0x7e, 0xef, 0x9f, 0xef, 0x9f, 0xf7,
    0x7e, 0xef, 0x7e, 0xef, 0x9f, 0xf7, 0x7e, 0xef, 0x7f, 0xef, 0x7e, 0xef,
    0x7e, 0xef, 0x5e, 0xef, 0x5e, 0xef, 0x5d, 0x0a, 0x5e, 0x0a, 0x5d, 0x0a,
    0xff, 0xff, 0xff, 0xff, 0xff, 0xff, 0xff, 0xff, 0xff, 0xff, 0xff, 0xff,
    0xff, 0xff, 0xff, 0xff, 0xff, 0xff, 0xff, 0xff, 0xff, 0xff, 0xff, 0xff,
    0xff, 0xff, 0xff, 0xff, 0xff, 0xff, 0xff, 0xff, 0xff, 0xff, 0xff, 0xff,
    0xff, 0xff, 0xff, 0xff, 0xff, 0xff, 0xff, 0xff, 0xff, 0xff, 0xff, 0xff,
    0xff, 0xff, 0xff, 0xff, 0xff, 0xff, 0xff, 0xff, 0xff, 0xff, 0xff, 0xff,
    0xff, 0xff, 0xff, 0xff, 0xff, 0xff, 0xff, 0xff, 0xff, 0xff, 0xff, 0xff,
    0xff, 0xff, 0xff, 0xff, 0xff, 0xff, 0xff, 0xff, 0xff, 0xff, 0xff, 0xff,
    0xff, 0xff, 0xff, 0xff, 0xff, 0xff, 0xff, 0xff, 0xff, 0xff, 0xff, 0xff,
    0xff, 0xff, 0xff, 0xff, 0xff, 0xff, 0xff, 0xff, 0xff, 0xff, 0xff, 0xff,
    0xff, 0xff, 0xff, 0xff, 0xff, 0xff, 0xff, 0xff, 0xff, 0xff, 0xff, 0xff,
    0xff, 0xff, 0xff, 0xff, 0xff, 0xff, 0xff, 0xff, 0xff, 0xff, 0xdf, 0xff,
    0xff, 0xff, 0xff, 0xff, 0xff, 0xff, 0xdf, 0xff, 0xff, 0xff, 0xff, 0xff,
    0xdf, 0xff, 0xff, 0xff, 0xdf, 0xff, 0xdf, 0xff, 0xff, 0xff, 0xdf, 0xff,
    0xff, 0xff, 0xdf, 0xff, 0xff, 0xff, 0xdf, 0xff, 0xdf, 0xff, 0xff, 0xff,
    0xff, 0xff, 0xdf, 0xff, 0xdf, 0xff, 0xff, 0xff, 0xdf, 0xff, 0xdf, 0xff,
    0xdf, 0xff, 0xdf, 0xff, 0xdf, 0xf7, 0xff, 0xff, 0xdf, 0xff, 0xdf, 0xf7,
    0xff, 0xff, 0xdf, 0xff, 0xdf, 0xff, 0xff, 0xf7, 0xdf, 0xff, 0xdf, 0xff,
    0xdf, 0xff, 0xdf, 0xf7, 0xdf, 0xff, 0xdf, 0xff, 0xdf, 0xff, 0xdf, 0xf7,
    0xdf, 0xff, 0xdf, 0xff, 0xdf, 0xff, 0xdf, 0xf7, 0xdf, 0xff, 0xdf, 0xff,
    0xdf, 0xf7, 0xdf, 0xff, 0xdf, 0xf7, 0xdf, 0xf7, 0xdf, 0xff, 0xdf, 0xf7,
    0xdf, 0xff, 0xdf, 0xff, 0xdf, 0xf7, 0xdf, 0xf7, 0xbf, 0xff, 0xdf, 0xf7,
    0xdf, 0xff, 0xdf, 0xf7, 0xbf, 0xff, 0xdf, 0xff, 0xdf, 0xf7, 0xdf, 0xf7,
    0xdf, 0xff, 0xdf, 0xf7, 0xdf, 0xff, 0xdf, 0xff, 0xdf, 0xf7, 0xdf, 0xff,
    0xbf, 0xff, 0xdf, 0xf7, 0xbf, 0xff, 0xdf, 0xf7, 0xdf, 0xf7, 0xbf, 0xff,
    0xdf, 0xf7, 0xdf, 0xff, 0xdf, 0xff, 0xdf, 0xf7, 0xdf, 0xf7, 0xdf, 0xff,
    0xdf, 0xff, 0xdf, 0xf7, 0xbf, 0xff, 0xdf, 0xff, 0xdf, 0xf7, 0xdf, 0xf7,
    0xdf, 0xff, 0xdf, 0xf7, 0xbf, 0xf7, 0xdf, 0xff, 0xdf, 0xf7, 0xdf, 0xf7,
    0xdf, 0xff, 0xdf, 0xff, 0xdf, 0xf7, 0xbf, 0xff, 0xdf, 0xff, 0xdf, 0xf7,
    0xdf, 0xff, 0xdf, 0xff, 0xdf, 0xf7, 0xdf, 0xf7, 0xdf, 0xff, 0xbf, 0xf7,
    0xdf, 0xf7, 0xbf, 0xff, 0xdf, 0xf7, 0xbf, 0xf7, 0xbf, 0xff, 0xdf, 0xf7,
    0xdf, 0xff, 0xbf, 0xf7, 0xdf, 0xf7, 0xdf, 0xff, 0xdf, 0xf7, 0xdf, 0xf7,
    0xdf, 0xff, 0xdf, 0xf7, 0xdf, 0xff, 0xbf, 0xff, 0xdf, 0xf7, 0xbf, 0xff,
    0xbf, 0xf7, 0xdf, 0xf7, 0xdf, 0xff, 0xdf, 0xf7, 0xdf, 0xff, 0xdf, 0xff,
    0xdf, 0xf7, 0xdf, 0xff, 0xdf, 0xff, 0x5d, 0x0a, 0x5d, 0x0a, 0x5d, 0x0a,
    0xbc, 0xce, 0xbc, 0xd6, 0xbd, 0xce, 0xbc, 0xce, 0xbc, 0xd6, 0xbc, 0xce,
    0xdd, 0xd6, 0xdd, 0xd6, 0xfc, 0xd6, 0xdd, 0xd6, 0xdc, 0xd6, 0xdd, 0xd6,
    0xbc, 0xd6, 0xbc, 0xce, 0xbc, 0xce, 0xbc, 0xce, 0xbc, 0xce, 0x9c, 0xce,
    0x9c, 0xce, 0x9c, 0xce, 0x9c, 0xc6, 0x7c, 0xc6, 0x9c, 0xce, 0x7b, 0xc6,
    0x7c, 0xc6, 0x7b, 0xc6, 0x7b, 0xc6, 0x9f, 0xef, 0x9f, 0xf7, 0x7e, 0xef,
    0x9f, 0xf7, 0x9e, 0xef, 0x7f, 0xef, 0x7f, 0xef, 0x9e, 0xf7, 0x7e, 0xef,
    0x9f, 0xef, 0x9e, 0xef, 0x7f, 0xf7, 0x7e, 0xef, 0x9f, 0xef, 0x7e, 0xf7,
    0x7f, 0xef, 0x9f, 0xef, 0x7e, 0xf7, 0x9f, 0xef, 0x9f, 0xef, 0x7e, 0xf7,
    0x7e, 0xef, 0x7f, 0xef, 0x7e, 0xef, 0x7e, 0xef, 0x5e, 0xef, 0x5e, 0xe7,
    0x5d, 0x0a, 0x5d, 0x0a, 0x5d, 0x0a, 0xff, 0xff, 0xff, 0xff, 0xff, 0xff,
    0xff, 0xff, 0xff, 0xff, 0xff, 0xff, 0xff, 0xff, 0xff, 0xff, 0xff, 0xff,
    0xff, 0xff, 0xff, 0xff, 0xff, 0xff, 0xff, 0xff, 0xff, 0xff, 0xff, 0xff,
    0xff, 0xff, 0xff, 0xff, 0xff, 0xff, 0xff, 0xff, 0xff, 0xff, 0xff, 0xff,
    0xff, 0xff, 0xff, 0xff, 0xff, 0xff, 0xff, 0xff, 0xff, 0xff, 0xff, 0xff,
    0xff, 0xff, 0xff, 0xff, 0xff, 0xff, 0xff, 0xff, 0xff, 0xff, 0xff, 0xff,
    0xff, 0xff, 0xff, 0xff, 0xff, 0xff, 0xff, 0xff, 0xff, 0xff, 0xff, 0xff,
    0xff, 0xff, 0xff, 0xff, 0xff, 0xff, 0xff, 0xff, 0xff, 0xff, 0xff, 0xff,
    0xff, 0xff, 0xff, 0xff, 0xff, 0xff, 0xff, 0xff, 0xff, 0xff, 0xff, 0xff,
    0xff, 0xff, 0xff, 0xff, 0xff, 0xff, 0xff, 0xff, 0xff, 0xff, 0xff, 0xff,
    0xff, 0xff, 0xff, 0xff, 0xff, 0xff, 0xff, 0xff, 0xff, 0xff, 0xff, 0xff,
    0xff, 0xff, 0xdf, 0xff, 0xff, 0xff, 0xff, 0xff, 0xff, 0xff, 0xdf, 0xff,
    0xff, 0xff, 0xff, 0xff, 0xff, 0xff, 0xff, 0xff, 0xdf, 0xff, 0xff, 0xff,
    0xdf, 0xff, 0xdf, 0xff, 0xff, 0xff, 0xdf, 0xff, 0xff, 0xff, 0xdf, 0xff,
    0xff, 0xff, 0xdf, 0xff, 0xdf, 0xff, 0xff, 0xff, 0xdf, 0xff, 0xdf, 0xff,
    0xff, 0xff, 0xdf, 0xff, 0xdf, 0xff, 0xff, 0xff, 0xdf, 0xff, 0xdf, 0xff,
    0xdf, 0xff, 0xff, 0xff, 0xdf, 0xf7, 0xdf, 0xff, 0xdf, 0xff, 0xdf, 0xf7,
    0xdf, 0xff, 0xdf, 0xff, 0xdf, 0xf7, 0xdf, 0xff, 0xdf, 0xff, 0xdf, 0xf7,
    0xdf, 0xff, 0xdf, 0xf7, 0xdf, 0xff, 0xdf, 0xff, 0xdf, 0xf7, 0xdf, 0xff,
    0xdf, 0xff, 0xdf, 0xf7, 0xdf, 0xff, 0xdf, 0xff, 0xdf, 0xff, 0xdf, 0xff,
    0xdf, 0xf7, 0xdf, 0xff, 0xdf, 0xf7, 0xdf, 0xff, 0xdf, 0xff, 0xdf, 0xf7,
    0xbf, 0xf7, 0xdf, 0xff, 0xdf, 0xf7, 0xdf, 0xf7, 0xbf, 0xff, 0xdf, 0xf7,
    0xdf, 0xff, 0xbf, 0xf7, 0xdf, 0xff, 0xbf, 0xf7, 0xdf, 0xf7, 0xbf, 0xff,
    0xdf, 0xf7, 0xdf, 0xf7, 0xbf, 0xff, 0xdf, 0xf7, 0xdf, 0xff, 0xdf, 0xff,
    0xbf, 0xf7, 0xdf, 0xff, 0xdf, 0xf7, 0xdf, 0xf7, 0xbf, 0xff, 0xdf, 0xf7,
    0xdf, 0xff, 0xbf, 0xf7, 0xdf, 0xff, 0xdf, 0xf7, 0xdf, 0xf7, 0xdf, 0xff,
    0xbf, 0xff, 0xdf, 0xf7, 0xdf, 0xff, 0xbf, 0xff, 0xdf, 0xf7, 0xdf, 0xff,
    0xdf, 0xff, 0xbf, 0xf7, 0xdf, 0xf7, 0xdf, 0xff, 0xbf, 0xf7, 0xdf, 0xf7,
    0xdf, 0xff, 0xdf, 0xf7, 0xbf, 0xf7, 0xdf, 0xff, 0xbf, 0xf7, 0xdf, 0xff,
    0xdf, 0xf7, 0xbf, 0xff, 0xdf, 0xff, 0xdf, 0xf7, 0xdf, 0xff, 0xdf, 0xff,
    0xdf, 0xf7, 0xdf, 0xf7, 0xdf, 0xff, 0xbf, 0xf7, 0xdf, 0xff, 0xdf, 0xff,
    0xbf, 0xf7, 0xdf, 0xff, 0xbf, 0xff, 0xdf, 0xf7, 0xdf, 0xf7, 0xbf, 0xff,
    0xdf, 0xf7, 0xdf, 0xf7, 0xdf, 0xff, 0xdf, 0xff, 0xdf, 0xf7, 0xbf, 0xf7,
    0xdf, 0xff, 0xbf, 0xf7, 0xdf, 0xf7, 0xdf, 0xff, 0xbf, 0xf7, 0xdf, 0xff,
    0x5d, 0x0a, 0x5d, 0x0a, 0x5d, 0x12, 0xbc, 0xce, 0xbc, 0xd6, 0xbd, 0xce,
    0xbc, 0xd6, 0xbc, 0xce, 0xbc, 0xd6, 0xdd, 0xd6, 0xdd, 0xd6, 0xdd, 0xd6,
    0xdc, 0xd6, 0xdd, 0xd6, 0xdd, 0xce, 0xbc, 0xce, 0xbc, 0xd6, 0xbc, 0xce,
    0x9c, 0xce, 0x9c, 0xce, 0x9c, 0xce, 0x9c, 0xce, 0x9c, 0xce, 0x9c, 0xc6,
    0x7c, 0xc6, 0x7b, 0xce, 0x7c, 0xc6, 0x7b, 0xc6, 0x7b, 0xc6, 0x5b, 0xc6,
    0x7e, 0xef, 0x9e, 0xef, 0x7f, 0xf7, 0x9e, 0xef, 0x9f, 0xf7, 0x7e, 0xf7,
    0x9f, 0xef, 0x9f, 0xef, 0x7e, 0xf7, 0x7f, 0xef, 0x9e, 0xf7, 0x9f, 0xef,
    0x7f, 0xef, 0x9e, 0xf7, 0x9e, 0xef, 0x7f, 0xf7, 0x9e, 0xef, 0x7e, 0xf7,
    0x7f, 0xef, 0x9f, 0xef, 0x9e, 0xf7, 0x7e, 0xef, 0x7f, 0xef, 0x7e, 0xef,
    0x5e, 0xef, 0x7e, 0xef, 0x5e, 0xef, 0x5d, 0x0a, 0x5d, 0x12, 0x5d, 0x0a,
    0xff, 0xff, 0xff, 0xff, 0xff, 0xff, 0xff, 0xff, 0xff, 0xff, 0xff, 0xff,
    0xff, 0xff, 0xff, 0xff, 0xff, 0xff, 0xff, 0xff, 0xff, 0xff, 0xff, 0xff,
    0xff, 0xff, 0xff, 0xff, 0xff, 0xff, 0xff, 0xff, 0xff, 0xff, 0xff, 0xff,
    0xff, 0xff, 0xff, 0xff, 0xff, 0xff, 0xff, 0xff, 0xff, 0xff, 0xff, 0xff,
    0xff, 0xff, 0xff, 0xff, 0xff, 0xff, 0xff, 0xff, 0xff, 0xff, 0xff, 0xff,
    0xff, 0xff, 0xff, 0xff, 0xff, 0xff, 0xff, 0xff, 0xff, 0xff, 0xff, 0xff,
    0xff, 0xff, 0xff, 0xff, 0xff, 0xff, 0xff, 0xff, 0xff, 0xff, 0xff, 0xff,
    0xff, 0xff, 0xff, 0xff, 0xff, 0xff, 0xff, 0xff, 0xff, 0xff, 0xff, 0xff,
    0xff, 0xff, 0xff, 0xff, 0xff, 0xff, 0xff, 0xff, 0xff, 0xff, 0xff, 0xff,
    0xff, 0xff, 0xff, 0xff, 0xff, 0xff, 0xff, 0xff, 0xff, 0xff, 0xff, 0xff,
    0xff, 0xff, 0xff, 0xff, 0xff, 0xff, 0xdf, 0xff, 0xff, 0xff, 0xff, 0xff,
    0xff, 0xff, 0xdf, 0xff, 0xff, 0xff, 0xff, 0xff, 0xdf, 0xff, 0xff, 0xff,
    0xdf, 0xff, 0xff, 0xff, 0xff, 0xff, 0xdf, 0xff, 0xff, 0xff, 0xff, 0xff,
    0xdf, 0xff, 0xff, 0xff, 0xff, 0xff, 0xdf, 0xff, 0xff, 0xff, 0xff, 0xff,
    0xdf, 0xff, 0xdf, 0xff, 0xdf, 0xff, 0xdf, 0xff, 0xdf, 0xff, 0xff, 0xff,
    0xdf, 0xf7, 0xdf, 0xff, 0xff, 0xff, 0xdf, 0xff, 0xdf, 0xf7, 0xdf, 0xff,
    0xff, 0xff, 0xdf, 0xff, 0xdf, 0xff, 0xdf, 0xff, 0xdf, 0xf7, 0xdf, 0xff,
    0xdf, 0xff, 0xdf, 0xff, 0xdf, 0xff, 0xdf, 0xf7, 0xdf, 0xff, 0xdf, 0xff,
    0xdf, 0xf7, 0xdf, 0xf7, 0xdf, 0xff, 0xdf, 0xff, 0xdf, 0xf7, 0xdf, 0xf7,
    0xdf, 0xff, 0xdf, 0xf7, 0xdf, 0xff, 0xdf, 0xff, 0xdf, 0xff, 0xdf, 0xf7,
    0xdf, 0xff, 0xdf, 0xff, 0xbf, 0xf7, 0xdf, 0xff, 0xdf, 0xff, 0xdf, 0xf7,
    0xbf, 0xff, 0xdf, 0xff, 0xdf, 0xf7, 0xdf, 0xf7, 0xdf, 0xff, 0xbf, 0xff,
    0xdf, 0xf7, 0xdf, 0xff, 0xdf, 0xff, 0xbf, 0xf7, 0xdf, 0xff, 0xdf, 0xf7,
    0xdf, 0xf7, 0xdf, 0xff, 0xdf, 0xf7, 0xdf, 0xff, 0xbf, 0xff, 0xdf, 0xf7,
    0xdf, 0xff, 0xbf, 0xf7, 0xdf, 0xff, 0xdf, 0xf7, 0xbf, 0xff, 0xdf, 0xf7,
    0xbf, 0xff, 0xdf, 0xf7, 0xdf, 0xf7, 0xdf, 0xff, 0xbf, 0xf7, 0xdf, 0xf7,
    0xdf, 0xff, 0xbf, 0xf7, 0xdf, 0xf7, 0xdf, 0xff, 0xdf, 0xff, 0xbf, 0xf7,
    0xdf, 0xff, 0xdf, 0xff, 0xbf, 0xf7, 0xdf, 0xff, 0xdf, 0xff, 0xdf, 0xf7,
    0xbf, 0xf7, 0xdf, 0xff, 0xdf, 0xf7, 0xbf, 0xff, 0xdf, 0xf7, 0xdf, 0xff,
    0xdf, 0xf7, 0xbf, 0xf7, 0xdf, 0xff, 0xdf, 0xff, 0xdf, 0xf7, 0xbf, 0xff,
    0xdf, 0xf7, 0xdf, 0xff, 0xdf, 0xf7, 0xdf, 0xf7, 0xdf, 0xff, 0xbf, 0xff,
    0xdf, 0xf7, 0xdf, 0xff, 0xdf, 0xff, 0xdf, 0xf7, 0xdf, 0xff, 0xdf, 0xf7,
    0xdf, 0xff, 0xbf, 0xff, 0xdf, 0xf7, 0xdf, 0xff, 0xdf, 0xf7, 0xbf, 0xff,
    0xdf, 0xf7, 0xdf, 0xf7, 0xbf, 0xff, 0x5e, 0x0a, 0x5d, 0x0a, 0x5d, 0x0a,
    0xbd, 0xd6, 0xbc, 0xd6, 0xbc, 0xd6, 0xbc, 0xce, 0xbc, 0xce, 0xbc, 0xd6,
    0xbc, 0xd6, 0xdd, 0xd6, 0xdc, 0xd6, 0xdc, 0xd6, 0xdd, 0xd6, 0xbc, 0xce,
    0xbc, 0xd6, 0xbc, 0xce, 0xbd, 0xce, 0xbc, 0xce, 0x9c, 0xce, 0x9c, 0xce,
    0x9c, 0xce, 0x9c, 0xc6, 0x9c, 0xc6, 0x7b, 0xc6, 0x7c, 0xc6, 0x7b, 0xc6,
    0x7c, 0xc6, 0x5c, 0xc6, 0x5b, 0xc6, 0x7e, 0xef, 0x7f, 0xf7, 0x9f, 0xef,
    0x7e, 0xef, 0x7e, 0xef, 0x9f, 0xf7, 0x7e, 0xef, 0x9e, 0xef, 0x7f, 0xf7,
    0x7e, 0xef, 0x9f, 0xef, 0x7e, 0xf7, 0x7f, 0xef, 0x9e, 0xef, 0x7f, 0xf7,
    0x9e, 0xef, 0x9f, 0xef, 0x7e, 0xf7, 0x9e, 0xef, 0x7f, 0xf7, 0x9f, 0xef,
    0x7e, 0xef, 0x7f, 0xef, 0x7e, 0xef, 0x7e, 0xef, 0x5e, 0xef, 0x5e, 0xef,
    0x5d, 0x0a, 0x5d, 0x0a, 0x5e, 0x12, 0xff, 0xff, 0xff, 0xff, 0xff, 0xff,
    0xff, 0xff, 0xff, 0xff, 0xff, 0xff, 0xff, 0xff, 0xff, 0xff, 0xff, 0xff,
    0xff, 0xff, 0xff, 0xff, 0xff, 0xff, 0xff, 0xff, 0xff, 0xff, 0xff, 0xff,
    0xff, 0xff, 0xff, 0xff, 0xff, 0xff, 0xff, 0xff, 0xff, 0xff, 0xff, 0xff,
    0xff, 0xff, 0xff, 0xff, 0xff, 0xff, 0xff, 0xff, 0xff, 0xff, 0xff, 0xff,
    0xff, 0xff, 0xff, 0xff, 0xff, 0xff, 0xff, 0xff, 0xff, 0xff, 0xff, 0xff,
    0xff, 0xff, 0xff, 0xff, 0xff, 0xff, 0xff, 0xff, 0xff, 0xff, 0xff, 0xff,
    0xff, 0xff, 0xff, 0xff, 0xff, 0xff, 0xff, 0xff, 0xff, 0xff, 0xff, 0xff,
    0xff, 0xff, 0xff, 0xff, 0xff, 0xff, 0xff, 0xff, 0xff, 0xff, 0xff, 0xff,
    0xff, 0xff, 0xff, 0xff, 0xff, 0xff, 0xff, 0xff, 0xff, 0xff, 0xff, 0xff,
    0xff, 0xff, 0xff, 0xff, 0xff, 0xff, 0xff, 0xff, 0xff, 0xff, 0xdf, 0xff,
    0xff, 0xff, 0xff, 0xff, 0xff, 0xff, 0xdf, 0xff, 0xff, 0xff, 0xff, 0xff,
    0xff, 0xff, 0xff, 0xff, 0xdf, 0xff, 0xdf, 0xff, 0xff, 0xff, 0xdf, 0xff,
    0xdf, 0xff, 0xff, 0xff, 0xdf, 0xff, 0xdf, 0xff, 0xff, 0xff, 0xdf, 0xff,
    0xdf, 0xff, 0xff, 0xff, 0xdf, 0xff, 0xdf, 0xff, 0xdf, 0xff, 0xff, 0xff,
    0xdf, 0xff, 0xdf, 0xff, 0xdf, 0xff, 0xdf, 0xff, 0xdf, 0xff, 0xff, 0xf7,
    0xdf, 0xff, 0xdf, 0xff, 0xff, 0xff, 0xdf, 0xf7, 0xdf, 0xff, 0xdf, 0xff,
    0xdf, 0xf7, 0xdf, 0xff, 0xdf, 0xff, 0xdf, 0xf7, 0xdf, 0xff, 0xdf, 0xf7,
    0xdf, 0xff, 0xdf, 0xff, 0xdf, 0xf7, 0xdf, 0xff, 0xdf, 0xff, 0xdf, 0xf7,
    0xdf, 0xff, 0xdf, 0xff, 0xdf, 0xff, 0xdf, 0xf7, 0xdf, 0xf7, 0xdf, 0xff,
    0xdf, 0xff, 0xdf, 0xf7, 0xdf, 0xff, 0xdf, 0xf7, 0xbf, 0xf7, 0xdf, 0xff,
    0xdf, 0xf7, 0xdf, 0xff, 0xbf, 0xf7, 0xdf, 0xff, 0xdf, 0xf7, 0xdf, 0xff,
    0xbf, 0xf7, 0xdf, 0xff, 0xdf, 0xf7, 0xdf, 0xff, 0xdf, 0xf7, 0xdf, 0xf7,
    0xdf, 0xff, 0xbf, 0xff, 0xdf, 0xf7, 0xbf, 0xff, 0xbf, 0xf7, 0xdf, 0xf7,
    0xdf, 0xff, 0xdf, 0xf7, 0xdf, 0xff, 0xdf, 0xff, 0xdf, 0xf7, 0xdf, 0xff,
    0xdf, 0xff, 0xdf, 0xf7, 0xdf, 0xff, 0xdf, 0xff, 0xbf, 0xf7, 0xdf, 0xff,
    0xdf, 0xff, 0xdf, 0xf7, 0xdf, 0xff, 0xdf, 0xff, 0xdf, 0xf7, 0xbf, 0xf7,
    0xdf, 0xff, 0xdf, 0xf7, 0xdf, 0xf7, 0xdf, 0xff, 0xdf, 0xf7, 0xdf, 0xf7,
    0xbf, 0xff, 0xdf, 0xff, 0xdf, 0xf7, 0xdf, 0xff, 0xdf, 0xff, 0xdf, 0xf7,
    0xdf, 0xf7, 0xdf, 0xff, 0xdf, 0xf7, 0xbf, 0xff, 0xdf, 0xf7, 0xbf, 0xff,
    0xdf, 0xf7, 0xdf, 0xff, 0xdf, 0xf7, 0xdf, 0xff, 0xbf, 0xf7, 0xdf, 0xff,
    0xdf, 0xf7, 0xdf, 0xf7, 0xdf, 0xf7, 0xbf, 0xff, 0xdf, 0xf7, 0xdf, 0xf7,
    0xbf, 0xff, 0xbf, 0xff, 0xdf, 0xf7, 0xdf, 0xf7, 0xdf, 0xff, 0xdf, 0xff,
    0xdf, 0xf7, 0xdf, 0xff, 0xbf, 0xff, 0xdf, 0xf7, 0xdf, 0xff, 0xdf, 0xff,
    0x5d, 0x0a, 0x5d, 0x0a, 0x5d, 0x0a, 0x9d, 0xd6, 0xbc, 0xd6, 0xbc, 0xce,
    0xbc, 0xce, 0xbc, 0xce, 0xbd, 0xd6, 0xbc, 0xce, 0xdc, 0xd6, 0xdd, 0xd6,
    0xdc, 0xd6, 0xdd, 0xce, 0xbc, 0xd6, 0xbc, 0xce, 0xbc, 0xce, 0x9c, 0xce,
    0x9c, 0xce, 0x9c, 0xce, 0x9c, 0xce, 0x9c, 0xc6, 0x9c, 0xce, 0x7c, 0xc6,
    0x7b, 0xc6, 0x7c, 0xc6, 0x7b, 0xc6, 0x5b, 0xc6, 0x5b, 0xc6, 0x5c, 0xc6,
    0x9f, 0xef, 0x7e, 0xf7, 0x9f, 0xef, 0x7f, 0xef, 0x9e, 0xf7, 0x7f, 0xef,
    0x9f, 0xef, 0x7e, 0xf7, 0x9f, 0xef, 0x9f, 0xef, 0x7e, 0xf7, 0x9e, 0xf7,
    0x9f, 0xef, 0x7f, 0xef, 0x7e, 0xf7, 0x9f, 0xef, 0x7f, 0xef, 0x9e, 0xf7,
    0x7e, 0xef, 0x9f, 0xef, 0x7e, 0xf7, 0x7e, 0xef, 0x7f, 0xef, 0x7e, 0xef,
    0x7e, 0xef, 0x5e, 0xef, 0x5e, 0xef, 0x5d, 0x0a, 0x5d, 0x0a, 0x5d, 0x0a,
    0xff, 0xff, 0xff, 0xff, 0xff, 0xff, 0xff, 0xff, 0xff, 0xff, 0xff, 0xff,
    0xff, 0xff, 0xff, 0xff, 0xff, 0xff, 0xff, 0xff, 0xff, 0xff, 0xff, 0xff,
    0xff, 0xff, 0xff, 0xff, 0xff, 0xff, 0xff, 0xff, 0xff, 0xff, 0xff, 0xff,
    0xff, 0xff, 0xff, 0xff, 0xff, 0xff, 0xff, 0xff, 0xff, 0xff, 0xff, 0xff,
    0xff, 0xff, 0xff, 0xff, 0xff, 0xff, 0xff, 0xff, 0xff, 0xff, 0xff, 0xff,
    0xff, 0xff, 0xff, 0xff, 0xff, 0xff, 0xff, 0xff, 0xff, 0xff, 0xff, 0xff,
    0xff, 0xff, 0xff, 0xff, 0xff, 0xff, 0xff, 0xff, 0xff, 0xff, 0xff, 0xff,
    0xff, 0xff, 0xff, 0xff, 0xff, 0xff, 0xff, 0xff, 0xff, 0xff, 0xff, 0xff,
    0xff, 0xff, 0xff, 0xff, 0xff, 0xff, 0xff, 0xff, 0xff, 0xff, 0xff, 0xff,
    0xff, 0xff, 0xff, 0xff, 0xff, 0xff, 0xff, 0xff, 0xff, 0xff, 0xff, 0xff,
    0xff, 0xff, 0xdf, 0xff, 0xff, 0xff, 0xff, 0xff, 0xff, 0xff, 0xdf, 0xff,
    0xff, 0xff, 0xff, 0xff, 0xff, 0xff, 0xdf, 0xff, 0xdf, 0xff, 0xff, 0xff,
    0xff, 0xff, 0xdf, 0xff, 0xff, 0xff, 0xff, 0xff, 0xdf, 0xff, 0xff, 0xff,
    0xff, 0xff, 0xdf, 0xff, 0xff, 0xff, 0xdf, 0xff, 0xdf, 0xff, 0xdf, 0xff,
    0xdf, 0xff, 0xdf, 0xff, 0xff, 0xff, 0xdf, 0xff, 0xdf, 0xf7, 0xff, 0xff,
    0xdf, 0xff, 0xdf, 0xff, 0xdf, 0xff, 0xdf, 0xf7, 0xdf, 0xff, 0xdf, 0xff,
    0xdf, 0xf7, 0xdf, 0xff, 0xdf, 0xff, 0xdf, 0xff, 0xdf, 0xff, 0xdf, 0xff,
    0xdf, 0xff, 0xdf, 0xf7, 0xdf, 0xff, 0xdf, 0xff, 0xdf, 0xf7, 0xdf, 0xff,
    0xdf, 0xff, 0xdf, 0xf7, 0xdf, 0xff, 0xdf, 0xf7, 0xdf, 0xff, 0xdf, 0xff,
    0xdf, 0xff, 0xdf, 0xff, 0xdf, 0xf7, 0xdf, 0xf7, 0xdf, 0xff, 0xdf, 0xff,
    0xbf, 0xf7, 0xdf, 0xff, 0xdf, 0xf7, 0xdf, 0xff, 0xbf, 0xf7, 0xdf, 0xff,
    0xdf, 0xf7, 0xdf, 0xf7, 0xbf, 0xff, 0xdf, 0xff, 0xdf, 0xf7, 0xdf, 0xf7,
    0xbf, 0xff, 0xbf, 0xff, 0xdf, 0xf7, 0xdf, 0xf7, 0xdf, 0xff, 0xdf, 0xff,
    0xdf, 0xf7, 0xdf, 0xff, 0xbf, 0xff, 0xdf, 0xf7, 0xdf, 0xf7, 0xbf, 0xff,
    0xbf, 0xf7, 0xdf, 0xf7, 0xbf, 0xff, 0xdf, 0xf7, 0xdf, 0xf7, 0xbf, 0xff,
    0xdf, 0xf7, 0xdf, 0xf7, 0xbf, 0xff, 0xdf, 0xf7, 0xbf, 0xf7, 0xdf, 0xff,
    0xdf, 0xff, 0xbf, 0xf7, 0xdf, 0xff, 0xdf, 0xff, 0xbf, 0xf7, 0xdf, 0xff,
    0xbf, 0xff, 0xdf, 0xf7, 0xdf, 0xf7, 0xdf, 0xff, 0xbf, 0xf7, 0xdf, 0xf7,
    0xdf, 0xff, 0xbf, 0xff, 0xdf, 0xf7, 0xbf, 0xff, 0xdf, 0xff, 0xdf, 0xf7,
    0xdf, 0xff, 0xdf, 0xff, 0xdf, 0xf7, 0xbf, 0xff, 0xdf, 0xf7, 0xdf, 0xff,
    0xbf, 0xf7, 0xdf, 0xff, 0xdf, 0xff, 0xbf, 0xff, 0xdf, 0xf7, 0xdf, 0xff,
    0xbf, 0xff, 0xdf, 0xf7, 0xdf, 0xf7, 0xdf, 0xff, 0xdf, 0xf7, 0xbf, 0xff,
    0xdf, 0xf7, 0xbf, 0xf7, 0xbf, 0xff, 0xdf, 0xf7, 0xdf, 0xf7, 0xdf, 0xff,
    0xdf, 0xf7, 0xbf, 0xff, 0xdf, 0xf7, 0x5d, 0x0a, 0x5d, 0x0a, 0x5d, 0x0a,
    0x9c, 0xce, 0xbc, 0xd6, 0xbc, 0xd6, 0xbc, 0xce, 0xbd, 0xd6, 0xbc, 0xce,
    0xbc, 0xce, 0xbc, 0xce, 0xdd, 0xd6, 0xdd, 0xce, 0xbc, 0xd6, 0xbd, 0xce,
    0xbc, 0xce, 0xbc, 0xce, 0x9c, 0xce, 0x9c, 0xce, 0x9c, 0xce, 0x9c, 0xc6,
    0x9c, 0xce, 0x7b, 0xc6, 0x7b, 0xc6, 0x7c, 0xc6, 0x7c, 0xc6, 0x7b, 0xc6,
    0x5b, 0xc6, 0x5c, 0xc6, 0x5b, 0xbe, 0x7e, 0xef, 0x9e, 0xef, 0x9f, 0xf7,
    0x7e, 0xf7, 0x9e, 0xef, 0x9f, 0xef, 0x7e, 0xf7, 0x7e, 0xf7, 0x9f, 0xef,
    0x7e, 0xef, 0x7f, 0xf7, 0x9e, 0xef, 0x9e, 0xef, 0x7f, 0xf7, 0x9e, 0xef,
    0x7e, 0xef, 0x7f, 0xf7, 0x9f, 0xef, 0x7e, 0xef, 0x9f, 0xf7, 0x9f, 0xf7,
    0x7e, 0xef, 0x7e, 0xef, 0x7e, 0xef, 0x7e, 0xef, 0x7e, 0xef, 0x5e, 0xe7,
    0x5d, 0x0a, 0x5d, 0x0a, 0x5d, 0x0a, 0xff, 0xff, 0xff, 0xff, 0xff, 0xff,
    0xff, 0xff, 0xff, 0xff, 0xff, 0xff, 0xff, 0xff, 0xff, 0xff, 0xff, 0xff,
    0xff, 0xff, 0xff, 0xff, 0xff, 0xff, 0xff, 0xff, 0xff, 0xff, 0xff, 0xff,
    0xff, 0xff, 0xff, 0xff, 0xff, 0xff, 0xff, 0xff, 0xff, 0xff, 0xff, 0xff,
    0xff, 0xff, 0xff, 0xff, 0xff, 0xff, 0xff, 0xff, 0xff, 0xff, 0xff, 0xff,
    0xff, 0xff, 0xff, 0xff, 0xff, 0xff, 0xff, 0xff, 0xff, 0xff, 0xff, 0xff,
    0xff, 0xff, 0xff, 0xff, 0xff, 0xff, 0xff, 0xff, 0xff, 0xff, 0xff, 0xff,
    0xff, 0xff, 0xff, 0xff, 0xff, 0xff, 0xff, 0xff, 0xff, 0xff, 0xff, 0xff,
    0xff, 0xff, 0xff, 0xff, 0xff, 0xff, 0xff, 0xff, 0xff, 0xff, 0xff, 0xff,
    0xff, 0xff, 0xff, 0xff, 0xff, 0xff, 0xff, 0xff, 0xff, 0xff, 0xff, 0xff,
    0xff, 0xff, 0xff, 0xff, 0xff, 0xff, 0xdf, 0xff, 0xff, 0xff, 0xff, 0xff,
    0xff, 0xff, 0xdf, 0xff, 0xff, 0xff, 0xff, 0xff, 0xff, 0xff, 0xff, 0xff,
    0xdf, 0xff, 0xdf, 0xff, 0xff, 0xff, 0xdf, 0xff, 0xdf, 0xff, 0xff, 0xff,
    0xdf, 0xff, 0xdf, 0xff, 0xff, 0xff, 0xdf, 0xff, 0xff, 0xff, 0xff, 0xff,
    0xdf, 0xff, 0xdf, 0xff, 0xff, 0xff, 0xdf, 0xff, 0xdf, 0xff, 0xdf, 0xff,
    0xdf, 0xff, 0xff, 0xff, 0xdf, 0xff, 0xff, 0xf7, 0xdf, 0xff, 0xff, 0xff,
    0xdf, 0xff, 0xff, 0xff, 0xdf, 0xff, 0xdf, 0xff, 0xdf, 0xf7, 0xdf, 0xff,
    0xdf, 0xff, 0xdf, 0xf7, 0xdf, 0xff, 0xdf, 0xf7, 0xdf, 0xff, 0xdf, 0xff,
    0xdf, 0xf7, 0xdf, 0xf7, 0xdf, 0xff, 0xdf, 0xff, 0xdf, 0xf7, 0xdf, 0xff,
    0xdf, 0xff, 0xdf, 0xf7, 0xdf, 0xf7, 0xdf, 0xff, 0xdf, 0xff, 0xdf, 0xf7,
    0xdf, 0xff, 0xdf, 0xff, 0xbf, 0xf7, 0xdf, 0xff, 0xdf, 0xf7, 0xdf, 0xff,
    0xbf, 0xf7, 0xdf, 0xff, 0xdf, 0xf7, 0xdf, 0xff, 0xbf, 0xff, 0xdf, 0xf7,
    0xdf, 0xff, 0xdf, 0xf7, 0xbf, 0xff, 0xdf, 0xf7, 0xdf, 0xff, 0xdf, 0xff,
    0xbf, 0xf7, 0xdf, 0xf7, 0xdf, 0xff, 0xdf, 0xf7, 0xdf, 0xff, 0xdf, 0xff,
    0xbf, 0xf7, 0xdf, 0xff, 0xdf, 0xf7, 0xdf, 0xff, 0xdf, 0xf7, 0xbf, 0xff,
    0xdf, 0xf7, 0xdf, 0xff, 0xbf, 0xff, 0xdf, 0xf7, 0xdf, 0xff, 0xdf, 0xff,
    0xdf, 0xf7, 0xbf, 0xff, 0xdf, 0xf7, 0xdf, 0xf7, 0xdf, 0xff, 0xdf, 0xf7,
    0xdf, 0xf7, 0xdf, 0xff, 0xbf, 0xf7, 0xdf, 0xff, 0xdf, 0xff, 0xbf, 0xf7,
    0xdf, 0xff, 0xdf, 0xff, 0xdf, 0xf7, 0xbf, 0xf7, 0xdf, 0xff, 0xdf, 0xf7,
    0xbf, 0xf7, 0xdf, 0xff, 0xdf, 0xf7, 0xbf, 0xf7, 0xdf, 0xff, 0xdf, 0xf7,
    0xbf, 0xf7, 0xdf, 0xff, 0xdf, 0xf7, 0xbf, 0xff, 0xdf, 0xf7, 0xdf, 0xf7,
    0xbf, 0xff, 0xdf, 0xf7, 0xdf, 0xff, 0xdf, 0xff, 0xbf, 0xf7, 0xdf, 0xff,
    0xdf, 0xf7, 0xdf, 0xff, 0xdf, 0xff, 0xdf, 0xf7, 0xdf, 0xff, 0xdf, 0xf7,
    0xbf, 0xff, 0xdf, 0xf7, 0xdf, 0xff, 0xbf, 0xf7, 0xdf, 0xf7, 0xdf, 0xff,
    0x5d, 0x0a, 0x5d, 0x12, 0x5d, 0x0a, 0xbc, 0xce, 0xbc, 0xce, 0xbc, 0xd6,
    0xbc, 0xce, 0xbc, 0xd6, 0xbc, 0xce, 0xbc, 0xd6, 0xbc, 0xce, 0xdc, 0xd6,
    0xdd, 0xd6, 0xbc, 0xce, 0xbc, 0xd6, 0xbc, 0xce, 0x9c, 0xce, 0x9c, 0xce,
    0x9c, 0xce, 0x9c, 0xce, 0x9c, 0xc6, 0x7c, 0xc6, 0x7b, 0xc6, 0x7c, 0xc6,
    0x7b, 0xc6, 0x7b, 0xc6, 0x7c, 0xc6, 0x5b, 0xc6, 0x5b, 0xc6, 0x5b, 0xbe,
    0x7f, 0xef, 0x9e, 0xef, 0x7f, 0xf7, 0x7e, 0xef, 0x9f, 0xef, 0x7f, 0xf7,
    0x9e, 0xef, 0x9f, 0xef, 0x7e, 0xf7, 0x9f, 0xef, 0x7f, 0xef, 0x7e, 0xf7,
    0x9f, 0xef, 0x7f, 0xf7, 0x9e, 0xef, 0x9e, 0xf7, 0x7f, 0xef, 0x9e, 0xef,
    0x7f, 0xf7, 0x7e, 0xef, 0x9f, 0xef, 0x7e, 0xef, 0x7f, 0xef, 0x7e, 0xef,
    0x5e, 0xef, 0x5e, 0xef, 0x5e, 0xef, 0x5d, 0x0a, 0x5d, 0x0a, 0x5e, 0x12,
    0xff, 0xff, 0xff, 0xff, 0xff, 0xff, 0xff, 0xff, 0xff, 0xff, 0xff, 0xff,
    0xff, 0xff, 0xff, 0xff, 0xff, 0xff, 0xff, 0xff, 0xff, 0xff, 0xff, 0xff,
    0xff, 0xff, 0xff, 0xff, 0xff, 0xff, 0xff, 0xff, 0xff, 0xff, 0xff, 0xff,
    0xff, 0xff, 0xff, 0xff, 0xff, 0xff, 0xff, 0xff, 0xff, 0xff, 0xff, 0xff,
    0xff, 0xff, 0xff, 0xff, 0xff, 0xff, 0xff, 0xff, 0xff, 0xff, 0xff, 0xff,
    0xff, 0xff, 0xff, 0xff, 0xff, 0xff, 0xff, 0xff, 0xff, 0xff, 0xff, 0xff,
    0xff, 0xff, 0xff, 0xff, 0xff, 0xff, 0xff, 0xff, 0xff, 0xff, 0xff, 0xff,
    0xff, 0xff, 0xff, 0xff, 0xff, 0xff, 0xff, 0xff, 0xff, 0xff, 0xff, 0xff,
    0xff, 0xff, 0xff, 0xff, 0xff, 0xff, 0xff, 0xff, 0xff, 0xff, 0xff, 0xff,
    0xff, 0xff, 0xff, 0xff, 0xff, 0xff, 0xff, 0xff, 0xff, 0xff, 0xdf, 0xff,
    0xff, 0xff, 0xff, 0xff, 0xff, 0xff, 0xdf, 0xff, 0xff, 0xff, 0xff, 0xff,
    0xdf, 0xff, 0xff, 0xff, 0xdf, 0xff, 0xff, 0xff, 0xff, 0xff, 0xdf, 0xff,
    0xff, 0xff, 0xff, 0xff, 0xdf, 0xff, 0xff, 0xff, 0xff, 0xff, 0xdf, 0xff,
    0xdf, 0xff, 0xff, 0xff, 0xdf, 0xff, 0xdf, 0xff, 0xdf, 0xff, 0xdf, 0xff,
    0xff, 0xff, 0xdf, 0xff, 0xdf, 0xf7, 0xff, 0xff, 0xdf, 0xff, 0xdf, 0xff,
    0xdf, 0xf7, 0xdf, 0xff, 0xdf, 0xff, 0xdf, 0xf7, 0xdf, 0xff, 0xdf, 0xff,
    0xdf, 0xf7, 0xdf, 0xff, 0xdf, 0xff, 0xdf, 0xf7, 0xdf, 0xff, 0xdf, 0xf7,
    0xdf, 0xff, 0xdf, 0xff, 0xdf, 0xf7, 0xdf, 0xff, 0xdf, 0xff, 0xdf, 0xf7,
    0xdf, 0xff, 0xdf, 0xff, 0xdf, 0xf7, 0xdf, 0xff, 0xdf, 0xff, 0xdf, 0xf7,
    0xdf, 0xff, 0xdf, 0xf7, 0xdf, 0xff, 0xbf, 0xf7, 0xdf, 0xf7, 0xdf, 0xff,
    0xdf, 0xf7, 0xdf, 0xff, 0xbf, 0xf7, 0xdf, 0xff, 0xdf, 0xf7, 0xdf, 0xf7,
    0xbf, 0xff, 0xdf, 0xf7, 0xdf, 0xf7, 0xdf, 0xff, 0xbf, 0xff, 0xdf, 0xf7,
    0xdf, 0xf7, 0xdf, 0xff, 0xdf, 0xf7, 0xbf, 0xff, 0xdf, 0xff, 0xbf, 0xf7,
    0xbf, 0xf7, 0xdf, 0xf7, 0xdf, 0xf7, 0xdf, 0xff, 0xdf, 0xf7, 0xdf, 0xff,
    0xdf, 0xff, 0xdf, 0xf7, 0xdf, 0xff, 0xdf, 0xf7, 0xdf, 0xf7, 0xdf, 0xff,
    0xdf, 0xf7, 0xbf, 0xf7, 0xdf, 0xff, 0xdf, 0xff, 0xdf, 0xf7, 0xbf, 0xff,
    0xdf, 0xf7, 0xbf, 0xff, 0xdf, 0xff, 0xdf, 0xf7, 0xdf, 0xff, 0xdf, 0xf7,
    0xdf, 0xf7, 0xdf, 0xff, 0xbf, 0xf7, 0xdf, 0xf7, 0xdf, 0xff, 0xbf, 0xff,
    0xdf, 0xf7, 0xdf, 0xff, 0xdf, 0xff, 0xdf, 0xf7, 0xdf, 0xff, 0xbf, 0xff,
    0xdf, 0xf7, 0xdf, 0xff, 0xdf, 0xff, 0xdf, 0xf7, 0xdf, 0xff, 0xdf, 0xff,
    0xdf, 0xf7, 0xdf, 0xf7, 0xdf, 0xff, 0xdf, 0xf7, 0xbf, 0xf7, 0xdf, 0xff,
    0xdf, 0xf7, 0xdf, 0xff, 0xbf, 0xf7, 0xdf, 0xff, 0xbf, 0xf7, 0xdf, 0xf7,
    0xdf, 0xff, 0xdf, 0xff, 0xdf, 0xf7, 0xdf, 0xff, 0xbf, 0xff, 0xdf, 0xf7,
    0xdf, 0xff, 0xdf, 0xff, 0xdf, 0xff, 0x5d, 0x0a, 0x5e, 0x0a, 0x5d, 0x12,
    0x9c, 0xce, 0xbd, 0xce, 0xbc, 0xce, 0xbc, 0xce, 0xbd, 0xce, 0xbc, 0xd6,
    0xbc, 0xd6, 0xbd, 0xce, 0xbc, 0xce, 0xbc, 0xd6, 0xbd, 0xce, 0xbc, 0xce,
    0xbc, 0xce, 0xbc, 0xce, 0x9c, 0xce, 0x9c, 0xce, 0x9c, 0xce, 0x7c, 0xc6,
    0x7b, 0xc6, 0x7c, 0xc6, 0x9c, 0xc6, 0x7b, 0xc6, 0x7b, 0xc6, 0x5c, 0xc6,
    0x5b, 0xc6, 0x5b, 0xbe, 0x5b, 0xbe, 0x7e, 0xef, 0x9f, 0xf7, 0x7e, 0xef,
    0x9f, 0xef, 0x7e, 0xf7, 0x7e, 0xef, 0x9f, 0xef, 0x7f, 0xf7, 0x9e, 0xef,
    0x9e, 0xef, 0x9f, 0xf7, 0x7e, 0xef, 0x9e, 0xef, 0x7f, 0xef, 0x7f, 0xf7,
    0x9e, 0xef, 0x9f, 0xf7, 0x7e, 0xef, 0x9e, 0xf7, 0x7f, 0xef, 0x9e, 0xef,
    0x7e, 0xf7, 0x7f, 0xef, 0x7e, 0xef, 0x7e, 0xef, 0x5e, 0xef, 0x5e, 0xef,
    0x5d, 0x0a, 0x5d, 0x0a, 0x5d, 0x0a, 0xff, 0xff, 0xff, 0xff, 0xff, 0xff,
    0xff, 0xff, 0xff, 0xff, 0xff, 0xff, 0xff, 0xff, 0xff, 0xff, 0xff, 0xff,
    0xff, 0xff, 0xff, 0xff, 0xff, 0xff, 0xff, 0xff, 0xff, 0xff, 0xff, 0xff,
    0xff, 0xff, 0xff, 0xff, 0xff, 0xff, 0xff, 0xff, 0xff, 0xff, 0xff, 0xff,
    0xff, 0xff, 0xff, 0xff, 0xff, 0xff, 0xff, 0xff, 0xff, 0xff, 0xff, 0xff,
    0xff, 0xff, 0xff, 0xff, 0xff, 0xff, 0xff, 0xff, 0xff, 0xff, 0xff, 0xff,
    0xff, 0xff, 0xff, 0xff, 0xff, 0xff, 0xff, 0xff, 0xff, 0xff, 0xff, 0xff,
    0xff, 0xff, 0xff, 0xff, 0xff, 0xff, 0xff, 0xff, 0xff, 0xff, 0xff, 0xff,
    0xff, 0xff, 0xff, 0xff, 0xff, 0xff, 0xff, 0xff, 0xff, 0xff, 0xff, 0xff,
    0xff, 0xff, 0xff, 0xff, 0xff, 0xff, 0xff, 0xff, 0xff, 0xff, 0xff, 0xff,
    0xff, 0xff, 0xdf, 0xff, 0xff, 0xff, 0xff, 0xff, 0xff, 0xff, 0xdf, 0xff,
    0xff, 0xff, 0xff, 0xff, 0xff, 0xff, 0xff, 0xff, 0xdf, 0xff, 0xdf, 0xff,
    0xff, 0xff, 0xdf, 0xff, 0xdf, 0xff, 0xff, 0xff, 0xdf, 0xff, 0xdf, 0xff,
    0xff, 0xff, 0xff, 0xff, 0xdf, 0xff, 0xff, 0xff, 0xdf, 0xff, 0xdf, 0xff,
    0xdf, 0xff, 0xdf, 0xff, 0xdf, 0xff, 0xff, 0xff, 0xdf, 0xff, 0xdf, 0xff,
    0xdf, 0xff, 0xdf, 0xf7, 0xdf, 0xff, 0xff, 0xff, 0xdf, 0xff, 0xdf, 0xf7,
    0xdf, 0xff, 0xdf, 0xff, 0xdf, 0xf7, 0xdf, 0xff, 0xdf, 0xff, 0xdf, 0xff,
    0xdf, 0xff, 0xdf, 0xf7, 0xdf, 0xff, 0xdf, 0xff, 0xdf, 0xf7, 0xdf, 0xff,
    0xdf, 0xff, 0xdf, 0xf7, 0xdf, 0xff, 0xdf, 0xff, 0xdf, 0xf7, 0xdf, 0xff,
    0xdf, 0xff, 0xdf, 0xf7, 0xdf, 0xff, 0xdf, 0xff, 0xdf, 0xff, 0xdf, 0xf7,
    0xdf, 0xff, 0xbf, 0xff, 0xdf, 0xf7, 0xdf, 0xff, 0xbf, 0xf7, 0xdf, 0xff,
    0xdf, 0xff, 0xdf, 0xf7, 0xbf, 0xff, 0xdf, 0xff, 0xdf, 0xf7, 0xdf, 0xf7,
    0xbf, 0xff, 0xdf, 0xf7, 0xdf, 0xff, 0xbf, 0xff, 0xdf, 0xf7, 0xdf, 0xf7,
    0xdf, 0xff, 0xdf, 0xf7, 0xdf, 0xff, 0xdf, 0xff, 0xdf, 0xff, 0xbf, 0xf7,
    0xdf, 0xff, 0xbf, 0xf7, 0xbf, 0xf7, 0xdf, 0xff, 0xbf, 0xf7, 0xdf, 0xff,
    0xbf, 0xff, 0xdf, 0xf7, 0xdf, 0xff, 0xbf, 0xff, 0xdf, 0xf7, 0xdf, 0xf7,
    0xdf, 0xff, 0xdf, 0xf7, 0xdf, 0xff, 0xdf, 0xf7, 0xbf, 0xf7, 0xdf, 0xff,
    0xbf, 0xff, 0xbf, 0xf7, 0xdf, 0xff, 0xdf, 0xf7, 0xbf, 0xff, 0xdf, 0xff,
    0xdf, 0xf7, 0xdf, 0xf7, 0xdf, 0xff, 0xdf, 0xf7, 0xbf, 0xf7, 0xdf, 0xff,
    0xdf, 0xf7, 0xbf, 0xf7, 0xdf, 0xff, 0xdf, 0xf7, 0xbf, 0xf7, 0xdf, 0xff,
    0xbf, 0xf7, 0xdf, 0xf7, 0xbf, 0xff, 0xdf, 0xf7, 0xbf, 0xff, 0xdf, 0xff,
    0xdf, 0xf7, 0xdf, 0xff, 0xbf, 0xf7, 0xdf, 0xf7, 0xdf, 0xff, 0xdf, 0xff,
    0xdf, 0xf7, 0xbf, 0xff, 0xdf, 0xf7, 0xbf, 0xf7, 0xbf, 0xff, 0xdf, 0xf7,
    0xdf, 0xf7, 0xdf, 0xff, 0xdf, 0xf7, 0xbf, 0xf7, 0xdf, 0xff, 0xbf, 0xf7,
    0x5d, 0x0a, 0x5d, 0x0a, 0x5d, 0x0a, 0x9c, 0xd6, 0xbc, 0xd6, 0x9c, 0xce,
    0x9c, 0xce, 0xbd, 0xd6, 0xbc, 0xce, 0xbc, 0xce, 0xbc, 0xd6, 0xbc, 0xce,
    0xdd, 0xd6, 0xbc, 0xce, 0xbc, 0xce, 0x9c, 0xce, 0x9c, 0xce, 0x9c, 0xce,
    0x9c, 0xce, 0x9c, 0xc6, 0x9c, 0xc6, 0x7b, 0xce, 0x7c, 0xc6, 0x7c, 0xc6,
    0x7b, 0xc6, 0x5c, 0xc6, 0x5b, 0xc6, 0x5b, 0xc6, 0x5c, 0xc6, 0x5b, 0xbe,
    0x9f, 0xef, 0x7e, 0xf7, 0x9f, 0xef, 0x9f, 0xef, 0x7e, 0xf7, 0x9e, 0xef,
    0x7f, 0xef, 0x7e, 0xf7, 0x7f, 0xef, 0x9e, 0xf7, 0x7f, 0xef, 0x9f, 0xf7,
    0x7e, 0xef, 0x9e, 0xf7, 0x7f, 0xef, 0x7f, 0xef, 0x9e, 0xef, 0x7f, 0xf7,
    0x9f, 0xef, 0x9e, 0xf7, 0x7f, 0xf7, 0x7e, 0xef, 0x7e, 0xef, 0x7f, 0xef,
    0x7e, 0xef, 0x7e, 0xef, 0x5e, 0xef, 0x5d, 0x0a, 0x5d, 0x0a, 0x5d, 0x12,
    0xff, 0xff, 0xff, 0xff, 0xff, 0xff, 0xff, 0xff, 0xff, 0xff, 0xff, 0xff,
    0xff, 0xff, 0xff, 0xff, 0xff, 0xff, 0xff, 0xff, 0xff, 0xff, 0xff, 0xff,
    0xff, 0xff, 0xff, 0xff, 0xff, 0xff, 0xff, 0xff, 0xff, 0xff, 0xff, 0xff,
    0xff, 0xff, 0xff, 0xff, 0xff, 0xff, 0xff, 0xff, 0xff, 0xff, 0xff, 0xff,
    0xff, 0xff, 0xff, 0xff, 0xff, 0xff, 0xff, 0xff, 0xff, 0xff, 0xff, 0xff,
    0xff, 0xff, 0xff, 0xff, 0xff, 0xff, 0xff, 0xff, 0xff, 0xff, 0xff, 0xff,
    0xff, 0xff, 0xff, 0xff, 0xff, 0xff, 0xff, 0xff, 0xff, 0xff, 0xff, 0xff,
    0xff, 0xff, 0xff, 0xff, 0xff, 0xff, 0xff, 0xff, 0xff, 0xff, 0xff, 0xff,
    0xff, 0xff, 0xff, 0xff, 0xff, 0xff, 0xff, 0xff, 0xff, 0xff, 0xff, 0xff,
    0xff, 0xff, 0xff, 0xff, 0xff, 0xff, 0xdf, 0xff, 0xff, 0xff, 0xff, 0xff,
    0xff, 0xff, 0xdf, 0xff, 0xff, 0xff, 0xff, 0xff, 0xff, 0xff, 0xdf, 0xff,
    0xdf, 0xff, 0xff, 0xff, 0xdf, 0xff, 0xff, 0xff, 0xdf, 0xff, 0xff, 0xff,
    0xff, 0xff, 0xdf, 0xff, 0xdf, 0xff, 0xff, 0xff, 0xdf, 0xff, 0xdf, 0xff,
    0xdf, 0xff, 0xdf, 0xff, 0xdf, 0xff, 0xff, 0xff, 0xdf, 0xff, 0xdf, 0xff,
    0xdf, 0xff, 0xff, 0xff, 0xdf, 0xff, 0xdf, 0xf7, 0xff, 0xff, 0xdf, 0xff,
    0xdf, 0xff, 0xff, 0xf7, 0xdf, 0xff, 0xdf, 0xff, 0xdf, 0xff, 0xdf, 0xff,
    0xdf, 0xff, 0xdf, 0xf7, 0xdf, 0xff, 0xdf, 0xff, 0xdf, 0xf7, 0xdf, 0xff,
    0xdf, 0xff, 0xdf, 0xf7, 0xdf, 0xff, 0xdf, 0xf7, 0xdf, 0xff, 0xdf, 0xff,
    0xdf, 0xf7, 0xdf, 0xf7, 0xdf, 0xff, 0xdf, 0xff, 0xdf, 0xf7, 0xdf, 0xff,
    0xdf, 0xf7, 0xbf, 0xf7, 0xdf, 0xff, 0xdf, 0xf7, 0xdf, 0xf7, 0xbf, 0xff,
    0xdf, 0xf7, 0xdf, 0xf7, 0xdf, 0xff, 0xbf, 0xf7, 0xdf, 0xf7, 0xdf, 0xff,
    0xdf, 0xff, 0xdf, 0xf7, 0xbf, 0xff, 0xdf, 0xf7, 0xdf, 0xf7, 0xdf, 0xff,
    0xdf, 0xff, 0xbf, 0xf7, 0xdf, 0xff, 0xdf, 0xf7, 0xbf, 0xf7, 0xdf, 0xff,
    0xdf, 0xf7, 0xbf, 0xff, 0xdf, 0xff, 0xdf, 0xf7, 0xdf, 0xff, 0xdf, 0xff,
    0xdf, 0xf7, 0xdf, 0xf7, 0xbf, 0xff, 0xdf, 0xf7, 0xdf, 0xf7, 0xbf, 0xff,
    0xdf, 0xff, 0xdf, 0xf7, 0xbf, 0xff, 0xbf, 0xf7, 0xdf, 0xff, 0xdf, 0xf7,
    0xdf, 0xff, 0xdf, 0xf7, 0xdf, 0xf7, 0xdf, 0xff, 0xdf, 0xf7, 0xdf, 0xff,
    0xbf, 0xff, 0xdf, 0xf7, 0xdf, 0xff, 0xdf, 0xff, 0xbf, 0xf7, 0xdf, 0xff,
    0xdf, 0xff, 0xbf, 0xf7, 0xdf, 0xff, 0xdf, 0xff, 0xdf, 0xf7, 0xdf, 0xff,
    0xdf, 0xff, 0xdf, 0xf7, 0xbf, 0xff, 0xdf, 0xff, 0xdf, 0xf7, 0xdf, 0xff,
    0xdf, 0xf7, 0xdf, 0xff, 0xbf, 0xf7, 0xdf, 0xff, 0xdf, 0xff, 0xdf, 0xf7,
    0xbf, 0xff, 0xdf, 0xf7, 0xdf, 0xf7, 0xdf, 0xff, 0xdf, 0xff, 0xdf, 0xf7,
    0xdf, 0xff, 0xdf, 0xff, 0xbf, 0xf7, 0xdf, 0xff, 0xdf, 0xf7, 0xbf, 0xff,
    0xdf, 0xf7, 0xdf, 0xff, 0xdf, 0xff, 0x5d, 0x0a, 0x5d, 0x0a, 0x5d, 0x0a,
    0x9c, 0xd6, 0xbc, 0xd6, 0xbc, 0xce, 0xbc, 0xce, 0xbc, 0xce, 0xbc, 0xd6,
    0xbc, 0xce, 0xbd, 0xce, 0xbc, 0xce, 0xbc, 0xd6, 0xbc, 0xce, 0xbc, 0xce,
    0x9c, 0xce, 0x9c, 0xce, 0x9c, 0xce, 0x9c, 0xc6, 0x7c, 0xc6, 0x9c, 0xce,
    0x7b, 0xc6, 0x7b, 0xc6, 0x7c, 0xc6, 0x7b, 0xc6, 0x5b, 0xc6, 0x5b, 0xbe,
    0x5b, 0xbe, 0x5b, 0xc6, 0x3b, 0xbe, 0x7e, 0xef, 0x7f, 0xf7, 0x9e, 0xef,
    0x7f, 0xf7, 0x9f, 0xef, 0x9e, 0xf7, 0x9f, 0xef, 0x7e, 0xef, 0x9f, 0xf7,
    0x7e, 0xef, 0x7e, 0xef, 0x9f, 0xf7, 0x9f, 0xef, 0x7e, 0xef, 0x9e, 0xf7,
    0x9f, 0xef, 0x7e, 0xf7, 0x7e, 0xef, 0x9f, 0xef, 0x7f, 0xef, 0x9e, 0xef,
    0x7f, 0xef, 0x7e, 0xef, 0x7e, 0xef, 0x5e, 0xef, 0x5e, 0xef, 0x5e, 0xef,
    0x5d, 0x0a, 0x5e, 0x0a, 0x5d, 0x0a, 0xff, 0xff, 0xff, 0xff, 0xff, 0xff,
    0xff, 0xff, 0xff, 0xff, 0xff, 0xff, 0xff, 0xff, 0xff, 0xff, 0xff, 0xff,
    0xff, 0xff, 0xff, 0xff, 0xff, 0xff, 0xff, 0xff, 0xff, 0xff, 0xff, 0xff,
    0xff, 0xff, 0xff, 0xff, 0xff, 0xff, 0xff, 0xff, 0xff, 0xff, 0xff, 0xff,
    0xff, 0xff, 0xff, 0xff, 0xff, 0xff, 0xff, 0xff, 0xff, 0xff, 0xff, 0xff,
    0xff, 0xff, 0xff, 0xff, 0xff, 0xff, 0xff, 0xff, 0xff, 0xff, 0xff, 0xff,
    0xff, 0xff, 0xff, 0xff, 0xff, 0xff, 0xff, 0xff, 0xff, 0xff, 0xff, 0xff,
    0xff, 0xff, 0xff, 0xff, 0xff, 0xff, 0xff, 0xff, 0xff, 0xff, 0xff, 0xff,
    0xff, 0xff, 0xff, 0xff, 0xff, 0xff, 0xff, 0xff, 0xff, 0xff, 0xff, 0xff,
    0xff, 0xff, 0xff, 0xff, 0xff, 0xff, 0xff, 0xff, 0xff, 0xff, 0xdf, 0xff,
    0xff, 0xff, 0xff, 0xff, 0xff, 0xff, 0xdf, 0xff, 0xff, 0xff, 0xff, 0xff,
    0xff, 0xff, 0xff, 0xff, 0xdf, 0xff, 0xff, 0xff, 0xdf, 0xff, 0xff, 0xff,
    0xdf, 0xff, 0xff, 0xff, 0xdf, 0xff, 0xff, 0xff, 0xff, 0xff, 0xdf, 0xff,
    0xff, 0xff, 0xff, 0xff, 0xdf, 0xff, 0xdf, 0xff, 0xff, 0xff, 0xdf, 0xff,
    0xdf, 0xff, 0xff, 0xff, 0xdf, 0xf7, 0xdf, 0xff, 0xdf, 0xff, 0xff, 0xf7,
    0xdf, 0xff, 0xdf, 0xff, 0xdf, 0xff, 0xdf, 0xf7, 0xdf, 0xff, 0xdf, 0xff,
    0xdf, 0xf7, 0xdf, 0xff, 0xdf, 0xff, 0xdf, 0xf7, 0xdf, 0xf7, 0xdf, 0xff,
    0xdf, 0xff, 0xdf, 0xf7, 0xdf, 0xff, 0xdf, 0xf7, 0xdf, 0xff, 0xdf, 0xff,
    0xdf, 0xf7, 0xdf, 0xff, 0xdf, 0xff, 0xdf, 0xf7, 0xdf, 0xff, 0xdf, 0xff,
    0xdf, 0xf7, 0xdf, 0xff, 0xdf, 0xff, 0xbf, 0xf7, 0xdf, 0xf7, 0xdf, 0xff,
    0xbf, 0xff, 0xdf, 0xf7, 0xdf, 0xff, 0xdf, 0xff, 0xdf, 0xf7, 0xbf, 0xff,
    0xdf, 0xff, 0xdf, 0xf7, 0xbf, 0xf7, 0xdf, 0xff, 0xdf, 0xf7, 0xdf, 0xff,
    0xdf, 0xff, 0xbf, 0xf7, 0xdf, 0xf7, 0xdf, 0xf7, 0xdf, 0xff, 0xbf, 0xff,
    0xdf, 0xf7, 0xdf, 0xff, 0xbf, 0xf7, 0xdf, 0xf7, 0xdf, 0xf7, 0xdf, 0xff,
    0xdf, 0xf7, 0xbf, 0xf7, 0xdf, 0xff, 0xdf, 0xff, 0xdf, 0xf7, 0xdf, 0xff,
    0xdf, 0xf7, 0xdf, 0xff, 0xdf, 0xf7, 0xdf, 0xf7, 0xdf, 0xff, 0xdf, 0xf7,
    0xdf, 0xff, 0xbf, 0xf7, 0xdf, 0xff, 0xbf, 0xff, 0xdf, 0xff, 0xdf, 0xf7,
    0xbf, 0xf7, 0xdf, 0xff, 0xdf, 0xf7, 0xdf, 0xf7, 0xdf, 0xf7, 0xdf, 0xf7,
    0xbf, 0xff, 0xdf, 0xf7, 0xdf, 0xf7, 0xdf, 0xff, 0xdf, 0xf7, 0xbf, 0xf7,
    0xdf, 0xff, 0xdf, 0xf7, 0xbf, 0xf7, 0xdf, 0xff, 0xdf, 0xf7, 0xdf, 0xf7,
    0xdf, 0xff, 0xbf, 0xff, 0xdf, 0xf7, 0xdf, 0xff, 0xdf, 0xf7, 0xbf, 0xf7,
    0xdf, 0xff, 0xdf, 0xf7, 0xdf, 0xff, 0xdf, 0xff, 0xbf, 0xf7, 0xdf, 0xf7,
    0xbf, 0xff, 0xdf, 0xf7, 0xdf, 0xf7, 0xdf, 0xff, 0xdf, 0xf7, 0xdf, 0xff,
    0xbf, 0xf7, 0xdf, 0xff, 0xdf, 0xff, 0xdf, 0xf7, 0xdf, 0xf7, 0xbf, 0xff,
    0x5e, 0x0a, 0x5d, 0x0a, 0x5d, 0x0a, 0x9d, 0xce, 0xbc, 0xce, 0xbc, 0xce,
    0xbd, 0xce, 0xbc, 0xce, 0xbc, 0xd6, 0xbc, 0xce, 0xbc, 0xce, 0xbc, 0xce,
    0xbc, 0xce, 0xbc, 0xd6, 0x9c, 0xce, 0xbc, 0xce, 0x9c, 0xce, 0x9c, 0xce,
    0x9c, 0xc6, 0x7b, 0xc6, 0x7c, 0xc6, 0x7c, 0xc6, 0x7b, 0xc6, 0x7b, 0xc6,
    0x5c, 0xc6, 0x5b, 0xc6, 0x5b, 0xbe, 0x5c, 0xbe, 0x5b, 0xbe, 0x5b, 0xc6,
    0x7e, 0xef, 0x9f, 0xef, 0x7e, 0xf7, 0x7e, 0xef, 0x7f, 0xef, 0x9f, 0xf7,
    0x7e, 0xef, 0x9f, 0xef, 0x9e, 0xf7, 0x7f, 0xef, 0x9e, 0xef, 0x7e, 0xf7,
    0x7f, 0xef, 0x9f, 0xef, 0x7e, 0xf7, 0x9f, 0xef, 0x9f, 0xef, 0x7e, 0xf7,
    0x7e, 0xef, 0x9f, 0xf7, 0x7e, 0xf7, 0x7e, 0xef, 0x7f, 0xef, 0x7e, 0xef,
    0x7e, 0xef, 0x7e, 0xef, 0x5e, 0xe7, 0x5d, 0x0a, 0x5d, 0x0a, 0x5d, 0x0a,
    0xff, 0xff, 0xff, 0xff, 0xff, 0xff, 0xff, 0xff, 0xff, 0xff, 0xff, 0xff,
    0xff, 0xff, 0xff, 0xff, 0xff, 0xff, 0xff, 0xff, 0xff, 0xff, 0xff, 0xff,
    0xff, 0xff, 0xff, 0xff, 0xff, 0xff, 0xff, 0xff, 0xff, 0xff, 0xff, 0xff,
    0xff, 0xff, 0xff, 0xff, 0xff, 0xff, 0xff, 0xff, 0xff, 0xff, 0xff, 0xff,
    0xff, 0xff, 0xff, 0xff, 0xff, 0xff, 0xff, 0xff, 0xff, 0xff, 0xff, 0xff,
    0xff, 0xff, 0xff, 0xff, 0xff, 0xff, 0xff, 0xff, 0xff, 0xff, 0xff, 0xff,
    0xff, 0xff, 0xff, 0xff, 0xff, 0xff, 0xff, 0xff, 0xff, 0xff, 0xff, 0xff,
    0xff, 0xff, 0xff, 0xff, 0xff, 0xff, 0xff, 0xff, 0xff, 0xff, 0xff, 0xff,
    0xff, 0xff, 0xff, 0xff, 0xff, 0xff, 0xff, 0xff, 0xff, 0xff, 0xff, 0xff,
    0xff, 0xff, 0xdf, 0xff, 0xff, 0xff, 0xff, 0xff, 0xff, 0xff, 0xdf, 0xff,
    0xff, 0xff, 0xff, 0xff, 0xdf, 0xff, 0xff, 0xff, 0xdf, 0xff, 0xdf, 0xff,
    0xff, 0xff, 0xff, 0xff, 0xdf, 0xff, 0xff, 0xff, 0xdf, 0xff, 0xdf, 0xff,
    0xff, 0xff, 0xdf, 0xff, 0xdf, 0xff, 0xff, 0xff, 0xdf, 0xff, 0xdf, 0xff,
    0xdf, 0xff, 0xff, 0xff, 0xdf, 0xff, 0xdf, 0xff, 0xdf, 0xff, 0xff, 0xff,
    0xdf, 0xff, 0xdf, 0xf7, 0xdf, 0xff, 0xff, 0xff, 0xdf, 0xff, 0xff, 0xf7,
    0xdf, 0xff, 0xdf, 0xff, 0xdf, 0xff, 0xdf, 0xf7, 0xdf, 0xff, 0xdf, 0xff,
    0xdf, 0xf7, 0xdf, 0xff, 0xdf, 0xff, 0xdf, 0xf7, 0xdf, 0xff, 0xdf, 0xff,
    0xdf, 0xf7, 0xdf, 0xff, 0xdf, 0xff, 0xdf, 0xf7, 0xdf, 0xff, 0xdf, 0xf7,
    0xdf, 0xff, 0xdf, 0xff, 0xdf, 0xf7, 0xdf, 0xff, 0xdf, 0xff, 0xbf, 0xf7,
    0xdf, 0xff, 0xdf, 0xff, 0xdf, 0xf7, 0xdf, 0xff, 0xbf, 0xf7, 0xdf, 0xf7,
    0xdf, 0xff, 0xbf, 0xf7, 0xdf, 0xf7, 0xdf, 0xff, 0xdf, 0xff, 0xbf, 0xf7,
    0xdf, 0xf7, 0xdf, 0xff, 0xbf, 0xf7, 0xdf, 0xff, 0xdf, 0xff, 0xbf, 0xf7,
    0xdf, 0xff, 0xdf, 0xf7, 0xdf, 0xf7, 0xdf, 0xff, 0xdf, 0xff, 0xdf, 0xff,
    0xdf, 0xf7, 0xbf, 0xff, 0xdf, 0xff, 0xdf, 0xf7, 0xbf, 0xf7, 0xdf, 0xff,
    0xbf, 0xf7, 0xdf, 0xff, 0xdf, 0xf7, 0xbf, 0xff, 0xdf, 0xff, 0xbf, 0xf7,
    0xdf, 0xff, 0xdf, 0xf7, 0xdf, 0xff, 0xdf, 0xf7, 0xdf, 0xf7, 0xdf, 0xff,
    0xbf, 0xf7, 0xdf, 0xf7, 0xdf, 0xff, 0xbf, 0xff, 0xdf, 0xf7, 0xdf, 0xff,
    0xbf, 0xff, 0xdf, 0xff, 0xdf, 0xf7, 0xbf, 0xff, 0xdf, 0xff, 0xdf, 0xf7,
    0xbf, 0xff, 0xdf, 0xff, 0xdf, 0xf7, 0xbf, 0xff, 0xdf, 0xff, 0xdf, 0xf7,
    0xbf, 0xff, 0xdf, 0xff, 0xdf, 0xf7, 0xbf, 0xf7, 0xdf, 0xff, 0xdf, 0xf7,
    0xbf, 0xff, 0xdf, 0xff, 0xdf, 0xf7, 0xbf, 0xf7, 0xdf, 0xff, 0xdf, 0xf7,
    0xbf, 0xff, 0xdf, 0xff, 0xdf, 0xf7, 0xdf, 0xff, 0xbf, 0xff, 0xbf, 0xf7,
    0xdf, 0xff, 0xdf, 0xf7, 0xdf, 0xf7, 0xdf, 0xff, 0xbf, 0xf7, 0xdf, 0xf7,
    0xdf, 0xff, 0xbf, 0xf7, 0xdf, 0xff, 0x5d, 0x0a, 0x5d, 0x0a, 0x5d, 0x12,
    0xbc, 0xce, 0x9c, 0xce, 0x9c, 0xce, 0xbc, 0xd6, 0xbc, 0xd6, 0xbc, 0xce,
    0xbd, 0xce, 0xbc, 0xd6, 0xbc, 0xce, 0x9c, 0xce, 0x9d, 0xce, 0xbc, 0xce,
    0x9c, 0xce, 0x9c, 0xce, 0x9c, 0xce, 0x7c, 0xc6, 0x7b, 0xc6, 0x7c, 0xce,
    0x7c, 0xc6, 0x7b, 0xc6, 0x7b, 0xc6, 0x5c, 0xc6, 0x5b, 0xc6, 0x5b, 0xc6,
    0x5c, 0xc6, 0x5b, 0xbe, 0x3b, 0xbe, 0x9f, 0xef, 0x9e, 0xf7, 0x9f, 0xef,
    0x7e, 0xef, 0x9e, 0xf7, 0x7f, 0xef, 0x7e, 0xf7, 0x9e, 0xef, 0x7f, 0xf7,
    0x9f, 0xef, 0x9f, 0xef, 0x7e, 0xf7, 0x9e, 0xef, 0x7f, 0xf7, 0x7e, 0xef,
    0x9e, 0xef, 0x7f, 0xf7, 0x9f, 0xef, 0x9e, 0xef, 0x7f, 0xf7, 0x9f, 0xef,
    0x7e, 0xef, 0x7f, 0xef, 0x7e, 0xef, 0x7e, 0xef, 0x5e, 0xef, 0x5e, 0xef,
    0x5d, 0x0a, 0x5d, 0x12, 0x5d, 0x0a, 0xff, 0xff, 0xff, 0xff, 0xff, 0xff,
    0xff, 0xff, 0xff, 0xff, 0xff, 0xff, 0xff, 0xff, 0xff, 0xff, 0xff, 0xff,
    0xff, 0xff, 0xff, 0xff, 0xff, 0xff, 0xff, 0xff, 0xff, 0xff, 0xff, 0xff,
    0xff, 0xff, 0xff, 0xff, 0xff, 0xff, 0xff, 0xff, 0xff, 0xff, 0xff, 0xff,
    0xff, 0xff, 0xff, 0xff, 0xff, 0xff, 0xff, 0xff, 0xff, 0xff, 0xff, 0xff,
    0xff, 0xff, 0xff, 0xff, 0xff, 0xff, 0xff, 0xff, 0xff, 0xff, 0xff, 0xff,
    0xff, 0xff, 0xff, 0xff, 0xff, 0xff, 0xff, 0xff, 0xff, 0xff, 0xff, 0xff,
    0xff, 0xff, 0xff, 0xff, 0xff, 0xff, 0xff, 0xff, 0xff, 0xff, 0xff, 0xff,
    0xff, 0xff, 0xff, 0xff, 0xff, 0xff, 0xff, 0xff, 0xff, 0xff, 0xff, 0xff,
    0xff, 0xff, 0xff, 0xff, 0xff, 0xff, 0xdf, 0xff, 0xff, 0xff, 0xff, 0xff,
    0xff, 0xff, 0xdf, 0xff, 0xff, 0xff, 0xff, 0xff, 0xff, 0xff, 0xdf, 0xff,
    0xdf, 0xff, 0xff, 0xff, 0xdf, 0xff, 0xdf, 0xff, 0xff, 0xff, 0xdf, 0xff,
    0xff, 0xff, 0xff, 0xff, 0xdf, 0xff, 0xff, 0xff, 0xdf, 0xff, 0xff, 0xff,
    0xdf, 0xff, 0xdf, 0xff, 0xdf, 0xff, 0xdf, 0xff, 0xdf, 0xff, 0xdf, 0xff,
    0xdf, 0xff, 0xff, 0xff, 0xdf, 0xff, 0xdf, 0xf7, 0xff, 0xff, 0xdf, 0xff,
    0xdf, 0xff, 0xdf, 0xf7, 0xdf, 0xff, 0xdf, 0xff, 0xdf, 0xff, 0xdf, 0xff,
    0xdf, 0xff, 0xdf, 0xff, 0xdf, 0xf7, 0xdf, 0xff, 0xdf, 0xff, 0xdf, 0xf7,
    0xdf, 0xff, 0xdf, 0xff, 0xdf, 0xf7, 0xdf, 0xff, 0xdf, 0xf7, 0xdf, 0xff,
    0xdf, 0xff, 0xdf, 0xf7, 0xdf, 0xff, 0xdf, 0xff, 0xdf, 0xf7, 0xdf, 0xff,
    0xdf, 0xf7, 0xbf, 0xf7, 0xdf, 0xf7, 0xdf, 0xff, 0xbf, 0xf7, 0xdf, 0xf7,
    0xdf, 0xff, 0xdf, 0xff, 0xbf, 0xf7, 0xdf, 0xff, 0xdf, 0xff, 0xdf, 0xf7,
    0xdf, 0xf7, 0xbf, 0xff, 0xdf, 0xff, 0xdf, 0xf7, 0xbf, 0xff, 0xdf, 0xf7,
    0xdf, 0xf7, 0xdf, 0xff, 0xdf, 0xff, 0xbf, 0xf7, 0xdf, 0xff, 0xbf, 0xf7,
    0xdf, 0xf7, 0xbf, 0xff, 0xdf, 0xf7, 0xdf, 0xff, 0xbf, 0xf7, 0xdf, 0xff,
    0xdf, 0xff, 0xdf, 0xf7, 0xdf, 0xff, 0xdf, 0xf7, 0xbf, 0xf7, 0xdf, 0xff,
    0xdf, 0xf7, 0xbf, 0xf7, 0xdf, 0xff, 0xbf, 0xf7, 0xbf, 0xff, 0xdf, 0xff,
    0xbf, 0xf7, 0xdf, 0xff, 0xdf, 0xff, 0xdf, 0xf7, 0xdf, 0xf7, 0xdf, 0xff,
    0xdf, 0xff, 0xdf, 0xf7, 0xbf, 0xf7, 0xdf, 0xff, 0xdf, 0xf7, 0xdf, 0xff,
    0xdf, 0xf7, 0xdf, 0xf7, 0xbf, 0xff, 0xdf, 0xf7, 0xdf, 0xf7, 0xdf, 0xff,
    0xdf, 0xf7, 0xdf, 0xf7, 0xdf, 0xff, 0xbf, 0xf7, 0xdf, 0xff, 0xdf, 0xf7,
    0xdf, 0xff, 0xdf, 0xf7, 0xdf, 0xf7, 0xbf, 0xff, 0xdf, 0xff, 0xdf, 0xf7,
    0xdf, 0xff, 0xbf, 0xff, 0xdf, 0xf7, 0xdf, 0xf7, 0xdf, 0xff, 0xdf, 0xf7,
    0xdf, 0xf7, 0xdf, 0xff, 0xdf, 0xff, 0xbf, 0xf7, 0xdf, 0xff, 0xbf, 0xff,
    0xdf, 0xf7, 0xdf, 0xff, 0xdf, 0xff, 0xbf, 0xf7, 0xdf, 0xff, 0xdf, 0xff,
    0x5d, 0x0a, 0x5d, 0x0a, 0x5d, 0x12, 0xbc, 0xce, 0x9c, 0xce, 0xbc, 0xce,
    0xbd, 0xd6, 0xbc, 0xce, 0xbc, 0xce, 0xbd, 0xce, 0xbc, 0xce, 0xbc, 0xce,
    0x9c, 0xce, 0x9c, 0xce, 0xbc, 0xce, 0x9c, 0xce, 0x9c, 0xce, 0x9c, 0xc6,
    0x7c, 0xc6, 0x7b, 0xce, 0x9c, 0xc6, 0x7b, 0xc6, 0x7b, 0xc6, 0x5c, 0xc6,
    0x5b, 0xc6, 0x5b, 0xbe, 0x5b, 0xbe, 0x5b, 0xbe, 0x3b, 0xbe, 0x3b, 0xbe,
    0x7e, 0xef, 0x7f, 0xf7, 0x9f, 0xef, 0x9e, 0xef, 0x7f, 0xf7, 0x9f, 0xef,
    0x9e, 0xef, 0x7f, 0xf7, 0x7e, 0xef, 0x9e, 0xf7, 0x7f, 0xef, 0x9f, 0xef,
    0x9e, 0xf7, 0x7f, 0xef, 0x9f, 0xf7, 0x7e, 0xef, 0x7e, 0xf7, 0x9f, 0xef,
    0x7e, 0xef, 0x9e, 0xf7, 0x9f, 0xef, 0x7e, 0xef, 0x7e, 0xef, 0x7e, 0xef,
    0x5e, 0xef, 0x7e, 0xef, 0x5e, 0xef, 0x5d, 0x0a, 0x5d, 0x0a, 0x5d, 0x12,
    0xff, 0xff, 0xff, 0xff, 0xff, 0xff, 0xff, 0xff, 0xff, 0xff, 0xff, 0xff,
    0xff, 0xff, 0xff, 0xff, 0xff, 0xff, 0xff, 0xff, 0xff, 0xff, 0xff, 0xff,
    0xff, 0xff, 0xff, 0xff, 0xff, 0xff, 0xff, 0xff, 0xff, 0xff, 0xff, 0xff,
    0xff, 0xff, 0xff, 0xff, 0xff, 0xff, 0xff, 0xff, 0xff, 0xff, 0xff, 0xff,
    0xff, 0xff, 0xff, 0xff, 0xff, 0xff, 0xff, 0xff, 0xff, 0xff, 0xff, 0xff,
    0xff, 0xff, 0xff, 0xff, 0xff, 0xff, 0xff, 0xff, 0xff, 0xff, 0xff, 0xff,
    0xff, 0xff, 0xff, 0xff, 0xff, 0xff, 0xff, 0xff, 0xff, 0xff, 0xff, 0xff,
    0xff, 0xff, 0xff, 0xff, 0xff, 0xff, 0xff, 0xff, 0xff, 0xff, 0xff, 0xff,
    0xff, 0xff, 0xff, 0xff, 0xff, 0xff, 0xff, 0xff, 0xff, 0xff, 0xdf, 0xff,
    0xff, 0xff, 0xff, 0xff, 0xff, 0xff, 0xdf, 0xff, 0xff, 0xff, 0xff, 0xff,
    0xff, 0xff, 0xdf, 0xff, 0xdf, 0xff, 0xff, 0xff, 0xff, 0xff, 0xdf, 0xff,
    0xff, 0xff, 0xdf, 0xff, 0xdf, 0xff, 0xff, 0xff, 0xdf, 0xff, 0xff, 0xff,
    0xdf, 0xff, 0xff, 0xff, 0xdf, 0xff, 0xdf, 0xff, 0xdf, 0xff, 0xff, 0xff,
    0xdf, 0xff, 0xff, 0xff, 0xdf, 0xf7, 0xdf, 0xff, 0xff, 0xff, 0xdf, 0xf7,
    0xdf, 0xff, 0xdf, 0xff, 0xff, 0xff, 0xdf, 0xf7, 0xdf, 0xff, 0xdf, 0xff,
    0xdf, 0xf7, 0xdf, 0xff, 0xdf, 0xf7, 0xdf, 0xff, 0xdf, 0xf7, 0xdf, 0xff,
    0xdf, 0xff, 0xdf, 0xf7, 0xdf, 0xff, 0xdf, 0xf7, 0xdf, 0xff, 0xdf, 0xff,
    0xdf, 0xf7, 0xdf, 0xff, 0xdf, 0xf7, 0xdf, 0xff, 0xdf, 0xff, 0xdf, 0xf7,
    0xdf, 0xff, 0xdf, 0xff, 0xbf, 0xf7, 0xdf, 0xff, 0xdf, 0xff, 0xdf, 0xf7,
    0xdf, 0xff, 0xdf, 0xf7, 0xbf, 0xff, 0xdf, 0xf7, 0xdf, 0xf7, 0xdf, 0xff,
    0xbf, 0xf7, 0xdf, 0xff, 0xdf, 0xff, 0xbf, 0xf7, 0xdf, 0xf7, 0xdf, 0xff,
    0xdf, 0xff, 0xdf, 0xf7, 0xdf, 0xff, 0xbf, 0xf7, 0xdf, 0xf7, 0xdf, 0xff,
    0xdf, 0xf7, 0xdf, 0xff, 0xdf, 0xff, 0xbf, 0xf7, 0xdf, 0xf7, 0xdf, 0xff,
    0xdf, 0xf7, 0xdf, 0xf7, 0xbf, 0xff, 0xdf, 0xf7, 0xdf, 0xff, 0xbf, 0xff,
    0xdf, 0xf7, 0xdf, 0xff, 0xdf, 0xff, 0xdf, 0xf7, 0xdf, 0xff, 0xdf, 0xff,
    0xdf, 0xf7, 0xdf, 0xf7, 0xdf, 0xff, 0xdf, 0xf7, 0xbf, 0xf7, 0xdf, 0xff,
    0xbf, 0xff, 0xdf, 0xf7, 0xbf, 0xf7, 0xdf, 0xff, 0xdf, 0xf7, 0xdf, 0xff,
    0xbf, 0xf7, 0xdf, 0xf7, 0xbf, 0xff, 0xdf, 0xff, 0xdf, 0xf7, 0xdf, 0xff,
    0xdf, 0xf7, 0xbf, 0xff, 0xdf, 0xff, 0xdf, 0xf7, 0xbf, 0xff, 0xdf, 0xf7,
    0xdf, 0xf7, 0xbf, 0xff, 0xdf, 0xff, 0xdf, 0xf7, 0xbf, 0xff, 0xdf, 0xf7,
    0xdf, 0xf7, 0xdf, 0xff, 0xdf, 0xf7, 0xdf, 0xf7, 0xdf, 0xff, 0xbf, 0xf7,
    0xdf, 0xff, 0xbf, 0xf7, 0xbf, 0xff, 0xdf, 0xf7, 0xdf, 0xf7, 0xdf, 0xff,
    0xdf, 0xf7, 0xdf, 0xf7, 0xdf, 0xff, 0xbf, 0xf7, 0xdf, 0xff, 0xdf, 0xf7,
    0xdf, 0xf7, 0xdf, 0xff, 0xdf, 0xf7, 0x5d, 0x0a, 0x5d, 0x0a, 0x5e, 0x0a,
    0x9c, 0xd6, 0xbc, 0xce, 0x9c, 0xce, 0xbc, 0xce, 0xbc, 0xce, 0xbc, 0xd6,
    0xbc, 0xce, 0xbc, 0xce, 0x9c, 0xce, 0x9c, 0xce, 0x9c, 0xce, 0x9c, 0xce,
    0x9c, 0xce, 0x9c, 0xce, 0x9c, 0xc6, 0x7b, 0xc6, 0x7c, 0xc6, 0x7b, 0xc6,
    0x7b, 0xc6, 0x5c, 0xc6, 0x5b, 0xc6, 0x5b, 0xbe, 0x5c, 0xc6, 0x5b, 0xc6,
    0x5b, 0xbe, 0x3b, 0xbe, 0x3b, 0xbe, 0x7e, 0xef, 0x7f, 0xef, 0x9e, 0xf7,
    0x7e, 0xef, 0x7f, 0xef, 0x9e, 0xf7, 0x9f, 0xef, 0x7f, 0xef, 0x9e, 0xf7,
    0x7e, 0xef, 0x7f, 0xf7, 0x9e, 0xef, 0x7e, 0xef, 0x9f, 0xf7, 0x9f, 0xef,
    0x7e, 0xef, 0x9f, 0xf7, 0x7f, 0xef, 0x7e, 0xf7, 0x9f, 0xef, 0x7e, 0xf7,
    0x7e, 0xef, 0x7f, 0xef, 0x7e, 0xef, 0x7e, 0xef, 0x5e, 0xef, 0x5e, 0xef,
    0x5d, 0x0a, 0x5e, 0x0a, 0x5d, 0x0a, 0xff, 0xff, 0xff, 0xff, 0xff, 0xff,
    0xff, 0xff, 0xff, 0xff, 0xff, 0xff, 0xff, 0xff, 0xff, 0xff, 0xff, 0xff,
    0xff, 0xff, 0xff, 0xff, 0xff, 0xff, 0xff, 0xff, 0xff, 0xff, 0xff, 0xff,
    0xff, 0xff, 0xff, 0xff, 0xff, 0xff, 0xff, 0xff, 0xff, 0xff, 0xff, 0xff,
    0xff, 0xff, 0xff, 0xff, 0xff, 0xff, 0xff, 0xff, 0xff, 0xff, 0xff, 0xff,
    0xff, 0xff, 0xff, 0xff, 0xff, 0xff, 0xff, 0xff, 0xff, 0xff, 0xff, 0xff,
    0xff, 0xff, 0xff, 0xff, 0xff, 0xff, 0xff, 0xff, 0xff, 0xff, 0xff, 0xff,
    0xff, 0xff, 0xff, 0xff, 0xff, 0xff, 0xff, 0xff, 0xff, 0xff, 0xff, 0xff,
    0xff, 0xff, 0xff, 0xff, 0xff, 0xff, 0xff, 0xff, 0xff, 0xff, 0xff, 0xff,
    0xff, 0xff, 0xdf, 0xff, 0xff, 0xff, 0xff, 0xff, 0xff, 0xff, 0xdf, 0xff,
    0xff, 0xff, 0xff, 0xff, 0xff, 0xff, 0xdf, 0xff, 0xdf, 0xff, 0xff, 0xff,
    0xff, 0xff, 0xdf, 0xff, 0xff, 0xff, 0xff, 0xff, 0xdf, 0xff, 0xff, 0xff,
    0xdf, 0xff, 0xff, 0xff, 0xdf, 0xff, 0xff, 0xff, 0xdf, 0xff, 0xdf, 0xff,
    0xdf, 0xff, 0xff, 0xff, 0xdf, 0xff, 0xdf, 0xff, 0xdf, 0xff, 0xff, 0xff,
    0xdf, 0xff, 0xdf, 0xf7, 0xdf, 0xff, 0xdf, 0xff, 0xdf, 0xff, 0xdf, 0xf7,
    0xdf, 0xff, 0xdf, 0xff, 0xdf, 0xff, 0xdf, 0xff, 0xdf, 0xff, 0xdf, 0xff,
    0xdf, 0xf7, 0xdf, 0xff, 0xdf, 0xff, 0xdf, 0xf7, 0xdf, 0xff, 0xdf, 0xff,
    0xdf, 0xf7, 0xdf, 0xff, 0xdf, 0xff, 0xdf, 0xf7, 0xdf, 0xff, 0xdf, 0xff,
    0xdf, 0xf7, 0xdf, 0xff, 0xdf, 0xf7, 0xdf, 0xff, 0xdf, 0xff, 0xdf, 0xf7,
    0xbf, 0xf7, 0xdf, 0xff, 0xdf, 0xff, 0xbf, 0xf7, 0xdf, 0xff, 0xdf, 0xff,
    0xbf, 0xf7, 0xdf, 0xff, 0xdf, 0xf7, 0xdf, 0xf7, 0xbf, 0xff, 0xdf, 0xf7,
    0xdf, 0xff, 0xdf, 0xf7, 0xdf, 0xf7, 0xbf, 0xff, 0xdf, 0xf7, 0xdf, 0xff,
    0xbf, 0xff, 0xdf, 0xf7, 0xdf, 0xff, 0xbf, 0xf7, 0xdf, 0xf7, 0xdf, 0xff,
    0xdf, 0xff, 0xdf, 0xf7, 0xbf, 0xff, 0xdf, 0xff, 0xdf, 0xf7, 0xdf, 0xf7,
    0xdf, 0xff, 0xbf, 0xf7, 0xdf, 0xf7, 0xdf, 0xff, 0xbf, 0xf7, 0xdf, 0xff,
    0xbf, 0xf7, 0xdf, 0xf7, 0xdf, 0xff, 0xdf, 0xf7, 0xdf, 0xff, 0xdf, 0xff,
    0xbf, 0xf7, 0xdf, 0xf7, 0xdf, 0xff, 0xdf, 0xff, 0xdf, 0xf7, 0xbf, 0xff,
    0xdf, 0xf7, 0xdf, 0xff, 0xbf, 0xff, 0xdf, 0xf7, 0xdf, 0xff, 0xdf, 0xf7,
    0xbf, 0xff, 0xdf, 0xf7, 0xdf, 0xff, 0xbf, 0xff, 0xdf, 0xf7, 0xdf, 0xf7,
    0xbf, 0xff, 0xdf, 0xff, 0xdf, 0xf7, 0xdf, 0xff, 0xdf, 0xf7, 0xbf, 0xf7,
    0xdf, 0xff, 0xdf, 0xff, 0xbf, 0xf7, 0xdf, 0xff, 0xbf, 0xff, 0xbf, 0xf7,
    0xdf, 0xff, 0xdf, 0xf7, 0xdf, 0xff, 0xdf, 0xf7, 0xdf, 0xff, 0xdf, 0xff,
    0xbf, 0xff, 0xdf, 0xf7, 0xbf, 0xff, 0xdf, 0xff, 0xdf, 0xf7, 0xdf, 0xf7,
    0xdf, 0xff, 0xbf, 0xf7, 0xdf, 0xff, 0xdf, 0xff, 0xbf, 0xf7, 0xdf, 0xff,
    0x5d, 0x0a, 0x5d, 0x0a, 0x5d, 0x0a, 0xbc, 0xce, 0x9c, 0xd6, 0x9c, 0xce,
    0xbc, 0xce, 0x9c, 0xce, 0xbc, 0xce, 0xbc, 0xd6, 0x9c, 0xce, 0xbc, 0xce,
    0x9c, 0xce, 0x9c, 0xce, 0x9c, 0xce, 0x9c, 0xce, 0x9c, 0xc6, 0x9c, 0xce,
    0x9c, 0xce, 0x7c, 0xc6, 0x7b, 0xc6, 0x7c, 0xc6, 0x7b, 0xc6, 0x5b, 0xbe,
    0x5b, 0xc6, 0x5c, 0xbe, 0x5b, 0xc6, 0x3b, 0xbe, 0x3b, 0xbe, 0x3b, 0xbe,
    0x9f, 0xef, 0x9e, 0xf7, 0x7f, 0xef, 0x9f, 0xf7, 0x7e, 0xef, 0x7e, 0xf7,
    0x9f, 0xef, 0x7e, 0xef, 0x9f, 0xef, 0x9f, 0xf7, 0x7e, 0xef, 0x7f, 0xef,
    0x9e, 0xf7, 0x7e, 0xef, 0x7f, 0xef, 0x9e, 0xf7, 0x9e, 0xef, 0x9f, 0xef,
    0x7e, 0xef, 0x9f, 0xf7, 0x9f, 0xef, 0x7e, 0xef, 0x7f, 0xef, 0x7e, 0xef,
    0x7e, 0xef, 0x5e, 0xef, 0x5e, 0xe7, 0x5d, 0x0a, 0x5d, 0x0a, 0x5d, 0x0a,
    0xff, 0xff, 0xff, 0xff, 0xff, 0xff, 0xff, 0xff, 0xff, 0xff, 0xff, 0xff,
    0xff, 0xff, 0xff, 0xff, 0xff, 0xff, 0xff, 0xff, 0xff, 0xff, 0xff, 0xff,
    0xff, 0xff, 0xff, 0xff, 0xff, 0xff, 0xff, 0xff, 0xff, 0xff, 0xff, 0xff,
    0xff, 0xff, 0xff, 0xff, 0xff, 0xff, 0xff, 0xff, 0xff, 0xff, 0xff, 0xff,
    0xff, 0xff, 0xff, 0xff, 0xff, 0xff, 0xff, 0xff, 0xff, 0xff, 0xff, 0xff,
    0xff, 0xff, 0xff, 0xff, 0xff, 0xff, 0xff, 0xff, 0xff, 0xff, 0xff, 0xff,
    0xff, 0xff, 0xff, 0xff, 0xff, 0xff, 0xff, 0xff, 0xff, 0xff, 0xff, 0xff,
    0xff, 0xff, 0xff, 0xff, 0xff, 0xff, 0xff, 0xff, 0xff, 0xff, 0xff, 0xff,
    0xff, 0xff, 0xff, 0xff, 0xff, 0xff, 0xdf, 0xff, 0xff, 0xff, 0xff, 0xff,
    0xff, 0xff, 0xdf, 0xff, 0xff, 0xff, 0xff, 0xff, 0xff, 0xff, 0xdf, 0xff,
    0xdf, 0xff, 0xff, 0xff, 0xdf, 0xff, 0xdf, 0xff, 0xdf, 0xff, 0xff, 0xff,
    0xdf, 0xff, 0xff, 0xff, 0xff, 0xff, 0xdf, 0xff, 0xdf, 0xff, 0xff, 0xff,
    0xdf, 0xff, 0xdf, 0xff, 0xdf, 0xff, 0xdf, 0xff, 0xdf, 0xff, 0xdf, 0xff,
    0xdf, 0xff, 0xdf, 0xff, 0xdf, 0xff, 0xff, 0xf7, 0xdf, 0xff, 0xdf, 0xff,
    0xff, 0xff, 0xff, 0xf7, 0xdf, 0xff, 0xdf, 0xff, 0xdf, 0xff, 0xdf, 0xf7,
    0xdf, 0xff, 0xdf, 0xff, 0xdf, 0xf7, 0xdf, 0xff, 0xdf, 0xff, 0xdf, 0xf7,
    0xdf, 0xf7, 0xdf, 0xff, 0xdf, 0xff, 0xdf, 0xf7, 0xdf, 0xff, 0xdf, 0xf7,
    0xdf, 0xff, 0xdf, 0xff, 0xdf, 0xf7, 0xdf, 0xff, 0xdf, 0xff, 0xdf, 0xf7,
    0xbf, 0xff, 0xdf, 0xf7, 0xdf, 0xf7, 0xdf, 0xff, 0xbf, 0xf7, 0xdf, 0xf7,
    0xdf, 0xff, 0xdf, 0xf7, 0xdf, 0xf7, 0xdf, 0xff, 0xbf, 0xff, 0xdf, 0xf7,
    0xdf, 0xff, 0xdf, 0xf7, 0xdf, 0xff, 0xbf, 0xff, 0xdf, 0xf7, 0xdf, 0xff,
    0xbf, 0xf7, 0xdf, 0xf7, 0xdf, 0xff, 0xdf, 0xf7, 0xdf, 0xff, 0xbf, 0xff,
    0xdf, 0xf7, 0xdf, 0xff, 0xbf, 0xf7, 0xdf, 0xff, 0xdf, 0xf7, 0xbf, 0xff,
    0xdf, 0xff, 0xdf, 0xf7, 0xbf, 0xff, 0xdf, 0xff, 0xdf, 0xf7, 0xdf, 0xff,
    0xdf, 0xf7, 0xdf, 0xff, 0xdf, 0xf7, 0xdf, 0xff, 0xbf, 0xff, 0xdf, 0xf7,
    0xbf, 0xff, 0xbf, 0xf7, 0xdf, 0xff, 0xdf, 0xff, 0xdf, 0xf7, 0xdf, 0xf7,
    0xdf, 0xff, 0xdf, 0xf7, 0xdf, 0xff, 0xdf, 0xf7, 0xdf, 0xf7, 0xdf, 0xff,
    0xdf, 0xff, 0xdf, 0xf7, 0xdf, 0xff, 0xbf, 0xf7, 0xdf, 0xf7, 0xdf, 0xff,
    0xbf, 0xf7, 0xdf, 0xf7, 0xdf, 0xff, 0xdf, 0xf7, 0xdf, 0xf7, 0xbf, 0xff,
    0xdf, 0xff, 0xdf, 0xf7, 0xdf, 0xf7, 0xdf, 0xff, 0xdf, 0xf7, 0xdf, 0xf7,
    0xdf, 0xff, 0xdf, 0xf7, 0xdf, 0xff, 0xdf, 0xf7, 0xbf, 0xff, 0xdf, 0xf7,
    0xdf, 0xf7, 0xdf, 0xff, 0xdf, 0xf7, 0xdf, 0xf7, 0xdf, 0xff, 0xdf, 0xf7,
    0xbf, 0xff, 0xbf, 0xff, 0xdf, 0xf7, 0xdf, 0xff, 0xdf, 0xf7, 0xbf, 0xff,
    0xdf, 0xf7, 0xdf, 0xff, 0xbf, 0xff, 0x5d, 0x0a, 0x5d, 0x0a, 0x5d, 0x12,
    0x9c, 0xce, 0x9c, 0xce, 0xbc, 0xd6, 0xbc, 0xce, 0xbd, 0xce, 0xbd, 0xce,
    0xbc, 0xce, 0xbc, 0xd6, 0x9c, 0xce, 0x9c, 0xce, 0x9c, 0xce, 0x9c, 0xce,
    0x9c, 0xce, 0x9c, 0xc6, 0x7c, 0xc6, 0x7c, 0xc6, 0x7b, 0xc6, 0x7c, 0xc6,
    0x7b, 0xc6, 0x5c, 0xc6, 0x5c, 0xc6, 0x5b, 0xc6, 0x5b, 0xbe, 0x3b, 0xbe,
    0x3b, 0xbe, 0x3b, 0xbe, 0x3b, 0xbe, 0x7e, 0xef, 0x7e, 0xef, 0x9f, 0xf7,
    0x9f, 0xef, 0x7e, 0xef, 0x9f, 0xf7, 0x7e, 0xf7, 0x7e, 0xef, 0x9f, 0xf7,
    0x9e, 0xef, 0x7f, 0xef, 0x9f, 0xf7, 0x9e, 0xef, 0x7f, 0xef, 0x7f, 0xf7,
    0x9e, 0xef, 0x7f, 0xf7, 0x7e, 0xef, 0x9e, 0xf7, 0x7f, 0xef, 0x9e, 0xf7,
    0x7e, 0xef, 0x7f, 0xef, 0x7e, 0xef, 0x5e, 0xef, 0x7e, 0xef, 0x5e, 0xef,
    0x5d, 0x0a, 0x5d, 0x0a, 0x5d, 0x12, 0xff, 0xff, 0xff, 0xff, 0xff, 0xff,
    0xff, 0xff, 0xff, 0xff, 0xff, 0xff, 0xff, 0xff, 0xff, 0xff, 0xff, 0xff,
    0xff, 0xff, 0xff, 0xff, 0xff, 0xff, 0xff, 0xff, 0xff, 0xff, 0xff, 0xff,
    0xff, 0xff, 0xff, 0xff, 0xff, 0xff, 0xff, 0xff, 0xff, 0xff, 0xff, 0xff,
    0xff, 0xff, 0xff, 0xff, 0xff, 0xff, 0xff, 0xff, 0xff, 0xff, 0xff, 0xff,
    0xff, 0xff, 0xff, 0xff, 0xff, 0xff, 0xff, 0xff, 0xff, 0xff, 0xff, 0xff,
    0xff, 0xff, 0xff, 0xff, 0xff, 0xff, 0xff, 0xff, 0xff, 0xff, 0xff, 0xff,
    0xff, 0xff, 0xff, 0xff, 0xff, 0xff, 0xff, 0xff, 0xff, 0xff, 0xff, 0xff,
    0xff, 0xff, 0xff, 0xff, 0xff, 0xff, 0xff, 0xff, 0xff, 0xff, 0xdf, 0xff,
    0xff, 0xff, 0xff, 0xff, 0xff, 0xff, 0xdf, 0xff, 0xff, 0xff, 0xff, 0xff,
    0xff, 0xff, 0xdf, 0xff, 0xdf, 0xff, 0xff, 0xff, 0xff, 0xff, 0xff, 0xff,
    0xdf, 0xff, 0xff, 0xff, 0xdf, 0xff, 0xdf, 0xff, 0xff, 0xff, 0xdf, 0xff,
    0xff, 0xff, 0xff, 0xff, 0xdf, 0xff, 0xdf, 0xff, 0xdf, 0xff, 0xff, 0xff,
    0xff, 0xff, 0xdf, 0xff, 0xff, 0xf7, 0xff, 0xff, 0xdf, 0xff, 0xdf, 0xf7,
    0xdf, 0xff, 0xff, 0xff, 0xdf, 0xff, 0xdf, 0xf7, 0xdf, 0xff, 0xdf, 0xff,
    0xdf, 0xff, 0xdf, 0xf7, 0xdf, 0xff, 0xdf, 0xff, 0xdf, 0xf7, 0xdf, 0xf7,
    0xdf, 0xff, 0xdf, 0xff, 0xdf, 0xf7, 0xdf, 0xff, 0xdf, 0xff, 0xdf, 0xf7,
    0xdf, 0xff, 0xdf, 0xff, 0xdf, 0xf7, 0xdf, 0xff, 0xdf, 0xf7, 0xdf, 0xff,
    0xdf, 0xff, 0xdf, 0xf7, 0xdf, 0xff, 0xbf, 0xf7, 0xdf, 0xff, 0xdf, 0xff,
    0xdf, 0xf7, 0xdf, 0xff, 0xbf, 0xff, 0xdf, 0xf7, 0xbf, 0xff, 0xdf, 0xf7,
    0xdf, 0xff, 0xdf, 0xf7, 0xbf, 0xff, 0xdf, 0xff, 0xdf, 0xf7, 0xbf, 0xf7,
    0xdf, 0xff, 0xdf, 0xff, 0xdf, 0xf7, 0xdf, 0xff, 0xbf, 0xff, 0xdf, 0xf7,
    0xdf, 0xf7, 0xbf, 0xff, 0xdf, 0xf7, 0xdf, 0xff, 0xdf, 0xf7, 0xbf, 0xff,
    0xdf, 0xf7, 0xdf, 0xf7, 0xdf, 0xff, 0xdf, 0xf7, 0xbf, 0xf7, 0xdf, 0xff,
    0xdf, 0xf7, 0xbf, 0xff, 0xdf, 0xf7, 0xbf, 0xff, 0xdf, 0xf7, 0xdf, 0xf7,
    0xbf, 0xff, 0xdf, 0xf7, 0xdf, 0xf7, 0xdf, 0xff, 0xdf, 0xf7, 0xdf, 0xf7,
    0xbf, 0xff, 0xdf, 0xff, 0xbf, 0xf7, 0xbf, 0xf7, 0xdf, 0xff, 0xbf, 0xff,
    0xbf, 0xf7, 0xdf, 0xf7, 0xdf, 0xff, 0xbf, 0xf7, 0xdf, 0xf7, 0xdf, 0xff,
    0xdf, 0xff, 0xdf, 0xf7, 0xdf, 0xff, 0xdf, 0xff, 0xdf, 0xf7, 0xbf, 0xff,
    0xdf, 0xff, 0xdf, 0xf7, 0xbf, 0xff, 0xdf, 0xf7, 0xdf, 0xff, 0xbf, 0xff,
    0xdf, 0xf7, 0xbf, 0xff, 0xdf, 0xff, 0xdf, 0xf7, 0xbf, 0xf7, 0xdf, 0xff,
    0xdf, 0xff, 0xbf, 0xf7, 0xdf, 0xff, 0xbf, 0xff, 0xbf, 0xf7, 0xdf, 0xf7,
    0xdf, 0xff, 0xbf, 0xf7, 0xdf, 0xf7, 0xdf, 0xff, 0xdf, 0xf7, 0xbf, 0xff,
    0xdf, 0xf7, 0xdf, 0xff, 0xdf, 0xf7, 0xdf, 0xf7, 0xdf, 0xff, 0xdf, 0xf7,
    0x5e, 0x0a, 0x5d, 0x0a, 0x5d, 0x12, 0x9c, 0xce, 0xbc, 0xce, 0xbc, 0xce,
    0xbc, 0xce, 0xbc, 0xce, 0x9c, 0xce, 0xbc, 0xce, 0xbc, 0xce, 0x9c, 0xce,
    0x9c, 0xce, 0x9c, 0xce, 0x9c, 0xc6, 0x9c, 0xce, 0x9c, 0xc6, 0x7b, 0xc6,
    0x7b, 0xc6, 0x7b, 0xc6, 0x7b, 0xc6, 0x5b, 0xc6, 0x5b, 0xc6, 0x5b, 0xbe,
    0x5b, 0xbe, 0x5b, 0xc6, 0x3b, 0xbe, 0x3b, 0xbe, 0x5b, 0xbe, 0x3b, 0xbe,
    0x7f, 0xef, 0x9e, 0xf7, 0x7e, 0xef, 0x7e, 0xef, 0x9f, 0xef, 0x9f, 0xef,
    0x7e, 0xef, 0x9f, 0xf7, 0x7e, 0xef, 0x7e, 0xef, 0x9f, 0xf7, 0x7e, 0xf7,
    0x9e, 0xef, 0x9f, 0xf7, 0x7e, 0xef, 0x9f, 0xef, 0x7f, 0xf7, 0x9e, 0xef,
    0x7f, 0xef, 0x7f, 0xf7, 0x9e, 0xef, 0x7e, 0xf7, 0x7f, 0xef, 0x7e, 0xef,
    0x7e, 0xef, 0x5e, 0xef, 0x5e, 0xef, 0x5d, 0x0a, 0x5d, 0x0a, 0x5e, 0x0a,
    0xff, 0xff, 0xff, 0xff, 0xff, 0xff, 0xff, 0xff, 0xff, 0xff, 0xff, 0xff,
    0xff, 0xff, 0xff, 0xff, 0xff, 0xff, 0xff, 0xff, 0xff, 0xff, 0xff, 0xff,
    0xff, 0xff, 0xff, 0xff, 0xff, 0xff, 0xff, 0xff, 0xff, 0xff, 0xff, 0xff,
    0xff, 0xff, 0xff, 0xff, 0xff, 0xff, 0xff, 0xff, 0xff, 0xff, 0xff, 0xff,
    0xff, 0xff, 0xff, 0xff, 0xff, 0xff, 0xff, 0xff, 0xff, 0xff, 0xff, 0xff,
    0xff, 0xff, 0xff, 0xff, 0xff, 0xff, 0xff, 0xff, 0xff, 0xff, 0xff, 0xff,
    0xff, 0xff, 0xff, 0xff, 0xff, 0xff, 0xff, 0xff, 0xff, 0xff, 0xff, 0xff,
    0xff, 0xff, 0xff, 0xff, 0xff, 0xff, 0xff, 0xff, 0xff, 0xff, 0xff, 0xff,
    0xff, 0xff, 0xdf, 0xff, 0xff, 0xff, 0xff, 0xff, 0xff, 0xff, 0xdf, 0xff,
    0xff, 0xff, 0xff, 0xff, 0xff, 0xff, 0xdf, 0xff, 0xdf, 0xff, 0xff, 0xff,
    0xdf, 0xff, 0xdf, 0xff, 0xff, 0xff, 0xff, 0xff, 0xff, 0xff, 0xdf, 0xff,
    0xff, 0xff, 0xdf, 0xff, 0xdf, 0xff, 0xff, 0xff, 0xdf, 0xff, 0xdf, 0xff,
    0xdf, 0xff, 0xdf, 0xff, 0xdf, 0xff, 0xdf, 0xff, 0xdf, 0xff, 0xdf, 0xff,
    0xdf, 0xff, 0xff, 0xf7, 0xdf, 0xff, 0xdf, 0xff, 0xdf, 0xff, 0xdf, 0xf7,
    0xdf, 0xff, 0xdf, 0xff, 0xdf, 0xff, 0xdf, 0xf7, 0xdf, 0xff, 0xdf, 0xff,
    0xdf, 0xf7, 0xdf, 0xff, 0xdf, 0xff, 0xdf, 0xf7, 0xdf, 0xff, 0xdf, 0xff,
    0xdf, 0xf7, 0xdf, 0xff, 0xdf, 0xf7, 0xdf, 0xff, 0xdf, 0xff, 0xdf, 0xf7,
    0xdf, 0xff, 0xdf, 0xff, 0xdf, 0xf7, 0xdf, 0xff, 0xdf, 0xff, 0xbf, 0xf7,
    0xdf, 0xf7, 0xdf, 0xff, 0xbf, 0xf7, 0xdf, 0xf7, 0xdf, 0xff, 0xdf, 0xf7,
    0xdf, 0xff, 0xdf, 0xf7, 0xbf, 0xff, 0xdf, 0xf7, 0xdf, 0xf7, 0xdf, 0xff,
    0xbf, 0xf7, 0xdf, 0xff, 0xdf, 0xf7, 0xdf, 0xf7, 0xbf, 0xff, 0xdf, 0xf7,
    0xdf, 0xff, 0xdf, 0xff, 0xbf, 0xf7, 0xdf, 0xff, 0xdf, 0xf7, 0xdf, 0xff,
    0xdf, 0xf7, 0xbf, 0xff, 0xdf, 0xff, 0xdf, 0xf7, 0xbf, 0xff, 0xdf, 0xf7,
    0xdf, 0xff, 0xdf, 0xff, 0xdf, 0xf7, 0xdf, 0xf7, 0xdf, 0xff, 0xbf, 0xff,
    0xdf, 0xf7, 0xdf, 0xff, 0xbf, 0xff, 0xdf, 0xf7, 0xdf, 0xff, 0xdf, 0xff,
    0xdf, 0xf7, 0xdf, 0xff, 0xbf, 0xf7, 0xdf, 0xf7, 0xdf, 0xff, 0xdf, 0xff,
    0xdf, 0xf7, 0xdf, 0xff, 0xdf, 0xf7, 0xdf, 0xff, 0xdf, 0xff, 0xbf, 0xf7,
    0xdf, 0xff, 0xbf, 0xf7, 0xdf, 0xff, 0xbf, 0xf7, 0xdf, 0xf7, 0xbf, 0xff,
    0xdf, 0xf7, 0xdf, 0xf7, 0xbf, 0xff, 0xdf, 0xf7, 0xdf, 0xff, 0xdf, 0xf7,
    0xdf, 0xf7, 0xbf, 0xff, 0xdf, 0xf7, 0xdf, 0xf7, 0xbf, 0xff, 0xdf, 0xff,
    0xdf, 0xf7, 0xbf, 0xff, 0xdf, 0xf7, 0xdf, 0xf7, 0xdf, 0xff, 0xdf, 0xf7,
    0xdf, 0xff, 0xdf, 0xff, 0xdf, 0xf7, 0xbf, 0xff, 0xdf, 0xff, 0xdf, 0xf7,
    0xdf, 0xf7, 0xdf, 0xff, 0xdf, 0xf7, 0xbf, 0xff, 0xdf, 0xff, 0xbf, 0xf7,
    0xdf, 0xff, 0xbf, 0xf7, 0xdf, 0xff, 0x5d, 0x0a, 0x5d, 0x0a, 0x5d, 0x0a,
    0x9c, 0xce, 0x9d, 0xce, 0x9c, 0xce, 0xbc, 0xce, 0xbc, 0xce, 0xbc, 0xd6,
    0x9c, 0xce, 0x9c, 0xce, 0x9c, 0xce, 0x9c, 0xce, 0x9c, 0xc6, 0x9c, 0xc6,
    0x9b, 0xce, 0x7c, 0xce, 0x9c, 0xc6, 0x7c, 0xc6, 0x7c, 0xc6, 0x7b, 0xc6,
    0x5c, 0xc6, 0x5b, 0xc6, 0x5b, 0xbe, 0x5c, 0xc6, 0x5b, 0xbe, 0x3b, 0xbe,
    0x3b, 0xbe, 0x3b, 0xbe, 0x3b, 0xbe, 0x9f, 0xef, 0x9f, 0xf7, 0x7e, 0xf7,
    0x9f, 0xef, 0x7e, 0xf7, 0x7e, 0xf7, 0x9f, 0xef, 0x9f, 0xef, 0x7e, 0xf7,
    0x9f, 0xef, 0x7f, 0xef, 0x7e, 0xef, 0x9f, 0xef, 0x7e, 0xf7, 0x9e, 0xef,
    0x7f, 0xef, 0x9e, 0xf7, 0x9e, 0xef, 0x7f, 0xef, 0x9f, 0xf7, 0x9e, 0xef,
    0x7f, 0xef, 0x7e, 0xef, 0x7e, 0xef, 0x7e, 0xef, 0x5e, 0xef, 0x5e, 0xef,
    0x5d, 0x0a, 0x5d, 0x0a, 0x5d, 0x12, 0xff, 0xff, 0xff, 0xff, 0xff, 0xff,
    0xff, 0xff, 0xff, 0xff, 0xff, 0xff, 0xff, 0xff, 0xff, 0xff, 0xff, 0xff,
    0xff, 0xff, 0xff, 0xff, 0xff, 0xff, 0xff, 0xff, 0xff, 0xff, 0xff, 0xff,
    0xff, 0xff, 0xff, 0xff, 0xff, 0xff, 0xff, 0xff, 0xff, 0xff, 0xff, 0xff,
    0xff, 0xff, 0xff, 0xff, 0xff, 0xff, 0xff, 0xff, 0xff, 0xff, 0xff, 0xff,
    0xff, 0xff, 0xff, 0xff, 0xff, 0xff, 0xff, 0xff, 0xff, 0xff, 0xff, 0xff,
    0xff, 0xff, 0xff, 0xff, 0xff, 0xff, 0xff, 0xff, 0xff, 0xff, 0xff, 0xff,
    0xff, 0xff, 0xff, 0xff, 0xff, 0xff, 0xff, 0xff, 0xff, 0xff, 0xff, 0xff,
    0xff, 0xff, 0xff, 0xff, 0xff, 0xff, 0xdf, 0xff, 0xff, 0xff, 0xff, 0xff,
    0xff, 0xff, 0xdf, 0xff, 0xff, 0xff, 0xff, 0xff, 0xdf, 0xff, 0xdf, 0xff,
    0xff, 0xff, 0xff, 0xff, 0xdf, 0xff, 0xff, 0xff, 0xdf, 0xff, 0xdf, 0xff,
    0xdf, 0xff, 0xff, 0xff, 0xff, 0xff, 0xdf, 0xff, 0xff, 0xff, 0xdf, 0xff,
    0xdf, 0xff, 0xdf, 0xff, 0xdf, 0xff, 0xff, 0xff, 0xdf, 0xff, 0xdf, 0xff,
    0xff, 0xff, 0xdf, 0xff, 0xdf, 0xff, 0xdf, 0xff, 0xdf, 0xff, 0xff, 0xff,
    0xdf, 0xff, 0xdf, 0xf7, 0xdf, 0xff, 0xdf, 0xff, 0xdf, 0xff, 0xdf, 0xf7,
    0xdf, 0xff, 0xdf, 0xff, 0xdf, 0xf7, 0xdf, 0xff, 0xdf, 0xff, 0xdf, 0xf7,
    0xdf, 0xff, 0xdf, 0xff, 0xdf, 0xf7, 0xdf, 0xff, 0xdf, 0xff, 0xdf, 0xf7,
    0xdf, 0xff, 0xdf, 0xf7, 0xdf, 0xff, 0xdf, 0xff, 0xdf, 0xf7, 0xdf, 0xf7,
    0xbf, 0xff, 0xdf, 0xf7, 0xdf, 0xff, 0xdf, 0xff, 0xdf, 0xf7, 0xbf, 0xff,
    0xdf, 0xff, 0xdf, 0xf7, 0xbf, 0xf7, 0xdf, 0xff, 0xdf, 0xff, 0xdf, 0xf7,
    0xbf, 0xff, 0xdf, 0xff, 0xdf, 0xf7, 0xdf, 0xf7, 0xbf, 0xff, 0xdf, 0xff,
    0xdf, 0xf7, 0xbf, 0xf7, 0xdf, 0xff, 0xdf, 0xf7, 0xbf, 0xf7, 0xdf, 0xff,
    0xdf, 0xf7, 0xbf, 0xff, 0xdf, 0xf7, 0xdf, 0xf7, 0xdf, 0xff, 0xdf, 0xf7,
    0xdf, 0xff, 0xbf, 0xf7, 0xdf, 0xff, 0xdf, 0xf7, 0xbf, 0xff, 0xdf, 0xf7,
    0xdf, 0xff, 0xdf, 0xf7, 0xdf, 0xf7, 0xdf, 0xff, 0xdf, 0xf7, 0xdf, 0xff,
    0xdf, 0xf7, 0xbf, 0xf7, 0xbf, 0xff, 0xdf, 0xf7, 0xdf, 0xff, 0xdf, 0xff,
    0xdf, 0xf7, 0xdf, 0xf7, 0xbf, 0xff, 0xdf, 0xff, 0xdf, 0xf7, 0xbf, 0xf7,
    0xdf, 0xff, 0xdf, 0xf7, 0xdf, 0xff, 0xdf, 0xff, 0xdf, 0xf7, 0xdf, 0xff,
    0xdf, 0xff, 0xbf, 0xf7, 0xdf, 0xff, 0xdf, 0xff, 0xdf, 0xf7, 0xdf, 0xff,
    0xbf, 0xf7, 0xdf, 0xff, 0xdf, 0xff, 0xbf, 0xf7, 0xdf, 0xff, 0xdf, 0xff,
    0xdf, 0xf7, 0xdf, 0xf7, 0xdf, 0xff, 0xdf, 0xf7, 0xdf, 0xff, 0xdf, 0xff,
    0xbf, 0xf7, 0xdf, 0xff, 0xdf, 0xf7, 0xdf, 0xf7, 0xdf, 0xff, 0xbf, 0xf7,
    0xdf, 0xff, 0xdf, 0xff, 0xbf, 0xf7, 0xdf, 0xff, 0xdf, 0xff, 0xdf, 0xf7,
    0xdf, 0xf7, 0xdf, 0xff, 0xdf, 0xf7, 0xbf, 0xff, 0xdf, 0xff, 0xdf, 0xf7,
    0x5d, 0x0a, 0x5d, 0x12, 0x5d, 0x0a, 0xbc, 0xce, 0x9c, 0xce, 0xbc, 0xd6,
    0xbc, 0xce, 0xbc, 0xce, 0xbc, 0xd6, 0x9c, 0xce, 0x9c, 0xce, 0x9c, 0xce,
    0x9c, 0xce, 0x9c, 0xce, 0x7c, 0xc6, 0x7c, 0xc6, 0x9c, 0xce, 0x7b, 0xc6,
    0x7c, 0xc6, 0x7b, 0xc6, 0x7c, 0xc6, 0x5c, 0xc6, 0x5b, 0xbe, 0x5b, 0xc6,
    0x5b, 0xc6, 0x5b, 0xbe, 0x3b, 0xbe, 0x3b, 0xbe, 0x3b, 0xbe, 0x3b, 0xbe,
    0x7e, 0xef, 0x7f, 0xef, 0x9f, 0xef, 0x9e, 0xf7, 0x7f, 0xef, 0x9e, 0xef,
    0x7f, 0xf7, 0x7e, 0xef, 0x9e, 0xf7, 0x9f, 0xef, 0x7e, 0xf7, 0x9f, 0xef,
    0x7f, 0xef, 0x9e, 0xf7, 0x7f, 0xef, 0x7f, 0xf7, 0x9e, 0xef, 0x7e, 0xef,
    0x7f, 0xf7, 0x9e, 0xef, 0x7f, 0xef, 0x7e, 0xef, 0x7f, 0xef, 0x7e, 0xef,
    0x7e, 0xef, 0x7e, 0xef, 0x5e, 0xef, 0x9d, 0x2a, 0x5d, 0x0a, 0x5d, 0x0a,
    0xbf, 0xf7, 0xff, 0xff, 0xff, 0xff, 0xff, 0xff, 0xff, 0xff, 0xff, 0xff,
    0xff, 0xff, 0xff, 0xff, 0xff, 0xff, 0xff, 0xff, 0xff, 0xff, 0xff, 0xff,
    0xff, 0xff, 0xff, 0xff, 0xff, 0xff, 0xff, 0xff, 0xff, 0xff, 0xff, 0xff,
    0xff, 0xff, 0xff, 0xff, 0xff, 0xff, 0xff, 0xff, 0xff, 0xff, 0xff, 0xff,
    0xff, 0xff, 0xff, 0xff, 0xff, 0xff, 0xff, 0xff, 0xff, 0xff, 0xff, 0xff,
    0xff, 0xff, 0xff, 0xff, 0xff, 0xff, 0xff, 0xff, 0xff, 0xff, 0xff, 0xff,
    0xff, 0xff, 0xff, 0xff, 0xff, 0xff, 0xff, 0xff, 0xff, 0xff, 0xff, 0xff,
    0xff, 0xff, 0xff, 0xff, 0xff, 0xff, 0xff, 0xff, 0xff, 0xff, 0xdf, 0xff,
    0xff, 0xff, 0xff, 0xff, 0xff, 0xff, 0xdf, 0xff, 0xff, 0xff, 0xff, 0xff,
    0xff, 0xff, 0xdf, 0xff, 0xdf, 0xff, 0xff, 0xff, 0xdf, 0xff, 0xff, 0xff,
    0xff, 0xff, 0xff, 0xff, 0xdf, 0xff, 0xdf, 0xff, 0xff, 0xff, 0xdf, 0xff,
    0xdf, 0xff, 0xdf, 0xff, 0xdf, 0xff, 0xdf, 0xff, 0xff, 0xff, 0xdf, 0xff,
    0xdf, 0xff, 0xff, 0xff, 0xdf, 0xf7, 0xdf, 0xff, 0xff, 0xff, 0xdf, 0xf7,
    0xdf, 0xf7, 0xdf, 0xff, 0xdf, 0xff, 0xff, 0xf7, 0xdf, 0xff, 0xdf, 0xff,
    0xdf, 0xff, 0xdf, 0xf7, 0xdf, 0xff, 0xdf, 0xff, 0xdf, 0xf7, 0xdf, 0xff,
    0xdf, 0xff, 0xdf, 0xf7, 0xdf, 0xff, 0xdf, 0xff, 0xdf, 0xf7, 0xdf, 0xff,
    0xdf, 0xff, 0xdf, 0xf7, 0xdf, 0xff, 0xdf, 0xff, 0xdf, 0xf7, 0xdf, 0xff,
    0xdf, 0xff, 0xdf, 0xf7, 0xdf, 0xff, 0xdf, 0xf7, 0xbf, 0xf7, 0xdf, 0xff,
    0xdf, 0xf7, 0xbf, 0xf7, 0xdf, 0xff, 0xdf, 0xff, 0xbf, 0xf7, 0xdf, 0xff,
    0xdf, 0xf7, 0xbf, 0xf7, 0xdf, 0xff, 0xdf, 0xf7, 0xbf, 0xff, 0xdf, 0xf7,
    0xdf, 0xff, 0xdf, 0xf7, 0xdf, 0xff, 0xdf, 0xff, 0xdf, 0xf7, 0xdf, 0xff,
    0xbf, 0xf7, 0xdf, 0xff, 0xdf, 0xf7, 0xdf, 0xff, 0xdf, 0xff, 0xbf, 0xf7,
    0xdf, 0xff, 0xbf, 0xf7, 0xdf, 0xf7, 0xdf, 0xff, 0xdf, 0xff, 0xdf, 0xf7,
    0xbf, 0xf7, 0xdf, 0xff, 0xbf, 0xff, 0xbf, 0xf7, 0xdf, 0xff, 0xdf, 0xff,
    0xbf, 0xf7, 0xdf, 0xf7, 0xdf, 0xff, 0xdf, 0xff, 0xdf, 0xf7, 0xdf, 0xff,
    0xbf, 0xf7, 0xdf, 0xf7, 0xbf, 0xff, 0xdf, 0xff, 0xdf, 0xf7, 0xbf, 0xf7,
    0xdf, 0xff, 0xdf, 0xf7, 0xbf, 0xff, 0xdf, 0xf7, 0xdf, 0xf7, 0xbf, 0xff,
    0xdf, 0xf7, 0xdf, 0xf7, 0xbf, 0xff, 0xdf, 0xf7, 0xdf, 0xf7, 0xdf, 0xff,
    0xbf, 0xf7, 0xdf, 0xff, 0xdf, 0xf7, 0xdf, 0xff, 0xbf, 0xf7, 0xdf, 0xf7,
    0xdf, 0xff, 0xdf, 0xf7, 0xbf, 0xff, 0xdf, 0xff, 0xdf, 0xf7, 0xbf, 0xf7,
    0xdf, 0xff, 0xdf, 0xf7, 0xbf, 0xf7, 0xdf, 0xff, 0xdf, 0xff, 0xbf, 0xf7,
    0xbf, 0xff, 0xdf, 0xf7, 0xdf, 0xf7, 0xdf, 0xff, 0xdf, 0xf7, 0xbf, 0xf7,
    0xdf, 0xff, 0xbf, 0xf7, 0xbf, 0xff, 0xdf, 0xf7, 0xdf, 0xf7, 0xdf, 0xff,
    0xdf, 0xf7, 0xdf, 0xff, 0xbf, 0xf7, 0x5d, 0x0a, 0x5e, 0x0a, 0x9d, 0x2a,
    0x9c, 0xce, 0xbc, 0xce, 0x9c, 0xce, 0x9c, 0xce, 0xbc, 0xce, 0xbd, 0xce,
    0x9c, 0xce, 0x9c, 0xce, 0x9c, 0xce, 0x9c, 0xce, 0x9c, 0xce, 0x7b, 0xc6,
    0x7b, 0xc6, 0x7c, 0xc6, 0x7c, 0xc6, 0x7b, 0xc6, 0x7b, 0xc6, 0x5b, 0xc6,
    0x5b, 0xc6, 0x5b, 0xbe, 0x5c, 0xbe, 0x5b, 0xbe, 0x3b, 0xbe, 0x3b, 0xbe,
    0x3b, 0xbe, 0x3b, 0xbe, 0x3b, 0xbe, 0x7e, 0xef, 0x9e, 0xf7, 0x7f, 0xef,
    0x7e, 0xef, 0x9f, 0xf7, 0x9f, 0xef, 0x7e, 0xef, 0x9f, 0xf7, 0x7f, 0xef,
    0x7e, 0xef, 0x9e, 0xf7, 0x9f, 0xf7, 0x7e, 0xef, 0x9e, 0xef, 0x9f, 0xf7,
    0x7e, 0xef, 0x9f, 0xef, 0x9f, 0xf7, 0x7e, 0xf7, 0x9e, 0xef, 0x7f, 0xf7,
    0x7e, 0xf7, 0x7e, 0xef, 0x7f, 0xef, 0x7e, 0xef, 0x5e, 0xef, 0x5e, 0xef,
    0x5d, 0x53, 0x5d, 0x0a, 0x5d, 0x0a, 0x3f, 0xdf, 0xff, 0xff, 0xff, 0xff,
    0xff, 0xff, 0xff, 0xff, 0xff, 0xff, 0xff, 0xff, 0xff, 0xff, 0xff, 0xff,
    0xff, 0xff, 0xff, 0xff, 0xff, 0xff, 0xff, 0xff, 0xff, 0xff, 0xff, 0xff,
    0xff, 0xff, 0xff, 0xff, 0xff, 0xff, 0xff, 0xff, 0xff, 0xff, 0xff, 0xff,
    0xff, 0xff, 0xff, 0xff, 0xff, 0xff, 0xff, 0xff, 0xff, 0xff, 0xff, 0xff,
    0xff, 0xff, 0xff, 0xff, 0xff, 0xff, 0xff, 0xff, 0xff, 0xff, 0xff, 0xff,
    0xff, 0xff, 0xff, 0xff, 0xff, 0xff, 0xff, 0xff, 0xff, 0xff, 0xff, 0xff,
    0xff, 0xff, 0xff, 0xff, 0xff, 0xff, 0xff, 0xff, 0xff, 0xff, 0xff, 0xff,
    0xdf, 0xff, 0xff, 0xff, 0xff, 0xff, 0xff, 0xff, 0xdf, 0xff, 0xff, 0xff,
    0xff, 0xff, 0xff, 0xff, 0xff, 0xff, 0xdf, 0xff, 0xff, 0xff, 0xff, 0xff,
    0xdf, 0xff, 0xdf, 0xff, 0xdf, 0xff, 0xff, 0xff, 0xdf, 0xff, 0xff, 0xff,
    0xff, 0xff, 0xdf, 0xff, 0xff, 0xff, 0xdf, 0xff, 0xdf, 0xff, 0xff, 0xff,
    0xdf, 0xff, 0xdf, 0xff, 0xdf, 0xff, 0xdf, 0xff, 0xdf, 0xff, 0xdf, 0xff,
    0xdf, 0xff, 0xff, 0xf7, 0xdf, 0xff, 0xff, 0xff, 0xdf, 0xff, 0xdf, 0xf7,
    0xdf, 0xff, 0xdf, 0xff, 0xdf, 0xff, 0xdf, 0xf7, 0xdf, 0xff, 0xdf, 0xff,
    0xdf, 0xf7, 0xdf, 0xff, 0xdf, 0xff, 0xdf, 0xf7, 0xdf, 0xff, 0xdf, 0xf7,
    0xdf, 0xff, 0xdf, 0xf7, 0xdf, 0xff, 0xdf, 0xf7, 0xdf, 0xff, 0xdf, 0xff,
    0xdf, 0xf7, 0xdf, 0xff, 0xdf, 0xf7, 0xdf, 0xff, 0xbf, 0xff, 0xdf, 0xff,
    0xdf, 0xf7, 0xdf, 0xff, 0xbf, 0xff, 0xdf, 0xf7, 0xdf, 0xf7, 0xdf, 0xff,
    0xdf, 0xf7, 0xdf, 0xf7, 0xdf, 0xff, 0xdf, 0xff, 0xbf, 0xf7, 0xdf, 0xff,
    0xdf, 0xf7, 0xdf, 0xf7, 0xbf, 0xff, 0xdf, 0xff, 0xdf, 0xf7, 0xbf, 0xf7,
    0xbf, 0xff, 0xdf, 0xff, 0xdf, 0xf7, 0xdf, 0xff, 0xdf, 0xf7, 0xbf, 0xff,
    0xdf, 0xf7, 0xdf, 0xf7, 0xdf, 0xff, 0xdf, 0xff, 0xbf, 0xf7, 0xdf, 0xff,
    0xdf, 0xf7, 0xbf, 0xff, 0xdf, 0xf7, 0xdf, 0xff, 0xdf, 0xf7, 0xdf, 0xf7,
    0xdf, 0xff, 0xdf, 0xf7, 0xbf, 0xff, 0xdf, 0xf7, 0xbf, 0xff, 0xbf, 0xf7,
    0xdf, 0xff, 0xdf, 0xf7, 0xdf, 0xff, 0xdf, 0xff, 0xdf, 0xf7, 0xbf, 0xf7,
    0xdf, 0xff, 0xdf, 0xff, 0xdf, 0xf7, 0xdf, 0xff, 0xdf, 0xff, 0xdf, 0xf7,
    0xdf, 0xff, 0xbf, 0xff, 0xdf, 0xf7, 0xdf, 0xff, 0xbf, 0xf7, 0xdf, 0xff,
    0xdf, 0xf7, 0xdf, 0xff, 0xbf, 0xf7, 0xdf, 0xff, 0xdf, 0xf7, 0xbf, 0xff,
    0xdf, 0xf7, 0xdf, 0xff, 0xdf, 0xff, 0xdf, 0xf7, 0xbf, 0xf7, 0xdf, 0xff,
    0xdf, 0xf7, 0xbf, 0xff, 0xdf, 0xff, 0xdf, 0xf7, 0xbf, 0xff, 0xdf, 0xf7,
    0xdf, 0xf7, 0xdf, 0xff, 0xdf, 0xf7, 0xdf, 0xff, 0xdf, 0xff, 0xbf, 0xf7,
    0xdf, 0xff, 0xdf, 0xf7, 0xdf, 0xff, 0xdf, 0xf7, 0xdf, 0xff, 0xdf, 0xff,
    0xbf, 0xff, 0xdf, 0xf7, 0xbf, 0xff, 0xdf, 0xf7, 0xbf, 0xf7, 0x1f, 0xdf,
    0x5d, 0x0a, 0x5d, 0x0a, 0x1d, 0x4b, 0x9c, 0xce, 0xbc, 0xce, 0x9c, 0xce,
    0x9c, 0xce, 0xbc, 0xce, 0x9c, 0xce, 0xbc, 0xce, 0x9c, 0xce, 0x9c, 0xce,
    0x9c, 0xce, 0x9c, 0xc6, 0x9c, 0xc6, 0x7b, 0xc6, 0x7b, 0xce, 0x7c, 0xc6,
    0x7b, 0xc6, 0x7b, 0xc6, 0x5c, 0xc6, 0x5b, 0xc6, 0x5b, 0xc6, 0x5b, 0xc6,
    0x5b, 0xbe, 0x3b, 0xbe, 0x3b, 0xbe, 0x5b, 0xbe, 0x3b, 0xbe, 0x3b, 0xbe,
    0x9f, 0xef, 0x9e, 0xf7, 0x7e, 0xef, 0x7f, 0xef, 0x9e, 0xf7, 0x7e, 0xef,
    0x9f, 0xef, 0x9e, 0xf7, 0x7f, 0xef, 0x9e, 0xef, 0x7f, 0xef, 0x7f, 0xf7,
    0x9e, 0xef, 0x7f, 0xef, 0x7e, 0xf7, 0x9e, 0xef, 0x7f, 0xef, 0x9f, 0xf7,
    0x9e, 0xef, 0x7f, 0xef, 0x9f, 0xef, 0x7e, 0xef, 0x7e, 0xef, 0x7e, 0xef,
    0x7e, 0xef, 0x5e, 0xef, 0x5e, 0xe7, 0x5d, 0x7c, 0x5d, 0x0a, 0x5e, 0x0a,
    0x1f, 0xb6, 0xff, 0xff, 0xff, 0xff, 0xff, 0xff, 0xff, 0xff, 0xff, 0xff,
    0xff, 0xff, 0xff, 0xff, 0xff, 0xff, 0xff, 0xff, 0xff, 0xff, 0xff, 0xff,
    0xff, 0xff, 0xff, 0xff, 0xff, 0xff, 0xff, 0xff, 0xff, 0xff, 0xff, 0xff,
    0xff, 0xff, 0xff, 0xff, 0xff, 0xff, 0xff, 0xff, 0xff, 0xff, 0xff, 0xff,
    0xff, 0xff, 0xff, 0xff, 0xff, 0xff, 0xff, 0xff, 0xff, 0xff, 0xff, 0xff,
    0xff, 0xff, 0xff, 0xff, 0xff, 0xff, 0xff, 0xff, 0xff, 0xff, 0xff, 0xff,
    0xff, 0xff, 0xff, 0xff, 0xff, 0xff, 0xff, 0xff, 0xff, 0xff, 0xff, 0xff,
    0xff, 0xff, 0xff, 0xff, 0xff, 0xff, 0xff, 0xff, 0xdf, 0xff, 0xff, 0xff,
    0xff, 0xff, 0xff, 0xff, 0xdf, 0xff, 0xff, 0xff, 0xff, 0xff, 0xdf, 0xff,
    0xdf, 0xff, 0xff, 0xff, 0xdf, 0xff, 0xff, 0xff, 0xff, 0xff, 0xdf, 0xff,
    0xdf, 0xff, 0xff, 0xff, 0xdf, 0xff, 0xff, 0xff, 0xdf, 0xff, 0xdf, 0xff,
    0xff, 0xff, 0xdf, 0xff, 0xdf, 0xff, 0xff, 0xff, 0xdf, 0xff, 0xff, 0xff,
    0xdf, 0xff, 0xff, 0xff, 0xdf, 0xff, 0xdf, 0xf7, 0xdf, 0xff, 0xdf, 0xff,
    0xdf, 0xff, 0xdf, 0xff, 0xdf, 0xff, 0xdf, 0xff, 0xdf, 0xf7, 0xdf, 0xff,
    0xdf, 0xff, 0xdf, 0xff, 0xdf, 0xf7, 0xdf, 0xff, 0xdf, 0xff, 0xdf, 0xf7,
    0xdf, 0xff, 0xdf, 0xff, 0xdf, 0xf7, 0xdf, 0xff, 0xdf, 0xff, 0xdf, 0xf7,
    0xdf, 0xff, 0xdf, 0xff, 0xdf, 0xf7, 0xdf, 0xff, 0xdf, 0xff, 0xdf, 0xf7,
    0xdf, 0xf7, 0xbf, 0xff, 0xdf, 0xf7, 0xdf, 0xf7, 0xdf, 0xff, 0xdf, 0xff,
    0xdf, 0xf7, 0xbf, 0xff, 0xdf, 0xff, 0xdf, 0xf7, 0xbf, 0xff, 0xdf, 0xf7,
    0xdf, 0xff, 0xdf, 0xf7, 0xdf, 0xff, 0xdf, 0xff, 0xdf, 0xf7, 0xdf, 0xff,
    0xbf, 0xf7, 0xdf, 0xff, 0xdf, 0xf7, 0xdf, 0xf7, 0xbf, 0xff, 0xdf, 0xf7,
    0xdf, 0xf7, 0xbf, 0xff, 0xdf, 0xff, 0xdf, 0xf7, 0xbf, 0xf7, 0xdf, 0xff,
    0xdf, 0xf7, 0xdf, 0xff, 0xdf, 0xf7, 0xbf, 0xff, 0xdf, 0xf7, 0xdf, 0xff,
    0xdf, 0xff, 0xbf, 0xf7, 0xdf, 0xff, 0xdf, 0xf7, 0xdf, 0xf7, 0xdf, 0xff,
    0xdf, 0xff, 0xdf, 0xf7, 0xdf, 0xff, 0xbf, 0xf7, 0xdf, 0xf7, 0xbf, 0xff,
    0xdf, 0xff, 0xdf, 0xf7, 0xdf, 0xff, 0xbf, 0xf7, 0xdf, 0xf7, 0xdf, 0xff,
    0xbf, 0xf7, 0xdf, 0xf7, 0xdf, 0xff, 0xbf, 0xf7, 0xdf, 0xff, 0xdf, 0xf7,
    0xdf, 0xff, 0xdf, 0xff, 0xdf, 0xf7, 0xbf, 0xff, 0xdf, 0xff, 0xdf, 0xf7,
    0xdf, 0xf7, 0xdf, 0xff, 0xbf, 0xf7, 0xdf, 0xff, 0xdf, 0xf7, 0xbf, 0xff,
    0xdf, 0xf7, 0xdf, 0xff, 0xdf, 0xf7, 0xdf, 0xf7, 0xdf, 0xff, 0xdf, 0xf7,
    0xdf, 0xff, 0xdf, 0xff, 0xdf, 0xf7, 0xbf, 0xff, 0xdf, 0xf7, 0xdf, 0xf7,
    0xdf, 0xff, 0xbf, 0xf7, 0xdf, 0xff, 0xdf, 0xf7, 0xbf, 0xff, 0xdf, 0xff,
    0xdf, 0xf7, 0xdf, 0xf7, 0xdf, 0xff, 0xdf, 0xf7, 0xdf, 0xff, 0xdf, 0xff,
    0xdf, 0xf7, 0xdf, 0xff, 0xff, 0xad, 0x5d, 0x0a, 0x5d, 0x0a, 0xfd, 0x6b,
    0x9c, 0xce, 0x9c, 0xce, 0x9c, 0xce, 0xbc, 0xce, 0xbc, 0xce, 0x9c, 0xce,
    0xbc, 0xce, 0x9c, 0xce, 0x9c, 0xce, 0x9c, 0xc6, 0x7c, 0xc6, 0x9c, 0xc6,
    0x7b, 0xc6, 0x7c, 0xc6, 0x7c, 0xc6, 0x7b, 0xc6, 0x7c, 0xc6, 0x5c, 0xc6,
    0x5b, 0xbe, 0x5b, 0xbe, 0x5c, 0xc6, 0x5b, 0xc6, 0x3b, 0xbe, 0x3b, 0xbe,
    0x3b, 0xbe, 0x3b, 0xbe, 0x3b, 0xbe, 0x7f, 0xef, 0x9f, 0xf7, 0x9e, 0xef,
    0x7f, 0xf7, 0x9f, 0xef, 0x7e, 0xef, 0x7e, 0xf7, 0x9f, 0xef, 0x9e, 0xf7,
    0x7f, 0xef, 0x9e, 0xef, 0x7e, 0xf7, 0x9f, 0xef, 0x9f, 0xf7, 0x7e, 0xef,
    0x9f, 0xf7, 0x7e, 0xef, 0x7e, 0xef, 0x9f, 0xf7, 0x7e, 0xef, 0x9f, 0xf7,
    0x7e, 0xef, 0x7f, 0xef, 0x7e, 0xef, 0x7e, 0xef, 0x7e, 0xef, 0x5e, 0xe7,
    0x9e, 0xad, 0x5d, 0x0a, 0x5d, 0x0a, 0x5e, 0x64, 0xff, 0xff, 0xff, 0xff,
    0xff, 0xff, 0xff, 0xff, 0xff, 0xff, 0xff, 0xff, 0xff, 0xff, 0xff, 0xff,
    0xff, 0xff, 0xff, 0xff, 0xff, 0xff, 0xff, 0xff, 0xff, 0xff, 0xff, 0xff,
    0xff, 0xff, 0xff, 0xff, 0xff, 0xff, 0xff, 0xff, 0xff, 0xff, 0xff, 0xff,
    0xff, 0xff, 0xff, 0xff, 0xff, 0xff, 0xff, 0xff, 0xff, 0xff, 0xff, 0xff,
    0xff, 0xff, 0xff, 0xff, 0xff, 0xff, 0xff, 0xff, 0xff, 0xff, 0xff, 0xff,
    0xff, 0xff, 0xff, 0xff, 0xff, 0xff, 0xff, 0xff, 0xff, 0xff, 0xff, 0xff,
    0xff, 0xff, 0xff, 0xff, 0xff, 0xff, 0xff, 0xff, 0xdf, 0xff, 0xff, 0xff,
    0xff, 0xff, 0xff, 0xff, 0xdf, 0xff, 0xff, 0xff, 0xff, 0xff, 0xff, 0xff,
    0xdf, 0xff, 0xdf, 0xff, 0xdf, 0xff, 0xff, 0xff, 0xdf, 0xff, 0xdf, 0xff,
    0xff, 0xff, 0xff, 0xff, 0xdf, 0xff, 0xff, 0xff, 0xff, 0xff, 0xdf, 0xff,
    0xdf, 0xff, 0xdf, 0xff, 0xdf, 0xff, 0xdf, 0xff, 0xdf, 0xff, 0xdf, 0xff,
    0xdf, 0xff, 0xdf, 0xff, 0xdf, 0xf7, 0xff, 0xff, 0xdf, 0xff, 0xdf, 0xf7,
    0xff, 0xff, 0xdf, 0xff, 0xdf, 0xf7, 0xdf, 0xff, 0xdf, 0xf7, 0xdf, 0xff,
    0xdf, 0xff, 0xdf, 0xff, 0xdf, 0xf7, 0xdf, 0xff, 0xdf, 0xff, 0xdf, 0xf7,
    0xdf, 0xff, 0xdf, 0xff, 0xdf, 0xf7, 0xdf, 0xff, 0xdf, 0xff, 0xdf, 0xf7,
    0xdf, 0xff, 0xdf, 0xff, 0xdf, 0xf7, 0xdf, 0xff, 0xdf, 0xf7, 0xdf, 0xff,
    0xdf, 0xff, 0xdf, 0xf7, 0xdf, 0xff, 0xbf, 0xff, 0xdf, 0xf7, 0xdf, 0xff,
    0xbf, 0xf7, 0xbf, 0xf7, 0xdf, 0xff, 0xdf, 0xf7, 0xbf, 0xf7, 0xdf, 0xff,
    0xdf, 0xff, 0xbf, 0xf7, 0xdf, 0xff, 0xbf, 0xf7, 0xdf, 0xf7, 0xbf, 0xff,
    0xbf, 0xf7, 0xdf, 0xff, 0xdf, 0xf7, 0xdf, 0xf7, 0xdf, 0xff, 0xdf, 0xff,
    0xdf, 0xf7, 0xdf, 0xff, 0xbf, 0xff, 0xdf, 0xf7, 0xdf, 0xff, 0xdf, 0xf7,
    0xdf, 0xff, 0xbf, 0xff, 0xdf, 0xf7, 0xdf, 0xff, 0xbf, 0xf7, 0xdf, 0xff,
    0xdf, 0xf7, 0xdf, 0xf7, 0xbf, 0xff, 0xdf, 0xf7, 0xdf, 0xff, 0xbf, 0xff,
    0xdf, 0xf7, 0xbf, 0xff, 0xdf, 0xf7, 0xdf, 0xf7, 0xdf, 0xff, 0xdf, 0xff,
    0xdf, 0xf7, 0xdf, 0xff, 0xdf, 0xf7, 0xbf, 0xf7, 0xdf, 0xff, 0xdf, 0xff,
    0xdf, 0xf7, 0xbf, 0xff, 0xdf, 0xff, 0xdf, 0xf7, 0xbf, 0xff, 0xdf, 0xf7,
    0xdf, 0xff, 0xdf, 0xf7, 0xbf, 0xf7, 0xdf, 0xff, 0xdf, 0xf7, 0xbf, 0xf7,
    0xdf, 0xff, 0xdf, 0xf7, 0xbf, 0xff, 0xdf, 0xff, 0xdf, 0xf7, 0xdf, 0xff,
    0xdf, 0xf7, 0xdf, 0xf7, 0xbf, 0xff, 0xdf, 0xff, 0xdf, 0xf7, 0xbf, 0xff,
    0xdf, 0xff, 0xbf, 0xf7, 0xbf, 0xf7, 0xdf, 0xff, 0xdf, 0xf7, 0xbf, 0xff,
    0xdf, 0xff, 0xdf, 0xf7, 0xbf, 0xff, 0xdf, 0xf7, 0xdf, 0xff, 0xdf, 0xf7,
    0xdf, 0xf7, 0xbf, 0xff, 0xdf, 0xf7, 0xbf, 0xff, 0xbf, 0xf7, 0xdf, 0xf7,
    0xdf, 0xf7, 0xbf, 0xff, 0xdf, 0xf7, 0xdf, 0xff, 0xdf, 0xff, 0x5e, 0x64,
    0x5d, 0x0a, 0x5d, 0x0a, 0x1d, 0x95, 0x9c, 0xce, 0xbc, 0xce, 0x9c, 0xce,
    0xbc, 0xce, 0x9c, 0xce, 0x9c, 0xd6, 0xbc, 0xce, 0x9c, 0xce, 0x9c, 0xce,
    0x9c, 0xce, 0x7b, 0xc6, 0x7c, 0xce, 0x7b, 0xc6, 0x7c, 0xc6, 0x7c, 0xc6,
    0x7b, 0xc6, 0x7b, 0xc6, 0x5b, 0xc6, 0x5b, 0xc6, 0x5c, 0xbe, 0x5b, 0xbe,
    0x3b, 0xbe, 0x3b, 0xbe, 0x3b, 0xbe, 0x3b, 0xbe, 0x3b, 0xbe, 0x3b, 0xbe,
    0x7e, 0xef, 0x7e, 0xef, 0x9f, 0xf7, 0x9e, 0xef, 0x7f, 0xef, 0x9f, 0xf7,
    0x7e, 0xef, 0x7f, 0xef, 0x9f, 0xf7, 0x7e, 0xf7, 0x9f, 0xef, 0x9e, 0xef,
    0x7f, 0xf7, 0x7e, 0xef, 0x9f, 0xef, 0x9f, 0xf7, 0x7e, 0xef, 0x9f, 0xef,
    0x7e, 0xf7, 0x9e, 0xef, 0x7f, 0xf7, 0x7e, 0xef, 0x7f, 0xef, 0x7e, 0xef,
    0x7e, 0xef, 0x5e, 0xef, 0x5e, 0xef, 0xbe, 0xd6, 0x5d, 0x12, 0x5d, 0x0a,
    0x7d, 0x12, 0x5f, 0xe7, 0xff, 0xff, 0xff, 0xff, 0xff, 0xff, 0xff, 0xff,
    0xff, 0xff, 0xff, 0xff, 0xff, 0xff, 0xff, 0xff, 0xff, 0xff, 0xff, 0xff,
    0xff, 0xff, 0xff, 0xff, 0xff, 0xff, 0xff, 0xff, 0xff, 0xff, 0xff, 0xff,
    0xff, 0xff, 0xff, 0xff, 0xff, 0xff, 0xff, 0xff, 0xff, 0xff, 0xff, 0xff,
    0xff, 0xff, 0xff, 0xff, 0xff, 0xff, 0xff, 0xff, 0xff, 0xff, 0xff, 0xff,
    0xff, 0xff, 0xff, 0xff, 0xff, 0xff, 0xff, 0xff, 0xff, 0xff, 0xff, 0xff,
    0xff, 0xff, 0xff, 0xff, 0xff, 0xff, 0xff, 0xff, 0xff, 0xff, 0xff, 0xff,
    0xdf, 0xff, 0xff, 0xff, 0xff, 0xff, 0xdf, 0xff, 0xff, 0xff, 0xff, 0xff,
    0xdf, 0xff, 0xff, 0xff, 0xff, 0xff, 0xdf, 0xff, 0xff, 0xff, 0xff, 0xff,
    0xff, 0xff, 0xdf, 0xff, 0xff, 0xff, 0xdf, 0xff, 0xdf, 0xff, 0xff, 0xff,
    0xdf, 0xff, 0xff, 0xff, 0xff, 0xff, 0xdf, 0xff, 0xdf, 0xff, 0xff, 0xff,
    0xdf, 0xff, 0xff, 0xff, 0xdf, 0xff, 0xdf, 0xff, 0xff, 0xff, 0xdf, 0xff,
    0xdf, 0xff, 0xdf, 0xf7, 0xdf, 0xff, 0xff, 0xff, 0xdf, 0xff, 0xdf, 0xff,
    0xdf, 0xff, 0xdf, 0xf7, 0xdf, 0xff, 0xdf, 0xff, 0xdf, 0xff, 0xdf, 0xff,
    0xdf, 0xf7, 0xdf, 0xff, 0xdf, 0xf7, 0xdf, 0xff, 0xdf, 0xf7, 0xdf, 0xff,
    0xdf, 0xf7, 0xdf, 0xff, 0xdf, 0xf7, 0xdf, 0xff, 0xdf, 0xff, 0xdf, 0xf7,
    0xdf, 0xff, 0xdf, 0xff, 0xdf, 0xf7, 0xdf, 0xff, 0xbf, 0xf7, 0xdf, 0xff,
    0xdf, 0xf7, 0xdf, 0xff, 0xdf, 0xff, 0xdf, 0xf7, 0xdf, 0xff, 0xdf, 0xff,
    0xdf, 0xf7, 0xdf, 0xf7, 0xdf, 0xff, 0xdf, 0xf7, 0xdf, 0xf7, 0xdf, 0xff,
    0xdf, 0xff, 0xdf, 0xf7, 0xdf, 0xf7, 0xdf, 0xff, 0xbf, 0xf7, 0xdf, 0xff,
    0xdf, 0xff, 0xbf, 0xf7, 0xbf, 0xf7, 0xdf, 0xff, 0xdf, 0xf7, 0xdf, 0xf7,
    0xdf, 0xff, 0xbf, 0xf7, 0xdf, 0xf7, 0xdf, 0xff, 0xdf, 0xf7, 0xdf, 0xff,
    0xbf, 0xf7, 0xdf, 0xff, 0xdf, 0xff, 0xdf, 0xf7, 0xbf, 0xff, 0xdf, 0xf7,
    0xdf, 0xf7, 0xdf, 0xff, 0xdf, 0xf7, 0xdf, 0xff, 0xbf, 0xff, 0xdf, 0xf7,
    0xbf, 0xf7, 0xbf, 0xff, 0xdf, 0xf7, 0xdf, 0xff, 0xbf, 0xff, 0xdf, 0xf7,
    0xdf, 0xf7, 0xbf, 0xff, 0xdf, 0xf7, 0xdf, 0xf7, 0xdf, 0xff, 0xdf, 0xf7,
    0xdf, 0xff, 0xbf, 0xf7, 0xdf, 0xff, 0xdf, 0xff, 0xbf, 0xf7, 0xdf, 0xff,
    0xdf, 0xff, 0xbf, 0xf7, 0xdf, 0xff, 0xdf, 0xf7, 0xdf, 0xf7, 0xbf, 0xff,
    0xdf, 0xf7, 0xdf, 0xff, 0xbf, 0xff, 0xdf, 0xf7, 0xdf, 0xff, 0xdf, 0xf7,
    0xdf, 0xf7, 0xbf, 0xff, 0xdf, 0xf7, 0xdf, 0xff, 0xdf, 0xff, 0xdf, 0xf7,
    0xdf, 0xf7, 0xbf, 0xff, 0xdf, 0xf7, 0xdf, 0xf7, 0xdf, 0xff, 0xbf, 0xff,
    0xdf, 0xf7, 0xdf, 0xff, 0xbf, 0xff, 0xdf, 0xf7, 0xdf, 0xff, 0xdf, 0xf7,
    0xdf, 0xff, 0xdf, 0xff, 0xdf, 0xf7, 0xbf, 0xff, 0xdf, 0xf7, 0xbf, 0xf7,
    0xdf, 0xf7, 0x3f, 0xdf, 0x7d, 0x12, 0x5d, 0x0a, 0x5d, 0x12, 0x1c, 0xbe,
    0xbc, 0xce, 0xbc, 0xce, 0x9c, 0xce, 0xbc, 0xce, 0xbc, 0xce, 0x9c, 0xce,
    0x9c, 0xce, 0x9c, 0xce, 0x9c, 0xce, 0x9c, 0xc6, 0x9c, 0xce, 0x7b, 0xc6,
    0x7b, 0xc6, 0x7b, 0xc6, 0x7b, 0xc6, 0x7b, 0xc6, 0x5c, 0xc6, 0x5b, 0xc6,
    0x5b, 0xbe, 0x5b, 0xc6, 0x5b, 0xbe, 0x3b, 0xbe, 0x3b, 0xbe, 0x3b, 0xbe,
    0x3b, 0xbe, 0x3a, 0xbe, 0x3b, 0xb6, 0x9e, 0xef, 0x7f, 0xf7, 0x7e, 0xef,
    0x9e, 0xef, 0x7f, 0xf7, 0x9e, 0xf7, 0x9e, 0xef, 0x7f, 0xef, 0x7e, 0xef,
    0x9e, 0xf7, 0x7f, 0xef, 0x7f, 0xef, 0x9e, 0xf7, 0x7e, 0xef, 0x7f, 0xef,
    0x9e, 0xf7, 0x7f, 0xef, 0x9f, 0xf7, 0x7e, 0xef, 0x9f, 0xef, 0x9f, 0xf7,
    0x7e, 0xef, 0x7e, 0xef, 0x7e, 0xef, 0x7f, 0xef, 0x7e, 0xef, 0x5e, 0xef,
    0x5e, 0xef, 0x3d, 0x7c, 0x5d, 0x0a, 0x5d, 0x0a, 0x3e, 0x64, 0xff, 0xff,
    0xff, 0xff, 0xff, 0xff, 0xff, 0xff, 0xff, 0xff, 0xff, 0xff, 0xff, 0xff,
    0xff, 0xff, 0xff, 0xff, 0xff, 0xff, 0xff, 0xff, 0xff, 0xff, 0xff, 0xff,
    0xff, 0xff, 0xff, 0xff, 0xff, 0xff, 0xff, 0xff, 0xff, 0xff, 0xff, 0xff,
    0xff, 0xff, 0xff, 0xff, 0xff, 0xff, 0xff, 0xff, 0xff, 0xff, 0xff, 0xff,
    0xff, 0xff, 0xff, 0xff, 0xff, 0xff, 0xff, 0xff, 0xff, 0xff, 0xff, 0xff,
    0xff, 0xff, 0xff, 0xff, 0xff, 0xff, 0xff, 0xff, 0xff, 0xff, 0xff, 0xff,
    0xff, 0xff, 0xdf, 0xff, 0xff, 0xff, 0xff, 0xff, 0xff, 0xff, 0xff, 0xff,
    0xdf, 0xff, 0xff, 0xff, 0xff, 0xff, 0xff, 0xff, 0xff, 0xff, 0xdf, 0xff,
    0xdf, 0xff, 0xff, 0xff, 0xdf, 0xff, 0xdf, 0xff, 0xff, 0xff, 0xff, 0xff,
    0xdf, 0xff, 0xff, 0xff, 0xdf, 0xff, 0xdf, 0xff, 0xdf, 0xff, 0xdf, 0xff,
    0xdf, 0xff, 0xff, 0xff, 0xdf, 0xff, 0xdf, 0xff, 0xff, 0xff, 0xdf, 0xff,
    0xdf, 0xf7, 0xff, 0xff, 0xdf, 0xff, 0xdf, 0xff, 0xff, 0xff, 0xdf, 0xff,
    0xdf, 0xf7, 0xdf, 0xff, 0xdf, 0xff, 0xdf, 0xff, 0xdf, 0xff, 0xdf, 0xf7,
    0xdf, 0xff, 0xdf, 0xf7, 0xdf, 0xf7, 0xdf, 0xff, 0xdf, 0xff, 0xdf, 0xff,
    0xdf, 0xf7, 0xdf, 0xff, 0xdf, 0xff, 0xdf, 0xf7, 0xdf, 0xff, 0xdf, 0xff,
    0xdf, 0xf7, 0xdf, 0xff, 0xdf, 0xf7, 0xdf, 0xff, 0xdf, 0xff, 0xdf, 0xf7,
    0xdf, 0xff, 0xbf, 0xf7, 0xdf, 0xf7, 0xdf, 0xff, 0xbf, 0xf7, 0xdf, 0xf7,
    0xdf, 0xff, 0xbf, 0xf7, 0xdf, 0xff, 0xbf, 0xff, 0xdf, 0xf7, 0xbf, 0xff,
    0xdf, 0xf7, 0xbf, 0xff, 0xdf, 0xf7, 0xdf, 0xff, 0xbf, 0xff, 0xdf, 0xf7,
    0xdf, 0xff, 0xdf, 0xf7, 0xbf, 0xff, 0xdf, 0xff, 0xdf, 0xf7, 0xdf, 0xff,
    0xbf, 0xff, 0xdf, 0xf7, 0xdf, 0xff, 0xbf, 0xff, 0xdf, 0xf7, 0xdf, 0xff,
    0xbf, 0xf7, 0xdf, 0xff, 0xdf, 0xf7, 0xdf, 0xf7, 0xdf, 0xff, 0xbf, 0xf7,
    0xdf, 0xff, 0xdf, 0xff, 0xdf, 0xf7, 0xbf, 0xff, 0xdf, 0xf7, 0xdf, 0xf7,
    0xdf, 0xff, 0xdf, 0xf7, 0xdf, 0xff, 0xdf, 0xff, 0xdf, 0xf7, 0xdf, 0xf7,
    0xbf, 0xff, 0xdf, 0xf7, 0xdf, 0xff, 0xdf, 0xff, 0xdf, 0xf7, 0xbf, 0xff,
    0xdf, 0xff, 0xdf, 0xf7, 0xbf, 0xf7, 0xdf, 0xff, 0xdf, 0xf7, 0xdf, 0xf7,
    0xdf, 0xff, 0xdf, 0xf7, 0xdf, 0xf7, 0xdf, 0xff, 0xdf, 0xf7, 0xdf, 0xff,
    0xdf, 0xff, 0xbf, 0xf7, 0xdf, 0xff, 0xdf, 0xf7, 0xdf, 0xf7, 0xbf, 0xff,
    0xdf, 0xf7, 0xbf, 0xff, 0xdf, 0xff, 0xdf, 0xf7, 0xdf, 0xff, 0xdf, 0xf7,
    0xdf, 0xf7, 0xbf, 0xff, 0xdf, 0xff, 0xdf, 0xf7, 0xdf, 0xff, 0xdf, 0xff,
    0xdf, 0xf7, 0xbf, 0xff, 0xdf, 0xf7, 0xdf, 0xf7, 0xdf, 0xff, 0xbf, 0xf7,
    0xdf, 0xff, 0xdf, 0xf7, 0xbf, 0xff, 0xdf, 0xf7, 0xdf, 0xff, 0xdf, 0xff,
    0xdf, 0xff, 0xdf, 0xff, 0xdf, 0xff, 0xbf, 0xff, 0x1e, 0x5c, 0x5d, 0x0a,
    0x5d, 0x0a, 0xfd, 0x6b, 0x9c, 0xce, 0x9c, 0xce, 0x9c, 0xce, 0xbc, 0xce,
    0x9c, 0xce, 0xbc, 0xce, 0x9c, 0xce, 0x9c, 0xce, 0xbc, 0xce, 0x9c, 0xce,
    0x9c, 0xce, 0x9c, 0xc6, 0x7c, 0xc6, 0x7c, 0xc6, 0x7c, 0xc6, 0x7b, 0xc6,
    0x7c, 0xc6, 0x5c, 0xc6, 0x5b, 0xbe, 0x5b, 0xbe, 0x5c, 0xc6, 0x5b, 0xc6,
    0x3b, 0xbe, 0x3b, 0xbe, 0x3b, 0xbe, 0x3b, 0xbe, 0x3b, 0xbe, 0x3a, 0xbe,
    0x7f, 0xef, 0x9f, 0xf7, 0x9e, 0xef, 0x7f, 0xef, 0x7f, 0xf7, 0x9e, 0xef,
    0x9f, 0xef, 0x7f, 0xf7, 0x9e, 0xef, 0x9f, 0xef, 0x7e, 0xf7, 0x9f, 0xef,
    0x9e, 0xef, 0x7f, 0xf7, 0x9e, 0xef, 0x7e, 0xef, 0x9f, 0xf7, 0x7e, 0xef,
    0x7e, 0xef, 0x9f, 0xf7, 0x9e, 0xef, 0x7e, 0xef, 0x7f, 0xf7, 0x7f, 0xef,
    0x7e, 0xef, 0x7e, 0xef, 0x5e, 0xef, 0x5e, 0xe7, 0x7e, 0xce, 0x7d, 0x12,
    0x5d, 0x0a, 0x5d, 0x0a, 0x7f, 0x95, 0xff, 0xff, 0xff, 0xff, 0xff, 0xff,
    0xff, 0xff, 0xff, 0xff, 0xff, 0xff, 0xff, 0xff, 0xff, 0xff, 0xff, 0xff,
    0xff, 0xff, 0xff, 0xff, 0xff, 0xff, 0xff, 0xff, 0xff, 0xff, 0xff, 0xff,
    0xff, 0xff, 0xff, 0xff, 0xff, 0xff, 0xff, 0xff, 0xff, 0xff, 0xff, 0xff,
    0xff, 0xff, 0xff, 0xff, 0xff, 0xff, 0xff, 0xff, 0xff, 0xff, 0xff, 0xff,
    0xff, 0xff, 0xff, 0xff, 0xff, 0xff, 0xff, 0xff, 0xff, 0xff, 0xff, 0xff,
    0xff, 0xff, 0xff, 0xff, 0xff, 0xff, 0xff, 0xff, 0xff, 0xff, 0xdf, 0xff,
    0xff, 0xff, 0xff, 0xff, 0xdf, 0xff, 0xff, 0xff, 0xff, 0xff, 0xff, 0xff,
    0xdf, 0xff, 0xdf, 0xff, 0xff, 0xff, 0xff, 0xff, 0xdf, 0xff, 0xdf, 0xff,
    0xff, 0xff, 0xdf, 0xff, 0xdf, 0xff, 0xff, 0xff, 0xff, 0xff, 0xff, 0xff,
    0xff, 0xff, 0xdf, 0xff, 0xdf, 0xff, 0xdf, 0xff, 0xdf, 0xff, 0xdf, 0xff,
    0xdf, 0xff, 0xdf, 0xff, 0xdf, 0xff, 0xdf, 0xff, 0xdf, 0xff, 0xdf, 0xf7,
    0xdf, 0xff, 0xff, 0xff, 0xdf, 0xf7, 0xdf, 0xff, 0xdf, 0xff, 0xdf, 0xf7,
    0xdf, 0xff, 0xdf, 0xff, 0xdf, 0xff, 0xdf, 0xff, 0xdf, 0xf7, 0xdf, 0xff,
    0xdf, 0xff, 0xdf, 0xf7, 0xdf, 0xff, 0xdf, 0xff, 0xdf, 0xf7, 0xdf, 0xff,
    0xdf, 0xff, 0xdf, 0xf7, 0xdf, 0xff, 0xdf, 0xff, 0xdf, 0xf7, 0xdf, 0xff,
    0xdf, 0xf7, 0xdf, 0xff, 0xbf, 0xff, 0xdf, 0xf7, 0xdf, 0xff, 0xdf, 0xff,
    0xdf, 0xf7, 0xbf, 0xff, 0xdf, 0xf7, 0xdf, 0xff, 0xbf, 0xf7, 0xdf, 0xf7,
    0xdf, 0xff, 0xdf, 0xff, 0xdf, 0xf7, 0xbf, 0xff, 0xdf, 0xf7, 0xdf, 0xf7,
    0xbf, 0xff, 0xdf, 0xf7, 0xdf, 0xff, 0xdf, 0xf7, 0xdf, 0xf7, 0xdf, 0xff,
    0xbf, 0xf7, 0xdf, 0xf7, 0xdf, 0xff, 0xdf, 0xf7, 0xdf, 0xf7, 0xbf, 0xff,
    0xdf, 0xf7, 0xdf, 0xff, 0xdf, 0xff, 0xbf, 0xf7, 0xdf, 0xff, 0xdf, 0xff,
    0xbf, 0xf7, 0xdf, 0xf7, 0xdf, 0xff, 0xbf, 0xf7, 0xdf, 0xf7, 0xdf, 0xff,
    0xbf, 0xff, 0xdf, 0xf7, 0xbf, 0xff, 0xbf, 0xf7, 0xdf, 0xf7, 0xdf, 0xff,
    0xdf, 0xff, 0xdf, 0xf7, 0xbf, 0xff, 0xdf, 0xf7, 0xdf, 0xf7, 0xbf, 0xff,
    0xdf, 0xf7, 0xdf, 0xf7, 0xdf, 0xff, 0xbf, 0xff, 0xdf, 0xf7, 0xdf, 0xff,
    0xbf, 0xff, 0xdf, 0xf7, 0xdf, 0xff, 0xbf, 0xff, 0xdf, 0xf7, 0xbf, 0xff,
    0xdf, 0xf7, 0xbf, 0xf7, 0xdf, 0xff, 0xdf, 0xf7, 0xdf, 0xff, 0xdf, 0xff,
    0xdf, 0xf7, 0xbf, 0xff, 0xdf, 0xf7, 0xdf, 0xf7, 0xdf, 0xff, 0xbf, 0xf7,
    0xdf, 0xff, 0xbf, 0xff, 0xdf, 0xf7, 0xdf, 0xf7, 0xbf, 0xff, 0xdf, 0xf7,
    0xdf, 0xf7, 0xbf, 0xff, 0xdf, 0xf7, 0xdf, 0xff, 0xbf, 0xf7, 0xdf, 0xff,
    0xdf, 0xff, 0xdf, 0xf7, 0xdf, 0xf7, 0xdf, 0xff, 0xdf, 0xff, 0xbf, 0xf7,
    0xdf, 0xf7, 0xdf, 0xf7, 0xbf, 0xf7, 0xdf, 0xf7, 0xdf, 0xf7, 0xdf, 0xff,
    0x5f, 0x8d, 0x5d, 0x0a, 0x5d, 0x0a, 0x5d, 0x12, 0xfc, 0xb5, 0x9c, 0xce,
    0xbc, 0xce, 0x9c, 0xce, 0xbc, 0xce, 0xbc, 0xce, 0x9c, 0xd6, 0x9c, 0xce,
    0x9c, 0xce, 0x9c, 0xce, 0x9c, 0xce, 0x9c, 0xce, 0x7b, 0xc6, 0x7b, 0xc6,
    0x7c, 0xc6, 0x7b, 0xc6, 0x7b, 0xc6, 0x5b, 0xc6, 0x5b, 0xc6, 0x5b, 0xc6,
    0x5b, 0xbe, 0x5b, 0xbe, 0x3b, 0xbe, 0x3b, 0xbe, 0x3b, 0xbe, 0x3b, 0xbe,
    0x3b, 0xbe, 0x3b, 0xbe, 0x1b, 0xb6, 0x7e, 0xef, 0x9e, 0xef, 0x7f, 0xf7,
    0x9e, 0xef, 0x7e, 0xef, 0x7f, 0xf7, 0x9e, 0xef, 0x7e, 0xf7, 0x9f, 0xef,
    0x7e, 0xef, 0x7f, 0xf7, 0x9e, 0xef, 0x7f, 0xf7, 0x9f, 0xef, 0x9e, 0xf7,
    0x7f, 0xef, 0x9f, 0xef, 0x9e, 0xf7, 0x7f, 0xef, 0x7f, 0xf7, 0x9e, 0xef,
    0x9f, 0xf7, 0x7e, 0xef, 0x7e, 0xef, 0x7e, 0xef, 0x7e, 0xef, 0x5e, 0xef,
    0x5e, 0xef, 0x5e, 0xef, 0x3d, 0x9d, 0x5d, 0x0a, 0x5d, 0x0a, 0x5d, 0x12,
    0x9f, 0x9d, 0xff, 0xff, 0xff, 0xff, 0xff, 0xff, 0xff, 0xff, 0xff, 0xff,
    0xff, 0xff, 0xff, 0xff, 0xff, 0xff, 0xff, 0xff, 0xff, 0xff, 0xff, 0xff,
    0xff, 0xff, 0xff, 0xff, 0xff, 0xff, 0xff, 0xff, 0xff, 0xff, 0xff, 0xff,
    0xff, 0xff, 0xff, 0xff, 0xff, 0xff, 0xff, 0xff, 0xff, 0xff, 0xff, 0xff,
    0xff, 0xff, 0xff, 0xff, 0xff, 0xff, 0xff, 0xff, 0xff, 0xff, 0xff, 0xff,
    0xff, 0xff, 0xff, 0xff, 0xff, 0xff, 0xff, 0xff, 0xff, 0xff, 0xdf, 0xff,
    0xff, 0xff, 0xff, 0xff, 0xff, 0xff, 0xdf, 0xff, 0xff, 0xff, 0xff, 0xff,
    0xff, 0xff, 0xff, 0xff, 0xdf, 0xff, 0xdf, 0xff, 0xff, 0xff, 0xdf, 0xff,
    0xff, 0xff, 0xff, 0xff, 0xff, 0xff, 0xdf, 0xff, 0xff, 0xff, 0xdf, 0xff,
    0xdf, 0xff, 0xdf, 0xff, 0xff, 0xff, 0xdf, 0xff, 0xdf, 0xff, 0xff, 0xff,
    0xdf, 0xff, 0xdf, 0xff, 0xff, 0xff, 0xdf, 0xff, 0xff, 0xf7, 0xdf, 0xff,
    0xff, 0xff, 0xdf, 0xff, 0xdf, 0xf7, 0xff, 0xff, 0xdf, 0xff, 0xdf, 0xff,
    0xdf, 0xff, 0xdf, 0xff, 0xdf, 0xf7, 0xdf, 0xff, 0xdf, 0xff, 0xdf, 0xf7,
    0xdf, 0xff, 0xdf, 0xff, 0xdf, 0xff, 0xdf, 0xf7, 0xdf, 0xf7, 0xdf, 0xff,
    0xdf, 0xff, 0xdf, 0xf7, 0xdf, 0xff, 0xdf, 0xff, 0xdf, 0xf7, 0xdf, 0xff,
    0xdf, 0xff, 0xdf, 0xf7, 0xdf, 0xff, 0xdf, 0xff, 0xdf, 0xf7, 0xdf, 0xf7,
    0xbf, 0xff, 0xdf, 0xf7, 0xdf, 0xf7, 0xbf, 0xff, 0xdf, 0xff, 0xdf, 0xf7,
    0xdf, 0xff, 0xdf, 0xff, 0xdf, 0xf7, 0xdf, 0xf7, 0xbf, 0xff, 0xdf, 0xf7,
    0xdf, 0xff, 0xdf, 0xff, 0xdf, 0xf7, 0xdf, 0xff, 0xbf, 0xf7, 0xdf, 0xff,
    0xbf, 0xff, 0xdf, 0xf7, 0xdf, 0xff, 0xdf, 0xf7, 0xbf, 0xff, 0xdf, 0xff,
    0xdf, 0xf7, 0xdf, 0xff, 0xdf, 0xf7, 0xdf, 0xf7, 0xdf, 0xff, 0xbf, 0xf7,
    0xdf, 0xf7, 0xdf, 0xff, 0xbf, 0xff, 0xdf, 0xf7, 0xdf, 0xff, 0xdf, 0xff,
    0xdf, 0xf7, 0xdf, 0xf7, 0xdf, 0xff, 0xdf, 0xf7, 0xdf, 0xff, 0xdf, 0xff,
    0xdf, 0xf7, 0xbf, 0xff, 0xdf, 0xf7, 0xbf, 0xf7, 0xdf, 0xff, 0xdf, 0xff,
    0xdf, 0xf7, 0xdf, 0xff, 0xbf, 0xff, 0xdf, 0xf7, 0xdf, 0xf7, 0xdf, 0xff,
    0xdf, 0xf7, 0xdf, 0xf7, 0xdf, 0xff, 0xdf, 0xf7, 0xbf, 0xf7, 0xdf, 0xff,
    0xdf, 0xf7, 0xbf, 0xff, 0xdf, 0xff, 0xdf, 0xf7, 0xdf, 0xff, 0xbf, 0xf7,
    0xdf, 0xf7, 0xbf, 0xff, 0xdf, 0xf7, 0xdf, 0xff, 0xdf, 0xff, 0xdf, 0xf7,
    0xdf, 0xff, 0xdf, 0xf7, 0xdf, 0xf7, 0xdf, 0xff, 0xbf, 0xf7, 0xdf, 0xff,
    0xdf, 0xff, 0xdf, 0xf7, 0xdf, 0xff, 0xbf, 0xff, 0xdf, 0xf7, 0xdf, 0xf7,
    0xdf, 0xff, 0xdf, 0xf7, 0xbf, 0xf7, 0xdf, 0xff, 0xbf, 0xff, 0xdf, 0xf7,
    0xdf, 0xf7, 0xbf, 0xff, 0xdf, 0xff, 0xdf, 0xff, 0xdf, 0xff, 0xbf, 0xf7,
    0xdf, 0xff, 0xbf, 0xf7, 0x7f, 0x95, 0x5d, 0x12, 0x5d, 0x0a, 0x5d, 0x0a,
    0xbd, 0x8c, 0x9c, 0xce, 0x9c, 0xce, 0xbc, 0xce, 0xbc, 0xce, 0xbc, 0xce,
    0x9c, 0xce, 0xbc, 0xce, 0x9c, 0xce, 0x9c, 0xce, 0x9c, 0xce, 0x9c, 0xc6,
    0x9c, 0xce, 0x9b, 0xc6, 0x7c, 0xc6, 0x7b, 0xc6, 0x7b, 0xc6, 0x5b, 0xc6,
    0x7c, 0xc6, 0x5c, 0xc6, 0x5b, 0xc6, 0x5b, 0xbe, 0x5b, 0xbe, 0x3b, 0xbe,
    0x3b, 0xbe, 0x3b, 0xbe, 0x3b, 0xbe, 0x3b, 0xbe, 0x3a, 0xb6, 0x1b, 0xb6,
    0x7e, 0xef, 0x9f, 0xf7, 0x7f, 0xef, 0x9e, 0xf7, 0x9f, 0xef, 0x7f, 0xef,
    0x7e, 0xf7, 0x9f, 0xef, 0x7e, 0xf7, 0x9f, 0xef, 0x9e, 0xef, 0x7e, 0xf7,
    0x7f, 0xef, 0x9e, 0xef, 0x7e, 0xf7, 0x7f, 0xef, 0x9e, 0xef, 0x9e, 0xf7,
    0x7f, 0xef, 0x7e, 0xef, 0x9f, 0xf7, 0x7f, 0xef, 0x7e, 0xef, 0x7e, 0xef,
    0x7f, 0xef, 0x7e, 0xef, 0x7e, 0xef, 0x5e, 0xef, 0x5e, 0xef, 0x3e, 0xe7,
    0x1d, 0x74, 0x5d, 0x0a, 0x5d, 0x0a, 0x5d, 0x0a, 0x3e, 0x5c, 0x3f, 0xdf,
    0xff, 0xff, 0xff, 0xff, 0xff, 0xff, 0xff, 0xff, 0xff, 0xff, 0xff, 0xff,
    0xff, 0xff, 0xff, 0xff, 0xff, 0xff, 0xff, 0xff, 0xff, 0xff, 0xff, 0xff,
    0xff, 0xff, 0xff, 0xff, 0xff, 0xff, 0xff, 0xff, 0xff, 0xff, 0xff, 0xff,
    0xff, 0xff, 0xff, 0xff, 0xff, 0xff, 0xff, 0xff, 0xff, 0xff, 0xff, 0xff,
    0xff, 0xff, 0xff, 0xff, 0xff, 0xff, 0xff, 0xff, 0xff, 0xff, 0xff, 0xff,
    0xff, 0xff, 0xff, 0xff, 0xdf, 0xff, 0xff, 0xff, 0xff, 0xff, 0xff, 0xff,
    0xff, 0xff, 0xdf, 0xff, 0xff, 0xff, 0xff, 0xff, 0xff, 0xff, 0xdf, 0xff,
    0xff, 0xff, 0xff, 0xff, 0xdf, 0xff, 0xdf, 0xff, 0xff, 0xff, 0xdf, 0xff,
    0xff, 0xff, 0xff, 0xff, 0xff, 0xff, 0xdf, 0xff, 0xff, 0xff, 0xdf, 0xff,
    0xdf, 0xff, 0xdf, 0xff, 0xdf, 0xff, 0xff, 0xff, 0xdf, 0xff, 0xdf, 0xff,
    0xff, 0xff, 0xdf, 0xff, 0xdf, 0xff, 0xff, 0xf7, 0xdf, 0xff, 0xdf, 0xff,
    0xdf, 0xf7, 0xdf, 0xff, 0xdf, 0xf7, 0xdf, 0xff, 0xdf, 0xff, 0xdf, 0xff,
    0xdf, 0xf7, 0xdf, 0xff, 0xdf, 0xf7, 0xdf, 0xf7, 0xdf, 0xff, 0xdf, 0xff,
    0xdf, 0xf7, 0xdf, 0xff, 0xdf, 0xff, 0xdf, 0xf7, 0xdf, 0xff, 0xdf, 0xf7,
    0xdf, 0xff, 0xdf, 0xf7, 0xdf, 0xff, 0xdf, 0xf7, 0xdf, 0xff, 0xdf, 0xff,
    0xbf, 0xff, 0xdf, 0xf7, 0xdf, 0xff, 0xdf, 0xff, 0xdf, 0xf7, 0xbf, 0xf7,
    0xdf, 0xff, 0xdf, 0xf7, 0xbf, 0xf7, 0xdf, 0xff, 0xdf, 0xf7, 0xbf, 0xff,
    0xdf, 0xf7, 0xdf, 0xf7, 0xbf, 0xff, 0xdf, 0xf7, 0xdf, 0xff, 0xbf, 0xf7,
    0xdf, 0xf7, 0xdf, 0xff, 0xdf, 0xf7, 0xbf, 0xff, 0xdf, 0xf7, 0xdf, 0xff,
    0xdf, 0xf7, 0xdf, 0xf7, 0xbf, 0xff, 0xdf, 0xf7, 0xbf, 0xff, 0xdf, 0xff,
    0xdf, 0xf7, 0xbf, 0xff, 0xdf, 0xf7, 0xdf, 0xf7, 0xdf, 0xff, 0xdf, 0xf7,
    0xdf, 0xf7, 0xbf, 0xff, 0xdf, 0xff, 0xbf, 0xf7, 0xdf, 0xff, 0xbf, 0xff,
    0xdf, 0xf7, 0xdf, 0xf7, 0xdf, 0xff, 0xdf, 0xff, 0xdf, 0xf7, 0xdf, 0xff,
    0xdf, 0xf7, 0xbf, 0xf7, 0xdf, 0xff, 0xdf, 0xf7, 0xdf, 0xf7, 0xdf, 0xff,
    0xbf, 0xff, 0xdf, 0xf7, 0xbf, 0xff, 0xdf, 0xff, 0xbf, 0xf7, 0xdf, 0xff,
    0xdf, 0xff, 0xdf, 0xf7, 0xdf, 0xff, 0xdf, 0xf7, 0xdf, 0xf7, 0xdf, 0xff,
    0xdf, 0xff, 0xdf, 0xf7, 0xdf, 0xff, 0xbf, 0xff, 0xdf, 0xf7, 0xdf, 0xf7,
    0xbf, 0xf7, 0xdf, 0xff, 0xbf, 0xf7, 0xbf, 0xff, 0xdf, 0xff, 0xdf, 0xf7,
    0xdf, 0xf7, 0xdf, 0xff, 0xbf, 0xf7, 0xdf, 0xff, 0xdf, 0xf7, 0xbf, 0xf7,
    0xdf, 0xff, 0xdf, 0xff, 0xbf, 0xf7, 0xdf, 0xff, 0xdf, 0xff, 0xdf, 0xf7,
    0xdf, 0xf7, 0xbf, 0xff, 0xdf, 0xff, 0xdf, 0xf7, 0xdf, 0xf7, 0xdf, 0xf7,
    0xdf, 0xff, 0xbf, 0xf7, 0xdf, 0xff, 0xff, 0xd6, 0x3e, 0x5c, 0x5d, 0x0a,
    0x5d, 0x0a, 0x5d, 0x0a, 0xdd, 0x6b, 0x7c, 0xce, 0x9c, 0xce, 0xbc, 0xce,
    0x9c, 0xce, 0xbc, 0xce, 0xbc, 0xce, 0x9c, 0xce, 0xbc, 0xce, 0x9c, 0xce,
    0x9c, 0xce, 0x9c, 0xc6, 0x9c, 0xce, 0x7b, 0xc6, 0x7c, 0xc6, 0x7c, 0xc6,
    0x7c, 0xc6, 0x7b, 0xc6, 0x5c, 0xc6, 0x5b, 0xbe, 0x5b, 0xc6, 0x5c, 0xc6,
    0x5b, 0xbe, 0x3b, 0xbe, 0x3b, 0xbe, 0x3b, 0xbe, 0x3b, 0xbe, 0x3b, 0xbe,
    0x3b, 0xbe, 0x1a, 0xb6, 0x1a, 0xb6, 0x9f, 0xef, 0x7e, 0xef, 0x7f, 0xf7,
    0x9e, 0xef, 0x9e, 0xf7, 0x7f, 0xef, 0x9f, 0xef, 0x9e, 0xf7, 0x7f, 0xef,
    0x7f, 0xf7, 0x9e, 0xef, 0x9f, 0xef, 0x7f, 0xf7, 0x9e, 0xef, 0x7f, 0xef,
    0x7f, 0xf7, 0x9e, 0xef, 0x7f, 0xf7, 0x9e, 0xef, 0x9e, 0xef, 0x7f, 0xf7,
    0x9e, 0xef, 0x7e, 0xef, 0x7f, 0xf7, 0x7e, 0xef, 0x7e, 0xef, 0x7e, 0xef,
    0x5e, 0xef, 0x5e, 0xe7, 0x5e, 0xef, 0x1e, 0xe7, 0x1d, 0x74, 0x5d, 0x0a,
    0x5d, 0x12, 0x5d, 0x0a, 0x7d, 0x12, 0x5e, 0x64, 0x3f, 0xb6, 0x3f, 0xe7,
    0xdf, 0xff, 0xff, 0xff, 0xff, 0xff, 0xff, 0xff, 0xff, 0xff, 0xff, 0xff,
    0xff, 0xff, 0xff, 0xff, 0xff, 0xff, 0xff, 0xff, 0xff, 0xff, 0xff, 0xff,
    0xff, 0xff, 0xff, 0xff, 0xff, 0xff, 0xff, 0xff, 0xff, 0xff, 0xff, 0xff,
    0xff, 0xff, 0xff, 0xff, 0xff, 0xff, 0xff, 0xff, 0xff, 0xff, 0xff, 0xff,
    0xff, 0xff, 0xff, 0xff, 0xff, 0xff, 0xdf, 0xff, 0xff, 0xff, 0xff, 0xff,
    0xdf, 0xff, 0xff, 0xff, 0xff, 0xff, 0xdf, 0xff, 0xff, 0xff, 0xff, 0xff,
    0xdf, 0xff, 0xdf, 0xff, 0xff, 0xff, 0xdf, 0xff, 0xdf, 0xff, 0xff, 0xff,
    0xdf, 0xff, 0xdf, 0xff, 0xdf, 0xff, 0xdf, 0xff, 0xff, 0xff, 0xdf, 0xff,
    0xff, 0xff, 0xdf, 0xff, 0xdf, 0xff, 0xdf, 0xff, 0xdf, 0xff, 0xdf, 0xff,
    0xff, 0xff, 0xdf, 0xf7, 0xdf, 0xff, 0xdf, 0xff, 0xdf, 0xff, 0xdf, 0xf7,
    0xdf, 0xff, 0xff, 0xff, 0xdf, 0xff, 0xdf, 0xff, 0xdf, 0xff, 0xdf, 0xff,
    0xdf, 0xf7, 0xdf, 0xff, 0xdf, 0xff, 0xdf, 0xff, 0xdf, 0xff, 0xdf, 0xff,
    0xdf, 0xf7, 0xdf, 0xff, 0xdf, 0xf7, 0xdf, 0xff, 0xdf, 0xff, 0xdf, 0xf7,
    0xdf, 0xff, 0xdf, 0xff, 0xdf, 0xf7, 0xdf, 0xff, 0xdf, 0xff, 0xdf, 0xf7,
    0xdf, 0xff, 0xdf, 0xf7, 0xdf, 0xf7, 0xbf, 0xf7, 0xdf, 0xff, 0xdf, 0xf7,
    0xbf, 0xff, 0xdf, 0xff, 0xdf, 0xf7, 0xdf, 0xff, 0xdf, 0xff, 0xbf, 0xf7,
    0xdf, 0xf7, 0xdf, 0xff, 0xbf, 0xff, 0xdf, 0xff, 0xdf, 0xf7, 0xdf, 0xff,
    0xdf, 0xf7, 0xbf, 0xf7, 0xdf, 0xff, 0xdf, 0xff, 0xdf, 0xf7, 0xdf, 0xff,
    0xdf, 0xf7, 0xbf, 0xff, 0xdf, 0xf7, 0xdf, 0xff, 0xbf, 0xff, 0xdf, 0xf7,
    0xdf, 0xf7, 0xbf, 0xff, 0xdf, 0xf7, 0xdf, 0xff, 0xbf, 0xff, 0xdf, 0xff,
    0xdf, 0xf7, 0xbf, 0xff, 0xdf, 0xf7, 0xdf, 0xff, 0xdf, 0xf7, 0xbf, 0xf7,
    0xdf, 0xff, 0xdf, 0xf7, 0xdf, 0xff, 0xbf, 0xf7, 0xbf, 0xf7, 0xdf, 0xff,
    0xbf, 0xf7, 0xdf, 0xf7, 0xdf, 0xff, 0xdf, 0xff, 0xbf, 0xf7, 0xdf, 0xff,
    0xbf, 0xff, 0xdf, 0xf7, 0xdf, 0xf7, 0xdf, 0xff, 0xdf, 0xf7, 0xdf, 0xf7,
    0xbf, 0xff, 0xdf, 0xf7, 0xdf, 0xf7, 0xbf, 0xff, 0xdf, 0xff, 0xbf, 0xf7,
    0xdf, 0xff, 0xbf, 0xf7, 0xdf, 0xf7, 0xbf, 0xff, 0xdf, 0xf7, 0xdf, 0xff,
    0xdf, 0xff, 0xdf, 0xf7, 0xdf, 0xff, 0xbf, 0xff, 0xdf, 0xf7, 0xdf, 0xf7,
    0xdf, 0xff, 0xbf, 0xff, 0xdf, 0xf7, 0xdf, 0xff, 0xbf, 0xff, 0xdf, 0xf7,
    0xdf, 0xf7, 0xdf, 0xff, 0xdf, 0xf7, 0xdf, 0xff, 0xdf, 0xf7, 0xbf, 0xf7,
    0xdf, 0xff, 0xdf, 0xff, 0xbf, 0xf7, 0xdf, 0xff, 0xdf, 0xf7, 0xdf, 0xff,
    0xbf, 0xff, 0xdf, 0xf7, 0xbf, 0xf7, 0x1f, 0xdf, 0xff, 0xad, 0x5e, 0x64,
    0x7d, 0x12, 0x5d, 0x0a, 0x5d, 0x0a, 0x5d, 0x0a, 0xfd, 0x6b, 0x7c, 0xc6,
    0x9c, 0xce, 0x9c, 0xce, 0xbc, 0xce, 0x9c, 0xce, 0xbc, 0xce, 0xbc, 0xd6,
    0x9c, 0xce, 0x9c, 0xce, 0x9c, 0xce, 0x9c, 0xce, 0x9c, 0xce, 0x7c, 0xc6,
    0x9b, 0xce, 0x7b, 0xc6, 0x7c, 0xc6, 0x7b, 0xc6, 0x7c, 0xc6, 0x5b, 0xc6,
    0x5b, 0xbe, 0x5b, 0xc6, 0x5b, 0xbe, 0x5c, 0xc6, 0x3b, 0xbe, 0x3b, 0xbe,
    0x3b, 0xbe, 0x3b, 0xbe, 0x3b, 0xbe, 0x3b, 0xbe, 0x3b, 0xbe, 0x1b, 0xbe,
    0x7e, 0xef, 0x9f, 0xf7, 0x7e, 0xef, 0x7f, 0xef, 0x9e, 0xf7, 0x7e, 0xef,
    0x9f, 0xef, 0x7e, 0xf7, 0x9e, 0xef, 0x7f, 0xef, 0x7e, 0xf7, 0x9e, 0xef,
    0x7f, 0xf7, 0x9e, 0xef, 0x9e, 0xf7, 0x7f, 0xef, 0x9e, 0xef, 0x7f, 0xf7,
    0x7f, 0xef, 0x9e, 0xef, 0x7f, 0xf7, 0x9f, 0xef, 0x9e, 0xf7, 0x7f, 0xef,
    0x7e, 0xef, 0x7e, 0xef, 0x7f, 0xef, 0x5e, 0xef, 0x5e, 0xef, 0x5e, 0xe7,
    0x5e, 0xef, 0x3e, 0xe7, 0xdd, 0x94, 0x5d, 0x12, 0x5d, 0x0a, 0x5d, 0x0a,
    0x5d, 0x0a, 0x5d, 0x0a, 0x5d, 0x0a, 0x5d, 0x0a, 0x5d, 0x0a, 0x5d, 0x0a,
    0x5d, 0x0a, 0x5d, 0x0a, 0x5d, 0x0a, 0x5d, 0x0a, 0x5d, 0x0a, 0x5d, 0x0a,
    0x5d, 0x0a, 0x5d, 0x0a, 0x5d, 0x0a, 0x5d, 0x0a, 0x5d, 0x0a, 0x5d, 0x0a,
    0x5d, 0x0a, 0x5d, 0x0a, 0x5d, 0x0a, 0x5d, 0x0a, 0x5d, 0x0a, 0x5d, 0x0a,
    0x5d, 0x0a, 0x5d, 0x0a, 0x5d, 0x0a, 0x5d, 0x0a, 0x5d, 0x0a, 0x5d, 0x0a,
    0x5d, 0x0a, 0x5d, 0x0a, 0x5d, 0x0a, 0x5d, 0x0a, 0x5d, 0x0a, 0x5d, 0x0a,
    0x5d, 0x0a, 0x5d, 0x12, 0x5d, 0x0a, 0x5d, 0x0a, 0x5d, 0x0a, 0x5d, 0x0a,
    0x5d, 0x12, 0x5d, 0x0a, 0x5d, 0x0a, 0x5d, 0x0a, 0x5e, 0x12, 0x5d, 0x0a,
    0x5d, 0x0a, 0x5d, 0x0a, 0x5d, 0x0a, 0x5d, 0x0a, 0x5e, 0x0a, 0x5d, 0x0a,
    0x5d, 0x0a, 0x5d, 0x0a, 0x5d, 0x0a, 0x5d, 0x0a, 0x5d, 0x0a, 0x5d, 0x0a,
    0x5d, 0x0a, 0x5d, 0x0a, 0x5d, 0x0a, 0x5d, 0x0a, 0x5d, 0x0a, 0x5d, 0x0a,
    0x5d, 0x0a, 0x5d, 0x0a, 0x5d, 0x0a, 0x5d, 0x0a, 0x5d, 0x0a, 0x5d, 0x0a,
    0x5d, 0x0a, 0x5d, 0x0a, 0x5d, 0x0a, 0x5d, 0x0a, 0x5d, 0x0a, 0x5d, 0x0a,
    0x5d, 0x0a, 0x5d, 0x0a, 0x5d, 0x0a, 0x5d, 0x0a, 0x5d, 0x0a, 0x5d, 0x0a,
    0x5d, 0x0a, 0x5d, 0x0a, 0x5d, 0x0a, 0x5d, 0x0a, 0x5d, 0x0a, 0x5d, 0x0a,
    0x5d, 0x0a, 0x5d, 0x0a, 0x5d, 0x0a, 0x5d, 0x0a, 0x5d, 0x0a, 0x5d, 0x0a,
    0x5d, 0x0a, 0x5d, 0x0a, 0x5d, 0x0a, 0x5d, 0x0a, 0x5d, 0x0a, 0x5d, 0x0a,
    0x5d, 0x0a, 0x5d, 0x0a, 0x5d, 0x0a, 0x5d, 0x0a, 0x5d, 0x0a, 0x5d, 0x0a,
    0x5d, 0x0a, 0x5d, 0x0a, 0x5d, 0x0a, 0x5d, 0x0a, 0x5d, 0x0a, 0x5d, 0x0a,
    0x5d, 0x0a, 0x5d, 0x0a, 0x5d, 0x0a, 0x5d, 0x0a, 0x5d, 0x0a, 0x5d, 0x0a,
    0x5d, 0x0a, 0x5d, 0x0a, 0x5d, 0x0a, 0x5d, 0x0a, 0x5d, 0x0a, 0x5d, 0x0a,
    0x5d, 0x0a, 0x5d, 0x0a, 0x5d, 0x0a, 0x5d, 0x0a, 0x5d, 0x0a, 0x5d, 0x0a,
    0x5d, 0x0a, 0x5d, 0x0a, 0x5d, 0x0a, 0x5d, 0x0a, 0x5d, 0x0a, 0x5d, 0x0a,
    0x5d, 0x0a, 0x5d, 0x0a, 0x5d, 0x0a, 0x5d, 0x0a, 0x5d, 0x0a, 0x5d, 0x0a,
    0x5d, 0x0a, 0x5d, 0x0a, 0x5d, 0x0a, 0x5d, 0x0a, 0x5d, 0x0a, 0x5d, 0x0a,
    0x5d, 0x0a, 0x5d, 0x0a, 0x5d, 0x0a, 0x5d, 0x0a, 0x5d, 0x0a, 0x5d, 0x0a,
    0x5d, 0x0a, 0x5d, 0x0a, 0x5d, 0x0a, 0x5d, 0x0a, 0x5d, 0x0a, 0x5d, 0x0a,
    0x5d, 0x0a, 0x5d, 0x0a, 0x5d, 0x0a, 0x5d, 0x0a, 0x5d, 0x0a, 0x5d, 0x0a,
    0x5d, 0x0a, 0x5d, 0x0a, 0x5d, 0x0a, 0x5d, 0x0a, 0x5d, 0x0a, 0x5d, 0x0a,
    0x5d, 0x0a, 0x5d, 0x0a, 0x5d, 0x0a, 0x5d, 0x0a, 0x5d, 0x0a, 0x5d, 0x0a,
    0x5d, 0x0a, 0x5d, 0x0a, 0x5d, 0x0a, 0x5d, 0x0a, 0x5d, 0x0a, 0x5d, 0x0a,
    0x5d, 0x0a, 0x5d, 0x0a, 0x5d, 0x0a, 0x5d, 0x0a, 0x5d, 0x12, 0x5d, 0x12,
    0xbd, 0x8c, 0x9c, 0xce, 0x9c, 0xce, 0x9c, 0xce, 0xbc, 0xce, 0x9c, 0xce,
    0xbc, 0xce, 0xbc, 0xce, 0x9c, 0xce, 0xbc, 0xce, 0x9c, 0xce, 0x9c, 0xce,
    0x9c, 0xce, 0x9c, 0xce, 0x9c, 0xc6, 0x7c, 0xc6, 0x7c, 0xce, 0x7b, 0xc6,
    0x7b, 0xc6, 0x5b, 0xc6, 0x5c, 0xc6, 0x5c, 0xc6, 0x5b, 0xbe, 0x5b, 0xc6,
    0x5b, 0xc6, 0x3b, 0xbe, 0x3b, 0xbe, 0x5b, 0xbe, 0x3b, 0xbe, 0x3a, 0xbe,
    0x3b, 0xb6, 0x1a, 0xb6, 0x3b, 0xbe, 0x7e, 0xef, 0x9f, 0xf7, 0x9f, 0xef,
    0x7e, 0xef, 0x9f, 0xf7, 0x7f, 0xef, 0x7e, 0xef, 0x9f, 0xf7, 0x9e, 0xef,
    0x7f, 0xef, 0x9f, 0xf7, 0x7e, 0xef, 0x9f, 0xef, 0x7f, 0xf7, 0x9e, 0xef,
    0x9e, 0xef, 0x7f, 0xf7, 0x9e, 0xef, 0x9f, 0xf7, 0x7e, 0xef, 0x7e, 0xef,
    0x9f, 0xf7, 0x7f, 0xef, 0x7e, 0xef, 0x7e, 0xef, 0x7f, 0xef, 0x7e, 0xef,
    0x7e, 0xef, 0x7e, 0xef, 0x5e, 0xef, 0x5e, 0xe7, 0x5e, 0xe7, 0x1d, 0xdf,
    0x1c, 0xbe, 0x1d, 0x74, 0x5d, 0x0a, 0x5d, 0x12, 0x5d, 0x0a, 0x5d, 0x0a,
    0x5e, 0x12, 0x5d, 0x0a, 0x5d, 0x12, 0x5d, 0x0a, 0x5e, 0x12, 0x5d, 0x12,
    0x5d, 0x0a, 0x5d, 0x12, 0x5e, 0x0a, 0x5d, 0x12, 0x5d, 0x0a, 0x5d, 0x12,
    0x5e, 0x0a, 0x5d, 0x12, 0x5d, 0x0a, 0x5d, 0x12, 0x5e, 0x0a, 0x5d, 0x12,
    0x5d, 0x0a, 0x5d, 0x12, 0x5e, 0x0a, 0x5d, 0x12, 0x5d, 0x0a, 0x5e, 0x12,
    0x5d, 0x0a, 0x5d, 0x12, 0x5e, 0x12, 0x5d, 0x0a, 0x5d, 0x12, 0x5e, 0x0a,
    0x5d, 0x12, 0x5d, 0x12, 0x5e, 0x0a, 0x5d, 0x0a, 0x5d, 0x0a, 0x5e, 0x12,
    0x5d, 0x0a, 0x5d, 0x0a, 0x5e, 0x12, 0x5d, 0x0a, 0x5d, 0x0a, 0x5e, 0x0a,
    0x5d, 0x12, 0x5d, 0x0a, 0x5d, 0x0a, 0x5d, 0x12, 0x5e, 0x0a, 0x5d, 0x12,
    0x5d, 0x0a, 0x5d, 0x0a, 0x5d, 0x0a, 0x5d, 0x0a, 0x5e, 0x0a, 0x5d, 0x0a,
    0x5d, 0x0a, 0x5e, 0x0a, 0x5d, 0x0a, 0x5d, 0x0a, 0x5e, 0x0a, 0x5d, 0x0a,
    0x5d, 0x0a, 0x5e, 0x0a, 0x5d, 0x0a, 0x5d, 0x0a, 0x5e, 0x0a, 0x5d, 0x0a,
    0x5d, 0x0a, 0x5e, 0x0a, 0x5d, 0x0a, 0x5d, 0x0a, 0x5e, 0x0a, 0x5d, 0x0a,
    0x5d, 0x0a, 0x5e, 0x0a, 0x5d, 0x0a, 0x5d, 0x0a, 0x5e, 0x0a, 0x5d, 0x0a,
    0x5d, 0x0a, 0x5e, 0x0a, 0x5d, 0x0a, 0x5d, 0x0a, 0x5e, 0x0a, 0x5d, 0x0a,
    0x5d, 0x12, 0x5e, 0x0a, 0x5d, 0x12, 0x5d, 0x0a, 0x5e, 0x0a, 0x5d, 0x0a,
    0x5d, 0x0a, 0x5e, 0x0a, 0x5d, 0x0a, 0x5d, 0x0a, 0x5e, 0x0a, 0x5d, 0x12,
    0x5d, 0x0a, 0x5e, 0x0a, 0x5d, 0x0a, 0x5d, 0x0a, 0x5e, 0x0a, 0x5d, 0x12,
    0x5d, 0x0a, 0x5e, 0x12, 0x5d, 0x0a, 0x5d, 0x0a, 0x5e, 0x12, 0x5d, 0x0a,
    0x5d, 0x0a, 0x5e, 0x0a, 0x5d, 0x12, 0x5d, 0x0a, 0x5e, 0x0a, 0x5d, 0x12,
    0x5d, 0x0a, 0x5e, 0x0a, 0x5d, 0x0a, 0x5d, 0x0a, 0x5e, 0x0a, 0x5d, 0x0a,
    0x5d, 0x0a, 0x5e, 0x12, 0x5d, 0x0a, 0x5d, 0x0a, 0x5e, 0x12, 0x5d, 0x0a,
    0x5d, 0x0a, 0x5e, 0x12, 0x5d, 0x0a, 0x5d, 0x0a, 0x5e, 0x12, 0x5d, 0x0a,
    0x5d, 0x12, 0x5e, 0x0a, 0x5d, 0x0a, 0x5d, 0x0a, 0x5e, 0x12, 0x5d, 0x0a,
    0x5d, 0x0a, 0x5e, 0x12, 0x5d, 0x0a, 0x5d, 0x0a, 0x5e, 0x12, 0x5d, 0x0a,
    0x5d, 0x12, 0x5e, 0x0a, 0x5d, 0x0a, 0x5d, 0x0a, 0x5e, 0x0a, 0x5d, 0x0a,
    0x5d, 0x12, 0x5e, 0x0a, 0x5d, 0x0a, 0x5d, 0x12, 0x5e, 0x0a, 0x5d, 0x0a,
    0x5d, 0x0a, 0x5e, 0x0a, 0x5d, 0x0a, 0x5d, 0x0a, 0x5e, 0x12, 0x5d, 0x0a,
    0x5d, 0x0a, 0x5e, 0x0a, 0x5d, 0x0a, 0x5d, 0x0a, 0x5e, 0x0a, 0x5d, 0x12,
    0x5d, 0x0a, 0x5e, 0x0a, 0x5d, 0x12, 0x5d, 0x0a, 0x5e, 0x0a, 0x5d, 0x12,
    0x5d, 0x0a, 0x5e, 0x0a, 0x5d, 0x0a, 0x5d, 0x0a, 0x5e, 0x0a, 0x5d, 0x0a,
    0x5d, 0x0a, 0x5e, 0x12, 0x5d, 0x0a, 0x5d, 0x0a, 0x5d, 0x0a, 0x5d, 0x0a,
    0x5d, 0x0a, 0xfd, 0x6b, 0xfc, 0xb5, 0x9c, 0xce, 0x9c, 0xce, 0x9c, 0xce,
    0xbc, 0xce, 0x9c, 0xce, 0xbc, 0xce, 0xbc, 0xce, 0xbc, 0xd6, 0x9c, 0xce,
    0xbc, 0xce, 0x9c, 0xce, 0x9c, 0xce, 0x9c, 0xce, 0x9c, 0xc6, 0x7c, 0xce,
    0x9c, 0xc6, 0x7c, 0xc6, 0x7c, 0xc6, 0x7b, 0xc6, 0x5b, 0xc6, 0x5b, 0xbe,
    0x5b, 0xbe, 0x5b, 0xbe, 0x5b, 0xbe, 0x5b, 0xbe, 0x3b, 0xbe, 0x3b, 0xbe,
    0x3b, 0xbe, 0x3b, 0xbe, 0x3b, 0xbe, 0x1a, 0xb6, 0x3b, 0xb6, 0x1a, 0xb6,
    0x7e, 0xef, 0x9f, 0xef, 0x7e, 0xf7, 0x9e, 0xef, 0x9f, 0xf7, 0x7e, 0xef,
    0x9f, 0xf7, 0x7e, 0xef, 0x7f, 0xef, 0x9e, 0xf7, 0x9e, 0xef, 0x7f, 0xef,
    0x7e, 0xf7, 0x9f, 0xef, 0x7f, 0xef, 0x7e, 0xf7, 0x9f, 0xef, 0x7e, 0xef,
    0x9f, 0xf7, 0x7f, 0xef, 0x9e, 0xef, 0x9e, 0xf7, 0x7f, 0xef, 0x9e, 0xf7,
    0x7f, 0xef, 0x7e, 0xef, 0x7e, 0xef, 0x7e, 0xef, 0x5e, 0xef, 0x5e, 0xef,
    0x5e, 0xef, 0x5e, 0xef, 0x3d, 0xe7, 0xdd, 0xd6, 0xdd, 0xde, 0x5d, 0xc6,
    0x1d, 0x9d, 0x1d, 0x74, 0x3d, 0x4b, 0x9d, 0x22, 0x5d, 0x0a, 0x5d, 0x0a,
    0x5d, 0x0a, 0x5d, 0x0a, 0x5d, 0x0a, 0x5d, 0x0a, 0x5d, 0x0a, 0x5d, 0x12,
    0x5d, 0x0a, 0x5d, 0x0a, 0x5d, 0x0a, 0x5d, 0x12, 0x5d, 0x0a, 0x5d, 0x0a,
    0x5d, 0x0a, 0x5d, 0x12, 0x5d, 0x0a, 0x5d, 0x0a, 0x5d, 0x0a, 0x5d, 0x12,
    0x5d, 0x0a, 0x5d, 0x0a, 0x5d, 0x0a, 0x5d, 0x0a, 0x5d, 0x0a, 0x5d, 0x0a,
    0x5d, 0x0a, 0x5d, 0x0a, 0x5d, 0x0a, 0x5d, 0x0a, 0x5d, 0x0a, 0x5d, 0x12,
    0x5d, 0x0a, 0x5d, 0x0a, 0x5d, 0x0a, 0x5d, 0x12, 0x5d, 0x0a, 0x5d, 0x0a,
    0x5d, 0x0a, 0x5d, 0x0a, 0x5d, 0x12, 0x5d, 0x0a, 0x5d, 0x0a, 0x5d, 0x0a,
    0x5d, 0x0a, 0x5d, 0x12, 0x5d, 0x0a, 0x5d, 0x0a, 0x5d, 0x12, 0x5d, 0x12,
    0x5d, 0x0a, 0x5d, 0x0a, 0x5d, 0x12, 0x5d, 0x0a, 0x5d, 0x0a, 0x5d, 0x12,
    0x5d, 0x0a, 0x5d, 0x0a, 0x5d, 0x12, 0x5d, 0x0a, 0x5d, 0x0a, 0x5d, 0x12,
    0x5d, 0x0a, 0x5d, 0x0a, 0x5d, 0x12, 0x5d, 0x0a, 0x5d, 0x0a, 0x5d, 0x12,
    0x5d, 0x0a, 0x5d, 0x0a, 0x5d, 0x12, 0x5d, 0x0a, 0x5d, 0x12, 0x5d, 0x12,
    0x5d, 0x0a, 0x5d, 0x12, 0x5d, 0x0a, 0x5d, 0x12, 0x5d, 0x0a, 0x5d, 0x12,
    0x5d, 0x12, 0x5d, 0x0a, 0x5d, 0x0a, 0x5d, 0x0a, 0x5d, 0x0a, 0x5d, 0x0a,
    0x5d, 0x12, 0x5d, 0x0a, 0x5d, 0x12, 0x5d, 0x12, 0x5d, 0x0a, 0x5d, 0x12,
    0x5d, 0x0a, 0x5d, 0x0a, 0x5d, 0x12, 0x5d, 0x0a, 0x5d, 0x0a, 0x5d, 0x12,
    0x5d, 0x0a, 0x5d, 0x0a, 0x5d, 0x0a, 0x5d, 0x12, 0x5d, 0x0a, 0x5d, 0x0a,
    0x5d, 0x0a, 0x5d, 0x12, 0x5d, 0x0a, 0x5d, 0x0a, 0x5d, 0x12, 0x5d, 0x0a,
    0x5d, 0x0a, 0x5d, 0x0a, 0x5d, 0x12, 0x5d, 0x0a, 0x5d, 0x12, 0x5d, 0x12,
    0x5d, 0x0a, 0x5d, 0x12, 0x5d, 0x0a, 0x5d, 0x0a, 0x5d, 0x12, 0x5d, 0x0a,
    0x5d, 0x0a, 0x5d, 0x12, 0x5d, 0x0a, 0x5d, 0x0a, 0x5d, 0x12, 0x5d, 0x0a,
    0x5d, 0x0a, 0x5d, 0x0a, 0x5d, 0x12, 0x5d, 0x0a, 0x5d, 0x0a, 0x5d, 0x12,
    0x5d, 0x0a, 0x5d, 0x0a, 0x5d, 0x0a, 0x5d, 0x12, 0x5d, 0x0a, 0x5d, 0x0a,
    0x5d, 0x12, 0x5d, 0x0a, 0x5d, 0x0a, 0x5d, 0x0a, 0x5d, 0x12, 0x5d, 0x0a,
    0x5d, 0x12, 0x5d, 0x0a, 0x5d, 0x0a, 0x5d, 0x12, 0x5d, 0x0a, 0x5d, 0x0a,
    0x5d, 0x12, 0x5d, 0x0a, 0x5d, 0x0a, 0x5d, 0x12, 0x5d, 0x12, 0x5d, 0x0a,
    0x5d, 0x0a, 0x5d, 0x12, 0x5d, 0x0a, 0x5d, 0x0a, 0x5d, 0x12, 0x5d, 0x12,
    0x5d, 0x0a, 0x5d, 0x0a, 0x5d, 0x12, 0x5d, 0x0a, 0x5d, 0x0a, 0x5d, 0x12,
    0x5d, 0x0a, 0x5d, 0x0a, 0x5d, 0x12, 0x5d, 0x0a, 0x5d, 0x0a, 0x5d, 0x12,
    0x5d, 0x12, 0x5d, 0x0a, 0x5d, 0x12, 0x5d, 0x0a, 0x5d, 0x0a, 0x7d, 0x22,
    0x3d, 0x4b, 0x1d, 0x74, 0x1d, 0x9d, 0x1c, 0xbe, 0xbc, 0xce, 0xbc, 0xd6,
    0x9c, 0xce, 0x9c, 0xce, 0xbc, 0xce, 0xbc, 0xce, 0x9c, 0xce, 0xbc, 0xd6,
    0xbc, 0xce, 0x9c, 0xce, 0x9c, 0xce, 0x9c, 0xce, 0x9c, 0xce, 0x9c, 0xce,
    0x9c, 0xc6, 0x9c, 0xce, 0x7b, 0xc6, 0x7b, 0xc6, 0x7c, 0xc6, 0x7b, 0xc6,
    0x7b, 0xc6, 0x7c, 0xc6, 0x5b, 0xc6, 0x5b, 0xc6, 0x5c, 0xbe, 0x5b, 0xc6,
    0x3b, 0xbe, 0x3b, 0xbe, 0x3b, 0xbe, 0x3b, 0xbe, 0x3b, 0xbe, 0x1b, 0xb6,
    0x3b, 0xbe, 0x1b, 0xbe, 0x1b, 0xb6, 0x9f, 0xef, 0x7e, 0xf7, 0x7f, 0xef,
    0x9f, 0xef, 0x7e, 0xef, 0x9e, 0xf7, 0x9f, 0xef, 0x7f, 0xf7, 0x7e, 0xef,
    0x9f, 0xf7, 0x7e, 0xef, 0x9f, 0xf7, 0x9e, 0xef, 0x7e, 0xef, 0x9f, 0xf7,
    0x7f, 0xf7, 0x7e, 0xef, 0x9e, 0xef, 0x7f, 0xf7, 0x9e, 0xef, 0x7f, 0xf7,
    0x7f, 0xef, 0x9e, 0xef, 0x9f, 0xf7, 0x7e, 0xef, 0x7f, 0xf7, 0x7f, 0xef,
    0x7e, 0xef, 0x7e, 0xef, 0x7e, 0xef, 0x5e, 0xe7, 0x5e, 0xef, 0x5e, 0xef,
    0xfc, 0xde, 0xdd, 0xd6, 0xdc, 0xde, 0xdd, 0xd6, 0xdc, 0xd6, 0xdc, 0xd6,
    0xdd, 0xde, 0xdd, 0xd6, 0xdd, 0xd6, 0xdd, 0xde, 0xdc, 0xd6, 0xdd, 0xd6,
    0xdd, 0xd6, 0xdd, 0xd6, 0xdd, 0xd6, 0xdd, 0xd6, 0xdd, 0xd6, 0xdd, 0xd6,
    0xdc, 0xd6, 0xdd, 0xd6, 0xdd, 0xd6, 0xdc, 0xd6, 0xbc, 0xd6, 0xdd, 0xd6,
    0xdd, 0xd6, 0xbc, 0xd6, 0xdc, 0xd6, 0xdd, 0xd6, 0xbc, 0xd6, 0xbc, 0xd6,
    0xdd, 0xd6, 0xbc, 0xd6, 0xbc, 0xd6, 0xbc, 0xd6, 0xbc, 0xd6, 0xbd, 0xd6,
    0xbc, 0xd6, 0xbc, 0xd6, 0xbc, 0xd6, 0xbc, 0xd6, 0xbc, 0xd6, 0xbc, 0xd6,
    0xbc, 0xd6, 0xbc, 0xd6, 0xbc, 0xd6, 0xbc, 0xd6, 0xbc, 0xd6, 0xbc, 0xd6,
    0xbc, 0xd6, 0xbc, 0xd6, 0xbc, 0xd6, 0xbc, 0xd6, 0xbc, 0xce, 0xbc, 0xd6,
    0xbc, 0xd6, 0xbc, 0xd6, 0xbc, 0xd6, 0xbc, 0xd6, 0xbc, 0xd6, 0xbc, 0xd6,
    0xbc, 0xd6, 0xbc, 0xd6, 0xbc, 0xd6, 0xbc, 0xd6, 0xbc, 0xd6, 0xbc, 0xd6,
    0xbc, 0xd6, 0xbc, 0xd6, 0xbc, 0xd6, 0xbc, 0xd6, 0xbc, 0xd6, 0xbc, 0xd6,
    0xbc, 0xd6, 0xbc, 0xd6, 0xbc, 0xd6, 0xbc, 0xd6, 0xbc, 0xd6, 0xbc, 0xd6,
    0xbc, 0xd6, 0xbc, 0xd6, 0xbc, 0xd6, 0xbc, 0xd6, 0xbc, 0xd6, 0xbc, 0xd6,
    0xbc, 0xd6, 0xbc, 0xd6, 0xbc, 0xd6, 0xbc, 0xd6, 0xbc, 0xd6, 0xbc, 0xd6,
    0xbc, 0xd6, 0xbc, 0xd6, 0xbc, 0xd6, 0xbc, 0xd6, 0xbc, 0xd6, 0xbc, 0xd6,
    0xbc, 0xd6, 0xbc, 0xd6, 0xbc, 0xd6, 0xbc, 0xd6, 0xbc, 0xd6, 0xbd, 0xd6,
    0xbc, 0xd6, 0xbd, 0xd6, 0xdc, 0xd6, 0xbd, 0xd6, 0xbc, 0xd6, 0xbd, 0xd6,
    0xbc, 0xd6, 0xbc, 0xd6, 0xbd, 0xd6, 0xdd, 0xd6, 0xdd, 0xd6, 0xbd, 0xd6,
    0xdc, 0xd6, 0xdd, 0xd6, 0xbd, 0xd6, 0xdd, 0xd6, 0xdc, 0xd6, 0xdd, 0xd6,
    0xdd, 0xd6, 0xdd, 0xd6, 0xdd, 0xd6, 0xdd, 0xd6, 0xdd, 0xd6, 0xdd, 0xde,
    0xdd, 0xd6, 0xdd, 0xd6, 0xdd, 0xde, 0xdd, 0xd6, 0xdd, 0xd6, 0xdd, 0xd6,
    0xdd, 0xd6, 0xdd, 0xd6, 0xdd, 0xde, 0xdd, 0xd6, 0xdd, 0xde, 0xdd, 0xd6,
    0xdd, 0xd6, 0xdd, 0xde, 0xdd, 0xde, 0xdd, 0xd6, 0xdd, 0xde, 0xdd, 0xd6,
    0xdd, 0xde, 0xdd, 0xd6, 0xdd, 0xde, 0xdd, 0xd6, 0xdd, 0xde, 0xdd, 0xd6,
    0xdd, 0xde, 0xdd, 0xde, 0xdd, 0xde, 0xfd, 0xde, 0xdd, 0xd6, 0xdd, 0xde,
    0xdd, 0xd6, 0xdd, 0xd6, 0xdd, 0xde, 0xdd, 0xd6, 0xdd, 0xd6, 0xdd, 0xd6,
    0xdd, 0xd6, 0xdd, 0xd6, 0xdd, 0xd6, 0xdd, 0xd6, 0xdc, 0xd6, 0xdd, 0xd6,
    0xdd, 0xd6, 0xdd, 0xd6, 0xdd, 0xd6, 0xdc, 0xd6, 0xdd, 0xd6, 0xdd, 0xd6,
    0xdd, 0xd6, 0xdc, 0xd6, 0xbd, 0xd6, 0xdd, 0xd6, 0xdd, 0xd6, 0xbc, 0xd6,
    0xbd, 0xd6, 0xbc, 0xd6, 0xbd, 0xd6, 0xbc, 0xd6, 0xbd, 0xd6, 0xbc, 0xd6,
    0xbc, 0xd6, 0xbc, 0xd6, 0xbc, 0xd6, 0xbc, 0xd6, 0xbc, 0xd6, 0xbc, 0xd6,
    0x9c, 0xce, 0xbc, 0xd6, 0x9c, 0xce, 0xbc, 0xce, 0xbc, 0xd6, 0xbc, 0xd6,
    0xbc, 0xce, 0xbc, 0xce, 0xbc, 0xce, 0x9c, 0xce, 0xbc, 0xce, 0x9c, 0xce,
    0x9c, 0xce, 0xbc, 0xce, 0x9c, 0xce, 0x9c, 0xce, 0x9c, 0xc6, 0x7c, 0xc6,
    0x7b, 0xc6, 0x7c, 0xc6, 0x7c, 0xc6, 0x7b, 0xc6, 0x5b, 0xc6, 0x5b, 0xbe,
    0x5c, 0xc6, 0x5b, 0xbe, 0x5b, 0xc6, 0x3b, 0xbe, 0x3b, 0xbe, 0x5b, 0xbe,
    0x3b, 0xbe, 0x3b, 0xbe, 0x3a, 0xbe, 0x1a, 0xb6, 0x3b, 0xbe, 0x1a, 0xb6,
    0x7e, 0xef, 0x9f, 0xf7, 0x9e, 0xef, 0x7f, 0xf7, 0x7e, 0xef, 0x9f, 0xef,
    0x7e, 0xf7, 0x9e, 0xef, 0x9f, 0xef, 0x7e, 0xef, 0x7f, 0xf7, 0x9f, 0xef,
    0x7e, 0xf7, 0x9e, 0xef, 0x9f, 0xef, 0x7e, 0xf7, 0x9f, 0xef, 0x9f, 0xef,
    0x7e, 0xf7, 0x9e, 0xef, 0x9f, 0xef, 0x7e, 0xf7, 0x9e, 0xef, 0x7f, 0xef,
    0x9e, 0xf7, 0x7e, 0xef, 0x7f, 0xef, 0x7e, 0xef, 0x7e, 0xef, 0x7e, 0xef,
    0x7e, 0xef, 0x5e, 0xef, 0x5e, 0xe7, 0x1d, 0xdf, 0xfd, 0xde, 0xfc, 0xde,
    0xfd, 0xde, 0xfd, 0xde, 0xdd, 0xde, 0xdd, 0xde, 0xdc, 0xde, 0xdd, 0xd6,
    0xdd, 0xde, 0xdd, 0xde, 0xdd, 0xde, 0xdc, 0xde, 0xdd, 0xd6, 0xdc, 0xde,
    0xdc, 0xd6, 0xdd, 0xd6, 0xdc, 0xde, 0xdd, 0xd6, 0xdd, 0xd6, 0xdc, 0xd6,
    0xdd, 0xd6, 0xdc, 0xd6, 0xdd, 0xd6, 0xdc, 0xd6, 0xdd, 0xd6, 0xdd, 0xd6,
    0xdc, 0xd6, 0xdc, 0xd6, 0xdd, 0xd6, 0xdc, 0xd6, 0xdc, 0xd6, 0xbc, 0xd6,
    0xdd, 0xd6, 0xdc, 0xd6, 0xdc, 0xd6, 0xbc, 0xd6, 0xbc, 0xd6, 0xdd, 0xd6,
    0xbc, 0xd6, 0xbc, 0xd6, 0xbc, 0xd6, 0xbd, 0xd6, 0xbc, 0xd6, 0xbc, 0xd6,
    0xbc, 0xd6, 0xbd, 0xd6, 0xbc, 0xce, 0xbc, 0xd6, 0xbc, 0xce, 0xbc, 0xd6,
    0xbd, 0xd6, 0xbc, 0xce, 0xbc, 0xd6, 0xbd, 0xd6, 0xbc, 0xce, 0xbc, 0xd6,
    0xbd, 0xce, 0xbc, 0xce, 0xbc, 0xd6, 0xbd, 0xce, 0xbc, 0xd6, 0xbc, 0xce,
    0xbc, 0xd6, 0xbd, 0xd6, 0xbc, 0xce, 0xbc, 0xce, 0xbc, 0xd6, 0xbd, 0xce,
    0xbc, 0xce, 0xbc, 0xd6, 0xbc, 0xce, 0xbd, 0xd6, 0xbc, 0xd6, 0xbc, 0xce,
    0xbd, 0xd6, 0xbc, 0xd6, 0xbc, 0xd6, 0xdd, 0xce, 0xbc, 0xd6, 0xbc, 0xce,
    0xdd, 0xd6, 0xbc, 0xd6, 0xbc, 0xce, 0xdd, 0xd6, 0xbc, 0xd6, 0xbc, 0xd6,
    0xbd, 0xd6, 0xbc, 0xd6, 0xbd, 0xd6, 0xdd, 0xd6, 0xbc, 0xd6, 0xbd, 0xd6,
    0xbd, 0xd6, 0xdc, 0xd6, 0xbd, 0xd6, 0xbd, 0xd6, 0xdc, 0xd6, 0xdd, 0xd6,
    0xdd, 0xd6, 0xdd, 0xd6, 0xdc, 0xd6, 0xdd, 0xd6, 0xdc, 0xd6, 0xdd, 0xd6,
    0xdc, 0xd6, 0xdd, 0xd6, 0xdc, 0xd6, 0xdd, 0xd6, 0xdd, 0xde, 0xdc, 0xd6,
    0xdc, 0xd6, 0xdd, 0xde, 0xdc, 0xd6, 0xdd, 0xd6, 0xdc, 0xde, 0xdd, 0xd6,
    0xdc, 0xd6, 0xdd, 0xde, 0xdd, 0xde, 0xdc, 0xd6, 0xdc, 0xd6, 0xdd, 0xde,
    0xdc, 0xde, 0xdc, 0xde, 0xdd, 0xde, 0xdc, 0xd6, 0xfc, 0xde, 0xdd, 0xde,
    0xfd, 0xde, 0xfc, 0xd6, 0xdd, 0xde, 0xfd, 0xde, 0xfc, 0xde, 0xfd, 0xd6,
    0xfd, 0xde, 0xfc, 0xde, 0xfd, 0xd6, 0xfd, 0xde, 0xfc, 0xde, 0xfd, 0xd6,
    0xfd, 0xde, 0xfc, 0xde, 0xfd, 0xd6, 0xfd, 0xde, 0xfd, 0xde, 0xfd, 0xde,
    0xfd, 0xd6, 0xfd, 0xde, 0xfd, 0xde, 0xfd, 0xd6, 0xfd, 0xde, 0xfd, 0xd6,
    0xfd, 0xd6, 0xdd, 0xde, 0xfc, 0xd6, 0xfd, 0xd6, 0xdd, 0xde, 0xfc, 0xde,
    0xdc, 0xd6, 0xdd, 0xd6, 0xdc, 0xde, 0xdd, 0xde, 0xdd, 0xd6, 0xdc, 0xde,
    0xdd, 0xde, 0xdd, 0xd6, 0xdc, 0xde, 0xdd, 0xde, 0xdd, 0xd6, 0xdd, 0xde,
    0xdc, 0xd6, 0xdd, 0xd6, 0xdd, 0xde, 0xdc, 0xd6, 0xdd, 0xd6, 0xdc, 0xd6,
    0xdd, 0xd6, 0xdc, 0xd6, 0xbc, 0xd6, 0xdd, 0xd6, 0xdd, 0xd6, 0xbc, 0xd6,
    0xdd, 0xd6, 0xdc, 0xd6, 0xbc, 0xd6, 0xdd, 0xd6, 0xbd, 0xce, 0xbc, 0xd6,
    0xbd, 0xce, 0xbc, 0xd6, 0xbc, 0xce, 0xbc, 0xce, 0xbc, 0xd6, 0xbc, 0xce,
    0xbc, 0xce, 0xbc, 0xce, 0x9c, 0xce, 0xbc, 0xce, 0xbc, 0xd6, 0xbc, 0xce,
    0xbc, 0xce, 0xbc, 0xce, 0xbc, 0xce, 0x9c, 0xce, 0x9c, 0xce, 0x9c, 0xce,
    0x9c, 0xce, 0x7c, 0xc6, 0x7c, 0xc6, 0x7b, 0xc6, 0x7b, 0xc6, 0x7c, 0xc6,
    0x7b, 0xc6, 0x5b, 0xc6, 0x5b, 0xbe, 0x5b, 0xbe, 0x5b, 0xbe, 0x5b, 0xbe,
    0x3b, 0xbe, 0x3b, 0xbe, 0x3b, 0xbe, 0x3b, 0xbe, 0x3b, 0xbe, 0x1a, 0xb6,
    0x3b, 0xb6, 0x1b, 0xbe, 0x1a, 0xb6, 0x7e, 0xef, 0x9f, 0xef, 0x7e, 0xf7,
    0x9e, 0xef, 0x9f, 0xf7, 0x7f, 0xef, 0x7e, 0xef, 0x9f, 0xf7, 0x9f, 0xef,
    0x7e, 0xf7, 0x9e, 0xef, 0x7f, 0xef, 0x7f, 0xf7, 0x9e, 0xef, 0x7f, 0xef,
    0x7e, 0xf7, 0x9e, 0xef, 0x7f, 0xef, 0x7e, 0xef, 0x9f, 0xf7, 0x7e, 0xef,
    0x9f, 0xf7, 0x7f, 0xef, 0x9e, 0xef, 0x9f, 0xf7, 0x9e, 0xef, 0x7e, 0xef,
    0x7e, 0xef, 0x7e, 0xef, 0x7e, 0xef, 0x7e, 0xef, 0x7e, 0xef, 0x7e, 0xef,
    0x3e, 0xe7, 0xfd, 0xde, 0xfd, 0xde, 0xfd, 0xde, 0xfd, 0xde, 0xfd, 0xde,
    0xfc, 0xde, 0xdd, 0xd6, 0xfd, 0xde, 0xfc, 0xde, 0xfd, 0xd6, 0xdc, 0xd6,
    0xfd, 0xde, 0xdd, 0xde, 0xdc, 0xde, 0xfc, 0xd6, 0xdd, 0xde, 0xdc, 0xde,
    0xdc, 0xd6, 0xdc, 0xde, 0xdd, 0xde, 0xdc, 0xd6, 0xdd, 0xde, 0xdc, 0xd6,
    0xdc, 0xd6, 0xdd, 0xde, 0xdd, 0xd6, 0xdc, 0xd6, 0xdd, 0xde, 0xdd, 0xd6,
    0xdd, 0xde, 0xdd, 0xd6, 0xdd, 0xd6, 0xdd, 0xd6, 0xdd, 0xd6, 0xdc, 0xd6,
    0xdd, 0xd6, 0xdd, 0xd6, 0xdc, 0xd6, 0xdd, 0xd6, 0xdd, 0xd6, 0xdc, 0xd6,
    0xdd, 0xd6, 0xdd, 0xd6, 0xdc, 0xd6, 0xdd, 0xd6, 0xdd, 0xd6, 0xdc, 0xd6,
    0xbd, 0xd6, 0xdd, 0xd6, 0xbc, 0xd6, 0xbd, 0xd6, 0xdc, 0xd6, 0xbc, 0xd6,
    0xbd, 0xd6, 0xdd, 0xd6, 0xdc, 0xd6, 0xbd, 0xd6, 0xbc, 0xd6, 0xdc, 0xd6,
    0xbc, 0xd6, 0xbd, 0xd6, 0xbc, 0xd6, 0xbc, 0xce, 0xbd, 0xd6, 0xbc, 0xd6,
    0xbc, 0xd6, 0xdd, 0xd6, 0xbd, 0xd6, 0xbc, 0xd6, 0xdd, 0xd6, 0xdd, 0xd6,
    0xdc, 0xd6, 0xdd, 0xd6, 0xbc, 0xd6, 0xdd, 0xd6, 0xdd, 0xd6, 0xdc, 0xd6,
    0xdc, 0xd6, 0xbd, 0xd6, 0xdd, 0xd6, 0xdc, 0xd6, 0xdc, 0xd6, 0xdd, 0xd6,
    0xdc, 0xd6, 0xdc, 0xd6, 0xdd, 0xce, 0xdd, 0xd6, 0xdc, 0xd6, 0xdc, 0xd6,
    0xdd, 0xd6, 0xdc, 0xd6, 0xdc, 0xd6, 0xdd, 0xd6, 0xdc, 0xd6, 0xdc, 0xd6,
    0xdd, 0xd6, 0xdc, 0xd6, 0xdc, 0xd6, 0xdd, 0xd6, 0xdc, 0xd6, 0xdc, 0xd6,
    0xdc, 0xd6, 0xdc, 0xd6, 0xdc, 0xde, 0xdd, 0xd6, 0xdc, 0xde, 0xdc, 0xd6,
    0xdd, 0xd6, 0xdd, 0xde, 0xdc, 0xd6, 0xdc, 0xd6, 0xdd, 0xde, 0xdd, 0xd6,
    0xdc, 0xde, 0xdd, 0xde, 0xfd, 0xd6, 0xdc, 0xde, 0xdd, 0xd6, 0xdd, 0xd6,
    0xfc, 0xde, 0xdd, 0xde, 0xfd, 0xd6, 0xfc, 0xd6, 0xdd, 0xde, 0xfd, 0xd6,
    0xfd, 0xd6, 0xdc, 0xde, 0xfd, 0xd6, 0xdc, 0xde, 0xfd, 0xde, 0xfd, 0xd6,
    0xfc, 0xde, 0xdd, 0xd6, 0xdd, 0xd6, 0xfd, 0xde, 0xfc, 0xd6, 0xfd, 0xd6,
    0xfd, 0xde, 0xfc, 0xd6, 0xfd, 0xd6, 0xfd, 0xd6, 0xfc, 0xde, 0xfd, 0xd6,
    0xfd, 0xd6, 0xfc, 0xde, 0xfd, 0xd6, 0xfd, 0xd6, 0xfc, 0xde, 0xfd, 0xde,
    0xfd, 0xd6, 0xfc, 0xde, 0xfc, 0xd6, 0xfd, 0xde, 0xfc, 0xde, 0xfc, 0xd6,
    0xfd, 0xde, 0xfd, 0xde, 0xfc, 0xd6, 0xfd, 0xde, 0xfd, 0xde, 0xfc, 0xde,
    0xfd, 0xde, 0xfc, 0xd6, 0xfd, 0xde, 0xdc, 0xde, 0xfd, 0xd6, 0xfc, 0xde,
    0xdc, 0xde, 0xfd, 0xd6, 0xdc, 0xde, 0xdd, 0xde, 0xdc, 0xd6, 0xdc, 0xde,
    0xdd, 0xde, 0xfd, 0xd6, 0xdc, 0xd6, 0xdc, 0xd6, 0xdd, 0xd6, 0xdd, 0xd6,
    0xdc, 0xd6, 0xdd, 0xd6, 0xdc, 0xd6, 0xdc, 0xd6, 0xdd, 0xd6, 0xdc, 0xd6,
    0xdc, 0xd6, 0xbc, 0xd6, 0xbc, 0xd6, 0xbc, 0xce, 0xbc, 0xce, 0xbc, 0xd6,
    0xbc, 0xce, 0xbd, 0xd6, 0xbc, 0xd6, 0xbc, 0xce, 0xbc, 0xd6, 0xbc, 0xce,
    0xbc, 0xce, 0x9c, 0xd6, 0xbc, 0xce, 0xbc, 0xce, 0x9c, 0xce, 0x9c, 0xce,
    0x9c, 0xce, 0x9c, 0xce, 0x9c, 0xc6, 0x9c, 0xc6, 0x9b, 0xce, 0x7b, 0xc6,
    0x7c, 0xc6, 0x7c, 0xc6, 0x7b, 0xc6, 0x5b, 0xc6, 0x5c, 0xbe, 0x5b, 0xc6,
    0x5b, 0xbe, 0x5b, 0xc6, 0x5b, 0xc6, 0x3b, 0xbe, 0x3b, 0xbe, 0x3b, 0xbe,
    0x3b, 0xbe, 0x1a, 0xb6, 0x3b, 0xb6, 0x1b, 0xbe, 0x1a, 0xb6, 0x1b, 0xb6,
    0x7f, 0xef, 0x9e, 0xf7, 0x7f, 0xef, 0x7e, 0xef, 0x9f, 0xf7, 0x7e, 0xef,
    0x9e, 0xef, 0x7f, 0xf7, 0x7e, 0xef, 0x9f, 0xef, 0x9e, 0xf7, 0x7e, 0xef,
    0x9f, 0xef, 0x9f, 0xf7, 0x7e, 0xef, 0x9f, 0xef, 0x9e, 0xf7, 0x7e, 0xef,
    0x9f, 0xf7, 0x7e, 0xef, 0x7e, 0xef, 0x9e, 0xef, 0x7f, 0xf7, 0x7e, 0xef,
    0x7f, 0xf7, 0x9f, 0xef, 0x9e, 0xef, 0x7e, 0xef, 0x7f, 0xef, 0x7e, 0xef,
    0x7e, 0xef, 0x7e, 0xef, 0x7e, 0xef, 0x5e, 0xef, 0x1d, 0xdf, 0x1d, 0xdf,
    0x1d, 0xdf, 0xfd, 0xde, 0xfd, 0xde, 0xfd, 0xde, 0xfd, 0xde, 0xfd, 0xde,
    0xfd, 0xde, 0xfd, 0xde, 0xfd, 0xde, 0xfd, 0xde, 0xfd, 0xde, 0xfd, 0xde,
    0xfd, 0xde, 0xfd, 0xde, 0xfd, 0xde, 0xfd, 0xde, 0xfd, 0xde, 0xfd, 0xde,
    0xfd, 0xde, 0xfd, 0xde, 0xfd, 0xde, 0xfd, 0xde, 0xfc, 0xde, 0xdd, 0xde,
    0xfd, 0xde, 0xdc, 0xd6, 0xfc, 0xde, 0xdd, 0xd6, 0xdc, 0xde, 0xdd, 0xde,
    0xdc, 0xd6, 0xdd, 0xde, 0xdc, 0xde, 0xdd, 0xd6, 0xdc, 0xd6, 0xdc, 0xd6,
    0xdd, 0xd6, 0xdc, 0xd6, 0xdd, 0xd6, 0xdc, 0xd6, 0xdd, 0xd6, 0xdc, 0xd6,
    0xdd, 0xd6, 0xdc, 0xd6, 0xdc, 0xd6, 0xdd, 0xd6, 0xdc, 0xd6, 0xdd, 0xd6,
    0xdc, 0xd6, 0xdd, 0xd6, 0xdc, 0xd6, 0xdc, 0xd6, 0xdc, 0xd6, 0xdc, 0xd6,
    0xdc, 0xd6, 0xdd, 0xd6, 0xdc, 0xd6, 0xdd, 0xd6, 0xdc, 0xd6, 0xdd, 0xd6,
    0xdc, 0xd6, 0xdc, 0xd6, 0xdd, 0xd6, 0xdc, 0xd6, 0xdc, 0xd6, 0xdc, 0xd6,
    0xdc, 0xd6, 0xbc, 0xd6, 0xbc, 0xd6, 0xbc, 0xd6, 0xdd, 0xce, 0xbc, 0xd6,
    0xdc, 0xd6, 0xbc, 0xd6, 0xbd, 0xd6, 0xdc, 0xd6, 0xbc, 0xd6, 0xdd, 0xd6,
    0xdc, 0xd6, 0xdd, 0xd6, 0xbd, 0xd6, 0xdc, 0xd6, 0xdc, 0xd6, 0xdd, 0xd6,
    0xdc, 0xd6, 0xdc, 0xd6, 0xdc, 0xd6, 0xdd, 0xd6, 0xdd, 0xd6, 0xdc, 0xd6,
    0xdd, 0xd6, 0xdd, 0xd6, 0xdc, 0xd6, 0xdd, 0xd6, 0xdd, 0xd6, 0xdc, 0xd6,
    0xdd, 0xd6, 0xdd, 0xd6, 0xdd, 0xd6, 0xdd, 0xd6, 0xdd, 0xde, 0xdd, 0xd6,
    0xdd, 0xd6, 0xdd, 0xd6, 0xfd, 0xde, 0xfc, 0xd6, 0xfd, 0xde, 0xfd, 0xd6,
    0xfd, 0xd6, 0xfd, 0xde, 0xfd, 0xd6, 0xdd, 0xd6, 0xfd, 0xd6, 0xfd, 0xd6,
    0xdd, 0xde, 0xfd, 0xde, 0xfd, 0xd6, 0xdd, 0xde, 0xfd, 0xde, 0xdd, 0xd6,
    0xdd, 0xd6, 0xfd, 0xde, 0xfd, 0xd6, 0xfd, 0xde, 0xfd, 0xde, 0xfd, 0xd6,
    0xfd, 0xde, 0xfd, 0xde, 0xfd, 0xd6, 0xfd, 0xde, 0xfd, 0xde, 0xfd, 0xde,
    0xfd, 0xde, 0xfd, 0xde, 0xfd, 0xde, 0xfd, 0xde, 0xfd, 0xde, 0xfd, 0xde,
    0xfd, 0xde, 0xfd, 0xde, 0xfd, 0xde, 0xfc, 0xd6, 0xfd, 0xde, 0xfd, 0xde,
    0xfd, 0xde, 0xfd, 0xd6, 0xfd, 0xde, 0xfd, 0xde, 0xfd, 0xde, 0xfd, 0xde,
    0xfd, 0xde, 0xfd, 0xde, 0xfd, 0xde, 0xdd, 0xd6, 0xfd, 0xde, 0xfd, 0xd6,
    0xfd, 0xde, 0xfd, 0xd6, 0xfd, 0xd6, 0xdd, 0xd6, 0xfd, 0xde, 0xfd, 0xd6,
    0xfd, 0xd6, 0xfd, 0xde, 0xfd, 0xd6, 0xfd, 0xd6, 0xfd, 0xde, 0xfd, 0xd6,
    0xfd, 0xd6, 0xfd, 0xde, 0xfd, 0xd6, 0xfd, 0xd6, 0xfd, 0xde, 0xdd, 0xd6,
    0xdd, 0xde, 0xdd, 0xd6, 0xfd, 0xd6, 0xdd, 0xd6, 0xdc, 0xd6, 0xdd, 0xd6,
    0xdd, 0xd6, 0xdd, 0xd6, 0xdd, 0xd6, 0xbc, 0xd6, 0xbc, 0xd6, 0xdd, 0xd6,
    0xbc, 0xd6, 0xbd, 0xd6, 0xdc, 0xd6, 0xbd, 0xd6, 0xbc, 0xce, 0xbc, 0xd6,
    0xbd, 0xd6, 0xbc, 0xce, 0xbc, 0xce, 0xbc, 0xce, 0xbd, 0xce, 0xbc, 0xd6,
    0xbc, 0xce, 0x9c, 0xce, 0x9c, 0xce, 0x9c, 0xce, 0x9c, 0xce, 0x9c, 0xce,
    0x9c, 0xc6, 0x9c, 0xce, 0x7b, 0xc6, 0x7b, 0xc6, 0x7b, 0xc6, 0x7b, 0xc6,
    0x5b, 0xc6, 0x5b, 0xc6, 0x5b, 0xbe, 0x5c, 0xc6, 0x3b, 0xbe, 0x3b, 0xbe,
    0x3b, 0xbe, 0x3b, 0xbe, 0x3b, 0xbe, 0x3b, 0xbe, 0x3a, 0xbe, 0x1b, 0xb6,
    0x1a, 0xb6, 0x1b, 0xbe, 0x1a, 0xb6, 0x9e, 0xef, 0x7f, 0xf7, 0x9f, 0xef,
    0x7e, 0xef, 0x9f, 0xf7, 0x9f, 0xef, 0x7e, 0xf7, 0x9e, 0xef, 0x7f, 0xef,
    0x9f, 0xf7, 0x7e, 0xef, 0x7f, 0xf7, 0x9e, 0xef, 0x7e, 0xf7, 0x7f, 0xef,
    0x9e, 0xef, 0x7f, 0xef, 0x9e, 0xef, 0x9f, 0xf7, 0x7f, 0xef, 0x9e, 0xef,
    0x9f, 0xf7, 0x7e, 0xef, 0x9e, 0xef, 0x7e, 0xef, 0x7f, 0xf7, 0x9e, 0xef,
    0x9f, 0xef, 0x7e, 0xef, 0x7e, 0xef, 0x7e, 0xef, 0x7e, 0xef, 0x7e, 0xef,
    0x7e, 0xef, 0x3d, 0xe7, 0x1d, 0xdf, 0x1d, 0xdf, 0x1d, 0xdf, 0x1d, 0xdf,
    0x1d, 0xdf, 0x1d, 0xdf, 0x1d, 0xdf, 0x1d, 0xdf, 0x1d, 0xdf, 0x1d, 0xdf,
    0x1d, 0xdf, 0x1d, 0xdf, 0x1d, 0xdf, 0x1d, 0xdf, 0x1d, 0xdf, 0x1d, 0xdf,
    0xfd, 0xde, 0x1d, 0xdf, 0x1d, 0xdf, 0xfd, 0xde, 0x1d, 0xdf, 0xfd, 0xde,
    0xfd, 0xde, 0xfd, 0xde, 0xfd, 0xde, 0xfd, 0xde, 0xfd, 0xde, 0xfd, 0xde,
    0xfd, 0xde, 0xfd, 0xde, 0xfc, 0xde, 0xfd, 0xd6, 0xfd, 0xde, 0xfd, 0xde,
    0xfd, 0xde, 0xfd, 0xde, 0xfd, 0xd6, 0xdd, 0xde, 0xfd, 0xde, 0xfd, 0xd6,
    0xfd, 0xde, 0xdc, 0xd6, 0xfd, 0xd6, 0xdd, 0xd6, 0xfd, 0xd6, 0xdd, 0xd6,
    0xdd, 0xd6, 0xdd, 0xd6, 0xdc, 0xd6, 0xdd, 0xd6, 0xdd, 0xd6, 0xdd, 0xd6,
    0xdd, 0xd6, 0xdd, 0xd6, 0xdd, 0xd6, 0xdd, 0xd6, 0xdd, 0xd6, 0xdd, 0xd6,
    0xdc, 0xd6, 0xdd, 0xd6, 0xdd, 0xd6, 0xdd, 0xd6, 0xdd, 0xd6, 0xdd, 0xd6,
    0xdd, 0xd6, 0xdd, 0xd6, 0xdd, 0xd6, 0xdd, 0xd6, 0xdd, 0xd6, 0xdd, 0xd6,
    0xdd, 0xd6, 0xdc, 0xd6, 0xdd, 0xd6, 0xdd, 0xd6, 0xdd, 0xd6, 0xdd, 0xd6,
    0xdd, 0xd6, 0xdd, 0xd6, 0xdd, 0xd6, 0xdd, 0xd6, 0xdc, 0xd6, 0xdd, 0xd6,
    0xdd, 0xd6, 0xdd, 0xd6, 0xdd, 0xd6, 0xdd, 0xd6, 0xdd, 0xd6, 0xdd, 0xd6,
    0xdd, 0xd6, 0xdd, 0xd6, 0xdc, 0xd6, 0xdd, 0xd6, 0xdd, 0xd6, 0xdc, 0xd6,
    0xdd, 0xd6, 0xdd, 0xde, 0xfd, 0xde, 0xdc, 0xd6, 0xfd, 0xde, 0xfd, 0xde,
    0xfd, 0xde, 0xfd, 0xde, 0xfd, 0xd6, 0xfc, 0xde, 0xfd, 0xde, 0xfd, 0xde,
    0xfd, 0xde, 0xfd, 0xd6, 0xfd, 0xde, 0xfc, 0xde, 0xfd, 0xd6, 0xfd, 0xde,
    0xfc, 0xde, 0xfd, 0xde, 0xfc, 0xd6, 0xfd, 0xde, 0xfd, 0xde, 0xfd, 0xd6,
    0xfd, 0xde, 0xfd, 0xde, 0xfd, 0xde, 0xfd, 0xde, 0xfd, 0xde, 0xfc, 0xde,
    0xfd, 0xde, 0xfd, 0xde, 0xfd, 0xde, 0xfd, 0xde, 0xfd, 0xd6, 0xfd, 0xde,
    0xfd, 0xde, 0xfd, 0xde, 0xfd, 0xd6, 0xfd, 0xde, 0xfd, 0xde, 0xfd, 0xde,
    0xfd, 0xde, 0xfd, 0xde, 0xfd, 0xde, 0xfd, 0xde, 0xfd, 0xde, 0xfd, 0xde,
    0xfd, 0xde, 0xfd, 0xde, 0xfd, 0xde, 0xfd, 0xde, 0x1d, 0xdf, 0xfd, 0xde,
    0xfd, 0xde, 0xfd, 0xde, 0xfd, 0xde, 0xfd, 0xde, 0xfd, 0xde, 0xfd, 0xde,
    0xfd, 0xde, 0xfd, 0xde, 0xfd, 0xde, 0xfd, 0xde, 0xfd, 0xde, 0xfd, 0xde,
    0xfd, 0xde, 0xfd, 0xde, 0xfd, 0xde, 0xfd, 0xde, 0xfd, 0xde, 0xfd, 0xde,
    0xfd, 0xde, 0xfd, 0xde, 0xfd, 0xde, 0xfd, 0xde, 0xfd, 0xd6, 0xfd, 0xd6,
    0xfd, 0xde, 0xfd, 0xde, 0xfd, 0xde, 0xfd, 0xde, 0xdc, 0xde, 0xfc, 0xd6,
    0xdd, 0xde, 0xfd, 0xde, 0xdc, 0xd6, 0xdd, 0xd6, 0xdc, 0xd6, 0xdd, 0xd6,
    0xdd, 0xd6, 0xdc, 0xd6, 0xdd, 0xd6, 0xbc, 0xd6, 0xdc, 0xd6, 0xdd, 0xd6,
    0xbc, 0xce, 0xbc, 0xce, 0xbd, 0xce, 0xbc, 0xce, 0xbc, 0xd6, 0xbd, 0xce,
    0xbc, 0xce, 0xbc, 0xce, 0x9c, 0xce, 0x9c, 0xce, 0x9c, 0xce, 0xbc, 0xce,
    0x9c, 0xce, 0x9c, 0xce, 0x9c, 0xc6, 0x9c, 0xc6, 0x9c, 0xce, 0x7b, 0xc6,
    0x7c, 0xc6, 0x7b, 0xc6, 0x5b, 0xc6, 0x5c, 0xc6, 0x5b, 0xbe, 0x5b, 0xbe,
    0x5b, 0xbe, 0x5b, 0xc6, 0x3b, 0xbe, 0x3b, 0xbe, 0x3b, 0xbe, 0x3b, 0xbe,
    0x3a, 0xb6, 0x1b, 0xb6, 0x3b, 0xbe, 0x1b, 0xb6, 0x1a, 0xb6, 0x1a, 0xb6,
    0x7e, 0xef, 0x9f, 0xef, 0x7e, 0xf7, 0x9e, 0xef, 0x7f, 0xef, 0x7f, 0xf7,
    0x9e, 0xef, 0x7f, 0xf7, 0x9e, 0xef, 0x7e, 0xef, 0x9f, 0xf7, 0x9f, 0xef,
    0x7e, 0xef, 0x9f, 0xf7, 0x9e, 0xef, 0x7e, 0xef, 0x7e, 0xf7, 0x9f, 0xef,
    0x7e, 0xef, 0x7f, 0xf7, 0x9f, 0xf7, 0x7e, 0xef, 0x9f, 0xef, 0x9e, 0xef,
    0x9f, 0xf7, 0x7e, 0xef, 0x7e, 0xef, 0x9f, 0xf7, 0x9e, 0xef, 0x7e, 0xef,
    0x7f, 0xef, 0x7e, 0xef, 0x7e, 0xef, 0x7e, 0xef, 0x3e, 0xe7, 0x1d, 0xe7,
    0x1d, 0xe7, 0x1d, 0xdf, 0x1d, 0xdf, 0x1d, 0xdf, 0x1d, 0xdf, 0x1d, 0xdf,
    0x1d, 0xdf, 0x1d, 0xdf, 0x1d, 0xdf, 0x1d, 0xdf, 0x1d, 0xdf, 0x1d, 0xdf,
    0xfd, 0xde, 0x1d, 0xdf, 0x1d, 0xdf, 0x1d, 0xdf, 0x1d, 0xdf, 0xfd, 0xde,
    0xfd, 0xde, 0x1d, 0xdf, 0xfd, 0xde, 0x1d, 0xdf, 0x1d, 0xdf, 0xfd, 0xde,
    0x1d, 0xdf, 0x1d, 0xd7, 0xfd, 0xde, 0xfd, 0xd6, 0xfd, 0xd6, 0xfd, 0xde,
    0xfd, 0xde, 0xfd, 0xd6, 0xfc, 0xd6, 0xfd, 0xde, 0xfd, 0xde, 0xfd, 0xd6,
    0xfc, 0xde, 0xfd, 0xd6, 0xfd, 0xde, 0xfd, 0xde, 0xdd, 0xd6, 0xfd, 0xde,
    0xfd, 0xde, 0xdc, 0xde, 0xfc, 0xd6, 0xfd, 0xd6, 0xfd, 0xde, 0xfc, 0xd6,
    0xdd, 0xd6, 0xdd, 0xd6, 0xdc, 0xd6, 0xdc, 0xd6, 0xdd, 0xd6, 0xdc, 0xd6,
    0xdc, 0xd6, 0xdd, 0xd6, 0xdc, 0xd6, 0xdc, 0xd6, 0xdd, 0xd6, 0xdc, 0xd6,
    0xdc, 0xd6, 0xdc, 0xd6, 0xdc, 0xd6, 0xdc, 0xd6, 0xdc, 0xd6, 0xdd, 0xd6,
    0xdc, 0xd6, 0xdc, 0xd6, 0xdd, 0xd6, 0xfc, 0xd6, 0xdc, 0xd6, 0xdd, 0xd6,
    0xdc, 0xd6, 0xdc, 0xd6, 0xfc, 0xd6, 0xdc, 0xd6, 0xdc, 0xd6, 0xdc, 0xd6,
    0xdc, 0xd6, 0xdd, 0xd6, 0xdc, 0xd6, 0xdd, 0xd6, 0xdc, 0xd6, 0xdc, 0xd6,
    0xdd, 0xd6, 0xdd, 0xd6, 0xdc, 0xd6, 0xfc, 0xd6, 0xdd, 0xde, 0xfd, 0xd6,
    0xfc, 0xde, 0xfd, 0xde, 0xfd, 0xd6, 0xfc, 0xd6, 0xdd, 0xde, 0xfd, 0xd6,
    0xdd, 0xde, 0xfc, 0xd6, 0xfd, 0xde, 0xfc, 0xd6, 0xfd, 0xd6, 0xfd, 0xde,
    0xfc, 0xde, 0xdd, 0xd6, 0xfd, 0xde, 0xdd, 0xde, 0xfd, 0xd6, 0xfd, 0xde,
    0xfd, 0xde, 0xfd, 0xd6, 0xfd, 0xde, 0xfd, 0xde, 0xfd, 0xde, 0xfd, 0xde,
    0xfd, 0xde, 0xfc, 0xde, 0xfd, 0xde, 0xfd, 0xd6, 0xfc, 0xde, 0xfd, 0xde,
    0xfd, 0xde, 0xfd, 0xde, 0xfd, 0xde, 0xfd, 0xde, 0xfd, 0xde, 0xfd, 0xde,
    0xfd, 0xde, 0xfd, 0xde, 0xfc, 0xde, 0xfd, 0xde, 0xfd, 0xd6, 0xfc, 0xde,
    0xfd, 0xde, 0xfd, 0xde, 0xfc, 0xd6, 0xfd, 0xde, 0xfd, 0xde, 0xfc, 0xd6,
    0xfd, 0xde, 0x1d, 0xdf, 0x1d, 0xdf, 0x1d, 0xdf, 0x1d, 0xdf, 0xfd, 0xd6,
    0xfd, 0xde, 0xfd, 0xde, 0xfd, 0xd6, 0xfd, 0xde, 0xfd, 0xd6, 0xfd, 0xd6,
    0xfd, 0xde, 0xfd, 0xde, 0xfd, 0xde, 0xfd, 0xde, 0xfd, 0xde, 0xfd, 0xde,
    0xfd, 0xde, 0xfd, 0xde, 0xfd, 0xde, 0xfd, 0xde, 0xfd, 0xd6, 0xfd, 0xd6,
    0xfd, 0xd6, 0xfd, 0xde, 0xfd, 0xd6, 0xfd, 0xd6, 0xfd, 0xd6, 0xfc, 0xd6,
    0xfd, 0xde, 0xfd, 0xde, 0xfd, 0xde, 0xdd, 0xd6, 0xfd, 0xde, 0xfd, 0xd6,
    0xfd, 0xd6, 0xfd, 0xde, 0xdd, 0xd6, 0xfd, 0xd6, 0xfd, 0xde, 0xdd, 0xd6,
    0xdc, 0xd6, 0xdc, 0xd6, 0xdc, 0xd6, 0xdc, 0xd6, 0xdd, 0xd6, 0xdc, 0xd6,
    0xdd, 0xce, 0xbc, 0xd6, 0xdd, 0xd6, 0xbd, 0xd6, 0xdc, 0xd6, 0xbc, 0xce,
    0xbc, 0xce, 0xbc, 0xce, 0xbd, 0xd6, 0xbc, 0xce, 0xbc, 0xd6, 0xbc, 0xce,
    0x9c, 0xce, 0x9d, 0xce, 0x9c, 0xce, 0x9c, 0xce, 0x9c, 0xce, 0x9c, 0xc6,
    0x7b, 0xc6, 0x7b, 0xc6, 0x7c, 0xc6, 0x7b, 0xc6, 0x7b, 0xc6, 0x5c, 0xc6,
    0x5b, 0xc6, 0x5b, 0xbe, 0x5b, 0xbe, 0x5b, 0xc6, 0x3b, 0xbe, 0x3b, 0xbe,
    0x3b, 0xbe, 0x3b, 0xbe, 0x3b, 0xbe, 0x3b, 0xbe, 0x1a, 0xb6, 0x1b, 0xbe,
    0x1b, 0xbe, 0x1a, 0xb6, 0x1b, 0xb6, 0x7f, 0xef, 0x9e, 0xf7, 0x9f, 0xef,
    0x7e, 0xf7, 0x9e, 0xef, 0x7f, 0xef, 0x9e, 0xf7, 0x9f, 0xef, 0x7f, 0xf7,
    0x7e, 0xef, 0x9f, 0xef, 0x7e, 0xf7, 0x7f, 0xef, 0x9e, 0xef, 0x9e, 0xef,
    0x7f, 0xf7, 0x9e, 0xef, 0x9f, 0xf7, 0x7e, 0xef, 0x9e, 0xef, 0x7f, 0xf7,
    0x7e, 0xef, 0x9f, 0xf7, 0x7f, 0xf7, 0x7e, 0xef, 0x9e, 0xef, 0x7f, 0xef,
    0x7e, 0xf7, 0x9f, 0xef, 0x9f, 0xef, 0x7e, 0xef, 0x7f, 0xef, 0x7e, 0xef,
    0x7f, 0xef, 0x5e, 0xe7, 0x3e, 0xe7, 0x3e, 0xe7, 0x1e, 0xe7, 0x3e, 0xe7,
    0x1d, 0xe7, 0x1e, 0xe7, 0x1d, 0xe7, 0x1d, 0xdf, 0x1d, 0xe7, 0x1d, 0xe7,
    0x1d, 0xdf, 0x1d, 0xdf, 0x1d, 0xe7, 0x1d, 0xdf, 0x1d, 0xdf, 0x1d, 0xdf,
    0x1d, 0xdf, 0x1d, 0xdf, 0x1d, 0xdf, 0x1d, 0xdf, 0x1d, 0xdf, 0x1d, 0xdf,
    0x1d, 0xdf, 0x1d, 0xdf, 0x1d, 0xdf, 0x1d, 0xdf, 0x1d, 0xdf, 0xfd, 0xde,
    0x1d, 0xdf, 0x1d, 0xdf, 0x1d, 0xdf, 0xfd, 0xde, 0xfd, 0xde, 0xfd, 0xde,
    0xfd, 0xde, 0xfd, 0xde, 0xfd, 0xde, 0xfd, 0xde, 0xfd, 0xde, 0xfd, 0xde,
    0xfd, 0xd6, 0xfd, 0xde, 0xfd, 0xd6, 0xfd, 0xde, 0xfd, 0xde, 0xdc, 0xd6,
    0xdd, 0xd6, 0xfd, 0xde, 0xdc, 0xde, 0xfd, 0xd6, 0xfd, 0xde, 0xfc, 0xde,
    0xfd, 0xd6, 0xfd, 0xde, 0xfd, 0xde, 0xfc, 0xd6, 0xfd, 0xde, 0xfd, 0xd6,
    0xdd, 0xd6, 0xfd, 0xde, 0xfd, 0xd6, 0xfd, 0xde, 0xdd, 0xd6, 0xdd, 0xd6,
    0xdd, 0xd6, 0xdd, 0xd6, 0xdc, 0xd6, 0xfd, 0xd6, 0xdd, 0xd6, 0xdd, 0xd6,
    0xdd, 0xd6, 0xdd, 0xd6, 0xfd, 0xd6, 0xdd, 0xd6, 0xdd, 0xd6, 0xdd, 0xd6,
    0xfd, 0xde, 0xfd, 0xd6, 0xfd, 0xd6, 0xfd, 0xde, 0xfd, 0xd6, 0xfd, 0xde,
    0xfc, 0xd6, 0xfd, 0xde, 0xdd, 0xde, 0xfc, 0xd6, 0xfd, 0xde, 0xdc, 0xde,
    0xfd, 0xde, 0xfd, 0xd6, 0xfd, 0xde, 0xfd, 0xd6, 0xfd, 0xde, 0xfd, 0xde,
    0xfc, 0xde, 0xfd, 0xde, 0xfd, 0xde, 0xfd, 0xd6, 0xfd, 0xde, 0xfd, 0xde,
    0xfc, 0xd6, 0xfd, 0xde, 0xfd, 0xde, 0xfd, 0xd6, 0xfd, 0xd6, 0xfd, 0xde,
    0xfc, 0xde, 0xfd, 0xde, 0xfd, 0xde, 0xfd, 0xde, 0xfd, 0xde, 0xfd, 0xd6,
    0xfd, 0xde, 0xfd, 0xd6, 0xfd, 0xde, 0xfd, 0xd6, 0xfd, 0xde, 0xfd, 0xde,
    0xfd, 0xde, 0x1d, 0xdf, 0xfd, 0xd6, 0xfd, 0xde, 0xfd, 0xde, 0xfd, 0xd6,
    0xfd, 0xd6, 0xfd, 0xde, 0xfd, 0xde, 0xfd, 0xde, 0xfd, 0xde, 0xfd, 0xde,
    0x1d, 0xdf, 0x1d, 0xdf, 0x1d, 0xdf, 0x1d, 0xdf, 0x1d, 0xdf, 0x1d, 0xdf,
    0x1d, 0xdf, 0x1d, 0xdf, 0x1d, 0xdf, 0x1d, 0xdf, 0x1d, 0xdf, 0xfd, 0xde,
    0xfd, 0xde, 0x1d, 0xdf, 0x1d, 0xdf, 0x1d, 0xdf, 0x1d, 0xdf, 0x1d, 0xdf,
    0x1d, 0xdf, 0x1d, 0xdf, 0x1d, 0xdf, 0x1d, 0xdf, 0x1d, 0xd7, 0x1d, 0xd7,
    0xfd, 0xd6, 0x1d, 0xdf, 0x1d, 0xd7, 0x1d, 0xdf, 0xfd, 0xd6, 0x1d, 0xdf,
    0xfd, 0xd6, 0xfd, 0xde, 0xfd, 0xde, 0xfd, 0xde, 0xfd, 0xde, 0xfd, 0xde,
    0xfd, 0xde, 0xfd, 0xde, 0xfd, 0xde, 0xfd, 0xde, 0xfd, 0xde, 0xfd, 0xd6,
    0xfc, 0xde, 0xfd, 0xd6, 0xdd, 0xd6, 0xfd, 0xde, 0xfd, 0xd6, 0xfd, 0xd6,
    0xdc, 0xd6, 0xdd, 0xd6, 0xfd, 0xd6, 0xdd, 0xd6, 0xdd, 0xd6, 0xdd, 0xd6,
    0xdc, 0xd6, 0xdd, 0xd6, 0xdd, 0xd6, 0xdc, 0xd6, 0xdd, 0xce, 0xbc, 0xd6,
    0xdc, 0xd6, 0xbc, 0xce, 0xbd, 0xce, 0xbd, 0xd6, 0xbc, 0xd6, 0xbc, 0xce,
    0xbc, 0xd6, 0xbd, 0xd6, 0x9c, 0xce, 0xbc, 0xce, 0x9c, 0xce, 0x9c, 0xce,
    0x9c, 0xce, 0x9c, 0xc6, 0x7b, 0xc6, 0x7c, 0xce, 0x7b, 0xc6, 0x7b, 0xc6,
    0x7c, 0xc6, 0x7b, 0xc6, 0x5b, 0xc6, 0x5b, 0xc6, 0x5b, 0xbe, 0x5b, 0xc6,
    0x3b, 0xbe, 0x3b, 0xbe, 0x3b, 0xbe, 0x3b, 0xbe, 0x3b, 0xbe, 0x3b, 0xb6,
    0x1a, 0xb6, 0x3a, 0xbe, 0x3b, 0xb6, 0x1a, 0xb6, 0x1a, 0xb6, 0x1b, 0xb6,
    0x7e, 0xef, 0x7f, 0xef, 0x9f, 0xf7, 0x7e, 0xef, 0x9f, 0xf7, 0x9e, 0xef,
    0x7e, 0xef, 0x7f, 0xf7, 0x9e, 0xef, 0x9f, 0xef, 0x7e, 0xf7, 0x9e, 0xef,
    0x7e, 0xef, 0x7f, 0xef, 0x9e, 0xf7, 0x7f, 0xef, 0x7f, 0xef, 0x9e, 0xf7,
    0x7f, 0xef, 0x9e, 0xef, 0x9e, 0xef, 0x7f, 0xef, 0x9e, 0xef, 0x7e, 0xef,
    0x9e, 0xef, 0x9f, 0xef, 0x7e, 0xef, 0x9e, 0xef, 0x7e, 0xef, 0x7e, 0xef,
    0x7f, 0xef, 0x7e, 0xef, 0x7e, 0xef, 0x7e, 0xef, 0x7e, 0xef, 0x3e, 0xe7,
    0x3e, 0xe7, 0x3d, 0xe7, 0x3d, 0xe7, 0x3e, 0xdf, 0x3d, 0xe7, 0x3e, 0xe7,
    0x3e, 0xdf, 0x3d, 0xe7, 0x3e, 0xe7, 0x3e, 0xe7, 0x3d, 0xe7, 0x1d, 0xdf,
    0x3d, 0xe7, 0x3d, 0xe7, 0x1d, 0xdf, 0x1d, 0xe7, 0x1d, 0xdf, 0x1d, 0xdf,
    0x1d, 0xdf, 0x1d, 0xdf, 0x1d, 0xdf, 0x1d, 0xdf, 0x1d, 0xdf, 0x1d, 0xdf,
    0x1d, 0xdf, 0x1d, 0xdf, 0x1d, 0xdf, 0x1d, 0xdf, 0x1d, 0xdf, 0xfd, 0xde,
    0x1d, 0xdf, 0x1d, 0xdf, 0x1d, 0xdf, 0x1d, 0xdf, 0x1d, 0xdf, 0xfd, 0xde,
    0xfc, 0xd6, 0xfd, 0xde, 0xfd, 0xde, 0xfc, 0xde, 0xfc, 0xde, 0xfd, 0xd6,
    0xfd, 0xd6, 0xfd, 0xde, 0xfd, 0xde, 0xfd, 0xde, 0xfd, 0xde, 0xfd, 0xd6,
    0xfd, 0xd6, 0xfd, 0xde, 0xfd, 0xd6, 0xdd, 0xd6, 0xdd, 0xd6, 0xdd, 0xd6,
    0xdd, 0xde, 0xfd, 0xd6, 0xdd, 0xde, 0xfc, 0xd6, 0xdd, 0xd6, 0xdd, 0xde,
    0xfd, 0xd6, 0xfd, 0xde, 0xfd, 0xde, 0xfd, 0xd6, 0xfd, 0xde, 0xfd, 0xde,
    0xfd, 0xd6, 0xfd, 0xde, 0xfc, 0xde, 0xfd, 0xde, 0xfd, 0xde, 0xfc, 0xde,
    0xfd, 0xd6, 0xfd, 0xde, 0xdd, 0xd6, 0xfd, 0xd6, 0xdd, 0xde, 0xdd, 0xd6,
    0xfd, 0xd6, 0xdc, 0xde, 0xdd, 0xd6, 0xfd, 0xd6, 0xdd, 0xd6, 0xfd, 0xde,
    0xfd, 0xde, 0xfd, 0xd6, 0xfd, 0xde, 0xfd, 0xd6, 0xfc, 0xd6, 0xdd, 0xde,
    0xdc, 0xd6, 0xfd, 0xd6, 0xdd, 0xd6, 0xfd, 0xde, 0xfc, 0xd6, 0xfd, 0xde,
    0xfd, 0xde, 0xfd, 0xd6, 0xfd, 0xde, 0xfd, 0xde, 0xfd, 0xd6, 0xfd, 0xde,
    0xfd, 0xde, 0xfd, 0xde, 0xfd, 0xde, 0xfd, 0xd6, 0xfd, 0xde, 0xfd, 0xd6,
    0xfd, 0xde, 0xfd, 0xde, 0xfd, 0xde, 0xfd, 0xde, 0xfd, 0xde, 0xfd, 0xde,
    0x1d, 0xdf, 0x1d, 0xdf, 0x1d, 0xdf, 0x1d, 0xdf, 0x1d, 0xdf, 0x1d, 0xdf,
    0x1d, 0xdf, 0x1d, 0xdf, 0x1d, 0xdf, 0x1d, 0xdf, 0x1d, 0xdf, 0x1d, 0xdf,
    0x1d, 0xd7, 0x1d, 0xdf, 0x1d, 0xdf, 0xfd, 0xde, 0xfd, 0xde, 0x1d, 0xdf,
    0x1d, 0xdf, 0xfd, 0xd6, 0xfd, 0xde, 0x1d, 0xdf, 0xfd, 0xde, 0xfd, 0xde,
    0x1d, 0xdf, 0xfd, 0xde, 0xfd, 0xd6, 0x1d, 0xdf, 0xfd, 0xde, 0x1d, 0xdf,
    0xfd, 0xde, 0xfd, 0xde, 0xfd, 0xde, 0x1d, 0xdf, 0xfd, 0xde, 0x1d, 0xdf,
    0x1d, 0xdf, 0xfd, 0xde, 0x1d, 0xdf, 0x1d, 0xdf, 0xfd, 0xde, 0x1d, 0xdf,
    0xfd, 0xde, 0x1d, 0xdf, 0x1d, 0xdf, 0xfd, 0xde, 0x1d, 0xdf, 0xfd, 0xde,
    0xfd, 0xde, 0xfd, 0xde, 0xfd, 0xde, 0xfd, 0xde, 0xfd, 0xde, 0xfd, 0xde,
    0xfd, 0xde, 0xfd, 0xd6, 0xfd, 0xde, 0xfd, 0xde, 0xfd, 0xde, 0xfc, 0xde,
    0xfd, 0xde, 0xdc, 0xd6, 0xfd, 0xde, 0xdd, 0xde, 0xfd, 0xde, 0xdc, 0xd6,
    0xdc, 0xd6, 0xdd, 0xd6, 0xdd, 0xd6, 0xdd, 0xd6, 0xdc, 0xd6, 0xbc, 0xd6,
    0xbd, 0xd6, 0xbd, 0xd6, 0xdc, 0xce, 0xbc, 0xce, 0xbd, 0xce, 0xbc, 0xd6,
    0xbc, 0xd6, 0xbc, 0xce, 0xbc, 0xce, 0xbc, 0xce, 0xbc, 0xce, 0x9c, 0xce,
    0xbc, 0xce, 0x9c, 0xce, 0x9c, 0xce, 0x9c, 0xce, 0x9b, 0xc6, 0x7c, 0xc6,
    0x7c, 0xc6, 0x9b, 0xc6, 0x7b, 0xc6, 0x7c, 0xc6, 0x5b, 0xc6, 0x5b, 0xbe,
    0x5b, 0xbe, 0x5b, 0xc6, 0x5b, 0xbe, 0x3b, 0xbe, 0x3b, 0xbe, 0x5b, 0xbe,
    0x3b, 0xbe, 0x3b, 0xbe, 0x3a, 0xbe, 0x1b, 0xb6, 0x1b, 0xbe, 0x1b, 0xb6,
    0x1a, 0xb6, 0x1b, 0xb6, 0xfa, 0xb5, 0x9e, 0xef, 0x7f, 0xf7, 0x7e, 0xef,
    0x9f, 0xef, 0x7f, 0xf7, 0x7e, 0xef, 0x9f, 0xef, 0x7e, 0xf7, 0x9f, 0xef,
    0x7e, 0xf7, 0x9f, 0xef, 0x9f, 0xf7, 0x7e, 0xef, 0x9e, 0xef, 0x9f, 0xef,
    0x7e, 0xef, 0x9e, 0xf7, 0x7f, 0xef, 0x7e, 0xef, 0x9e, 0xf7, 0x7f, 0xf7,
    0x9f, 0xef, 0x7e, 0xef, 0x9e, 0xef, 0x7f, 0xf7, 0x9e, 0xf7, 0x7f, 0xef,
    0x9e, 0xef, 0x7e, 0xef, 0x7f, 0xef, 0x7e, 0xef, 0x7e, 0xef, 0x7f, 0xef,
    0x7f, 0xef, 0x7e, 0xef, 0x5e, 0xe7, 0x3e, 0xe7, 0x3d, 0xdf, 0x3d, 0xe7,
    0x3e, 0xe7, 0x3d, 0xe7, 0x3e, 0xe7, 0x3d, 0xe7, 0x3e, 0xdf, 0x3d, 0xe7,
    0x3e, 0xe7, 0x3d, 0xe7, 0x3e, 0xe7, 0x3e, 0xe7, 0x3e, 0xe7, 0x1e, 0xe7,
    0x3d, 0xe7, 0x3e, 0xe7, 0x3d, 0xe7, 0x3d, 0xe7, 0x3e, 0xe7, 0x1d, 0xe7,
    0x1d, 0xdf, 0x1d, 0xdf, 0x1d, 0xdf, 0x1d, 0xdf, 0x1d, 0xdf, 0x1d, 0xdf,
    0x1d, 0xdf, 0xfd, 0xde, 0x1d, 0xdf, 0x1d, 0xdf, 0x1d, 0xdf, 0xfd, 0xde,
    0x1d, 0xdf, 0xfd, 0xde, 0x1d, 0xdf, 0x1d, 0xdf, 0x1d, 0xdf, 0xfd, 0xd6,
    0xfd, 0xde, 0xfd, 0xde, 0xfd, 0xde, 0xfd, 0xde, 0xfd, 0xde, 0xfd, 0xd6,
    0xfc, 0xde, 0xfd, 0xde, 0xfd, 0xd6, 0xfc, 0xde, 0xfd, 0xde, 0xfd, 0xde,
    0xfd, 0xde, 0xfc, 0xd6, 0xfd, 0xde, 0xfd, 0xd6, 0xfd, 0xde, 0xfc, 0xde,
    0xfd, 0xde, 0xfc, 0xd6, 0xfc, 0xd6, 0xdc, 0xd6, 0xfc, 0xd6, 0xfc, 0xd6,
    0xdc, 0xd6, 0xdc, 0xd6, 0xdd, 0xd6, 0xfc, 0xd6, 0xfc, 0xd6, 0xfd, 0xd6,
    0xfc, 0xd6, 0xdc, 0xd6, 0xfd, 0xd6, 0xfc, 0xde, 0xfd, 0xd6, 0xdc, 0xd6,
    0xfc, 0xde, 0xfc, 0xd6, 0xdc, 0xd6, 0xfc, 0xde, 0xfd, 0xd6, 0xfc, 0xde,
    0xfd, 0xd6, 0xfd, 0xd6, 0xfc, 0xd6, 0xdd, 0xd6, 0xfd, 0xd6, 0xfd, 0xd6,
    0xdc, 0xd6, 0xfd, 0xde, 0xfd, 0xde, 0xfd, 0xd6, 0xfd, 0xde, 0xfc, 0xde,
    0xdd, 0xd6, 0xfd, 0xd6, 0xfd, 0xd6, 0xfd, 0xde, 0xfc, 0xd6, 0xfd, 0xd6,
    0xfd, 0xde, 0xfd, 0xde, 0xfd, 0xd6, 0xfc, 0xde, 0xfd, 0xde, 0xfd, 0xd6,
    0xfd, 0xde, 0xfd, 0xd6, 0xfc, 0xde, 0xfd, 0xd6, 0xfd, 0xd6, 0xfc, 0xde,
    0xfd, 0xd6, 0xfd, 0xd6, 0xfd, 0xde, 0xfd, 0xd6, 0xfd, 0xd6, 0xfd, 0xd6,
    0xfd, 0xd6, 0xfd, 0xde, 0xfd, 0xde, 0xfd, 0xd6, 0xfd, 0xde, 0xfd, 0xde,
    0xfd, 0xde, 0xfd, 0xde, 0xfd, 0xd6, 0xfd, 0xde, 0xfd, 0xde, 0x1d, 0xd7,
    0xfd, 0xd6, 0xfd, 0xde, 0xfd, 0xde, 0xfd, 0xde, 0xfd, 0xde, 0xfd, 0xde,
    0xfd, 0xde, 0xfd, 0xd6, 0xfd, 0xde, 0xfd, 0xde, 0xfd, 0xde, 0x1d, 0xdf,
    0x1d, 0xdf, 0xfd, 0xde, 0xfd, 0xde, 0x1d, 0xd7, 0xfd, 0xde, 0xfd, 0xd6,
    0xfd, 0xd6, 0xfd, 0xde, 0x1d, 0xdf, 0xfd, 0xd6, 0xfd, 0xde, 0xfd, 0xde,
    0x1d, 0xdf, 0xfd, 0xde, 0xfd, 0xde, 0xfd, 0xde, 0xfd, 0xd6, 0xfd, 0xde,
    0xfd, 0xde, 0xfd, 0xd6, 0xfd, 0xde, 0xfd, 0xde, 0x1d, 0xd7, 0xfd, 0xde,
    0xfd, 0xd6, 0xfd, 0xd6, 0xfd, 0xd6, 0xfd, 0xd6, 0xfd, 0xd6, 0xfd, 0xd6,
    0xfd, 0xd6, 0xfd, 0xd6, 0xfd, 0xde, 0xfd, 0xd6, 0xfd, 0xde, 0xdc, 0xd6,
    0xfd, 0xd6, 0xfc, 0xd6, 0xfd, 0xd6, 0xdc, 0xd6, 0xdc, 0xd6, 0xdc, 0xd6,
    0xdd, 0xd6, 0xdc, 0xd6, 0xdc, 0xd6, 0xdc, 0xce, 0xdc, 0xd6, 0xbd, 0xce,
    0xbc, 0xd6, 0xbc, 0xd6, 0xbc, 0xce, 0xbc, 0xce, 0xbc, 0xce, 0xbc, 0xce,
    0xbc, 0xce, 0x9c, 0xce, 0xbc, 0xce, 0x9c, 0xce, 0x9c, 0xce, 0x9c, 0xc6,
    0x9b, 0xc6, 0x7b, 0xc6, 0x7c, 0xc6, 0x7b, 0xc6, 0x7b, 0xc6, 0x7b, 0xc6,
    0x7b, 0xc6, 0x5c, 0xc6, 0x5b, 0xc6, 0x5b, 0xbe, 0x5b, 0xbe, 0x3b, 0xbe,
    0x3b, 0xbe, 0x3b, 0xbe, 0x3b, 0xbe, 0x3b, 0xbe, 0x3b, 0xbe, 0x1a, 0xb6,
    0x3b, 0xbe, 0x3b, 0xb6, 0x1a, 0xbe, 0x1b, 0xb6, 0x1a, 0xb6, 0xfa, 0xb5,
    0x9f, 0xef, 0x9e, 0xf7, 0x7e, 0xef, 0x9f, 0xef, 0x9e, 0xf7, 0x7f, 0xef,
    0x9f, 0xef, 0x9e, 0xf7, 0x7f, 0xef, 0x7e, 0xef, 0x9f, 0xf7, 0x7f, 0xef,
    0x7e, 0xef, 0x9e, 0xf7, 0x7f, 0xf7, 0x9e, 0xef, 0x9e, 0xef, 0x7f, 0xef,
    0x9f, 0xf7, 0x7e, 0xef, 0x9e, 0xef, 0x7e, 0xef, 0x9f, 0xf7, 0x7e, 0xef,
    0x7e, 0xef, 0x9f, 0xef, 0x7e, 0xf7, 0x7f, 0xef, 0x7f, 0xef, 0x7e, 0xef,
    0x7e, 0xef, 0x7f, 0xef, 0x7e, 0xef, 0x7e, 0xef, 0x7e, 0xef, 0x5e, 0xe7,
    0x3e, 0xe7, 0x3d, 0xe7, 0x3e, 0xe7, 0x3e, 0xe7, 0x3e, 0xe7, 0x3d, 0xe7,
    0x3d, 0xe7, 0x3e, 0xe7, 0x3e, 0xe7, 0x3d, 0xe7, 0x3e, 0xdf, 0x1d, 0xe7,
    0x3e, 0xe7, 0x3d, 0xdf, 0x3e, 0xe7, 0x3e, 0xdf, 0x3d, 0xe7, 0x3e, 0xe7,
    0x1d, 0xdf, 0x3e, 0xdf, 0x3d, 0xe7, 0x3e, 0xe7, 0x1e, 0xdf, 0x1d, 0xe7,
    0x1d, 0xdf, 0x1d, 0xdf, 0x1d, 0xdf, 0x1d, 0xdf, 0x1d, 0xdf, 0x1d, 0xdf,
    0x1d, 0xdf, 0x1d, 0xdf, 0x1d, 0xdf, 0xfd, 0xde, 0xfd, 0xd6, 0xfd, 0xde,
    0x1d, 0xdf, 0xfd, 0xd6, 0xfd, 0xde, 0xfd, 0xd6, 0xfd, 0xde, 0xfd, 0xde,
    0xfd, 0xde, 0xfd, 0xde, 0xfd, 0xd6, 0xfd, 0xd6, 0xfd, 0xde, 0xfd, 0xd6,
    0xfd, 0xd6, 0xfd, 0xde, 0xfd, 0xd6, 0xfd, 0xd6, 0xdc, 0xde, 0xfd, 0xd6,
    0xfd, 0xd6, 0xdc, 0xd6, 0xdd, 0xd6, 0xdd, 0xd6, 0xfd, 0xde, 0xdd, 0xde,
    0xdd, 0xd6, 0xdd, 0xde, 0xdd, 0xd6, 0xdd, 0xde, 0xfd, 0xd6, 0xdd, 0xde,
    0xdd, 0xde, 0xdd, 0xd6, 0xdd, 0xd6, 0xdd, 0xde, 0xdd, 0xd6, 0xdd, 0xd6,
    0xdd, 0xde, 0xdd, 0xd6, 0xfd, 0xde, 0xdd, 0xd6, 0xfd, 0xde, 0xfd, 0xd6,
    0xdd, 0xd6, 0xdd, 0xde, 0xdd, 0xd6, 0xdd, 0xde, 0xdc, 0xde, 0xdd, 0xd6,
    0xfd, 0xde, 0xfd, 0xde, 0xfd, 0xd6, 0xdd, 0xd6, 0xfd, 0xde, 0xfd, 0xd6,
    0xfd, 0xd6, 0xdd, 0xd6, 0xfd, 0xde, 0xfd, 0xde, 0xfd, 0xd6, 0xfd, 0xde,
    0xfd, 0xd6, 0xfd, 0xde, 0xfd, 0xd6, 0xfd, 0xd6, 0xfd, 0xde, 0xfd, 0xd6,
    0xfd, 0xd6, 0xfd, 0xde, 0xfd, 0xde, 0xfd, 0xd6, 0xfd, 0xde, 0xfd, 0xde,
    0xfd, 0xde, 0xfd, 0xde, 0xfd, 0xde, 0xfd, 0xde, 0xfd, 0xde, 0xfc, 0xde,
    0xfd, 0xde, 0xfd, 0xde, 0xfd, 0xde, 0xfd, 0xde, 0xfd, 0xde, 0xfd, 0xd6,
    0xfd, 0xde, 0xfd, 0xde, 0xfd, 0xde, 0xfd, 0xde, 0xfd, 0xde, 0xfd, 0xde,
    0xfd, 0xde, 0x1d, 0xdf, 0xfd, 0xde, 0x1d, 0xdf, 0x1d, 0xd7, 0x1d, 0xdf,
    0x1d, 0xd7, 0x1d, 0xdf, 0x1d, 0xdf, 0x1d, 0xd7, 0x1d, 0xdf, 0x1d, 0xdf,
    0x1d, 0xdf, 0xfd, 0xde, 0x1d, 0xdf, 0xfd, 0xde, 0xfd, 0xd6, 0xfd, 0xde,
    0x1d, 0xdf, 0xfd, 0xde, 0xfd, 0xde, 0x1d, 0xdf, 0x1d, 0xdf, 0xfd, 0xde,
    0xfd, 0xde, 0x1d, 0xdf, 0x1d, 0xdf, 0xfd, 0xd6, 0xfd, 0xd6, 0xfd, 0xde,
    0x1d, 0xdf, 0x1d, 0xd7, 0xfd, 0xde, 0xfd, 0xd6, 0xfd, 0xde, 0x1d, 0xd7,
    0xfd, 0xd6, 0xfd, 0xde, 0x1d, 0xdf, 0xfd, 0xde, 0x1d, 0xdf, 0xfd, 0xde,
    0xfd, 0xde, 0xfd, 0xde, 0xfc, 0xde, 0xfd, 0xd6, 0xdd, 0xd6, 0xdc, 0xd6,
    0xdd, 0xd6, 0xfd, 0xd6, 0xdd, 0xd6, 0xdd, 0xd6, 0xdd, 0xd6, 0xdd, 0xd6,
    0xdd, 0xd6, 0xdd, 0xd6, 0xdd, 0xd6, 0xdc, 0xd6, 0xdd, 0xd6, 0xdd, 0xd6,
    0xbc, 0xd6, 0xbc, 0xce, 0xbd, 0xd6, 0xbc, 0xd6, 0xbc, 0xce, 0xbd, 0xd6,
    0xbd, 0xce, 0xbc, 0xce, 0xbc, 0xce, 0xbc, 0xce, 0x9c, 0xce, 0x9c, 0xce,
    0x9c, 0xce, 0x9c, 0xce, 0x9c, 0xc6, 0x7b, 0xc6, 0x7c, 0xce, 0x7c, 0xc6,
    0x7b, 0xc6, 0x7b, 0xc6, 0x7c, 0xc6, 0x5b, 0xc6, 0x5b, 0xbe, 0x5b, 0xc6,
    0x5b, 0xc6, 0x3b, 0xbe, 0x3b, 0xbe, 0x3b, 0xbe, 0x3b, 0xbe, 0x3b, 0xbe,
    0x3b, 0xbe, 0x3a, 0xb6, 0x1b, 0xb6, 0x1b, 0xbe, 0x1a, 0xb6, 0x1a, 0xb6,
    0x1b, 0xb6, 0x1a, 0xb6, 0xfa, 0xb5, 0x7e, 0xef, 0x7f, 0xef, 0x9f, 0xf7,
    0x7e, 0xef, 0x7e, 0xf7, 0x9f, 0xef, 0x7e, 0xf7, 0x9e, 0xef, 0x7f, 0xef,
    0x9e, 0xf7, 0x9e, 0xef, 0x7e, 0xef, 0x9f, 0xef, 0x7e, 0xef, 0x7f, 0xf7,
    0x9e, 0xef, 0x7e, 0xef, 0x9f, 0xf7, 0x9f, 0xef, 0x7e, 0xef, 0x9e, 0xef,
    0x7f, 0xef, 0x9e, 0xf7, 0x9f, 0xef, 0x7e, 0xef, 0x7e, 0xef, 0x9e, 0xef,
    0x7e, 0xef, 0x7f, 0xef, 0x7e, 0xf7, 0x7f, 0xef, 0x7e, 0xef, 0x7e, 0xef,
    0x7e, 0xef, 0x7e, 0xef, 0x7e, 0xef, 0x5e, 0xe7, 0x3e, 0xe7, 0x3d, 0xe7,
    0x5e, 0xe7, 0x5e, 0xe7, 0x3e, 0xe7, 0x3e, 0xe7, 0x3e, 0xe7, 0x3d, 0xe7,
    0x3e, 0xe7, 0x3e, 0xe7, 0x3e, 0xdf, 0x3d, 0xe7, 0x3d, 0xe7, 0x3e, 0xe7,
    0x3d, 0xdf, 0x3e, 0xdf, 0x3e, 0xe7, 0x3d, 0xdf, 0x1e, 0xdf, 0x3d, 0xe7,
    0x3e, 0xdf, 0x1e, 0xe7, 0x1d, 0xdf, 0x1e, 0xe7, 0x1d, 0xdf, 0x1e, 0xe7,
    0x1d, 0xdf, 0x1d, 0xdf, 0x1d, 0xdf, 0xfd, 0xde, 0x1d, 0xdf, 0x1d, 0xdf,
    0x1d, 0xdf, 0x1d, 0xdf, 0x1d, 0xdf, 0x1d, 0xdf, 0xfd, 0xde, 0x1d, 0xdf,
    0x1d, 0xdf, 0x1d, 0xd7, 0xfd, 0xde, 0xfd, 0xde, 0xfd, 0xde, 0xfd, 0xde,
    0xfd, 0xde, 0xfd, 0xd6, 0xfd, 0xde, 0xfd, 0xd6, 0xdd, 0xde, 0xfd, 0xd6,
    0xfd, 0xde, 0xfd, 0xde, 0xfd, 0xd6, 0xfd, 0xde, 0xfc, 0xd6, 0xfd, 0xd6,
    0xfc, 0xd6, 0xfd, 0xde, 0xfd, 0xd6, 0xfd, 0xde, 0xfd, 0xde, 0xfd, 0xd6,
    0xfd, 0xde, 0xfd, 0xde, 0xfc, 0xd6, 0xfc, 0xd6, 0xfd, 0xde, 0xfc, 0xde,
    0xfd, 0xd6, 0xfd, 0xde, 0xfc, 0xd6, 0xfd, 0xd6, 0xfd, 0xde, 0xdc, 0xd6,
    0xfd, 0xd6, 0xdd, 0xd6, 0xfc, 0xd6, 0xfd, 0xde, 0xfc, 0xd6, 0xfd, 0xd6,
    0xfc, 0xd6, 0xfd, 0xd6, 0xfd, 0xd6, 0xfc, 0xde, 0xfc, 0xd6, 0xdd, 0xde,
    0xfd, 0xde, 0xfc, 0xd6, 0xdd, 0xde, 0xfc, 0xde, 0xfd, 0xd6, 0xfd, 0xd6,
    0xfc, 0xde, 0xfd, 0xde, 0xfc, 0xd6, 0xdd, 0xde, 0xfd, 0xde, 0xfc, 0xd6,
    0xfc, 0xde, 0xfd, 0xde, 0xfc, 0xd6, 0xfd, 0xde, 0xfc, 0xde, 0xfd, 0xd6,
    0xfd, 0xde, 0xfd, 0xde, 0xfd, 0xd6, 0xfd, 0xd6, 0xfd, 0xde, 0xfd, 0xd6,
    0xfd, 0xde, 0xfd, 0xde, 0xfd, 0xd6, 0xfd, 0xde, 0xfd, 0xde, 0xfd, 0xde,
    0x1d, 0xdf, 0x1d, 0xdf, 0x1d, 0xdf, 0x1d, 0xdf, 0x1d, 0xd7, 0xfd, 0xd6,
    0x1d, 0xd7, 0xfd, 0xde, 0xfd, 0xd6, 0x1d, 0xdf, 0xfd, 0xde, 0xfd, 0xde,
    0xfd, 0xde, 0xfd, 0xde, 0xfd, 0xde, 0xfd, 0xd6, 0xfd, 0xde, 0xfd, 0xde,
    0xfd, 0xde, 0xfd, 0xde, 0x1d, 0xd7, 0xfd, 0xd6, 0x1d, 0xdf, 0xfd, 0xd6,
    0x1d, 0xdf, 0x1d, 0xdf, 0x1d, 0xdf, 0xfd, 0xde, 0x1d, 0xdf, 0x1d, 0xdf,
    0xfd, 0xd6, 0xfd, 0xde, 0xfd, 0xd6, 0xfd, 0xde, 0xfd, 0xde, 0xfd, 0xde,
    0xfd, 0xde, 0xfd, 0xd6, 0xfd, 0xde, 0xfd, 0xd6, 0xfd, 0xde, 0xfd, 0xde,
    0xfd, 0xde, 0xfd, 0xde, 0xfd, 0xde, 0xfd, 0xd6, 0xfd, 0xde, 0xfd, 0xd6,
    0xfd, 0xd6, 0xfd, 0xd6, 0xfc, 0xde, 0xfd, 0xd6, 0xdd, 0xd6, 0xdc, 0xde,
    0xfd, 0xde, 0xdd, 0xd6, 0xfc, 0xd6, 0xfd, 0xde, 0xdd, 0xd6, 0xfc, 0xd6,
    0xdc, 0xd6, 0xdd, 0xd6, 0xdc, 0xd6, 0xdd, 0xd6, 0xdd, 0xd6, 0xdc, 0xd6,
    0xdc, 0xd6, 0xdd, 0xd6, 0xdc, 0xce, 0xbd, 0xce, 0xdc, 0xd6, 0xbc, 0xce,
    0xdc, 0xce, 0xdc, 0xce, 0xbc, 0xd6, 0xbc, 0xce, 0xbc, 0xce, 0x9c, 0xce,
    0x9c, 0xce, 0x9c, 0xce, 0x9c, 0xce, 0x9c, 0xce, 0x9b, 0xc6, 0x7c, 0xc6,
    0x7b, 0xce, 0x9b, 0xc6, 0x7c, 0xc6, 0x7b, 0xc6, 0x7b, 0xc6, 0x5c, 0xc6,
    0x5b, 0xc6, 0x5b, 0xbe, 0x5b, 0xbe, 0x5b, 0xc6, 0x5b, 0xbe, 0x3b, 0xbe,
    0x5b, 0xbe, 0x3b, 0xbe, 0x3b, 0xbe, 0x3b, 0xbe, 0x1a, 0xb6, 0x3b, 0xbe,
    0x1b, 0xb6, 0x1a, 0xb6, 0x1b, 0xb6, 0x1b, 0xb6, 0xfa, 0xb5, 0xfa, 0xb5,
    0x7e, 0xef, 0x9f, 0xf7, 0x9e, 0xef, 0x7f, 0xef, 0x9e, 0xef, 0x7f, 0xf7,
    0x7e, 0xef, 0x9f, 0xef, 0x7f, 0xf7, 0x7e, 0xef, 0x9f, 0xf7, 0x7e, 0xef,
    0x9e, 0xef, 0x9f, 0xef, 0x7e, 0xef, 0x7f, 0xef, 0x9f, 0xf7, 0x7e, 0xef,
    0x7e, 0xef, 0x9f, 0xf7, 0x7e, 0xef, 0x7e, 0xef, 0x9f, 0xef, 0x7e, 0xef,
    0x7f, 0xef, 0x9f, 0xf7, 0x7e, 0xef, 0x7e, 0xef, 0x9e, 0xef, 0x7f, 0xef,
    0x7e, 0xef, 0x7e, 0xef, 0x7f, 0xef, 0x7f, 0xef, 0x7e, 0xef, 0x7e, 0xef,
    0x5e, 0xe7, 0x5e, 0xe7, 0x3e, 0xe7, 0x5d, 0xe7, 0x3d, 0xe7, 0x5e, 0xe7,
    0x5e, 0xe7, 0x3d, 0xe7, 0x3e, 0xe7, 0x3d, 0xe7, 0x3e, 0xe7, 0x3e, 0xe7,
    0x3e, 0xe7, 0x3d, 0xdf, 0x3d, 0xe7, 0x3e, 0xe7, 0x3d, 0xe7, 0x3d, 0xe7,
    0x3e, 0xdf, 0x1d, 0xdf, 0x1d, 0xe7, 0x1d, 0xdf, 0x3d, 0xdf, 0x1d, 0xe7,
    0x1d, 0xdf, 0x1d, 0xe7, 0x1d, 0xdf, 0x1e, 0xdf, 0x1d, 0xdf, 0x1d, 0xdf,
    0x1d, 0xdf, 0xfd, 0xde, 0xfd, 0xde, 0x1d, 0xdf, 0xfd, 0xde, 0x1d, 0xdf,
    0xfd, 0xd6, 0xfd, 0xde, 0xfd, 0xde, 0xfd, 0xde, 0xfd, 0xde, 0xfd, 0xd6,
    0xfd, 0xde, 0xfd, 0xd6, 0xfd, 0xde, 0xfd, 0xde, 0xfc, 0xd6, 0xfc, 0xde,
    0xfd, 0xde, 0xfc, 0xd6, 0xfc, 0xde, 0xdd, 0xd6, 0xfd, 0xd6, 0xfc, 0xde,
    0xdd, 0xde, 0xfd, 0xde, 0xfd, 0xde, 0xfd, 0xde, 0xfc, 0xd6, 0xdd, 0xd6,
    0xdc, 0xd6, 0xfc, 0xd6, 0xdd, 0xd6, 0xdc, 0xd6, 0xfd, 0xd6, 0xfd, 0xd6,
    0xfd, 0xd6, 0xfd, 0xd6, 0xfd, 0xde, 0xdc, 0xd6, 0xdd, 0xd6, 0xfd, 0xde,
    0xfc, 0xd6, 0xdd, 0xd6, 0xfd, 0xde, 0xdc, 0xd6, 0xdd, 0xd6, 0xfd, 0xde,
    0xdd, 0xd6, 0xdd, 0xd6, 0xfd, 0xde, 0xdd, 0xd6, 0xdd, 0xd6, 0xdd, 0xde,
    0xdd, 0xd6, 0xdd, 0xd6, 0xdd, 0xd6, 0xfc, 0xd6, 0xdd, 0xd6, 0xdd, 0xd6,
    0xdd, 0xde, 0xdc, 0xd6, 0xdd, 0xd6, 0xfd, 0xd6, 0xdd, 0xd6, 0xfc, 0xd6,
    0xfd, 0xd6, 0xfd, 0xde, 0xfd, 0xd6, 0xfd, 0xde, 0xfd, 0xd6, 0xfd, 0xd6,
    0xfd, 0xde, 0xfd, 0xd6, 0xfd, 0xd6, 0xfd, 0xde, 0xfc, 0xd6, 0xfd, 0xd6,
    0xfd, 0xde, 0xfc, 0xde, 0xfd, 0xd6, 0xfd, 0xd6, 0xfd, 0xde, 0xfd, 0xd6,
    0x1d, 0xd7, 0xfd, 0xde, 0xfd, 0xd6, 0xfd, 0xd6, 0xfd, 0xd6, 0xfd, 0xde,
    0xfd, 0xd6, 0xfd, 0xde, 0xfd, 0xde, 0xfd, 0xde, 0x1d, 0xdf, 0xfd, 0xde,
    0xfd, 0xd6, 0xfd, 0xde, 0xfd, 0xd6, 0xfd, 0xd6, 0xfd, 0xde, 0x1d, 0xdf,
    0xfd, 0xde, 0xfd, 0xd6, 0xfd, 0xd6, 0xfd, 0xde, 0xfd, 0xd6, 0xfd, 0xde,
    0xfd, 0xde, 0xfd, 0xd6, 0xfd, 0xde, 0xfd, 0xd6, 0xfd, 0xd6, 0xfd, 0xd6,
    0xfd, 0xd6, 0xfd, 0xd6, 0xfd, 0xde, 0xfd, 0xd6, 0xfd, 0xd6, 0xfd, 0xde,
    0xfd, 0xd6, 0xfd, 0xd6, 0xfd, 0xd6, 0xfd, 0xde, 0xfd, 0xde, 0xfd, 0xd6,
    0xfd, 0xde, 0xfd, 0xd6, 0xfd, 0xd6, 0xfd, 0xd6, 0xfd, 0xd6, 0xfd, 0xde,
    0xfd, 0xde, 0xfc, 0xd6, 0xfd, 0xde, 0xdd, 0xd6, 0xdc, 0xd6, 0xfd, 0xde,
    0xdd, 0xd6, 0xfd, 0xd6, 0xfd, 0xd6, 0xfd, 0xd6, 0xfd, 0xde, 0xdd, 0xd6,
    0xdc, 0xd6, 0xdd, 0xd6, 0xdc, 0xd6, 0xdd, 0xde, 0xdd, 0xd6, 0xdc, 0xd6,
    0xdc, 0xd6, 0xdc, 0xd6, 0xdd, 0xd6, 0xdc, 0xd6, 0xbc, 0xce, 0xbc, 0xce,
    0xdd, 0xd6, 0xdd, 0xd6, 0xbc, 0xce, 0xbd, 0xce, 0xbc, 0xce, 0xbc, 0xce,
    0xbc, 0xce, 0xbc, 0xce, 0xbc, 0xce, 0x9c, 0xce, 0x9c, 0xce, 0x9c, 0xce,
    0x9b, 0xc6, 0x7c, 0xc6, 0x7b, 0xc6, 0x7c, 0xc6, 0x7c, 0xc6, 0x7b, 0xc6,
    0x7b, 0xc6, 0x5b, 0xc6, 0x5b, 0xc6, 0x5b, 0xc6, 0x5b, 0xc6, 0x5b, 0xbe,
    0x3b, 0xbe, 0x3b, 0xbe, 0x3b, 0xbe, 0x3b, 0xbe, 0x3a, 0xbe, 0x3b, 0xbe,
    0x3a, 0xbe, 0x1b, 0xb6, 0x1a, 0xb6, 0x3b, 0xbe, 0x1a, 0xb6, 0x1a, 0xb6,
    0x1b, 0xbe, 0x1b, 0xb6, 0x1a, 0xb6, 0x7f, 0xef, 0x9e, 0xf7, 0x7e, 0xef,
    0x9f, 0xf7, 0x9f, 0xef, 0x7e, 0xef, 0x9f, 0xf7, 0x9e, 0xef, 0x7e, 0xef,
    0x9f, 0xf7, 0x7f, 0xef, 0x7e, 0xef, 0x9e, 0xf7, 0x9f, 0xf7, 0x7e, 0xef,
    0x9e, 0xef, 0x9f, 0xf7, 0x7e, 0xef, 0x9e, 0xef, 0x9f, 0xef, 0x7e, 0xf7,
    0x9e, 0xef, 0x7f, 0xef, 0x7e, 0xef, 0x7e, 0xef, 0x7f, 0xef, 0x7f, 0xef,
    0x7e, 0xef, 0x7f, 0xef, 0x7e, 0xef, 0x7e, 0xef, 0x7e, 0xef, 0x7e, 0xef,
    0x7e, 0xef, 0x7e, 0xef, 0x7e, 0xef, 0x5e, 0xe7, 0x5e, 0xe7, 0x3e, 0xe7,
    0x3e, 0xe7, 0x3d, 0xe7, 0x3e, 0xe7, 0x3d, 0xe7, 0x3e, 0xe7, 0x3e, 0xe7,
    0x5d, 0xdf, 0x3d, 0xe7, 0x3e, 0xe7, 0x3d, 0xe7, 0x3e, 0xdf, 0x3e, 0xdf,
    0x3d, 0xe7, 0x1e, 0xe7, 0x1d, 0xdf, 0x1d, 0xe7, 0x3e, 0xe7, 0x1d, 0xdf,
    0x1d, 0xdf, 0x1d, 0xdf, 0x1d, 0xdf, 0x1e, 0xdf, 0x1d, 0xdf, 0x1d, 0xdf,
    0x1d, 0xdf, 0x1e, 0xdf, 0x1d, 0xdf, 0x1d, 0xdf, 0xfd, 0xde, 0x1d, 0xdf,
    0xfd, 0xde, 0xfd, 0xde, 0xfd, 0xde, 0xfd, 0xd6, 0xfd, 0xde, 0xfd, 0xde,
    0xfd, 0xd6, 0xfd, 0xde, 0xfd, 0xd6, 0xfd, 0xd6, 0xfc, 0xd6, 0xfc, 0xd6,
    0xfd, 0xd6, 0xfd, 0xde, 0xfd, 0xd6, 0xdd, 0xd6, 0xfd, 0xde, 0xfd, 0xd6,
    0xdd, 0xd6, 0xfc, 0xd6, 0xfd, 0xd6, 0xdd, 0xd6, 0xdd, 0xd6, 0xdc, 0xd6,
    0xdd, 0xd6, 0xdd, 0xde, 0xfd, 0xd6, 0xdd, 0xd6, 0xdd, 0xd6, 0xdd, 0xde,
    0xdd, 0xd6, 0xdc, 0xde, 0xdd, 0xde, 0xdd, 0xd6, 0xdd, 0xd6, 0xdd, 0xde,
    0xdd, 0xd6, 0xdd, 0xd6, 0xdd, 0xd6, 0xdd, 0xd6, 0xdd, 0xd6, 0xdd, 0xd6,
    0xdd, 0xde, 0xdc, 0xd6, 0xdd, 0xd6, 0xdd, 0xd6, 0xdc, 0xd6, 0xdd, 0xde,
    0xdd, 0xd6, 0xdc, 0xd6, 0xdd, 0xd6, 0xdd, 0xd6, 0xdd, 0xd6, 0xdd, 0xde,
    0xdd, 0xd6, 0xfd, 0xd6, 0xfd, 0xd6, 0xfd, 0xd6, 0xdd, 0xd6, 0xdc, 0xde,
    0xdd, 0xd6, 0xdd, 0xde, 0xdd, 0xd6, 0xdc, 0xd6, 0xdd, 0xd6, 0xdd, 0xd6,
    0xdd, 0xd6, 0xdd, 0xde, 0xdd, 0xd6, 0xdd, 0xd6, 0xfd, 0xd6, 0xfd, 0xde,
    0xfd, 0xd6, 0xfd, 0xde, 0xdc, 0xd6, 0xfd, 0xd6, 0xfd, 0xd6, 0xfd, 0xd6,
    0xfd, 0xde, 0xfc, 0xd6, 0xfd, 0xd6, 0xfd, 0xd6, 0xfd, 0xd6, 0xfd, 0xd6,
    0xfd, 0xd6, 0xfc, 0xde, 0xfd, 0xd6, 0xfd, 0xd6, 0xfc, 0xde, 0xfd, 0xd6,
    0xfd, 0xd6, 0xfc, 0xd6, 0xfd, 0xd6, 0xfd, 0xde, 0xfd, 0xd6, 0xfd, 0xd6,
    0xfd, 0xde, 0xfd, 0xd6, 0xfd, 0xd6, 0xfd, 0xde, 0xfd, 0xd6, 0xfd, 0xd6,
    0xfd, 0xde, 0xfd, 0xd6, 0xfd, 0xde, 0xfd, 0xde, 0xfd, 0xde, 0xfd, 0xde,
    0xfd, 0xde, 0xfd, 0xde, 0xfd, 0xde, 0xfd, 0xde, 0xfd, 0xde, 0xfd, 0xd6,
    0xfd, 0xde, 0xfd, 0xde, 0xfd, 0xd6, 0xfd, 0xd6, 0xfd, 0xd6, 0xfd, 0xd6,
    0xfd, 0xd6, 0xfd, 0xde, 0xfd, 0xd6, 0xfc, 0xd6, 0xfd, 0xde, 0xfc, 0xde,
    0xdd, 0xd6, 0xfc, 0xd6, 0xfd, 0xde, 0xfd, 0xd6, 0xfc, 0xd6, 0xfd, 0xde,
    0xfd, 0xd6, 0xfc, 0xd6, 0xfd, 0xde, 0xdd, 0xd6, 0xdc, 0xd6, 0xdd, 0xd6,
    0xdc, 0xd6, 0xdc, 0xd6, 0xdd, 0xd6, 0xdd, 0xd6, 0xdc, 0xd6, 0xdd, 0xd6,
    0xdc, 0xd6, 0xdd, 0xd6, 0xdc, 0xd6, 0xdc, 0xd6, 0xdd, 0xd6, 0xbc, 0xd6,
    0xbd, 0xd6, 0xdc, 0xce, 0xbc, 0xd6, 0xbc, 0xd6, 0xbc, 0xce, 0xbc, 0xd6,
    0xbc, 0xce, 0xbc, 0xd6, 0x9c, 0xce, 0x9c, 0xce, 0xbc, 0xce, 0x9c, 0xce,
    0x9c, 0xce, 0x9c, 0xc6, 0x9c, 0xc6, 0x9c, 0xce, 0x7b, 0xc6, 0x7b, 0xce,
    0x9c, 0xc6, 0x7c, 0xc6, 0x7b, 0xc6, 0x5b, 0xc6, 0x5c, 0xc6, 0x5b, 0xbe,
    0x5b, 0xbe, 0x5b, 0xc6, 0x5b, 0xbe, 0x3b, 0xbe, 0x3b, 0xbe, 0x3b, 0xbe,
    0x3b, 0xbe, 0x3b, 0xbe, 0x3a, 0xb6, 0x3b, 0xbe, 0x1b, 0xbe, 0x1b, 0xb6,
    0x1a, 0xb6, 0x1b, 0xbe, 0x1a, 0xb6, 0xfa, 0xb5, 0xfa, 0xb5, 0xfa, 0xb5,
    0x7e, 0xef, 0x9f, 0xef, 0x7f, 0xf7, 0x7e, 0xef, 0x9e, 0xf7, 0x7f, 0xef,
    0x9e, 0xf7, 0x7f, 0xef, 0x9e, 0xef, 0x9f, 0xf7, 0x7e, 0xef, 0x9e, 0xef,
    0x7f, 0xef, 0x7e, 0xef, 0x9f, 0xf7, 0x7e, 0xef, 0x7e, 0xef, 0x9f, 0xef,
    0x7e, 0xef, 0x7e, 0xef, 0x9f, 0xef, 0x7e, 0xef, 0x7e, 0xef, 0x7f, 0xef,
    0x7e, 0xef, 0x7e, 0xef, 0x7e, 0xef, 0x7f, 0xef, 0x7e, 0xef, 0x7e, 0xef,
    0x7e, 0xef, 0x7e, 0xef, 0x7e, 0xef, 0x7e, 0xe7, 0x7e, 0xef, 0x7e, 0xef,
    0x5e, 0xef, 0x3d, 0xe7, 0x5e, 0xe7, 0x5e, 0xe7, 0x3e, 0xe7, 0x3d, 0xe7,
    0x5e, 0xe7, 0x3e, 0xe7, 0x3d, 0xdf, 0x3e, 0xe7, 0x3d, 0xe7, 0x3d, 0xdf,
    0x3e, 0xe7, 0x3d, 0xe7, 0x1d, 0xdf, 0x1d, 0xdf, 0x3e, 0xdf, 0x1d, 0xdf,
    0x3d, 0xe7, 0x1d, 0xdf, 0x1e, 0xdf, 0x1d, 0xe7, 0x1d, 0xdf, 0x1e, 0xdf,
    0x1d, 0xdf, 0x1d, 0xdf, 0x1d, 0xdf, 0x1d, 0xdf, 0x1d, 0xdf, 0x1d, 0xdf,
    0x1d, 0xdf, 0xfe, 0xde, 0x1d, 0xdf, 0x1d, 0xd7, 0xfd, 0xde, 0xfd, 0xde,
    0x1d, 0xdf, 0xfd, 0xd6, 0xfd, 0xd6, 0xfd, 0xd6, 0xfd, 0xd6, 0xfd, 0xde,
    0xfd, 0xde, 0xfd, 0xde, 0xfd, 0xd6, 0xfd, 0xde, 0xfd, 0xde, 0xdd, 0xd6,
    0xdd, 0xd6, 0xdd, 0xde, 0xfd, 0xd6, 0xdc, 0xde, 0xdd, 0xde, 0xfd, 0xd6,
    0xdc, 0xd6, 0xfd, 0xde, 0xfd, 0xd6, 0xdc, 0xd6, 0xfd, 0xd6, 0xdd, 0xde,
    0xdc, 0xd6, 0xdd, 0xd6, 0xdc, 0xd6, 0xdd, 0xd6, 0xdd, 0xd6, 0xdc, 0xd6,
    0xdc, 0xd6, 0xdc, 0xd6, 0xdc, 0xd6, 0xfc, 0xd6, 0xdc, 0xd6, 0xdc, 0xd6,
    0xdc, 0xd6, 0xdc, 0xd6, 0xdd, 0xd6, 0xfc, 0xd6, 0xdd, 0xd6, 0xdc, 0xd6,
    0xdc, 0xd6, 0xdd, 0xd6, 0xdc, 0xd6, 0xfc, 0xd6, 0xdd, 0xd6, 0xfc, 0xd6,
    0xfc, 0xd6, 0xdc, 0xd6, 0xfc, 0xd6, 0xdc, 0xd6, 0xdc, 0xd6, 0xdc, 0xd6,
    0xdc, 0xd6, 0xdc, 0xd6, 0xdc, 0xd6, 0xfc, 0xd6, 0xdc, 0xd6, 0xdd, 0xd6,
    0xdc, 0xd6, 0xdc, 0xd6, 0xdc, 0xd6, 0xdc, 0xd6, 0xdc, 0xd6, 0xdc, 0xd6,
    0xdc, 0xd6, 0xdc, 0xd6, 0xdc, 0xd6, 0xdd, 0xd6, 0xdd, 0xd6, 0xdd, 0xd6,
    0xdc, 0xd6, 0xdd, 0xd6, 0xdd, 0xde, 0xfc, 0xd6, 0xdd, 0xd6, 0xdd, 0xde,
    0xfc, 0xd6, 0xfc, 0xde, 0xdd, 0xde, 0xfd, 0xd6, 0xdc, 0xde, 0xdd, 0xd6,
    0xfd, 0xd6, 0xdc, 0xde, 0xfd, 0xd6, 0xdd, 0xd6, 0xfc, 0xde, 0xfc, 0xd6,
    0xdd, 0xd6, 0xfc, 0xd6, 0xfc, 0xd6, 0xfd, 0xd6, 0xfc, 0xd6, 0xfd, 0xd6,
    0xfc, 0xde, 0xfd, 0xd6, 0xfc, 0xde, 0xfd, 0xd6, 0xfd, 0xd6, 0xfc, 0xd6,
    0xfd, 0xd6, 0xdd, 0xd6, 0xfd, 0xd6, 0xdd, 0xd6, 0xdd, 0xd6, 0xfd, 0xd6,
    0xdd, 0xd6, 0xdd, 0xd6, 0xfd, 0xd6, 0xfd, 0xd6, 0xfd, 0xde, 0xdd, 0xd6,
    0xdc, 0xd6, 0xdd, 0xde, 0xdd, 0xd6, 0xdc, 0xd6, 0xdd, 0xd6, 0xdd, 0xd6,
    0xdd, 0xd6, 0xdd, 0xd6, 0xfd, 0xd6, 0xdd, 0xd6, 0xdc, 0xd6, 0xfd, 0xd6,
    0xdd, 0xd6, 0xdc, 0xd6, 0xdd, 0xd6, 0xdd, 0xd6, 0xdc, 0xd6, 0xdd, 0xd6,
    0xdc, 0xd6, 0xdc, 0xd6, 0xdd, 0xd6, 0xdd, 0xd6, 0xdc, 0xd6, 0xdd, 0xd6,
    0xdc, 0xd6, 0xdc, 0xd6, 0xdd, 0xd6, 0xdc, 0xd6, 0xdc, 0xd6, 0xdd, 0xd6,
    0xdc, 0xd6, 0xbc, 0xce, 0xdd, 0xce, 0xdc, 0xce, 0xbc, 0xd6, 0xbd, 0xce,
    0xbc, 0xce, 0xbc, 0xce, 0xbc, 0xce, 0xbc, 0xce, 0xbc, 0xce, 0x9c, 0xce,
    0xbc, 0xce, 0x9c, 0xce, 0x9c, 0xce, 0x9c, 0xce, 0x7b, 0xc6, 0x9c, 0xce,
    0x7b, 0xc6, 0x7c, 0xc6, 0x7b, 0xc6, 0x7b, 0xc6, 0x7b, 0xc6, 0x7b, 0xc6,
    0x5b, 0xc6, 0x5b, 0xc6, 0x5b, 0xbe, 0x5b, 0xbe, 0x5b, 0xbe, 0x3b, 0xbe,
    0x3b, 0xbe, 0x3b, 0xbe, 0x3b, 0xbe, 0x3b, 0xbe, 0x3b, 0xbe, 0x3b, 0xb6,
    0x1a, 0xb6, 0x1b, 0xbe, 0x1a, 0xb6, 0x1a, 0xb6, 0x1b, 0xb6, 0x1b, 0xb6,
    0x1a, 0xb6, 0xfa, 0xb5, 0xfa, 0xb5, 0x9e, 0xef, 0x7f, 0xf7, 0x9e, 0xef,
    0x7f, 0xef, 0x9e, 0xf7, 0x7f, 0xef, 0x7f, 0xef, 0x9e, 0xf7, 0x7f, 0xef,
    0x7e, 0xf7, 0x9e, 0xef, 0x9f, 0xef, 0x7e, 0xef, 0x9e, 0xef, 0x9f, 0xf7,
    0x7e, 0xef, 0x9e, 0xef, 0x9f, 0xf7, 0x7e, 0xf7, 0x7e, 0xef, 0x7f, 0xef,
    0x7f, 0xef, 0x7e, 0xf7, 0x9e, 0xef, 0x9f, 0xef, 0x7e, 0xef, 0x7e, 0xef,
    0x7e, 0xef, 0x7e, 0xef, 0x7f, 0xef, 0x7e, 0xef, 0x7e, 0xef, 0x7f, 0xef,
    0x5e, 0xef, 0x7e, 0xe7, 0x7e, 0xef, 0x5e, 0xe7, 0x5e, 0xe7, 0x5d, 0xe7,
    0x3d, 0xe7, 0x3e, 0xe7, 0x5e, 0xe7, 0x5d, 0xe7, 0x3d, 0xe7, 0x3e, 0xe7,
    0x3e, 0xe7, 0x3e, 0xe7, 0x3e, 0xe7, 0x3e, 0xe7, 0x3d, 0xe7, 0x3e, 0xe7,
    0x1d, 0xe7, 0x3d, 0xdf, 0x1e, 0xdf, 0x1d, 0xe7, 0x1e, 0xdf, 0x1d, 0xdf,
    0x1e, 0xe7, 0x3e, 0xdf, 0x1d, 0xdf, 0x1d, 0xdf, 0x1d, 0xdf, 0x1d, 0xdf,
    0x1d, 0xdf, 0x1d, 0xdf, 0xfd, 0xde, 0xfd, 0xde, 0xfd, 0xde, 0xfd, 0xd6,
    0xfd, 0xde, 0xfd, 0xd6, 0xfd, 0xd6, 0xfd, 0xde, 0xfd, 0xd6, 0xfd, 0xde,
    0xfd, 0xde, 0xfd, 0xde, 0xfd, 0xd6, 0xdc, 0xd6, 0xdd, 0xd6, 0xfd, 0xd6,
    0xdc, 0xd6, 0xdd, 0xd6, 0xfc, 0xd6, 0xfc, 0xd6, 0xdd, 0xd6, 0xdc, 0xd6,
    0xdd, 0xd6, 0xdd, 0xd6, 0xdc, 0xd6, 0xdc, 0xd6, 0xfd, 0xd6, 0xdd, 0xd6,
    0xdc, 0xd6, 0xdc, 0xd6, 0xdc, 0xd6, 0xdc, 0xd6, 0xfc, 0xd6, 0xdc, 0xd6,
    0xdc, 0xd6, 0xdd, 0xd6, 0xdc, 0xd6, 0xdd, 0xd6, 0xdd, 0xd6, 0xdc, 0xd6,
    0xdd, 0xd6, 0xdd, 0xd6, 0xdd, 0xd6, 0xdc, 0xd6, 0xdd, 0xd6, 0xdc, 0xd6,
    0xdc, 0xd6, 0xdd, 0xd6, 0xdd, 0xd6, 0xdc, 0xd6, 0xdd, 0xd6, 0xdc, 0xd6,
    0xdd, 0xd6, 0xdd, 0xde, 0xdc, 0xd6, 0xdd, 0xd6, 0xdd, 0xde, 0xdc, 0xd6,
    0xdd, 0xd6, 0xdd, 0xde, 0xdc, 0xd6, 0xdd, 0xd6, 0xdd, 0xd6, 0xdd, 0xd6,
    0xfd, 0xd6, 0xdd, 0xd6, 0xfd, 0xd6, 0xfd, 0xde, 0xdd, 0xd6, 0xfd, 0xd6,
    0xfd, 0xd6, 0xdd, 0xde, 0xdd, 0xd6, 0xfd, 0xde, 0xdd, 0xd6, 0xdd, 0xd6,
    0xdc, 0xde, 0xfd, 0xd6, 0xfd, 0xde, 0xdd, 0xd6, 0xfc, 0xd6, 0xfd, 0xde,
    0xdd, 0xd6, 0xdd, 0xd6, 0xfd, 0xde, 0xdc, 0xd6, 0xdd, 0xd6, 0xdd, 0xd6,
    0xdc, 0xd6, 0xdd, 0xd6, 0xdd, 0xd6, 0xdc, 0xd6, 0xfd, 0xd6, 0xdd, 0xde,
    0xdc, 0xd6, 0xfd, 0xd6, 0xdd, 0xde, 0xdd, 0xd6, 0xfc, 0xd6, 0xdd, 0xde,
    0xdd, 0xde, 0xdd, 0xd6, 0xdd, 0xde, 0xdd, 0xd6, 0xdd, 0xd6, 0xfd, 0xde,
    0xdc, 0xd6, 0xdd, 0xde, 0xfd, 0xd6, 0xdd, 0xd6, 0xdc, 0xd6, 0xfd, 0xd6,
    0xfd, 0xd6, 0xdc, 0xd6, 0xfd, 0xd6, 0xfd, 0xd6, 0xfc, 0xde, 0xfd, 0xd6,
    0xfd, 0xd6, 0xdc, 0xd6, 0xdd, 0xd6, 0xfd, 0xde, 0xfc, 0xd6, 0xdc, 0xd6,
    0xfd, 0xde, 0xfd, 0xd6, 0xdc, 0xd6, 0xdc, 0xd6, 0xdd, 0xd6, 0xdc, 0xd6,
    0xdd, 0xd6, 0xdd, 0xd6, 0xdc, 0xd6, 0xdd, 0xd6, 0xdc, 0xd6, 0xdd, 0xd6,
    0xdc, 0xd6, 0xdd, 0xd6, 0xdd, 0xd6, 0xfd, 0xd6, 0xdd, 0xd6, 0xdc, 0xd6,
    0xdd, 0xd6, 0xdc, 0xd6, 0xdd, 0xd6, 0xdc, 0xd6, 0xdc, 0xd6, 0xdd, 0xd6,
    0xdc, 0xce, 0xbc, 0xce, 0xdd, 0xd6, 0xdc, 0xce, 0xbc, 0xd6, 0xbc, 0xce,
    0xdc, 0xd6, 0xbc, 0xce, 0xbc, 0xce, 0xbc, 0xce, 0xbc, 0xce, 0xbc, 0xce,
    0x9c, 0xce, 0x9c, 0xce, 0xbc, 0xce, 0x9c, 0xce, 0x9c, 0xce, 0x9c, 0xc6,
    0x9b, 0xc6, 0x7c, 0xc6, 0x7b, 0xc6, 0x7b, 0xc6, 0x7c, 0xc6, 0x9c, 0xc6,
    0x7b, 0xc6, 0x7b, 0xc6, 0x5c, 0xc6, 0x5b, 0xc6, 0x5b, 0xc6, 0x5b, 0xc6,
    0x5b, 0xbe, 0x3b, 0xbe, 0x3b, 0xbe, 0x3b, 0xbe, 0x3b, 0xbe, 0x3b, 0xbe,
    0x3b, 0xbe, 0x3b, 0xbe, 0x1a, 0xbe, 0x3b, 0xb6, 0x1b, 0xb6, 0x1a, 0xb6,
    0x1b, 0xbe, 0x1b, 0xb6, 0xfa, 0xb5, 0x1b, 0xb6, 0xfa, 0xb5, 0xfa, 0xb5,
    0x7f, 0xef, 0x9e, 0xf7, 0x7f, 0xef, 0x9e, 0xef, 0x9f, 0xf7, 0x7e, 0xef,
    0x9e, 0xef, 0x9f, 0xf7, 0x7f, 0xef, 0x7e, 0xef, 0x9f, 0xf7, 0x7e, 0xef,
    0x7e, 0xf7, 0x9f, 0xef, 0x7e, 0xef, 0x7f, 0xef, 0x9e, 0xef, 0x7f, 0xef,
    0x9e, 0xef, 0x7e, 0xef, 0x7f, 0xef, 0x9e, 0xef, 0x7e, 0xef, 0x7f, 0xef,
    0x7e, 0xef, 0x7f, 0xef, 0x7f, 0xef, 0x7e, 0xef, 0x7e, 0xef, 0x7e, 0xef,
    0x7e, 0xef, 0x7e, 0xe7, 0x7e, 0xef, 0x7e, 0xef, 0x5e, 0xef, 0x7e, 0xef,
    0x5e, 0xef, 0x5e, 0xe7, 0x3e, 0xe7, 0x5e, 0xe7, 0x5e, 0xe7, 0x3d, 0xe7,
    0x3e, 0xe7, 0x5e, 0xe7, 0x3d, 0xe7, 0x3d, 0xdf, 0x3e, 0xe7, 0x3e, 0xdf,
    0x3d, 0xdf, 0x3e, 0xdf, 0x3d, 0xdf, 0x3e, 0xe7, 0x1d, 0xdf, 0x3d, 0xdf,
    0x1d, 0xdf, 0x1d, 0xdf, 0x3d, 0xdf, 0x1d, 0xdf, 0x1d, 0xdf, 0x1d, 0xdf,
    0x1d, 0xdf, 0x1e, 0xdf, 0x1d, 0xdf, 0xfd, 0xde, 0xfd, 0xde, 0xfd, 0xde,
    0xfd, 0xde, 0xfd, 0xde, 0xfd, 0xd6, 0xfd, 0xde, 0xfd, 0xde, 0xfd, 0xd6,
    0xfd, 0xde, 0xfd, 0xd6, 0xfd, 0xd6, 0xfd, 0xde, 0xfd, 0xd6, 0xfd, 0xd6,
    0xfd, 0xde, 0xfd, 0xd6, 0xfd, 0xde, 0xdd, 0xd6, 0xdd, 0xd6, 0xdd, 0xde,
    0xdd, 0xd6, 0xdc, 0xd6, 0xdc, 0xd6, 0xfd, 0xd6, 0xdc, 0xd6, 0xdc, 0xd6,
    0xdd, 0xd6, 0xdc, 0xd6, 0xdc, 0xd6, 0xdd, 0xd6, 0xdd, 0xd6, 0xdd, 0xd6,
    0xdc, 0xd6, 0xdd, 0xd6, 0xdd, 0xd6, 0xdc, 0xd6, 0xdc, 0xd6, 0xdc, 0xd6,
    0xdd, 0xd6, 0xdd, 0xd6, 0xdc, 0xd6, 0xdc, 0xd6, 0xdd, 0xd6, 0xdc, 0xd6,
    0xdc, 0xd6, 0xdd, 0xd6, 0xdc, 0xd6, 0xdc, 0xd6, 0xdc, 0xd6, 0xdc, 0xd6,
    0xdd, 0xd6, 0xdc, 0xd6, 0xdc, 0xd6, 0xdc, 0xd6, 0xdc, 0xd6, 0xdc, 0xd6,
    0xdc, 0xd6, 0xdd, 0xd6, 0xdd, 0xd6, 0xdc, 0xd6, 0xdd, 0xd6, 0xdc, 0xd6,
    0xdd, 0xd6, 0xdc, 0xd6, 0xdc, 0xd6, 0xdd, 0xd6, 0xdc, 0xd6, 0xdc, 0xd6,
    0xdc, 0xd6, 0xdd, 0xd6, 0xdc, 0xd6, 0xdd, 0xd6, 0xdd, 0xd6, 0xdc, 0xd6,
    0xdd, 0xd6, 0xdd, 0xd6, 0xdc, 0xd6, 0xdd, 0xd6, 0xdc, 0xd6, 0xdd, 0xd6,
    0xdc, 0xd6, 0xdd, 0xd6, 0xdc, 0xd6, 0xdc, 0xd6, 0xdd, 0xd6, 0xdc, 0xd6,
    0xdd, 0xd6, 0xdd, 0xd6, 0xdc, 0xd6, 0xdd, 0xd6, 0xdc, 0xd6, 0xfd, 0xd6,
    0xdc, 0xd6, 0xdd, 0xd6, 0xdd, 0xd6, 0xdc, 0xd6, 0xdd, 0xd6, 0xdd, 0xd6,
    0xdd, 0xd6, 0xdd, 0xd6, 0xdd, 0xd6, 0xdd, 0xd6, 0xdc, 0xd6, 0xdd, 0xd6,
    0xdc, 0xd6, 0xdc, 0xd6, 0xdd, 0xd6, 0xdd, 0xd6, 0xdc, 0xd6, 0xdd, 0xd6,
    0xdc, 0xd6, 0xdc, 0xd6, 0xdd, 0xd6, 0xdc, 0xd6, 0xdc, 0xde, 0xdd, 0xd6,
    0xdc, 0xd6, 0xdc, 0xd6, 0xdd, 0xd6, 0xdc, 0xd6, 0xdc, 0xd6, 0xdd, 0xd6,
    0xdd, 0xd6, 0xdd, 0xd6, 0xdc, 0xd6, 0xdd, 0xd6, 0xdd, 0xd6, 0xdc, 0xd6,
    0xdd, 0xd6, 0xdd, 0xd6, 0xdc, 0xd6, 0xdc, 0xd6, 0xdd, 0xd6, 0xdc, 0xd6,
    0xdc, 0xd6, 0xdd, 0xd6, 0xdc, 0xd6, 0xdc, 0xd6, 0xdc, 0xd6, 0xdc, 0xd6,
    0xdc, 0xd6, 0xdd, 0xd6, 0xdc, 0xd6, 0xdc, 0xd6, 0xdc, 0xd6, 0xdd, 0xd6,
    0xdc, 0xce, 0xbc, 0xd6, 0xdc, 0xd6, 0xbc, 0xce, 0xbc, 0xd6, 0xbc, 0xce,
    0xbd, 0xce, 0xbc, 0xce, 0xbc, 0xce, 0xbc, 0xce, 0xbc, 0xce, 0xbc, 0xce,
    0x9c, 0xce, 0xbc, 0xce, 0x9c, 0xce, 0x9c, 0xce, 0x9c, 0xce, 0x9c, 0xce,
    0x9c, 0xc6, 0x9c, 0xce, 0x9b, 0xce, 0x7c, 0xc6, 0x7c, 0xc6, 0x7b, 0xce,
    0x9c, 0xc6, 0x7b, 0xc6, 0x7b, 0xc6, 0x7b, 0xc6, 0x5b, 0xc6, 0x5b, 0xc6,
    0x5b, 0xbe, 0x5b, 0xbe, 0x3b, 0xbe, 0x5b, 0xc6, 0x3b, 0xbe, 0x3b, 0xbe,
    0x3b, 0xbe, 0x3b, 0xbe, 0x3b, 0xbe, 0x3b, 0xbe, 0x1a, 0xb6, 0x1a, 0xbe,
    0x1b, 0xb6, 0x1b, 0xbe, 0x1a, 0xb6, 0x1a, 0xb6, 0x1a, 0xb6, 0xfa, 0xb5,
    0xfa, 0xb5, 0xfb, 0xb5, 0xfa, 0xb5, 0x7e, 0xef, 0x9f, 0xef, 0x7e, 0xf7,
    0x7f, 0xef, 0x9e, 0xf7, 0x7f, 0xef, 0x9e, 0xf7, 0x7e, 0xef, 0x9f, 0xef,
    0x9e, 0xef, 0x7e, 0xef, 0x9f, 0xef, 0x9f, 0xf7, 0x7e, 0xf7, 0x9e, 0xef,
    0x9f, 0xef, 0x7e, 0xf7, 0x9e, 0xef, 0x7f, 0xef, 0x7e, 0xef, 0x9e, 0xf7,
    0x7f, 0xef, 0x7e, 0xef, 0x7e, 0xef, 0x7e, 0xef, 0x7e, 0xef, 0x7e, 0xef,
    0x7e, 0xef, 0x7e, 0xef, 0x7e, 0xef, 0x7e, 0xef, 0x7e, 0xef, 0x5e, 0xe7,
    0x5e, 0xe7, 0x7e, 0xef, 0x5e, 0xe7, 0x5e, 0xe7, 0x5e, 0xe7, 0x5e, 0xe7,
    0x5e, 0xe7, 0x5e, 0xe7, 0x3d, 0xe7, 0x3e, 0xe7, 0x3e, 0xdf, 0x5e, 0xe7,
    0x3d, 0xdf, 0x3d, 0xe7, 0x3d, 0xdf, 0x3d, 0xe7, 0x3d, 0xe7, 0x1e, 0xdf,
    0x1d, 0xdf, 0x3e, 0xdf, 0x1d, 0xdf, 0x1d, 0xdf, 0x3e, 0xe7, 0x1d, 0xdf,
    0x1d, 0xdf, 0x1d, 0xdf, 0x1d, 0xdf, 0x1d, 0xdf, 0x1d, 0xdf, 0xfd, 0xde,
    0xfd, 0xde, 0xfd, 0xde, 0xfd, 0xde, 0xfd, 0xd6, 0xfd, 0xd6, 0xfd, 0xde,
    0xfd, 0xd6, 0xfd, 0xd6, 0xfd, 0xde, 0xfd, 0xde, 0xfd, 0xd6, 0xdd, 0xd6,
    0xdc, 0xd6, 0xfd, 0xde, 0xdc, 0xd6, 0xdc, 0xd6, 0xdd, 0xde, 0xdc, 0xd6,
    0xdc, 0xd6, 0xfd, 0xd6, 0xdd, 0xd6, 0xdd, 0xd6, 0xfd, 0xd6, 0xdd, 0xd6,
    0xdd, 0xd6, 0xdd, 0xd6, 0xdd, 0xd6, 0xdd, 0xd6, 0xdc, 0xd6, 0xdc, 0xd6,
    0xdd, 0xd6, 0xdc, 0xd6, 0xdd, 0xd6, 0xdd, 0xd6, 0xdc, 0xd6, 0xdd, 0xd6,
    0xdd, 0xd6, 0xdd, 0xd6, 0xdc, 0xd6, 0xdc, 0xd6, 0xdd, 0xd6, 0xdc, 0xd6,
    0xdd, 0xd6, 0xdc, 0xd6, 0xdc, 0xd6, 0xdd, 0xd6, 0xdc, 0xd6, 0xdd, 0xd6,
    0xdc, 0xd6, 0xdd, 0xd6, 0xdc, 0xd6, 0xdc, 0xd6, 0xdd, 0xd6, 0xdc, 0xd6,
    0xdd, 0xd6, 0xdd, 0xd6, 0xbc, 0xd6, 0xdc, 0xd6, 0xdc, 0xd6, 0xbc, 0xd6,
    0xdc, 0xd6, 0xdc, 0xd6, 0xdc, 0xd6, 0xdc, 0xd6, 0xdc, 0xd6, 0xbc, 0xd6,
    0xdc, 0xd6, 0xdc, 0xd6, 0xbc, 0xd6, 0xbd, 0xd6, 0xdc, 0xd6, 0xbc, 0xd6,
    0xdc, 0xd6, 0xdc, 0xd6, 0xdc, 0xd6, 0xdc, 0xd6, 0xdc, 0xd6, 0xdd, 0xd6,
    0xdc, 0xd6, 0xdc, 0xd6, 0xdd, 0xd6, 0xdc, 0xd6, 0xdd, 0xd6, 0xdc, 0xd6,
    0xdd, 0xd6, 0xdc, 0xd6, 0xdc, 0xd6, 0xdd, 0xd6, 0xdc, 0xd6, 0xdc, 0xd6,
    0xdd, 0xd6, 0xdc, 0xd6, 0xdc, 0xd6, 0xdd, 0xd6, 0xdc, 0xd6, 0xdc, 0xd6,
    0xdd, 0xd6, 0xdc, 0xd6, 0xdc, 0xd6, 0xdd, 0xd6, 0xdc, 0xd6, 0xdc, 0xd6,
    0xdd, 0xd6, 0xdc, 0xd6, 0xdd, 0xd6, 0xdd, 0xd6, 0xdc, 0xd6, 0xdc, 0xd6,
    0xdd, 0xd6, 0xdc, 0xd6, 0xdc, 0xd6, 0xdd, 0xd6, 0xdd, 0xd6, 0xdc, 0xd6,
    0xdd, 0xd6, 0xdd, 0xd6, 0xdc, 0xd6, 0xdd, 0xd6, 0xdd, 0xd6, 0xdc, 0xd6,
    0xdd, 0xd6, 0xdc, 0xd6, 0xdc, 0xd6, 0xdc, 0xd6, 0xdd, 0xd6, 0xdc, 0xd6,
    0xdc, 0xd6, 0xdd, 0xd6, 0xdc, 0xd6, 0xdc, 0xd6, 0xdc, 0xd6, 0xdc, 0xd6,
    0xdd, 0xd6, 0xdc, 0xd6, 0xdc, 0xd6, 0xdd, 0xd6, 0xdc, 0xd6, 0xdd, 0xd6,
    0xdd, 0xd6, 0xdc, 0xd6, 0xdc, 0xd6, 0xdc, 0xd6, 0xdc, 0xce, 0xdc, 0xd6,
    0xbc, 0xce, 0xbc, 0xce, 0xdc, 0xd6, 0xbc, 0xce, 0xbd, 0xce, 0xbc, 0xce,
    0xbc, 0xce, 0xbc, 0xd6, 0xbc, 0xce, 0xbc, 0xce, 0xbc, 0xce, 0xbc, 0xce,
    0x9c, 0xce, 0xbc, 0xce, 0x9c, 0xce, 0xbc, 0xce, 0x9c, 0xce, 0x9c, 0xce,
    0x9c, 0xce, 0x9c, 0xce, 0x9c, 0xc6, 0x9b, 0xc6, 0x7c, 0xc6, 0x7c, 0xce,
    0x7b, 0xc6, 0x7b, 0xc6, 0x9c, 0xc6, 0x7b, 0xc6, 0x7b, 0xc6, 0x7b, 0xc6,
    0x5c, 0xc6, 0x5b, 0xc6, 0x5b, 0xbe, 0x5c, 0xbe, 0x5b, 0xbe, 0x3b, 0xbe,
    0x3b, 0xbe, 0x3b, 0xbe, 0x5b, 0xbe, 0x3b, 0xbe, 0x3b, 0xbe, 0x3b, 0xbe,
    0x3a, 0xb6, 0x1b, 0xb6, 0x3b, 0xbe, 0x1a, 0xb6, 0x1a, 0xb6, 0x1b, 0xb6,
    0x1b, 0xb6, 0xfa, 0xb5, 0x1a, 0xb6, 0xfa, 0xb5, 0xfa, 0xb5, 0xfa, 0xad,
    0x9e, 0xef, 0x7f, 0xf7, 0x9e, 0xef, 0x9f, 0xef, 0x7f, 0xef, 0x9e, 0xf7,
    0x7f, 0xef, 0x7f, 0xf7, 0x9e, 0xf7, 0x7e, 0xef, 0x7f, 0xef, 0x9e, 0xef,
    0x7f, 0xef, 0x7e, 0xef, 0x9e, 0xef, 0x7f, 0xf7, 0x7e, 0xef, 0x9e, 0xf7,
    0x7f, 0xef, 0x7e, 0xef, 0x7f, 0xef, 0x7e, 0xef, 0x7f, 0xef, 0x7f, 0xef,
    0x7e, 0xef, 0x7e, 0xef, 0x7e, 0xef, 0x7e, 0xef, 0x7f, 0xef, 0x7e, 0xe7,
    0x5e, 0xef, 0x7f, 0xef, 0x7e, 0xef, 0x5e, 0xe7, 0x7e, 0xef, 0x5e, 0xe7,
    0x5e, 0xef, 0x5e, 0xef, 0x5e, 0xe7, 0x5e, 0xe7, 0x5e, 0xe7, 0x5e, 0xe7,
    0x5e, 0xe7, 0x5e, 0xe7, 0x5e, 0xe7, 0x5e, 0xe7, 0x3e, 0xe7, 0x3e, 0xe7,
    0x3e, 0xe7, 0x3e, 0xe7, 0x3e, 0xe7, 0x3d, 0xe7, 0x3e, 0xe7, 0x3e, 0xe7,
    0x1e, 0xdf, 0x3e, 0xe7, 0x1d, 0xdf, 0x1e, 0xe7, 0x1e, 0xe7, 0x1e, 0xdf,
    0x1d, 0xdf, 0x1d, 0xdf, 0x1e, 0xdf, 0x1d, 0xdf, 0x1e, 0xdf, 0x1d, 0xdf,
    0x1d, 0xdf, 0x1d, 0xdf, 0xfd, 0xde, 0x1d, 0xdf, 0xfd, 0xde, 0xfd, 0xde,
    0xfd, 0xde, 0xfd, 0xde, 0xfd, 0xde, 0xfd, 0xde, 0xfd, 0xde, 0xfd, 0xde,
    0xfd, 0xd6, 0xfd, 0xd6, 0xfd, 0xde, 0xfd, 0xde, 0xfd, 0xd6, 0xfd, 0xde,
    0xfd, 0xde, 0xfd, 0xde, 0xfc, 0xd6, 0xfd, 0xde, 0xdd, 0xd6, 0xfd, 0xde,
    0xfd, 0xd6, 0xdd, 0xd6, 0xfd, 0xde, 0xfd, 0xd6, 0xdd, 0xd6, 0xfd, 0xd6,
    0xfd, 0xd6, 0xdd, 0xd6, 0xdd, 0xd6, 0xfd, 0xd6, 0xdd, 0xd6, 0xdd, 0xd6,
    0xdd, 0xd6, 0xdd, 0xd6, 0xdd, 0xd6, 0xdd, 0xd6, 0xdd, 0xd6, 0xdd, 0xd6,
    0xdd, 0xd6, 0xdd, 0xd6, 0xdd, 0xd6, 0xdd, 0xd6, 0xdd, 0xd6, 0xdd, 0xd6,
    0xdd, 0xd6, 0xdd, 0xd6, 0xdd, 0xd6, 0xdd, 0xd6, 0xdd, 0xd6, 0xdd, 0xd6,
    0xdd, 0xd6, 0xdd, 0xd6, 0xdd, 0xd6, 0xdd, 0xd6, 0xdd, 0xd6, 0xdd, 0xd6,
    0xdd, 0xd6, 0xdd, 0xd6, 0xdd, 0xd6, 0xdd, 0xd6, 0xdd, 0xd6, 0xdd, 0xd6,
    0xdd, 0xd6, 0xdd, 0xd6, 0xdd, 0xd6, 0xdd, 0xd6, 0xdd, 0xd6, 0xdd, 0xd6,
    0xdd, 0xd6, 0xdd, 0xd6, 0xdd, 0xd6, 0xdd, 0xd6, 0xdd, 0xd6, 0xdd, 0xd6,
    0xdd, 0xd6, 0xdd, 0xd6, 0xdd, 0xd6, 0xdd, 0xd6, 0xdd, 0xd6, 0xdd, 0xd6,
    0xdd, 0xd6, 0xdd, 0xd6, 0xdd, 0xd6, 0xdd, 0xd6, 0xdd, 0xd6, 0xdd, 0xd6,
    0xdd, 0xd6, 0xdd, 0xd6, 0xdd, 0xd6, 0xdd, 0xd6, 0xdd, 0xd6, 0xdc, 0xd6,
    0xdd, 0xd6, 0xdd, 0xd6, 0xdc, 0xd6, 0xdd, 0xd6, 0xdd, 0xd6, 0xdc, 0xd6,
    0xdd, 0xd6, 0xdd, 0xd6, 0xdd, 0xd6, 0xdc, 0xd6, 0xdd, 0xd6, 0xdc, 0xd6,
    0xdd, 0xd6, 0xdc, 0xd6, 0xdc, 0xd6, 0xdd, 0xd6, 0xdc, 0xd6, 0xdc, 0xd6,
    0xdd, 0xd6, 0xdc, 0xd6, 0xdd, 0xd6, 0xdd, 0xd6, 0xdd, 0xd6, 0xdc, 0xd6,
    0xdd, 0xd6, 0xdd, 0xd6, 0xdc, 0xd6, 0xdd, 0xd6, 0xdd, 0xd6, 0xdc, 0xd6,
    0xdd, 0xd6, 0xdd, 0xd6, 0xdd, 0xd6, 0xdd, 0xd6, 0xdc, 0xd6, 0xdd, 0xd6,
    0xdd, 0xd6, 0xdc, 0xd6, 0xdd, 0xce, 0xbc, 0xd6, 0xdd, 0xd6, 0xdd, 0xce,
    0xbd, 0xd6, 0xbd, 0xd6, 0xdd, 0xd6, 0xbd, 0xce, 0xbd, 0xce, 0xbc, 0xd6,
    0xbd, 0xd6, 0xbc, 0xce, 0xbc, 0xce, 0xbd, 0xd6, 0xbd, 0xce, 0xbc, 0xce,
    0xbc, 0xd6, 0xbc, 0xce, 0x9c, 0xce, 0xbd, 0xce, 0x9c, 0xce, 0xbc, 0xce,
    0x9c, 0xce, 0x9c, 0xce, 0x9c, 0xce, 0x9c, 0xce, 0x9c, 0xce, 0x9c, 0xce,
    0x9c, 0xc6, 0x7b, 0xc6, 0x7c, 0xc6, 0x7c, 0xc6, 0x9c, 0xc6, 0x7b, 0xc6,
    0x5c, 0xc6, 0x5c, 0xc6, 0x5b, 0xc6, 0x5b, 0xc6, 0x5c, 0xc6, 0x5b, 0xbe,
    0x5b, 0xc6, 0x3b, 0xbe, 0x3b, 0xbe, 0x3b, 0xbe, 0x3b, 0xbe, 0x3b, 0xbe,
    0x3b, 0xbe, 0x3b, 0xbe, 0x1a, 0xbe, 0x3b, 0xb6, 0x3b, 0xbe, 0x1b, 0xb6,
    0x1a, 0xb6, 0x1b, 0xb6, 0x1b, 0xb6, 0x1a, 0xb6, 0xfb, 0xb5, 0xfa, 0xb5,
    0xfb, 0xb5, 0xfa, 0xb5, 0xfa, 0xb5, 0x7f, 0xef, 0x9e, 0xf7, 0x7e, 0xef,
    0x7f, 0xf7, 0x9e, 0xef, 0x9e, 0xef, 0x7f, 0xef, 0x9f, 0xef, 0x9e, 0xf7,
    0x7e, 0xef, 0x9f, 0xf7, 0x9e, 0xf7, 0x7e, 0xef, 0x9f, 0xef, 0x9e, 0xef,
    0x7f, 0xef, 0x9e, 0xef, 0x9f, 0xef, 0x7e, 0xef, 0x7e, 0xef, 0x9f, 0xef,
    0x7e, 0xef, 0x7e, 0xef, 0x7f, 0xef, 0x7e, 0xef, 0x7f, 0xef, 0x7f, 0xef,
    0x7e, 0xef, 0x7e, 0xef, 0x7e, 0xef, 0x7e, 0xe7, 0x7e, 0xef, 0x5e, 0xef,
    0x7e, 0xef, 0x5e, 0xe7, 0x5e, 0xef, 0x5e, 0xe7, 0x5e, 0xe7, 0x5e, 0xe7,
    0x5e, 0xe7, 0x5e, 0xe7, 0x5e, 0xe7, 0x5e, 0xe7, 0x3d, 0xe7, 0x3e, 0xe7,
    0x3d, 0xe7, 0x3e, 0xe7, 0x3e, 0xe7, 0x3d, 0xdf, 0x3d, 0xdf, 0x3d, 0xdf,
    0x3e, 0xe7, 0x1d, 0xdf, 0x1d, 0xdf, 0x3e, 0xdf, 0x1d, 0xdf, 0x1d, 0xdf,
    0x1d, 0xdf, 0x1d, 0xdf, 0x1d, 0xdf, 0x1d, 0xdf, 0x1e, 0xdf, 0xfd, 0xde,
    0x1d, 0xdf, 0xfd, 0xde, 0x1d, 0xdf, 0xfd, 0xde, 0xfd, 0xde, 0xfd, 0xd6,
    0xfd, 0xde, 0xfd, 0xd6, 0xfd, 0xd6, 0xfd, 0xde, 0xfd, 0xd6, 0xfd, 0xd6,
    0xfd, 0xd6, 0xfd, 0xd6, 0xdd, 0xd6, 0xfd, 0xd6, 0xfd, 0xd6, 0xdd, 0xd6,
    0xfd, 0xd6, 0xdc, 0xd6, 0xfc, 0xd6, 0xdd, 0xd6, 0xdc, 0xd6, 0xdd, 0xd6,
    0xdd, 0xd6, 0xdc, 0xd6, 0xdc, 0xd6, 0xdd, 0xd6, 0xdd, 0xd6, 0xdd, 0xd6,
    0xdc, 0xd6, 0xdc, 0xd6, 0xdd, 0xd6, 0xdc, 0xd6, 0xdc, 0xd6, 0xdc, 0xd6,
    0xdc, 0xd6, 0xdd, 0xd6, 0xdd, 0xd6, 0xdc, 0xd6, 0xdc, 0xd6, 0xdd, 0xd6,
    0xdc, 0xd6, 0xdd, 0xd6, 0xdd, 0xd6, 0xdc, 0xd6, 0xdd, 0xd6, 0xdc, 0xd6,
    0xdd, 0xd6, 0xdd, 0xd6, 0xdd, 0xd6, 0xdd, 0xd6, 0xdd, 0xd6, 0xdd, 0xd6,
    0xdc, 0xd6, 0xdd, 0xd6, 0xdd, 0xd6, 0xdd, 0xd6, 0xdd, 0xd6, 0xdd, 0xd6,
    0xdd, 0xd6, 0xdd, 0xd6, 0xdd, 0xd6, 0xdd, 0xd6, 0xdd, 0xd6, 0xdd, 0xd6,
    0xdd, 0xd6, 0xdd, 0xd6, 0xfd, 0xd6, 0xdd, 0xd6, 0xdd, 0xd6, 0xfd, 0xd6,
    0xdd, 0xd6, 0xdd, 0xd6, 0xdd, 0xd6, 0xfd, 0xd6, 0xdc, 0xd6, 0xdd, 0xd6,
    0xfd, 0xd6, 0xdc, 0xd6, 0xdd, 0xd6, 0xdc, 0xd6, 0xfc, 0xd6, 0xdd, 0xd6,
    0xdd, 0xd6, 0xfc, 0xd6, 0xdc, 0xd6, 0xdc, 0xd6, 0xdd, 0xd6, 0xdc, 0xd6,
    0xdc, 0xd6, 0xdd, 0xd6, 0xdc, 0xd6, 0xdc, 0xd6, 0xdc, 0xd6, 0xdc, 0xd6,
    0xdc, 0xd6, 0xdd, 0xd6, 0xdc, 0xd6, 0xdc, 0xd6, 0xdd, 0xd6, 0xdc, 0xd6,
    0xdc, 0xd6, 0xdd, 0xd6, 0xdc, 0xd6, 0xdc, 0xd6, 0xdd, 0xd6, 0xdc, 0xd6,
    0xdd, 0xd6, 0xdc, 0xd6, 0xdd, 0xd6, 0xdd, 0xd6, 0xdc, 0xd6, 0xdd, 0xd6,
    0xdd, 0xd6, 0xdc, 0xd6, 0xdd, 0xd6, 0xdc, 0xd6, 0xdc, 0xd6, 0xdc, 0xd6,
    0xdd, 0xd6, 0xdc, 0xce, 0xdd, 0xd6, 0xdc, 0xd6, 0xdc, 0xce, 0xdd, 0xd6,
    0xdc, 0xd6, 0xdc, 0xce, 0xdd, 0xd6, 0xdd, 0xd6, 0xdc, 0xce, 0xbc, 0xd6,
    0xbc, 0xd6, 0xbc, 0xce, 0xbc, 0xce, 0xbc, 0xd6, 0xdc, 0xce, 0xbc, 0xd6,
    0xbc, 0xce, 0xbc, 0xce, 0xbc, 0xce, 0xbc, 0xce, 0xbc, 0xce, 0xbc, 0xce,
    0xbc, 0xd6, 0xbc, 0xce, 0xbc, 0xce, 0xbc, 0xce, 0xbc, 0xce, 0xbc, 0xce,
    0xbc, 0xce, 0x9c, 0xce, 0xbc, 0xce, 0x9c, 0xce, 0x9c, 0xce, 0x9c, 0xce,
    0xbc, 0xce, 0x9c, 0xce, 0x9c, 0xce, 0x9c, 0xce, 0x9c, 0xce, 0x9c, 0xc6,
    0x9c, 0xc6, 0x7c, 0xc6, 0x7b, 0xc6, 0x7b, 0xc6, 0x7c, 0xc6, 0x7b, 0xc6,
    0x7b, 0xc6, 0x7b, 0xc6, 0x7b, 0xc6, 0x5b, 0xc6, 0x5c, 0xc6, 0x5b, 0xc6,
    0x5b, 0xbe, 0x5b, 0xbe, 0x5b, 0xc6, 0x3b, 0xbe, 0x5b, 0xbe, 0x3b, 0xbe,
    0x5b, 0xbe, 0x3b, 0xbe, 0x3b, 0xbe, 0x3b, 0xbe, 0x1a, 0xb6, 0x1b, 0xb6,
    0x3a, 0xbe, 0x1b, 0xbe, 0x1a, 0xb6, 0x1a, 0xb6, 0x1a, 0xb6, 0xfa, 0xb5,
    0x1a, 0xb6, 0xfa, 0xb5, 0xfa, 0xb5, 0x1a, 0xb6, 0xfb, 0xb5, 0xfa, 0xb5,
    0x7f, 0xef, 0x9e, 0xef, 0x9f, 0xf7, 0x7f, 0xef, 0x7e, 0xf7, 0x9e, 0xf7,
    0x7f, 0xef, 0x7e, 0xef, 0x9e, 0xef, 0x7f, 0xef, 0x9e, 0xef, 0x7e, 0xef,
    0x7f, 0xf7, 0x9e, 0xef, 0x7e, 0xf7, 0x7e, 0xef, 0x9f, 0xef, 0x7e, 0xef,
    0x7e, 0xef, 0x7f, 0xf7, 0x7e, 0xef, 0x7e, 0xef, 0x7e, 0xef, 0x7e, 0xef,
    0x7e, 0xef, 0x7e, 0xef, 0x7e, 0xef, 0x7e, 0xef, 0x5e, 0xef, 0x7e, 0xef,
    0x7e, 0xef, 0x5e, 0xe7, 0x5e, 0xe7, 0x5e, 0xe7, 0x5e, 0xef, 0x5e, 0xef,
    0x7e, 0xe7, 0x5e, 0xe7, 0x5e, 0xe7, 0x5e, 0xef, 0x3d, 0xe7, 0x3e, 0xe7,
    0x3e, 0xe7, 0x3d, 0xe7, 0x3e, 0xe7, 0x3d, 0xe7, 0x3d, 0xe7, 0x3e, 0xdf,
    0x3d, 0xe7, 0x3e, 0xdf, 0x1e, 0xdf, 0x1d, 0xdf, 0x1d, 0xdf, 0x1d, 0xe7,
    0x1d, 0xdf, 0x1d, 0xdf, 0x1d, 0xdf, 0x1d, 0xdf, 0x1d, 0xdf, 0xfd, 0xde,
    0xfd, 0xde, 0xfd, 0xde, 0x1d, 0xdf, 0xfd, 0xde, 0xfd, 0xde, 0xfd, 0xd6,
    0xfd, 0xde, 0xfd, 0xd6, 0xfd, 0xde, 0xfd, 0xd6, 0xfd, 0xd6, 0xfd, 0xd6,
    0xfd, 0xd6, 0xfc, 0xd6, 0xdd, 0xd6, 0xfc, 0xd6, 0xdd, 0xd6, 0xdc, 0xd6,
    0xdc, 0xd6, 0xdd, 0xd6, 0xdc, 0xd6, 0xdc, 0xd6, 0xdd, 0xd6, 0xdd, 0xd6,
    0xdc, 0xd6, 0xdd, 0xd6, 0xdd, 0xd6, 0xdc, 0xd6, 0xdd, 0xd6, 0xdd, 0xd6,
    0xdc, 0xd6, 0xdc, 0xd6, 0xdc, 0xd6, 0xdd, 0xd6, 0xdd, 0xd6, 0xdc, 0xd6,
    0xdd, 0xd6, 0xdd, 0xd6, 0xfd, 0xd6, 0xdd, 0xd6, 0xdc, 0xd6, 0xdc, 0xd6,
    0xdd, 0xd6, 0xdc, 0xd6, 0xdc, 0xd6, 0xdd, 0xd6, 0xdc, 0xd6, 0xdc, 0xd6,
    0xdc, 0xd6, 0xdd, 0xd6, 0xdc, 0xd6, 0xdc, 0xd6, 0xdc, 0xd6, 0xdc, 0xd6,
    0xdc, 0xd6, 0xdc, 0xd6, 0xdc, 0xd6, 0xdc, 0xd6, 0xdc, 0xd6, 0xdc, 0xd6,
    0xdc, 0xd6, 0xdc, 0xd6, 0xdc, 0xd6, 0xdc, 0xd6, 0xdc, 0xd6, 0xdc, 0xd6,
    0xdc, 0xd6, 0xdc, 0xd6, 0xdc, 0xd6, 0xdc, 0xd6, 0xdc, 0xd6, 0xdc, 0xd6,
    0xdc, 0xd6, 0xdc, 0xd6, 0xdc, 0xd6, 0xdc, 0xd6, 0xdc, 0xd6, 0xdc, 0xd6,
    0xdc, 0xd6, 0xdc, 0xd6, 0xdc, 0xd6, 0xdc, 0xd6, 0xdd, 0xd6, 0xdc, 0xd6,
    0xdd, 0xd6, 0xdc, 0xd6, 0xdc, 0xd6, 0xdd, 0xd6, 0xdc, 0xd6, 0xdd, 0xd6,
    0xdd, 0xd6, 0xdc, 0xd6, 0xdc, 0xd6, 0xdd, 0xd6, 0xdc, 0xd6, 0xdd, 0xd6,
    0xdd, 0xd6, 0xdc, 0xd6, 0xdd, 0xd6, 0xdd, 0xd6, 0xdc, 0xd6, 0xdd, 0xd6,
    0xdd, 0xd6, 0xdc, 0xd6, 0xdd, 0xce, 0xdd, 0xd6, 0xdc, 0xd6, 0xdc, 0xce,
    0xdc, 0xd6, 0xbc, 0xd6, 0xbc, 0xce, 0xbc, 0xce, 0xbc, 0xd6, 0xbc, 0xce,
    0xbc, 0xd6, 0xbc, 0xce, 0xbc, 0xd6, 0xdc, 0xce, 0xbd, 0xce, 0xbc, 0xd6,
    0xdd, 0xce, 0xbc, 0xce, 0xbc, 0xd6, 0xbc, 0xce, 0xbc, 0xce, 0xbc, 0xd6,
    0xbd, 0xce, 0xbc, 0xce, 0xbc, 0xce, 0xbd, 0xd6, 0xbc, 0xce, 0xbc, 0xce,
    0xbc, 0xd6, 0xbc, 0xce, 0xbc, 0xce, 0xbc, 0xce, 0xbd, 0xce, 0xbc, 0xce,
    0xbc, 0xce, 0xbd, 0xce, 0xbc, 0xce, 0xbc, 0xd6, 0xbc, 0xce, 0xbc, 0xce,
    0xbc, 0xce, 0xbc, 0xce, 0xbc, 0xce, 0xbc, 0xce, 0xbc, 0xce, 0xbc, 0xce,
    0x9c, 0xce, 0xbc, 0xce, 0x9c, 0xce, 0x9c, 0xce, 0x9c, 0xce, 0x9c, 0xce,
    0x9c, 0xce, 0x9c, 0xce, 0x9c, 0xce, 0x9c, 0xce, 0x9c, 0xce, 0x9c, 0xce,
    0x9c, 0xc6, 0x9c, 0xce, 0x7c, 0xc6, 0x7b, 0xc6, 0x7b, 0xc6, 0x7c, 0xc6,
    0x7c, 0xc6, 0x7b, 0xc6, 0x7c, 0xc6, 0x7b, 0xc6, 0x5c, 0xc6, 0x5b, 0xc6,
    0x5b, 0xc6, 0x5b, 0xc6, 0x5b, 0xbe, 0x5c, 0xbe, 0x5b, 0xbe, 0x3b, 0xbe,
    0x3b, 0xbe, 0x3b, 0xbe, 0x3b, 0xbe, 0x3b, 0xbe, 0x3b, 0xbe, 0x3b, 0xbe,
    0x3b, 0xbe, 0x3b, 0xb6, 0x3a, 0xbe, 0x1b, 0xb6, 0x1b, 0xb6, 0x1a, 0xb6,
    0x1b, 0xb6, 0x1b, 0xbe, 0xfa, 0xb5, 0xfa, 0xb5, 0xfb, 0xb5, 0xfa, 0xb5,
    0x1a, 0xb6, 0xfa, 0xad, 0xfa, 0xad, 0x7e, 0xef, 0x9f, 0xf7, 0x7e, 0xef,
    0x9f, 0xef, 0x9f, 0xef, 0x7e, 0xf7, 0x9f, 0xf7, 0x9e, 0xef, 0x7e, 0xef,
    0x9f, 0xf7, 0x7e, 0xef, 0x9f, 0xef, 0x7e, 0xef, 0x9f, 0xef, 0x7e, 0xef,
    0x9f, 0xf7, 0x7e, 0xf7, 0x7e, 0xef, 0x7f, 0xef, 0x9f, 0xef, 0x7e, 0xef,
    0x7f, 0xef, 0x7f, 0xef, 0x7e, 0xef, 0x7e, 0xef, 0x7e, 0xef, 0x7e, 0xef,
    0x7e, 0xe7, 0x5e, 0xe7, 0x7e, 0xef, 0x7f, 0xef, 0x5e, 0xef, 0x5e, 0xe7,
    0x5e, 0xe7, 0x5e, 0xe7, 0x7e, 0xe7, 0x5e, 0xe7, 0x5e, 0xe7, 0x5e, 0xe7,
    0x3e, 0xe7, 0x5e, 0xe7, 0x3d, 0xe7, 0x3d, 0xe7, 0x5e, 0xe7, 0x3e, 0xe7,
    0x3e, 0xe7, 0x3e, 0xdf, 0x3d, 0xdf, 0x3e, 0xe7, 0x1d, 0xe7, 0x1d, 0xdf,
    0x1e, 0xe7, 0x3e, 0xe7, 0x1d, 0xdf, 0x1d, 0xdf, 0x1e, 0xdf, 0x1d, 0xdf,
    0x1d, 0xdf, 0xfe, 0xde, 0x1d, 0xdf, 0x1d, 0xdf, 0xfd, 0xde, 0xfd, 0xde,
    0xfd, 0xde, 0xfd, 0xd6, 0xfd, 0xde, 0xfd, 0xd6, 0xfd, 0xd6, 0xfd, 0xd6,
    0xdd, 0xd6, 0xdd, 0xde, 0xdc, 0xd6, 0xdd, 0xde, 0xdd, 0xd6, 0xdd, 0xd6,
    0xdc, 0xd6, 0xdd, 0xd6, 0xdd, 0xd6, 0xdc, 0xd6, 0xdd, 0xd6, 0xdd, 0xd6,
    0xdc, 0xd6, 0xdd, 0xd6, 0xdc, 0xd6, 0xdc, 0xd6, 0xdd, 0xd6, 0xdc, 0xd6,
    0xdc, 0xd6, 0xdd, 0xd6, 0xdc, 0xd6, 0xdc, 0xd6, 0xdd, 0xd6, 0xdc, 0xd6,
    0xdd, 0xd6, 0xdc, 0xd6, 0xdc, 0xd6, 0xdd, 0xd6, 0xdc, 0xd6, 0xdc, 0xd6,
    0xdd, 0xd6, 0xdc, 0xd6, 0xdd, 0xd6, 0xdd, 0xd6, 0xdd, 0xd6, 0xdc, 0xd6,
    0xdd, 0xd6, 0xdd, 0xd6, 0xdc, 0xd6, 0xdd, 0xd6, 0xdd, 0xd6, 0xdc, 0xd6,
    0xdd, 0xd6, 0xdd, 0xd6, 0xdc, 0xd6, 0xdd, 0xd6, 0xdd, 0xd6, 0xdd, 0xd6,
    0xdd, 0xd6, 0xdd, 0xd6, 0xdd, 0xd6, 0xdd, 0xd6, 0xdc, 0xce, 0xdd, 0xd6,
    0xdd, 0xce, 0xdc, 0xd6, 0xdd, 0xce, 0xdd, 0xd6, 0xdd, 0xce, 0xdc, 0xd6,
    0xdd, 0xd6, 0xdd, 0xce, 0xdc, 0xd6, 0xdd, 0xd6, 0xdd, 0xce, 0xdc, 0xd6,
    0xdd, 0xd6, 0xdd, 0xce, 0xdc, 0xd6, 0xdd, 0xd6, 0xdd, 0xce, 0xdd, 0xd6,
    0xdc, 0xd6, 0xdd, 0xce, 0xdd, 0xd6, 0xbc, 0xd6, 0xdc, 0xce, 0xbd, 0xd6,
    0xbc, 0xd6, 0xdc, 0xce, 0xbc, 0xd6, 0xbd, 0xce, 0xbc, 0xce, 0xbc, 0xd6,
    0xbd, 0xce, 0xbc, 0xce, 0xbc, 0xd6, 0xdc, 0xce, 0xbd, 0xce, 0xbc, 0xce,
    0xbc, 0xce, 0xbc, 0xce, 0xbc, 0xce, 0xbc, 0xce, 0xbc, 0xce, 0xbc, 0xd6,
    0xbd, 0xce, 0xbc, 0xce, 0xbd, 0xce, 0xbd, 0xd6, 0xbc, 0xce, 0xbd, 0xce,
    0xbd, 0xd6, 0xbc, 0xce, 0xbd, 0xce, 0xbd, 0xd6, 0xbc, 0xce, 0xbc, 0xce,
    0xbd, 0xd6, 0xbc, 0xce, 0xbc, 0xce, 0xbc, 0xce, 0xbc, 0xce, 0xbc, 0xce,
    0xbc, 0xce, 0xbc, 0xce, 0xbc, 0xce, 0xbc, 0xce, 0xbc, 0xce, 0xbc, 0xce,
    0xbc, 0xce, 0xbc, 0xce, 0xbc, 0xce, 0xbc, 0xce, 0xbc, 0xce, 0xbc, 0xce,
    0xbc, 0xce, 0xbc, 0xd6, 0xbc, 0xce, 0xbc, 0xce, 0x9c, 0xce, 0xbc, 0xce,
    0xbc, 0xce, 0x9d, 0xce, 0xbc, 0xce, 0x9c, 0xd6, 0xbc, 0xce, 0x9c, 0xce,
    0x9c, 0xce, 0x9c, 0xce, 0x9c, 0xce, 0x9c, 0xce, 0x9c, 0xce, 0x9c, 0xce,
    0x9c, 0xce, 0x9c, 0xce, 0x9c, 0xce, 0x9c, 0xce, 0x9c, 0xce, 0x9c, 0xce,
    0x9c, 0xc6, 0x9c, 0xc6, 0x7c, 0xc6, 0x7b, 0xc6, 0x7c, 0xc6, 0x7b, 0xc6,
    0x7c, 0xce, 0x7c, 0xc6, 0x7b, 0xc6, 0x7c, 0xc6, 0x7b, 0xc6, 0x7b, 0xc6,
    0x5c, 0xc6, 0x5b, 0xc6, 0x5b, 0xc6, 0x5c, 0xbe, 0x5b, 0xbe, 0x5b, 0xc6,
    0x5b, 0xc6, 0x3b, 0xbe, 0x3b, 0xbe, 0x3b, 0xbe, 0x3b, 0xbe, 0x3b, 0xbe,
    0x3b, 0xbe, 0x3b, 0xbe, 0x3b, 0xbe, 0x1a, 0xb6, 0x1b, 0xbe, 0x1b, 0xb6,
    0x1a, 0xb6, 0x1a, 0xb6, 0x1b, 0xbe, 0x1b, 0xb6, 0xfa, 0xb5, 0x1b, 0xb6,
    0xfa, 0xb5, 0xfa, 0xb5, 0xfb, 0xb5, 0xfa, 0xb5, 0xfa, 0xad, 0xfa, 0xad,
    0x7e, 0xef, 0x9f, 0xf7, 0x7e, 0xef, 0x7e, 0xef, 0x9f, 0xf7, 0x7e, 0xef,
    0x7f, 0xef, 0x9e, 0xef, 0x7f, 0xf7, 0x7e, 0xef, 0x9e, 0xef, 0x7f, 0xf7,
    0x9e, 0xef, 0x7e, 0xef, 0x9f, 0xef, 0x9e, 0xef, 0x9f, 0xef, 0x7e, 0xef,
    0x7e, 0xef, 0x7e, 0xef, 0x7e, 0xef, 0x7f, 0xef, 0x7e, 0xef, 0x7e, 0xef,
    0x7e, 0xef, 0x7e, 0xef, 0x7e, 0xef, 0x5e, 0xef, 0x7e, 0xef, 0x7e, 0xe7,
    0x5e, 0xe7, 0x5e, 0xef, 0x5e, 0xef, 0x7e, 0xe7, 0x5e, 0xef, 0x5e, 0xe7,
    0x5e, 0xef, 0x5e, 0xe7, 0x3e, 0xe7, 0x3d, 0xe7, 0x5e, 0xe7, 0x3e, 0xe7,
    0x3e, 0xe7, 0x3d, 0xe7, 0x3e, 0xdf, 0x3e, 0xe7, 0x3d, 0xdf, 0x3d, 0xdf,
    0x1e, 0xdf, 0x1d, 0xe7, 0x1d, 0xdf, 0x1d, 0xdf, 0x1d, 0xdf, 0x1d, 0xdf,
    0x1d, 0xdf, 0x1d, 0xdf, 0xfd, 0xde, 0xfd, 0xde, 0x1d, 0xdf, 0xfd, 0xde,
    0xfd, 0xde, 0xfd, 0xd6, 0xfd, 0xde, 0xfd, 0xd6, 0xfd, 0xd6, 0xdd, 0xd6,
    0xfd, 0xde, 0xdd, 0xd6, 0xfd, 0xd6, 0xdd, 0xde, 0xdc, 0xd6, 0xdd, 0xd6,
    0xdc, 0xd6, 0xdd, 0xd6, 0xdc, 0xd6, 0xdc, 0xd6, 0xdd, 0xd6, 0xdc, 0xd6,
    0xdd, 0xd6, 0xdc, 0xd6, 0xdd, 0xd6, 0xdd, 0xd6, 0xdc, 0xd6, 0xdd, 0xd6,
    0xdd, 0xd6, 0xdc, 0xd6, 0xdd, 0xd6, 0xdc, 0xd6, 0xdd, 0xd6, 0xdd, 0xd6,
    0xdc, 0xd6, 0xdd, 0xd6, 0xdd, 0xce, 0xbc, 0xd6, 0xdc, 0xd6, 0xdc, 0xd6,
    0xbd, 0xd6, 0xdc, 0xd6, 0xbc, 0xce, 0xdc, 0xd6, 0xdc, 0xd6, 0xdc, 0xce,
    0xdc, 0xce, 0xdc, 0xd6, 0xdc, 0xce, 0xbc, 0xce, 0xdc, 0xd6, 0xdc, 0xce,
    0xdc, 0xce, 0xdc, 0xd6, 0xbc, 0xce, 0xbd, 0xce, 0xbc, 0xce, 0xdc, 0xd6,
    0xdc, 0xce, 0xbc, 0xd6, 0xdc, 0xce, 0xdc, 0xce, 0xbc, 0xd6, 0xdc, 0xce,
    0xdc, 0xd6, 0xbd, 0xd6, 0xdc, 0xce, 0xbc, 0xd6, 0xbd, 0xd6, 0xdc, 0xce,
    0xbc, 0xd6, 0xbc, 0xce, 0xbd, 0xce, 0xbc, 0xce, 0xbc, 0xce, 0xbd, 0xce,
    0xbc, 0xce, 0xbc, 0xce, 0xbc, 0xce, 0xbd, 0xd6, 0xbc, 0xce, 0xbc, 0xce,
    0xbc, 0xce, 0xbd, 0xce, 0xbc, 0xd6, 0xbc, 0xce, 0xbc, 0xce, 0xbc, 0xce,
    0xbc, 0xce, 0xbc, 0xce, 0xbc, 0xce, 0xbc, 0xce, 0xbc, 0xce, 0xbc, 0xce,
    0xbc, 0xce, 0xbc, 0xce, 0xbc, 0xce, 0xbc, 0xce, 0xbc, 0xce, 0xbc, 0xce,
    0xbc, 0xd6, 0xbc, 0xce, 0xbc, 0xce, 0xbc, 0xce, 0xbc, 0xce, 0xbc, 0xce,
    0xbc, 0xce, 0xbc, 0xce, 0xbc, 0xce, 0xbc, 0xce, 0xbc, 0xce, 0xbc, 0xce,
    0xbc, 0xce, 0xbc, 0xce, 0xbc, 0xce, 0xbc, 0xce, 0xbc, 0xce, 0xbc, 0xce,
    0xbc, 0xce, 0xbc, 0xce, 0xbc, 0xce, 0xbc, 0xce, 0xbc, 0xce, 0xbc, 0xce,
    0x9c, 0xce, 0xbc, 0xce, 0x9d, 0xce, 0x9c, 0xce, 0x9c, 0xce, 0x9c, 0xce,
    0x9c, 0xce, 0x9c, 0xce, 0x9c, 0xce, 0x9c, 0xce, 0xbc, 0xce, 0x9c, 0xce,
    0x9c, 0xce, 0x9d, 0xce, 0x9c, 0xce, 0xbc, 0xce, 0x9c, 0xce, 0x9c, 0xce,
    0xbc, 0xce, 0x9c, 0xce, 0x9c, 0xce, 0xbc, 0xce, 0x9c, 0xce, 0x9c, 0xce,
    0x9c, 0xce, 0x9c, 0xce, 0x9c, 0xce, 0x9c, 0xce, 0x9c, 0xce, 0x9c, 0xce,
    0x9c, 0xce, 0x9c, 0xce, 0x9c, 0xce, 0x9c, 0xc6, 0x9c, 0xc6, 0x7c, 0xc6,
    0x9c, 0xc6, 0x9c, 0xc6, 0x7b, 0xc6, 0x7c, 0xc6, 0x7c, 0xc6, 0x7b, 0xc6,
    0x7c, 0xce, 0x7c, 0xc6, 0x7b, 0xc6, 0x7b, 0xc6, 0x7b, 0xc6, 0x7b, 0xc6,
    0x7b, 0xc6, 0x5c, 0xc6, 0x5b, 0xc6, 0x5b, 0xc6, 0x5b, 0xbe, 0x5b, 0xbe,
    0x5c, 0xc6, 0x5b, 0xbe, 0x5b, 0xbe, 0x3b, 0xbe, 0x3b, 0xbe, 0x3b, 0xbe,
    0x5b, 0xbe, 0x3b, 0xbe, 0x3b, 0xbe, 0x3b, 0xbe, 0x3a, 0xbe, 0x1a, 0xb6,
    0x3b, 0xbe, 0x1a, 0xb6, 0x1a, 0xb6, 0x1b, 0xb6, 0x1a, 0xb6, 0x1a, 0xb6,
    0xfa, 0xb5, 0xfa, 0xb5, 0xfa, 0xb5, 0x1a, 0xb6, 0xfa, 0xb5, 0x1a, 0xb6,
    0xfb, 0xad, 0xfa, 0xb5, 0xfa, 0xb5, 0x9f, 0xef, 0x7e, 0xef, 0x9f, 0xf7,
    0x7e, 0xf7, 0x9f, 0xef, 0x9f, 0xef, 0x7e, 0xef, 0x9f, 0xf7, 0x9e, 0xef,
    0x7e, 0xef, 0x9f, 0xef, 0x9e, 0xef, 0x7e, 0xf7, 0x7f, 0xef, 0x9e, 0xf7,
    0x7e, 0xef, 0x7f, 0xef, 0x7f, 0xef, 0x7e, 0xef, 0x7e, 0xef, 0x7e, 0xef,
    0x7e, 0xef, 0x7e, 0xef, 0x7e, 0xef, 0x7e, 0xef, 0x7f, 0xe7, 0x5e, 0xef,
    0x5e, 0xe7, 0x7e, 0xef, 0x5e, 0xef, 0x5e, 0xe7, 0x5e, 0xe7, 0x5e, 0xe7,
    0x5e, 0xe7, 0x5e, 0xe7, 0x5e, 0xe7, 0x5e, 0xe7, 0x5e, 0xe7, 0x3d, 0xe7,
    0x3e, 0xe7, 0x3d, 0xe7, 0x3e, 0xe7, 0x3e, 0xe7, 0x3d, 0xdf, 0x3d, 0xe7,
    0x3d, 0xdf, 0x1e, 0xe7, 0x3e, 0xdf, 0x3d, 0xdf, 0x1e, 0xdf, 0x1d, 0xdf,
    0x1d, 0xdf, 0x1d, 0xdf, 0x1e, 0xdf, 0xfd, 0xde, 0xfd, 0xde, 0xfd, 0xde,
    0xfd, 0xde, 0xfd, 0xde, 0xfd, 0xd6, 0xfd, 0xd6, 0xfd, 0xd6, 0xfd, 0xd6,
    0xfd, 0xde, 0xdd, 0xd6, 0xfd, 0xd6, 0xdd, 0xd6, 0xdc, 0xd6, 0xdd, 0xd6,
    0xdd, 0xd6, 0xfc, 0xd6, 0xdc, 0xd6, 0xdd, 0xd6, 0xdc, 0xd6, 0xdd, 0xd6,
    0xdc, 0xd6, 0xdc, 0xd6, 0xdd, 0xd6, 0xdc, 0xd6, 0xdc, 0xd6, 0xdc, 0xd6,
    0xdd, 0xd6, 0xdc, 0xce, 0xdc, 0xd6, 0xbc, 0xce, 0xbc, 0xce, 0xdc, 0xd6,
    0xbc, 0xce, 0xbc, 0xce, 0xbc, 0xce, 0xbc, 0xd6, 0xbc, 0xce, 0xbc, 0xce,
    0xbd, 0xce, 0xbc, 0xce, 0xbd, 0xce, 0xbc, 0xce, 0xbd, 0xce, 0xbc, 0xce,
    0xbc, 0xce, 0xbd, 0xce, 0xbc, 0xce, 0xbc, 0xce, 0xbc, 0xce, 0xbd, 0xce,
    0xbc, 0xce, 0xbc, 0xce, 0xbc, 0xce, 0x9c, 0xce, 0xbc, 0xce, 0xbc, 0xce,
    0xbc, 0xce, 0xbc, 0xce, 0xbc, 0xce, 0xbc, 0xce, 0xbc, 0xce, 0xbc, 0xce,
    0xbc, 0xce, 0xbc, 0xce, 0xbc, 0xce, 0xbc, 0xce, 0xbc, 0xce, 0xbc, 0xce,
    0xbc, 0xce, 0xbc, 0xce, 0xbc, 0xce, 0xbc, 0xce, 0xbc, 0xce, 0xbc, 0xce,
    0xbc, 0xd6, 0xbc, 0xce, 0xbc, 0xce, 0xbc, 0xd6, 0xbc, 0xce, 0xbc, 0xce,
    0xbc, 0xce, 0xbc, 0xce, 0xbc, 0xce, 0xbc, 0xce, 0xbc, 0xce, 0xbc, 0xce,
    0xbc, 0xce, 0xbc, 0xce, 0xbc, 0xce, 0xbc, 0xce, 0x9c, 0xce, 0xbc, 0xce,
    0xbc, 0xce, 0x9d, 0xce, 0xbc, 0xce, 0xbc, 0xce, 0xbc, 0xce, 0xbc, 0xce,
    0xbc, 0xd6, 0xbd, 0xce, 0xbc, 0xce, 0x9c, 0xce, 0xbc, 0xce, 0xbc, 0xce,
    0xbc, 0xd6, 0x9d, 0xce, 0xbc, 0xce, 0xbc, 0xd6, 0xbc, 0xce, 0x9c, 0xce,
    0xbc, 0xce, 0xbc, 0xce, 0x9c, 0xce, 0xbc, 0xce, 0xbc, 0xce, 0x9c, 0xce,
    0xbc, 0xce, 0xbc, 0xce, 0x9c, 0xce, 0xbc, 0xce, 0x9c, 0xce, 0x9c, 0xce,
    0xbc, 0xce, 0x9c, 0xce, 0x9c, 0xce, 0x9c, 0xce, 0x9c, 0xce, 0x9c, 0xce,
    0x9c, 0xce, 0x9c, 0xce, 0x9c, 0xce, 0x9c, 0xce, 0x9c, 0xce, 0x9c, 0xce,
    0x9c, 0xce, 0x9c, 0xce, 0x9c, 0xce, 0x9c, 0xce, 0x9c, 0xce, 0x9c, 0xce,
    0x9c, 0xce, 0x9c, 0xce, 0x9c, 0xce, 0x9c, 0xce, 0x9c, 0xce, 0x9c, 0xce,
    0x9c, 0xce, 0x9c, 0xce, 0x9c, 0xce, 0x9c, 0xce, 0x9c, 0xce, 0x9c, 0xce,
    0x9c, 0xce, 0x9c, 0xc6, 0x9c, 0xc6, 0x9c, 0xc6, 0x9c, 0xc6, 0x7c, 0xc6,
    0x7c, 0xce, 0x9c, 0xc6, 0x7c, 0xc6, 0x7b, 0xc6, 0x7c, 0xc6, 0x7b, 0xc6,
    0x7c, 0xc6, 0x7b, 0xc6, 0x7b, 0xc6, 0x7b, 0xc6, 0x7b, 0xc6, 0x7c, 0xc6,
    0x7b, 0xc6, 0x5c, 0xc6, 0x5b, 0xc6, 0x5c, 0xc6, 0x5b, 0xc6, 0x5b, 0xc6,
    0x5c, 0xbe, 0x5b, 0xbe, 0x5b, 0xc6, 0x3b, 0xbe, 0x3b, 0xbe, 0x3b, 0xbe,
    0x3b, 0xbe, 0x3b, 0xbe, 0x5b, 0xbe, 0x3b, 0xbe, 0x3b, 0xbe, 0x3b, 0xbe,
    0x3b, 0xbe, 0x1a, 0xb6, 0x1b, 0xb6, 0x1b, 0xb6, 0x1b, 0xbe, 0x1a, 0xb6,
    0x1b, 0xbe, 0x1b, 0xb6, 0xfa, 0xb5, 0xfa, 0xb5, 0xfb, 0xb5, 0xfa, 0xb5,
    0xfa, 0xb5, 0xfb, 0xad, 0xfa, 0xad, 0xfa, 0xb5, 0xfb, 0xb5, 0xfa, 0xad,
    0x7e, 0xef, 0x9f, 0xef, 0x7e, 0xf7, 0x9f, 0xef, 0x7e, 0xef, 0x7e, 0xf7,
    0x9e, 0xef, 0x7f, 0xf7, 0x9e, 0xef, 0x7f, 0xef, 0x7e, 0xf7, 0x9e, 0xef,
    0x7f, 0xef, 0x9e, 0xef, 0x7e, 0xef, 0x9f, 0xf7, 0x7e, 0xef, 0x7e, 0xef,
    0x7f, 0xef, 0x7f, 0xef, 0x7e, 0xef, 0x7e, 0xef, 0x7f, 0xef, 0x7e, 0xef,
    0x7e, 0xef, 0x7e, 0xef, 0x7e, 0xef, 0x7e, 0xef, 0x5e, 0xe7, 0x7e, 0xef,
    0x5e, 0xef, 0x5e, 0xef, 0x7e, 0xe7, 0x5e, 0xe7, 0x5e, 0xef, 0x5e, 0xe7,
    0x3e, 0xe7, 0x5e, 0xe7, 0x3e, 0xe7, 0x3d, 0xe7, 0x5e, 0xe7, 0x3d, 0xe7,
    0x3d, 0xdf, 0x3e, 0xdf, 0x3e, 0xe7, 0x1d, 0xdf, 0x1e, 0xdf, 0x1d, 0xe7,
    0x1d, 0xdf, 0x1d, 0xdf, 0x1e, 0xdf, 0x1d, 0xdf, 0xfd, 0xde, 0xfd, 0xde,
    0xfd, 0xde, 0xfd, 0xde, 0xfd, 0xd6, 0xfd, 0xde, 0xfd, 0xd6, 0xfd, 0xde,
    0xfd, 0xd6, 0xdd, 0xd6, 0xdd, 0xd6, 0xdd, 0xd6, 0xfd, 0xd6, 0xdc, 0xd6,
    0xdd, 0xd6, 0xdc, 0xd6, 0xdc, 0xd6, 0xdd, 0xd6, 0xdc, 0xd6, 0xdd, 0xd6,
    0xdd, 0xd6, 0xdc, 0xd6, 0xdd, 0xd6, 0xdc, 0xce, 0xdd, 0xd6, 0xbc, 0xd6,
    0xdd, 0xce, 0xdc, 0xd6, 0xbc, 0xce, 0xbd, 0xce, 0xbc, 0xd6, 0xbc, 0xce,
    0xbd, 0xd6, 0xbd, 0xce, 0xbc, 0xce, 0xbc, 0xce, 0xbc, 0xce, 0xbd, 0xce,
    0xbc, 0xce, 0xbc, 0xce, 0xbc, 0xce, 0x9c, 0xce, 0xbc, 0xce, 0xbc, 0xce,
    0xbc, 0xce, 0x9c, 0xce, 0xbc, 0xce, 0xbc, 0xce, 0x9c, 0xce, 0x9c, 0xce,
    0x9c, 0xce, 0x9c, 0xce, 0x9c, 0xce, 0x9c, 0xce, 0x9c, 0xce, 0x9d, 0xce,
    0x9c, 0xce, 0xbc, 0xce, 0x9c, 0xce, 0x9c, 0xce, 0xbc, 0xce, 0x9c, 0xce,
    0x9c, 0xce, 0x9d, 0xce, 0x9c, 0xce, 0x9c, 0xce, 0x9c, 0xce, 0x9c, 0xce,
    0x9c, 0xce, 0x9c, 0xce, 0x9c, 0xce, 0x9c, 0xce, 0xbc, 0xce, 0x9c, 0xce,
    0x9c, 0xce, 0xbc, 0xce, 0x9c, 0xce, 0x9c, 0xce, 0xbc, 0xce, 0x9c, 0xce,
    0x9c, 0xce, 0x9c, 0xce, 0x9c, 0xce, 0x9c, 0xce, 0x9c, 0xce, 0x9c, 0xce,
    0x9c, 0xce, 0x9c, 0xce, 0x9c, 0xce, 0x9c, 0xce, 0x9c, 0xce, 0x9c, 0xce,
    0x9c, 0xce, 0xbd, 0xce, 0x9c, 0xce, 0x9c, 0xce, 0xbc, 0xce, 0x9c, 0xce,
    0x9c, 0xce, 0x9d, 0xce, 0xbc, 0xce, 0x9c, 0xce, 0x9c, 0xce, 0xbc, 0xce,
    0x9c, 0xce, 0x9d, 0xce, 0xbc, 0xce, 0x9c, 0xce, 0x9c, 0xce, 0x9c, 0xce,
    0xbc, 0xce, 0x9c, 0xce, 0x9c, 0xce, 0x9c, 0xce, 0x9c, 0xce, 0x9c, 0xce,
    0x9c, 0xce, 0x9c, 0xce, 0x9c, 0xce, 0x9c, 0xce, 0x9c, 0xce, 0x9c, 0xce,
    0x9c, 0xce, 0x9c, 0xce, 0x9c, 0xce, 0x9c, 0xce, 0x9c, 0xce, 0x9c, 0xce,
    0x9c, 0xce, 0x9c, 0xce, 0x9c, 0xce, 0x9c, 0xce, 0x9c, 0xce, 0x9c, 0xce,
    0x9c, 0xce, 0x9c, 0xce, 0x9c, 0xce, 0x9c, 0xce, 0x9c, 0xce, 0x9c, 0xce,
    0x9c, 0xce, 0x9c, 0xce, 0x9c, 0xce, 0x9c, 0xce, 0x9c, 0xce, 0x9c, 0xce,
    0x9c, 0xc6, 0x9c, 0xce, 0x9c, 0xce, 0x9c, 0xc6, 0x9c, 0xc6, 0x9c, 0xce,
    0x9c, 0xc6, 0x7c, 0xc6, 0x7c, 0xc6, 0x7c, 0xc6, 0x7c, 0xc6, 0x7c, 0xce,
    0x7b, 0xc6, 0x7b, 0xc6, 0x7c, 0xc6, 0x7b, 0xc6, 0x7b, 0xce, 0x7c, 0xc6,
    0x7b, 0xc6, 0x7c, 0xce, 0x7c, 0xc6, 0x7b, 0xc6, 0x7b, 0xc6, 0x7c, 0xc6,
    0x5b, 0xc6, 0x5b, 0xc6, 0x5c, 0xc6, 0x5b, 0xc6, 0x5b, 0xc6, 0x5c, 0xc6,
    0x7b, 0xc6, 0x5b, 0xbe, 0x5b, 0xbe, 0x5b, 0xbe, 0x5b, 0xc6, 0x3b, 0xbe,
    0x3b, 0xbe, 0x3b, 0xbe, 0x3b, 0xbe, 0x5b, 0xc6, 0x3b, 0xbe, 0x3b, 0xbe,
    0x3b, 0xbe, 0x3b, 0xbe, 0x1a, 0xb6, 0x1b, 0xb6, 0x3b, 0xbe, 0x1a, 0xb6,
    0x1a, 0xb6, 0x1b, 0xb6, 0x1a, 0xb6, 0x1b, 0xb6, 0xfa, 0xb5, 0x1a, 0xb6,
    0xfb, 0xb5, 0x1a, 0xb6, 0xfa, 0xb5, 0xfb, 0xb5, 0xfa, 0xad, 0xfa, 0xb5,
    0xfa, 0xad, 0xfa, 0xad, 0xfa, 0xad, 0x7e, 0xef, 0x9f, 0xf7, 0x9f, 0xef,
    0x7e, 0xef, 0x9f, 0xf7, 0x7e, 0xef, 0x9f, 0xef, 0x7e, 0xef, 0x7e, 0xef,
    0x9f, 0xef, 0x9e, 0xf7, 0x7f, 0xef, 0x9f, 0xef, 0x9e, 0xef, 0x7e, 0xef,
    0x9f, 0xef, 0x7e, 0xef, 0x7e, 0xef, 0x7e, 0xef, 0x7f, 0xef, 0x7e, 0xef,
    0x7e, 0xef, 0x7e, 0xef, 0x7e, 0xef, 0x5e, 0xe7, 0x7e, 0xef, 0x7e, 0xef,
    0x5e, 0xe7, 0x5e, 0xe7, 0x5e, 0xe7, 0x5e, 0xef, 0x5e, 0xe7, 0x5e, 0xe7,
    0x5e, 0xe7, 0x5e, 0xe7, 0x3e, 0xe7, 0x3e, 0xe7, 0x3d, 0xe7, 0x3e, 0xe7,
    0x3e, 0xe7, 0x3e, 0xe7, 0x3e, 0xe7, 0x3d, 0xdf, 0x3e, 0xe7, 0x1e, 0xdf,
    0x1d, 0xdf, 0x3d, 0xe7, 0x1d, 0xdf, 0x1d, 0xdf, 0x1d, 0xdf, 0x1d, 0xdf,
    0xfd, 0xde, 0xfd, 0xde, 0xfd, 0xde, 0xfd, 0xd6, 0xfd, 0xde, 0xfd, 0xd6,
    0xfd, 0xd6, 0xfd, 0xd6, 0xdd, 0xd6, 0xfd, 0xde, 0xfd, 0xd6, 0xdc, 0xd6,
    0xdd, 0xd6, 0xdc, 0xd6, 0xdd, 0xd6, 0xdc, 0xd6, 0xdd, 0xd6, 0xdd, 0xd6,
    0xdc, 0xd6, 0xdd, 0xd6, 0xdc, 0xce, 0xbc, 0xce, 0xbc, 0xd6, 0xdc, 0xce,
    0xbd, 0xd6, 0xbc, 0xce, 0xbc, 0xce, 0xbd, 0xce, 0xbd, 0xd6, 0xbc, 0xce,
    0xbc, 0xce, 0xbc, 0xce, 0xbc, 0xce, 0xbc, 0xd6, 0xbc, 0xce, 0xbc, 0xce,
    0xbc, 0xce, 0x9c, 0xce, 0xbc, 0xce, 0x9c, 0xce, 0xbc, 0xce, 0x9c, 0xce,
    0xbc, 0xce, 0x9c, 0xd6, 0xbc, 0xce, 0x9c, 0xce, 0xbc, 0xce, 0x9c, 0xce,
    0x9c, 0xce, 0xbc, 0xce, 0xbc, 0xce, 0x9d, 0xce, 0xbc, 0xce, 0xbc, 0xce,
    0xbc, 0xce, 0x9c, 0xce, 0xbc, 0xce, 0xbc, 0xce, 0x9c, 0xce, 0xbd, 0xce,
    0x9c, 0xce, 0xbc, 0xce, 0x9c, 0xce, 0xbc, 0xce, 0xbc, 0xce, 0x9c, 0xce,
    0xbc, 0xce, 0xbc, 0xce, 0x9d, 0xce, 0xbc, 0xce, 0xbc, 0xce, 0x9c, 0xce,
    0xbc, 0xce, 0x9c, 0xce, 0x9c, 0xce, 0xbc, 0xce, 0x9c, 0xce, 0xbc, 0xce,
    0x9c, 0xce, 0x9c, 0xce, 0xbc, 0xce, 0xbc, 0xce, 0x9c, 0xce, 0xbc, 0xce,
    0xbc, 0xce, 0xbc, 0xce, 0x9c, 0xce, 0xbc, 0xce, 0xbc, 0xce, 0x9c, 0xce,
    0xbc, 0xce, 0xbd, 0xce, 0x9c, 0xce, 0x9c, 0xce, 0x9c, 0xce, 0x9c, 0xce,
    0x9c, 0xce, 0x9c, 0xce, 0x9c, 0xce, 0x9c, 0xce, 0x9c, 0xce, 0x9c, 0xce,
    0x9c, 0xce, 0x9c, 0xce, 0x9c, 0xce, 0x9c, 0xce, 0x9c, 0xce, 0x9c, 0xce,
    0x9c, 0xce, 0x9c, 0xce, 0x9c, 0xce, 0x9c, 0xce, 0x9c, 0xce, 0x9c, 0xce,
    0x9c, 0xce, 0x9c, 0xce, 0x9c, 0xce, 0x9c, 0xce, 0x9c, 0xce, 0x9c, 0xce,
    0x9c, 0xce, 0x9c, 0xce, 0x9c, 0xce, 0x9c, 0xce, 0x9c, 0xce, 0x9c, 0xce,
    0x9c, 0xce, 0x9c, 0xce, 0x9c, 0xce, 0x9c, 0xce, 0x9c, 0xce, 0x9c, 0xce,
    0x9c, 0xce, 0x9c, 0xce, 0x9c, 0xce, 0x9c, 0xce, 0x9c, 0xce, 0x9c, 0xce,
    0x9c, 0xc6, 0x9c, 0xce, 0x9c, 0xc6, 0x9c, 0xc6, 0x9c, 0xce, 0x9c, 0xc6,
    0x7c, 0xc6, 0x7c, 0xc6, 0x9c, 0xc6, 0x7c, 0xc6, 0x7c, 0xc6, 0x7c, 0xc6,
    0x7c, 0xc6, 0x7b, 0xc6, 0x7c, 0xc6, 0x7c, 0xc6, 0x7b, 0xc6, 0x7b, 0xc6,
    0x7c, 0xc6, 0x7b, 0xc6, 0x7c, 0xce, 0x7c, 0xc6, 0x7b, 0xc6, 0x7c, 0xc6,
    0x9c, 0xc6, 0x7b, 0xc6, 0x7b, 0xc6, 0x7c, 0xc6, 0x7b, 0xc6, 0x7b, 0xc6,
    0x7b, 0xc6, 0x5c, 0xc6, 0x5c, 0xc6, 0x5b, 0xc6, 0x5c, 0xc6, 0x5b, 0xc6,
    0x5b, 0xbe, 0x5b, 0xbe, 0x5b, 0xc6, 0x5b, 0xbe, 0x5b, 0xbe, 0x5b, 0xc6,
    0x3b, 0xbe, 0x3b, 0xbe, 0x3b, 0xbe, 0x3b, 0xbe, 0x5b, 0xbe, 0x3b, 0xbe,
    0x3b, 0xbe, 0x3b, 0xbe, 0x3b, 0xbe, 0x1b, 0xbe, 0x1a, 0xb6, 0x3b, 0xbe,
    0x1b, 0xb6, 0x1b, 0xbe, 0x1a, 0xb6, 0x1b, 0xb6, 0x1a, 0xb6, 0x1a, 0xb6,
    0xfa, 0xb5, 0xfa, 0xb5, 0xfa, 0xb5, 0xfa, 0xb5, 0x1a, 0xb6, 0xfa, 0xb5,
    0xfa, 0xad, 0xfa, 0xb5, 0xfa, 0xb5, 0xfa, 0xad, 0xfa, 0xad, 0xfa, 0xb5,
    0x7e, 0xef, 0x7f, 0xf7, 0x9e, 0xef, 0x7e, 0xef, 0x9f, 0xf7, 0x9e, 0xef,
    0x7f, 0xf7, 0x9e, 0xef, 0x9e, 0xef, 0x7f, 0xef, 0x7e, 0xef, 0x7e, 0xef,
    0x9e, 0xf7, 0x7f, 0xf7, 0x7e, 0xef, 0x9e, 0xef, 0x7f, 0xef, 0x7e, 0xef,
    0x7e, 0xef, 0x7e, 0xef, 0x7f, 0xef, 0x7e, 0xef, 0x7e, 0xef, 0x7e, 0xe7,
    0x5f, 0xef, 0x5e, 0xe7, 0x5e, 0xef, 0x5e, 0xe7, 0x5e, 0xef, 0x5e, 0xef,
    0x7e, 0xe7, 0x5e, 0xe7, 0x5e, 0xe7, 0x5e, 0xe7, 0x3e, 0xe7, 0x3d, 0xe7,
    0x5d, 0xe7, 0x3e, 0xe7, 0x3d, 0xe7, 0x3d, 0xe7, 0x3e, 0xdf, 0x3d, 0xdf,
    0x1d, 0xdf, 0x3e, 0xe7, 0x1d, 0xdf, 0x1d, 0xdf, 0x1d, 0xe7, 0x1e, 0xdf,
    0x1d, 0xdf, 0xfd, 0xde, 0xfd, 0xde, 0xfd, 0xde, 0xfd, 0xde, 0xfd, 0xd6,
    0xfd, 0xd6, 0xfd, 0xd6, 0xfd, 0xde, 0xdd, 0xd6, 0xfd, 0xd6, 0xdd, 0xd6,
    0xdd, 0xd6, 0xdc, 0xd6, 0xdd, 0xd6, 0xdd, 0xd6, 0xdc, 0xd6, 0xdc, 0xd6,
    0xdd, 0xd6, 0xdc, 0xd6, 0xdc, 0xd6, 0xbc, 0xce, 0xbc, 0xd6, 0xdd, 0xd6,
    0xbc, 0xce, 0xbc, 0xce, 0xbc, 0xce, 0xbc, 0xce, 0xbc, 0xce, 0xbc, 0xce,
    0xbc, 0xce, 0xbc, 0xce, 0xbc, 0xce, 0xbc, 0xd6, 0xbc, 0xce, 0x9c, 0xce,
    0xbc, 0xce, 0x9c, 0xce, 0xbc, 0xce, 0x9d, 0xce, 0xbc, 0xce, 0x9c, 0xce,
    0x9c, 0xce, 0x9c, 0xce, 0xbc, 0xce, 0x9c, 0xce, 0x9c, 0xce, 0x9c, 0xce,
    0x9c, 0xce, 0x9c, 0xce, 0x9c, 0xce, 0x9c, 0xce, 0x9c, 0xce, 0x9c, 0xce,
    0x9c, 0xce, 0x9c, 0xce, 0x9c, 0xce, 0x9c, 0xce, 0x9c, 0xce, 0x9c, 0xce,
    0x9c, 0xce, 0x9c, 0xce, 0x9c, 0xce, 0x9c, 0xce, 0x9c, 0xce, 0x9c, 0xce,
    0x9c, 0xce, 0x9c, 0xce, 0x9c, 0xce, 0x9c, 0xce, 0x9c, 0xce, 0x9c, 0xce,
    0x9c, 0xce, 0x9c, 0xce, 0x9c, 0xce, 0x9c, 0xce, 0x9c, 0xce, 0x9c, 0xce,
    0x9c, 0xce, 0x9c, 0xce, 0x9c, 0xce, 0x9c, 0xce, 0x9c, 0xce, 0x9c, 0xce,
    0x9c, 0xce, 0x9c, 0xce, 0x9c, 0xce, 0x9c, 0xce, 0x9c, 0xce, 0x9c, 0xce,
    0x9c, 0xce, 0x9c, 0xce, 0x9c, 0xce, 0x9c, 0xce, 0x9c, 0xce, 0x9c, 0xce,
    0x9c, 0xce, 0x9c, 0xce, 0x9c, 0xce, 0x9c, 0xce, 0x9c, 0xce, 0x9c, 0xce,
    0x9c, 0xce, 0x9c, 0xce, 0x9c, 0xce, 0x9c, 0xce, 0x9c, 0xce, 0x9c, 0xce,
    0x9c, 0xce, 0x9c, 0xce, 0x9c, 0xce, 0x9c, 0xce, 0x9c, 0xce, 0x9c, 0xce,
    0x9c, 0xce, 0x9c, 0xc6, 0x9c, 0xce, 0x9c, 0xce, 0x9c, 0xce, 0x9c, 0xce,
    0x9c, 0xce, 0x9c, 0xc6, 0x9c, 0xce, 0x9c, 0xc6, 0x9c, 0xc6, 0x9c, 0xce,
    0x9c, 0xc6, 0x9c, 0xc6, 0x9c, 0xc6, 0x9c, 0xc6, 0x9c, 0xc6, 0x9c, 0xc6,
    0x9c, 0xc6, 0x9c, 0xc6, 0x7c, 0xc6, 0x9c, 0xc6, 0x9c, 0xc6, 0x9c, 0xc6,
    0x7c, 0xc6, 0x7c, 0xc6, 0x7c, 0xc6, 0x7c, 0xc6, 0x7b, 0xc6, 0x7c, 0xc6,
    0x7c, 0xc6, 0x7b, 0xc6, 0x7b, 0xc6, 0x7c, 0xc6, 0x7b, 0xc6, 0x7c, 0xc6,
    0x7b, 0xc6, 0x7c, 0xc6, 0x7b, 0xc6, 0x7c, 0xc6, 0x7c, 0xc6, 0x7b, 0xc6,
    0x7c, 0xc6, 0x9c, 0xc6, 0x9b, 0xc6, 0x7c, 0xc6, 0x7b, 0xc6, 0x7b, 0xc6,
    0x7c, 0xc6, 0x7b, 0xc6, 0x7b, 0xc6, 0x7b, 0xc6, 0x7c, 0xc6, 0x7b, 0xc6,
    0x5b, 0xc6, 0x5c, 0xc6, 0x7b, 0xc6, 0x5b, 0xc6, 0x5c, 0xc6, 0x5b, 0xc6,
    0x5b, 0xbe, 0x5b, 0xbe, 0x5b, 0xbe, 0x5c, 0xc6, 0x5b, 0xbe, 0x5c, 0xc6,
    0x3b, 0xbe, 0x3b, 0xbe, 0x3b, 0xbe, 0x3b, 0xbe, 0x3b, 0xbe, 0x3b, 0xbe,
    0x3b, 0xbe, 0x3b, 0xbe, 0x3b, 0xbe, 0x3b, 0xbe, 0x3b, 0xbe, 0x1b, 0xb6,
    0x3a, 0xb6, 0x3b, 0xbe, 0x1a, 0xb6, 0x1b, 0xb6, 0x1a, 0xb6, 0x1a, 0xb6,
    0x1b, 0xb6, 0x1b, 0xb6, 0xfa, 0xb5, 0xfa, 0xb5, 0xfb, 0xb5, 0x1a, 0xb6,
    0xfb, 0xb5, 0xfa, 0xad, 0xfb, 0xb5, 0xfa, 0xad, 0xfa, 0xad, 0xfb, 0xb5,
    0xfa, 0xb5, 0xda, 0xad, 0xda, 0xad, 0x9f, 0xef, 0x7e, 0xf7, 0x9f, 0xef,
    0x7f, 0xf7, 0x7e, 0xef, 0x9e, 0xef, 0x7f, 0xef, 0x9e, 0xf7, 0x7f, 0xef,
    0x9e, 0xf7, 0x7e, 0xef, 0x7f, 0xef, 0x9e, 0xef, 0x7e, 0xef, 0x9f, 0xf7,
    0x7e, 0xef, 0x7f, 0xef, 0x7f, 0xef, 0x7e, 0xef, 0x7e, 0xef, 0x7e, 0xef,
    0x7e, 0xef, 0x7e, 0xef, 0x7e, 0xef, 0x7e, 0xef, 0x7e, 0xef, 0x7e, 0xe7,
    0x5e, 0xef, 0x5e, 0xe7, 0x7e, 0xe7, 0x5e, 0xef, 0x5e, 0xe7, 0x5e, 0xe7,
    0x5e, 0xe7, 0x5e, 0xe7, 0x5e, 0xe7, 0x3e, 0xe7, 0x3e, 0xe7, 0x3e, 0xe7,
    0x3d, 0xdf, 0x3e, 0xe7, 0x3d, 0xdf, 0x1e, 0xdf, 0x1d, 0xe7, 0x1d, 0xdf,
    0x1d, 0xdf, 0x1d, 0xdf, 0x1d, 0xdf, 0x1d, 0xdf, 0xfd, 0xde, 0xfd, 0xde,
    0xfd, 0xde, 0xfd, 0xd6, 0xfd, 0xde, 0xfd, 0xd6, 0xfd, 0xd6, 0xdd, 0xd6,
    0xfd, 0xde, 0xdc, 0xd6, 0xdd, 0xd6, 0xdd, 0xd6, 0xdc, 0xd6, 0xdc, 0xd6,
    0xdd, 0xd6, 0xdc, 0xd6, 0xdd, 0xd6, 0xbc, 0xd6, 0xdc, 0xce, 0xbd, 0xd6,
    0xdd, 0xce, 0xbc, 0xce, 0xbc, 0xce, 0xbc, 0xce, 0xbc, 0xce, 0x9d, 0xce,
    0xbc, 0xce, 0x9c, 0xce, 0xbc, 0xd6, 0x9c, 0xce, 0x9c, 0xce, 0xbc, 0xce,
    0x9c, 0xce, 0x9d, 0xce, 0xbc, 0xce, 0x9c, 0xce, 0x9c, 0xce, 0x9c, 0xce,
    0x9c, 0xce, 0x9c, 0xce, 0x9c, 0xce, 0x9c, 0xce, 0x9c, 0xce, 0x9c, 0xce,
    0x9c, 0xce, 0x9c, 0xce, 0x9c, 0xce, 0x9c, 0xce, 0x9c, 0xce, 0x9c, 0xce,
    0x9c, 0xce, 0x9c, 0xce, 0x9c, 0xce, 0x9c, 0xce, 0x9c, 0xce, 0x9c, 0xce,
    0x9c, 0xce, 0x9c, 0xce, 0x9c, 0xce, 0x9c, 0xce, 0x9c, 0xce, 0x9c, 0xce,
    0x9c, 0xce, 0x9c, 0xce, 0x9c, 0xce, 0x9c, 0xce, 0x9c, 0xce, 0x9c, 0xce,
    0x9c, 0xce, 0x9c, 0xc6, 0x9c, 0xce, 0x9c, 0xce, 0x9c, 0xc6, 0x9c, 0xce,
    0x9c, 0xce, 0x9c, 0xce, 0x9c, 0xce, 0x9c, 0xce, 0x9c, 0xce, 0x9c, 0xce,
    0x9c, 0xc6, 0x9c, 0xce, 0x7c, 0xce, 0x9c, 0xc6, 0x9c, 0xce, 0x7c, 0xc6,
    0x9c, 0xce, 0x9c, 0xc6, 0x7c, 0xce, 0x9c, 0xce, 0x9c, 0xce, 0x7c, 0xce,
    0x9c, 0xce, 0x9c, 0xce, 0x9c, 0xc6, 0x9c, 0xce, 0x9c, 0xc6, 0x9c, 0xc6,
    0x9c, 0xce, 0x9c, 0xc6, 0x9c, 0xc6, 0x9c, 0xce, 0x9c, 0xc6, 0x9c, 0xc6,
    0x9c, 0xc6, 0x7c, 0xc6, 0x9c, 0xc6, 0x9c, 0xc6, 0x7c, 0xc6, 0x9c, 0xc6,
    0x9c, 0xc6, 0x7c, 0xc6, 0x9c, 0xc6, 0x7c, 0xc6, 0x7c, 0xc6, 0x7c, 0xc6,
    0x9c, 0xc6, 0x7c, 0xc6, 0x7c, 0xc6, 0x9c, 0xc6, 0x7c, 0xc6, 0x7c, 0xc6,
    0x9c, 0xce, 0x7c, 0xc6, 0x7c, 0xc6, 0x7b, 0xc6, 0x7c, 0xc6, 0x7b, 0xc6,
    0x7c, 0xc6, 0x7b, 0xc6, 0x7b, 0xc6, 0x7c, 0xc6, 0x7b, 0xc6, 0x7b, 0xc6,
    0x7c, 0xc6, 0x7b, 0xc6, 0x7b, 0xc6, 0x7c, 0xc6, 0x7b, 0xc6, 0x9b, 0xc6,
    0x7c, 0xc6, 0x7b, 0xc6, 0x7c, 0xc6, 0x7c, 0xc6, 0x7b, 0xc6, 0x9c, 0xc6,
    0x7c, 0xc6, 0x7b, 0xc6, 0x7b, 0xc6, 0x7c, 0xc6, 0x7b, 0xc6, 0x7b, 0xc6,
    0x7b, 0xc6, 0x7c, 0xc6, 0x7b, 0xc6, 0x7b, 0xc6, 0x7b, 0xc6, 0x7b, 0xc6,
    0x7c, 0xc6, 0x7b, 0xc6, 0x7b, 0xc6, 0x7b, 0xc6, 0x7c, 0xc6, 0x5b, 0xc6,
    0x5b, 0xc6, 0x5c, 0xc6, 0x5b, 0xc6, 0x5b, 0xc6, 0x5c, 0xc6, 0x5b, 0xc6,
    0x5b, 0xbe, 0x5b, 0xc6, 0x5b, 0xbe, 0x5b, 0xc6, 0x5b, 0xc6, 0x5b, 0xbe,
    0x5b, 0xbe, 0x5b, 0xc6, 0x3b, 0xbe, 0x3b, 0xbe, 0x3b, 0xbe, 0x3b, 0xbe,
    0x5b, 0xbe, 0x3b, 0xbe, 0x3b, 0xbe, 0x3b, 0xbe, 0x3b, 0xbe, 0x3b, 0xbe,
    0x3b, 0xbe, 0x1a, 0xb6, 0x1b, 0xb6, 0x1b, 0xb6, 0x1a, 0xbe, 0x1a, 0xb6,
    0x1b, 0xb6, 0x1a, 0xbe, 0x1b, 0xb6, 0x1a, 0xb6, 0xfa, 0xb5, 0xfa, 0xb5,
    0xfb, 0xb5, 0x1a, 0xb6, 0xfa, 0xb5, 0xfa, 0xad, 0xfb, 0xb5, 0xfa, 0xb5,
    0xfa, 0xad, 0xfa, 0xad, 0xfa, 0xad, 0xfa, 0xad, 0xfa, 0xb5, 0xda, 0xad
};
