// 4.26.1 0x64f194a1 D0 AN R0 FARGB8888 U888 N0 SExtFlashSection
// Generated by imageconverter. Please, do not edit!

#include <touchgfx/hal/Config.hpp>

LOCATION_PRAGMA("ExtFlashSection")
KEEP extern const unsigned char image_temp_down_16[] LOCATION_ATTRIBUTE("ExtFlashSection") = { // 64x64 ARGB8888 pixels.
    0xff, 0x00, 0x00, 0x01, 0xff, 0x00, 0x00, 0x01, 0xff, 0x00, 0x00, 0x01,
    0xff, 0x00, 0x00, 0x01, 0xff, 0x7f, 0x00, 0x02, 0xff, 0x7f, 0x00, 0x02,
    0xff, 0x7f, 0x00, 0x02, 0xff, 0x55, 0x00, 0x03, 0xff, 0x55, 0x00, 0x03,
    0xff, 0x40, 0x00, 0x04, 0xff, 0x40, 0x00, 0x04, 0xff, 0x33, 0x00, 0x05,
    0xff, 0x33, 0x00, 0x05, 0xff, 0x55, 0x00, 0x06, 0xff, 0x55, 0x00, 0x06,
    0xff, 0x49, 0x00, 0x07, 0xff, 0x40, 0x00, 0x08, 0xff, 0x40, 0x00, 0x08,
    0xff, 0x39, 0x00, 0x09, 0xff, 0x39, 0x00, 0x09, 0xff, 0x4c, 0x00, 0x0a,
    0xff, 0x4c, 0x00, 0x0a, 0xff, 0x46, 0x00, 0x0b, 0xff, 0x46, 0x00, 0x0b,
    0xff, 0x46, 0x00, 0x0b, 0xff, 0x40, 0x00, 0x0c, 0xff, 0x40, 0x00, 0x0c,
    0xff, 0x40, 0x00, 0x0c, 0xff, 0x40, 0x00, 0x0c, 0xff, 0x40, 0x00, 0x0c,
    0xff, 0x40, 0x00, 0x0c, 0xff, 0x46, 0x00, 0x0b, 0xff, 0x46, 0x00, 0x0b,
    0xff, 0x46, 0x00, 0x0b, 0xff, 0x4c, 0x00, 0x0a, 0xff, 0x4c, 0x00, 0x0a,
    0xff, 0x39, 0x00, 0x09, 0xff, 0x39, 0x00, 0x09, 0xff, 0x40, 0x00, 0x08,
    0xff, 0x49, 0x00, 0x07, 0xff, 0x49, 0x00, 0x07, 0xff, 0x55, 0x00, 0x06,
    0xff, 0x55, 0x00, 0x06, 0xff, 0x33, 0x00, 0x05, 0xff, 0x40, 0x00, 0x04,
    0xff, 0x40, 0x00, 0x04, 0xff, 0x55, 0x00, 0x03, 0xff, 0x55, 0x00, 0x03,
    0xff, 0x7f, 0x00, 0x02, 0xff, 0x7f, 0x00, 0x02, 0xff, 0x00, 0x00, 0x01,
    0xff, 0x00, 0x00, 0x01, 0xff, 0x00, 0x00, 0x01, 0xff, 0x00, 0x00, 0x01,
    0xff, 0x00, 0x00, 0x01, 0x00, 0x00, 0x00, 0x00, 0x00, 0x00, 0x00, 0x00,
    0x00, 0x00, 0x00, 0x00, 0x00, 0x00, 0x00, 0x00, 0x00, 0x00, 0x00, 0x00,
    0x00, 0x00, 0x00, 0x00, 0x00, 0x00, 0x00, 0x00, 0x00, 0x00, 0x00, 0x00,
    0x00, 0x00, 0x00, 0x00, 0xff, 0x00, 0x00, 0x01, 0xff, 0x00, 0x00, 0x01,
    0xff, 0x00, 0x00, 0x01, 0xff, 0x7f, 0x00, 0x02, 0xff, 0x7f, 0x00, 0x02,
    0xff, 0x55, 0x00, 0x03, 0xff, 0x55, 0x00, 0x03, 0xff, 0x55, 0x00, 0x03,
    0xff, 0x40, 0x00, 0x04, 0xff, 0x40, 0x00, 0x04, 0xff, 0x33, 0x00, 0x05,
    0xff, 0x55, 0x00, 0x06, 0xff, 0x55, 0x00, 0x06, 0xff, 0x49, 0x00, 0x07,
    0xff, 0x40, 0x00, 0x08, 0xff, 0x39, 0x00, 0x09, 0xff, 0x39, 0x00, 0x09,
    0xff, 0x4c, 0x00, 0x0a, 0xff, 0x46, 0x00, 0x0b, 0xff, 0x46, 0x00, 0x0b,
    0xff, 0x40, 0x00, 0x0c, 0xff, 0x40, 0x00, 0x0c, 0xff, 0x4e, 0x00, 0x0d,
    0xff, 0x4e, 0x00, 0x0d, 0xff, 0x49, 0x00, 0x0e, 0xff, 0x49, 0x00, 0x0e,
    0xff, 0x49, 0x00, 0x0e, 0xff, 0x49, 0x00, 0x0e, 0xff, 0x49, 0x00, 0x0e,
    0xff, 0x49, 0x00, 0x0e, 0xff, 0x49, 0x00, 0x0e, 0xff, 0x49, 0x00, 0x0e,
    0xff, 0x4e, 0x00, 0x0d, 0xff, 0x4e, 0x00, 0x0d, 0xff, 0x40, 0x00, 0x0c,
    0xff, 0x46, 0x00, 0x0b, 0xff, 0x46, 0x00, 0x0b, 0xff, 0x4c, 0x00, 0x0a,
    0xff, 0x39, 0x00, 0x09, 0xff, 0x39, 0x00, 0x09, 0xff, 0x40, 0x00, 0x08,
    0xff, 0x49, 0x00, 0x07, 0xff, 0x55, 0x00, 0x06, 0xff, 0x55, 0x00, 0x06,
    0xff, 0x33, 0x00, 0x05, 0xff, 0x40, 0x00, 0x04, 0xff, 0x40, 0x00, 0x04,
    0xff, 0x55, 0x00, 0x03, 0xff, 0x55, 0x00, 0x03, 0xff, 0x7f, 0x00, 0x02,
    0xff, 0x7f, 0x00, 0x02, 0xff, 0x00, 0x00, 0x01, 0xff, 0x00, 0x00, 0x01,
    0xff, 0x00, 0x00, 0x01, 0xff, 0x00, 0x00, 0x01, 0x00, 0x00, 0x00, 0x00,
    0x00, 0x00, 0x00, 0x00, 0x00, 0x00, 0x00, 0x00, 0x00, 0x00, 0x00, 0x00,
    0x00, 0x00, 0x00, 0x00, 0x00, 0x00, 0x00, 0x00, 0x00, 0x00, 0x00, 0x00,
    0x00, 0x00, 0x00, 0x00, 0x00, 0x00, 0x00, 0x00, 0xff, 0x00, 0x00, 0x01,
    0xff, 0x7f, 0x00, 0x02, 0xff, 0x7f, 0x00, 0x02, 0xff, 0x7f, 0x00, 0x02,
    0xff, 0x55, 0x00, 0x03, 0xff, 0x55, 0x00, 0x03, 0xff, 0x40, 0x00, 0x04,
    0xff, 0x40, 0x00, 0x04, 0xff, 0x33, 0x00, 0x05, 0xff, 0x55, 0x00, 0x06,
    0xff, 0x55, 0x00, 0x06, 0xff, 0x49, 0x00, 0x07, 0xff, 0x40, 0x00, 0x08,
    0xff, 0x39, 0x00, 0x09, 0xff, 0x39, 0x00, 0x09, 0xff, 0x4c, 0x00, 0x0a,
    0xff, 0x46, 0x00, 0x0b, 0xff, 0x40, 0x00, 0x0c, 0xff, 0x4e, 0x00, 0x0d,
    0xff, 0x4e, 0x00, 0x0d, 0xff, 0x49, 0x00, 0x0e, 0xff, 0x49, 0x00, 0x0e,
    0xff, 0x44, 0x00, 0x0f, 0xff, 0x40, 0x00, 0x10, 0xff, 0x40, 0x00, 0x10,
    0xff, 0x40, 0x00, 0x10, 0xff, 0x40, 0x00, 0x10, 0xff, 0x40, 0x00, 0x10,
    0xff, 0x40, 0x00, 0x10, 0xff, 0x40, 0x00, 0x10, 0xff, 0x40, 0x00, 0x10,
    0xff, 0x40, 0x00, 0x10, 0xff, 0x44, 0x00, 0x0f, 0xff, 0x44, 0x00, 0x0f,
    0xff, 0x49, 0x00, 0x0e, 0xff, 0x4e, 0x00, 0x0d, 0xff, 0x4e, 0x00, 0x0d,
    0xff, 0x40, 0x00, 0x0c, 0xff, 0x46, 0x00, 0x0b, 0xff, 0x4c, 0x00, 0x0a,
    0xff, 0x39, 0x00, 0x09, 0xff, 0x40, 0x00, 0x08, 0xff, 0x40, 0x00, 0x08,
    0xff, 0x49, 0x00, 0x07, 0xff, 0x55, 0x00, 0x06, 0xff, 0x33, 0x00, 0x05,
    0xff, 0x40, 0x00, 0x04, 0xff, 0x40, 0x00, 0x04, 0xff, 0x55, 0x00, 0x03,
    0xff, 0x55, 0x00, 0x03, 0xff, 0x7f, 0x00, 0x02, 0xff, 0x7f, 0x00, 0x02,
    0xff, 0x00, 0x00, 0x01, 0xff, 0x00, 0x00, 0x01, 0xff, 0x00, 0x00, 0x01,
    0xff, 0x00, 0x00, 0x01, 0x00, 0x00, 0x00, 0x00, 0x00, 0x00, 0x00, 0x00,
    0x00, 0x00, 0x00, 0x00, 0x00, 0x00, 0x00, 0x00, 0x00, 0x00, 0x00, 0x00,
    0x00, 0x00, 0x00, 0x00, 0x00, 0x00, 0x00, 0x00, 0x00, 0x00, 0x00, 0x00,
    0xff, 0x7f, 0x00, 0x02, 0xff, 0x7f, 0x00, 0x02, 0xff, 0x7f, 0x00, 0x02,
    0xff, 0x55, 0x00, 0x03, 0xff, 0x55, 0x00, 0x03, 0xff, 0x40, 0x00, 0x04,
    0xff, 0x40, 0x00, 0x04, 0xff, 0x33, 0x00, 0x05, 0xff, 0x55, 0x00, 0x06,
    0xff, 0x49, 0x00, 0x07, 0xff, 0x40, 0x00, 0x08, 0xff, 0x40, 0x00, 0x08,
    0xff, 0x39, 0x00, 0x09, 0xff, 0x4c, 0x00, 0x0a, 0xff, 0x46, 0x00, 0x0b,
    0xff, 0x40, 0x00, 0x0c, 0xff, 0x4e, 0x00, 0x0d, 0xff, 0x49, 0x00, 0x0e,
    0xff, 0x44, 0x00, 0x0f, 0xff, 0x40, 0x00, 0x10, 0xff, 0x40, 0x00, 0x10,
    0xff, 0x4b, 0x00, 0x11, 0xff, 0x47, 0x00, 0x12, 0xff, 0x47, 0x00, 0x12,
    0xff, 0x43, 0x00, 0x13, 0xff, 0x43, 0x00, 0x13, 0xff, 0x43, 0x00, 0x13,
    0xff, 0x43, 0x00, 0x13, 0xff, 0x43, 0x00, 0x13, 0xff, 0x43, 0x00, 0x13,
    0xff, 0x43, 0x00, 0x13, 0xff, 0x47, 0x00, 0x12, 0xff, 0x47, 0x00, 0x12,
    0xff, 0x4b, 0x00, 0x11, 0xff, 0x40, 0x00, 0x10, 0xff, 0x40, 0x00, 0x10,
    0xff, 0x44, 0x00, 0x0f, 0xff, 0x49, 0x00, 0x0e, 0xff, 0x4e, 0x00, 0x0d,
    0xff, 0x40, 0x00, 0x0c, 0xff, 0x46, 0x00, 0x0b, 0xff, 0x4c, 0x00, 0x0a,
    0xff, 0x39, 0x00, 0x09, 0xff, 0x40, 0x00, 0x08, 0xff, 0x49, 0x00, 0x07,
    0xff, 0x55, 0x00, 0x06, 0xff, 0x33, 0x00, 0x05, 0xff, 0x40, 0x00, 0x04,
    0xff, 0x40, 0x00, 0x04, 0xff, 0x55, 0x00, 0x03, 0xff, 0x55, 0x00, 0x03,
    0xff, 0x7f, 0x00, 0x02, 0xff, 0x7f, 0x00, 0x02, 0xff, 0x00, 0x00, 0x01,
    0xff, 0x00, 0x00, 0x01, 0xff, 0x00, 0x00, 0x01, 0x00, 0x00, 0x00, 0x00,
    0x00, 0x00, 0x00, 0x00, 0x00, 0x00, 0x00, 0x00, 0x00, 0x00, 0x00, 0x00,
    0x00, 0x00, 0x00, 0x00, 0x00, 0x00, 0x00, 0x00, 0x00, 0x00, 0x00, 0x00,
    0x00, 0x00, 0x00, 0x00, 0xff, 0x7f, 0x00, 0x02, 0xff, 0x55, 0x00, 0x03,
    0xff, 0x55, 0x00, 0x03, 0xff, 0x55, 0x00, 0x03, 0xff, 0x40, 0x00, 0x04,
    0xff, 0x33, 0x00, 0x05, 0xff, 0x55, 0x00, 0x06, 0xff, 0x55, 0x00, 0x06,
    0xff, 0x49, 0x00, 0x07, 0xff, 0x40, 0x00, 0x08, 0xff, 0x39, 0x00, 0x09,
    0xff, 0x4c, 0x00, 0x0a, 0xff, 0x46, 0x00, 0x0b, 0xff, 0x40, 0x00, 0x0c,
    0xff, 0x4e, 0x00, 0x0d, 0xff, 0x49, 0x00, 0x0e, 0xff, 0x40, 0x00, 0x10,
    0xff, 0x40, 0x00, 0x10, 0xff, 0x47, 0x00, 0x12, 0xff, 0x47, 0x00, 0x12,
    0xff, 0x43, 0x00, 0x13, 0xff, 0x4c, 0x00, 0x14, 0xff, 0x49, 0x00, 0x15,
    0xff, 0x49, 0x00, 0x15, 0xff, 0x46, 0x00, 0x16, 0xff, 0x46, 0x00, 0x16,
    0xff, 0x46, 0x00, 0x16, 0xff, 0x46, 0x00, 0x16, 0xff, 0x46, 0x00, 0x16,
    0xff, 0x46, 0x00, 0x16, 0xff, 0x49, 0x00, 0x15, 0xff, 0x49, 0x00, 0x15,
    0xff, 0x4c, 0x00, 0x14, 0xff, 0x4c, 0x00, 0x14, 0xff, 0x43, 0x00, 0x13,
    0xff, 0x47, 0x00, 0x12, 0xff, 0x4b, 0x00, 0x11, 0xff, 0x40, 0x00, 0x10,
    0xff, 0x49, 0x00, 0x0e, 0xff, 0x4e, 0x00, 0x0d, 0xff, 0x40, 0x00, 0x0c,
    0xff, 0x46, 0x00, 0x0b, 0xff, 0x4c, 0x00, 0x0a, 0xff, 0x39, 0x00, 0x09,
    0xff, 0x40, 0x00, 0x08, 0xff, 0x49, 0x00, 0x07, 0xff, 0x55, 0x00, 0x06,
    0xff, 0x33, 0x00, 0x05, 0xff, 0x40, 0x00, 0x04, 0xff, 0x40, 0x00, 0x04,
    0xff, 0x55, 0x00, 0x03, 0xff, 0x55, 0x00, 0x03, 0xff, 0x7f, 0x00, 0x02,
    0xff, 0x00, 0x00, 0x01, 0xff, 0x00, 0x00, 0x01, 0xff, 0x00, 0x00, 0x01,
    0x00, 0x00, 0x00, 0x00, 0x00, 0x00, 0x00, 0x00, 0x00, 0x00, 0x00, 0x00,
    0x00, 0x00, 0x00, 0x00, 0x00, 0x00, 0x00, 0x00, 0x00, 0x00, 0x00, 0x00,
    0x00, 0x00, 0x00, 0x00, 0x00, 0x00, 0x00, 0x00, 0xff, 0x55, 0x00, 0x03,
    0xff, 0x55, 0x00, 0x03, 0xff, 0x55, 0x00, 0x03, 0xff, 0x40, 0x00, 0x04,
    0xff, 0x33, 0x00, 0x05, 0xff, 0x55, 0x00, 0x06, 0xff, 0x55, 0x00, 0x06,
    0xff, 0x40, 0x00, 0x08, 0xff, 0x40, 0x00, 0x08, 0xff, 0x39, 0x00, 0x09,
    0xff, 0x46, 0x00, 0x0b, 0xff, 0x40, 0x00, 0x0c, 0xff, 0x4e, 0x00, 0x0d,
    0xff, 0x49, 0x00, 0x0e, 0xff, 0x40, 0x00, 0x10, 0xff, 0x4b, 0x00, 0x11,
    0xff, 0x47, 0x00, 0x12, 0xff, 0x43, 0x00, 0x13, 0xff, 0x4c, 0x00, 0x14,
    0xff, 0x49, 0x00, 0x15, 0xff, 0x46, 0x00, 0x16, 0xff, 0x42, 0x00, 0x17,
    0xff, 0x4a, 0x00, 0x18, 0xf5, 0x47, 0x00, 0x19, 0xf5, 0x45, 0x00, 0x1a,
    0xf5, 0x45, 0x00, 0x1a, 0xf5, 0x45, 0x00, 0x1a, 0xf5, 0x45, 0x00, 0x1a,
    0xf5, 0x45, 0x00, 0x1a, 0xf5, 0x45, 0x00, 0x1a, 0xf5, 0x45, 0x00, 0x1a,
    0xf5, 0x47, 0x00, 0x19, 0xf4, 0x4a, 0x00, 0x18, 0xf4, 0x4a, 0x00, 0x18,
    0xf3, 0x46, 0x00, 0x16, 0xf3, 0x49, 0x00, 0x15, 0xff, 0x43, 0x00, 0x13,
    0xff, 0x47, 0x00, 0x12, 0xff, 0x40, 0x00, 0x10, 0xff, 0x44, 0x00, 0x0f,
    0xff, 0x49, 0x00, 0x0e, 0xff, 0x4e, 0x00, 0x0d, 0xff, 0x46, 0x00, 0x0b,
    0xff, 0x4c, 0x00, 0x0a, 0xff, 0x39, 0x00, 0x09, 0xff, 0x40, 0x00, 0x08,
    0xff, 0x49, 0x00, 0x07, 0xff, 0x55, 0x00, 0x06, 0xff, 0x33, 0x00, 0x05,
    0xff, 0x40, 0x00, 0x04, 0xff, 0x55, 0x00, 0x03, 0xff, 0x55, 0x00, 0x03,
    0xff, 0x7f, 0x00, 0x02, 0xff, 0x7f, 0x00, 0x02, 0xff, 0x00, 0x00, 0x01,
    0xff, 0x00, 0x00, 0x01, 0xff, 0x00, 0x00, 0x01, 0x00, 0x00, 0x00, 0x00,
    0x00, 0x00, 0x00, 0x00, 0x00, 0x00, 0x00, 0x00, 0x00, 0x00, 0x00, 0x00,
    0x00, 0x00, 0x00, 0x00, 0x00, 0x00, 0x00, 0x00, 0x00, 0x00, 0x00, 0x00,
    0xff, 0x55, 0x00, 0x03, 0xff, 0x55, 0x00, 0x03, 0xff, 0x40, 0x00, 0x04,
    0xff, 0x33, 0x00, 0x05, 0xff, 0x55, 0x00, 0x06, 0xff, 0x49, 0x00, 0x07,
    0xff, 0x40, 0x00, 0x08, 0xff, 0x39, 0x00, 0x09, 0xff, 0x4c, 0x00, 0x0a,
    0xff, 0x46, 0x00, 0x0b, 0xff, 0x40, 0x00, 0x0c, 0xff, 0x49, 0x00, 0x0e,
    0xff, 0x44, 0x00, 0x0f, 0xff, 0x40, 0x00, 0x10, 0xff, 0x47, 0x00, 0x12,
    0xff, 0x43, 0x00, 0x13, 0xff, 0x49, 0x00, 0x15, 0xff, 0x46, 0x00, 0x16,
    0xff, 0x42, 0x00, 0x17, 0xff, 0x4a, 0x00, 0x18, 0xf5, 0x45, 0x00, 0x1a,
    0xf6, 0x42, 0x00, 0x1b, 0xf6, 0x49, 0x00, 0x1c, 0xf6, 0x44, 0x00, 0x1e,
    0xef, 0x42, 0x00, 0x1f, 0xef, 0x46, 0x00, 0x21, 0xef, 0x46, 0x00, 0x21,
    0xef, 0x46, 0x00, 0x21, 0xef, 0x46, 0x00, 0x21, 0xef, 0x48, 0x00, 0x20,
    0xef, 0x48, 0x00, 0x20, 0xef, 0x42, 0x00, 0x1f, 0xee, 0x44, 0x00, 0x1e,
    0xe5, 0x46, 0x09, 0x1d, 0xec, 0x42, 0x00, 0x1b, 0xf5, 0x47, 0x00, 0x19,
    0xf4, 0x42, 0x00, 0x17, 0xf3, 0x49, 0x00, 0x15, 0xf2, 0x4c, 0x00, 0x14,
    0xff, 0x4b, 0x00, 0x11, 0xff, 0x40, 0x00, 0x10, 0xff, 0x49, 0x00, 0x0e,
    0xff, 0x4e, 0x00, 0x0d, 0xff, 0x46, 0x00, 0x0b, 0xff, 0x4c, 0x00, 0x0a,
    0xff, 0x39, 0x00, 0x09, 0xff, 0x40, 0x00, 0x08, 0xff, 0x49, 0x00, 0x07,
    0xff, 0x55, 0x00, 0x06, 0xff, 0x33, 0x00, 0x05, 0xff, 0x40, 0x00, 0x04,
    0xff, 0x55, 0x00, 0x03, 0xff, 0x55, 0x00, 0x03, 0xff, 0x7f, 0x00, 0x02,
    0xff, 0x00, 0x00, 0x01, 0xff, 0x00, 0x00, 0x01, 0xff, 0x00, 0x00, 0x01,
    0x00, 0x00, 0x00, 0x00, 0x00, 0x00, 0x00, 0x00, 0x00, 0x00, 0x00, 0x00,
    0x00, 0x00, 0x00, 0x00, 0x00, 0x00, 0x00, 0x00, 0x00, 0x00, 0x00, 0x00,
    0x00, 0x00, 0x00, 0x00, 0xff, 0x55, 0x00, 0x03, 0xff, 0x40, 0x00, 0x04,
    0xff, 0x33, 0x00, 0x05, 0xff, 0x55, 0x00, 0x06, 0xff, 0x55, 0x00, 0x06,
    0xff, 0x40, 0x00, 0x08, 0xff, 0x39, 0x00, 0x09, 0xff, 0x4c, 0x00, 0x0a,
    0xff, 0x46, 0x00, 0x0b, 0xff, 0x4e, 0x00, 0x0d, 0xff, 0x49, 0x00, 0x0e,
    0xff, 0x40, 0x00, 0x10, 0xff, 0x4b, 0x00, 0x11, 0xff, 0x43, 0x00, 0x13,
    0xff, 0x49, 0x00, 0x15, 0xff, 0x46, 0x00, 0x16, 0xff, 0x4a, 0x00, 0x18,
    0xff, 0x47, 0x00, 0x19, 0xff, 0x45, 0x00, 0x1a, 0xf6, 0x46, 0x00, 0x1d,
    0xf6, 0x44, 0x00, 0x1e, 0xf7, 0x48, 0x00, 0x20, 0xf0, 0x43, 0x00, 0x22,
    0xe9, 0x49, 0x00, 0x23, 0xea, 0x45, 0x07, 0x25, 0xe5, 0x48, 0x07, 0x27,
    0xe0, 0x44, 0x06, 0x29, 0xdb, 0x43, 0x06, 0x2a, 0xda, 0x44, 0x06, 0x29,
    0xda, 0x44, 0x06, 0x29, 0xd3, 0x44, 0x06, 0x29, 0xd9, 0x46, 0x06, 0x28,
    0xdd, 0x43, 0x07, 0x26, 0xdc, 0x47, 0x07, 0x24, 0xe7, 0x48, 0x08, 0x20,
    0xe5, 0x44, 0x00, 0x1e, 0xed, 0x49, 0x00, 0x1c, 0xf5, 0x47, 0x00, 0x19,
    0xf3, 0x46, 0x00, 0x16, 0xf2, 0x4c, 0x00, 0x14, 0xff, 0x47, 0x00, 0x12,
    0xff, 0x40, 0x00, 0x10, 0xff, 0x49, 0x00, 0x0e, 0xff, 0x4e, 0x00, 0x0d,
    0xff, 0x46, 0x00, 0x0b, 0xff, 0x4c, 0x00, 0x0a, 0xff, 0x39, 0x00, 0x09,
    0xff, 0x40, 0x00, 0x08, 0xff, 0x55, 0x00, 0x06, 0xff, 0x33, 0x00, 0x05,
    0xff, 0x40, 0x00, 0x04, 0xff, 0x40, 0x00, 0x04, 0xff, 0x55, 0x00, 0x03,
    0xff, 0x7f, 0x00, 0x02, 0xff, 0x00, 0x00, 0x01, 0xff, 0x00, 0x00, 0x01,
    0xff, 0x00, 0x00, 0x01, 0x00, 0x00, 0x00, 0x00, 0x00, 0x00, 0x00, 0x00,
    0x00, 0x00, 0x00, 0x00, 0x00, 0x00, 0x00, 0x00, 0x00, 0x00, 0x00, 0x00,
    0x00, 0x00, 0x00, 0x00, 0x00, 0x00, 0x00, 0x00, 0xff, 0x40, 0x00, 0x04,
    0xff, 0x33, 0x00, 0x05, 0xff, 0x55, 0x00, 0x06, 0xff, 0x55, 0x00, 0x06,
    0xff, 0x40, 0x00, 0x08, 0xff, 0x39, 0x00, 0x09, 0xff, 0x4c, 0x00, 0x0a,
    0xff, 0x46, 0x00, 0x0b, 0xff, 0x4e, 0x00, 0x0d, 0xff, 0x49, 0x00, 0x0e,
    0xff, 0x40, 0x00, 0x10, 0xff, 0x47, 0x00, 0x12, 0xff, 0x4c, 0x00, 0x14,
    0xff, 0x49, 0x00, 0x15, 0xff, 0x42, 0x00, 0x17, 0xff, 0x47, 0x00, 0x19,
    0xff, 0x4c, 0x00, 0x1b, 0xff, 0x49, 0x00, 0x1c, 0xf7, 0x4a, 0x00, 0x1f,
    0xf7, 0x48, 0x00, 0x20, 0xf0, 0x49, 0x00, 0x23, 0xf1, 0x47, 0x00, 0x24,
    0xec, 0x46, 0x06, 0x28, 0xe1, 0x47, 0x06, 0x2b, 0xdd, 0x44, 0x06, 0x2d,
    0xd4, 0x46, 0x05, 0x2f, 0xd0, 0x44, 0x0a, 0x31, 0xcd, 0x41, 0x0a, 0x33,
    0xc9, 0x45, 0x0a, 0x34, 0xc9, 0x45, 0x0a, 0x34, 0xc8, 0x41, 0x0a, 0x33,
    0xcb, 0x44, 0x0a, 0x31, 0xcd, 0x42, 0x0b, 0x2e, 0xd1, 0x46, 0x06, 0x2c,
    0xd9, 0x46, 0x06, 0x28, 0xdd, 0x45, 0x07, 0x25, 0xe7, 0x48, 0x08, 0x20,
    0xe5, 0x44, 0x00, 0x1e, 0xec, 0x42, 0x00, 0x1b, 0xf4, 0x42, 0x00, 0x17,
    0xf3, 0x49, 0x00, 0x15, 0xff, 0x47, 0x00, 0x12, 0xff, 0x40, 0x00, 0x10,
    0xff, 0x49, 0x00, 0x0e, 0xff, 0x4e, 0x00, 0x0d, 0xff, 0x46, 0x00, 0x0b,
    0xff, 0x4c, 0x00, 0x0a, 0xff, 0x40, 0x00, 0x08, 0xff, 0x49, 0x00, 0x07,
    0xff, 0x55, 0x00, 0x06, 0xff, 0x33, 0x00, 0x05, 0xff, 0x40, 0x00, 0x04,
    0xff, 0x55, 0x00, 0x03, 0xff, 0x55, 0x00, 0x03, 0xff, 0x7f, 0x00, 0x02,
    0xff, 0x00, 0x00, 0x01, 0xff, 0x00, 0x00, 0x01, 0x00, 0x00, 0x00, 0x00,
    0x00, 0x00, 0x00, 0x00, 0x00, 0x00, 0x00, 0x00, 0x00, 0x00, 0x00, 0x00,
    0x00, 0x00, 0x00, 0x00, 0x00, 0x00, 0x00, 0x00, 0x00, 0x00, 0x00, 0x00,
    0xff, 0x40, 0x00, 0x04, 0xff, 0x33, 0x00, 0x05, 0xff, 0x55, 0x00, 0x06,
    0xff, 0x49, 0x00, 0x07, 0xff, 0x39, 0x00, 0x09, 0xff, 0x4c, 0x00, 0x0a,
    0xff, 0x46, 0x00, 0x0b, 0xff, 0x4e, 0x00, 0x0d, 0xff, 0x49, 0x00, 0x0e,
    0xff, 0x40, 0x00, 0x10, 0xff, 0x47, 0x00, 0x12, 0xff, 0x4c, 0x00, 0x14,
    0xff, 0x46, 0x00, 0x16, 0xff, 0x4a, 0x00, 0x18, 0xff, 0x45, 0x00, 0x1a,
    0xff, 0x49, 0x00, 0x1c, 0xff, 0x44, 0x00, 0x1e, 0xf7, 0x46, 0x00, 0x21,
    0xf7, 0x4b, 0x00, 0x22, 0xf2, 0x4a, 0x00, 0x26, 0xf2, 0x48, 0x00, 0x27,
    0xe8, 0x46, 0x06, 0x2c, 0xe4, 0x46, 0x05, 0x2f, 0xdc, 0x46, 0x05, 0x33,
    0xd4, 0x42, 0x09, 0x36, 0xca, 0x42, 0x09, 0x3a, 0xc8, 0x44, 0x0d, 0x3c,
    0xc5, 0x42, 0x0c, 0x3e, 0xc2, 0x41, 0x0c, 0x3f, 0xc2, 0x41, 0x0c, 0x3f,
    0xbd, 0x42, 0x0c, 0x3e, 0xc2, 0x41, 0x0d, 0x3b, 0xc5, 0x43, 0x0d, 0x39,
    0xca, 0x43, 0x0a, 0x35, 0xcb, 0x44, 0x0a, 0x31, 0xd5, 0x41, 0x06, 0x2b,
    0xd8, 0x41, 0x07, 0x27, 0xe1, 0x43, 0x07, 0x22, 0xe5, 0x44, 0x00, 0x1e,
    0xec, 0x42, 0x00, 0x1b, 0xf4, 0x42, 0x00, 0x17, 0xf3, 0x49, 0x00, 0x15,
    0xff, 0x47, 0x00, 0x12, 0xff, 0x40, 0x00, 0x10, 0xff, 0x49, 0x00, 0x0e,
    0xff, 0x40, 0x00, 0x0c, 0xff, 0x46, 0x00, 0x0b, 0xff, 0x39, 0x00, 0x09,
    0xff, 0x40, 0x00, 0x08, 0xff, 0x49, 0x00, 0x07, 0xff, 0x55, 0x00, 0x06,
    0xff, 0x40, 0x00, 0x04, 0xff, 0x40, 0x00, 0x04, 0xff, 0x55, 0x00, 0x03,
    0xff, 0x7f, 0x00, 0x02, 0xff, 0x00, 0x00, 0x01, 0xff, 0x00, 0x00, 0x01,
    0xff, 0x00, 0x00, 0x01, 0x00, 0x00, 0x00, 0x00, 0x00, 0x00, 0x00, 0x00,
    0x00, 0x00, 0x00, 0x00, 0x00, 0x00, 0x00, 0x00, 0x00, 0x00, 0x00, 0x00,
    0x00, 0x00, 0x00, 0x00, 0xff, 0x33, 0x00, 0x05, 0xff, 0x55, 0x00, 0x06,
    0xff, 0x49, 0x00, 0x07, 0xff, 0x40, 0x00, 0x08, 0xff, 0x4c, 0x00, 0x0a,
    0xff, 0x46, 0x00, 0x0b, 0xff, 0x4e, 0x00, 0x0d, 0xff, 0x49, 0x00, 0x0e,
    0xff, 0x40, 0x00, 0x10, 0xff, 0x47, 0x00, 0x12, 0xff, 0x4c, 0x00, 0x14,
    0xff, 0x42, 0x00, 0x17, 0xff, 0x47, 0x00, 0x19, 0xff, 0x4c, 0x00, 0x1b,
    0xff, 0x46, 0x00, 0x1d, 0xff, 0x4a, 0x00, 0x1f, 0xf7, 0x4b, 0x00, 0x22,
    0xf8, 0x47, 0x00, 0x24, 0xf2, 0x46, 0x00, 0x28, 0xf3, 0x49, 0x00, 0x2a,
    0xe9, 0x48, 0x06, 0x2e, 0xe1, 0x46, 0x05, 0x33, 0xda, 0x46, 0x05, 0x37,
    0xd0, 0x44, 0x08, 0x3c, 0xcb, 0x44, 0x08, 0x40, 0xc6, 0x41, 0x0b, 0x43,
    0xbe, 0x41, 0x0e, 0x47, 0xbe, 0x41, 0x0e, 0x4a, 0xbb, 0x41, 0x0e, 0x4b,
    0xb8, 0x41, 0x0e, 0x4b, 0xb7, 0x41, 0x0e, 0x4a, 0xb7, 0x41, 0x0e, 0x47,
    0xbb, 0x40, 0x0f, 0x44, 0xbe, 0x41, 0x0c, 0x3f, 0xc5, 0x43, 0x0d, 0x39,
    0xc9, 0x45, 0x0a, 0x34, 0xce, 0x41, 0x0b, 0x2f, 0xda, 0x44, 0x06, 0x29,
    0xe2, 0x42, 0x07, 0x23, 0xe5, 0x44, 0x00, 0x1e, 0xf5, 0x45, 0x00, 0x1a,
    0xf4, 0x42, 0x00, 0x17, 0xff, 0x4c, 0x00, 0x14, 0xff, 0x47, 0x00, 0x12,
    0xff, 0x40, 0x00, 0x10, 0xff, 0x49, 0x00, 0x0e, 0xff, 0x40, 0x00, 0x0c,
    0xff, 0x4c, 0x00, 0x0a, 0xff, 0x39, 0x00, 0x09, 0xff, 0x49, 0x00, 0x07,
    0xff, 0x55, 0x00, 0x06, 0xff, 0x33, 0x00, 0x05, 0xff, 0x40, 0x00, 0x04,
    0xff, 0x55, 0x00, 0x03, 0xff, 0x7f, 0x00, 0x02, 0xff, 0x00, 0x00, 0x01,
    0xff, 0x00, 0x00, 0x01, 0xff, 0x00, 0x00, 0x01, 0x00, 0x00, 0x00, 0x00,
    0x00, 0x00, 0x00, 0x00, 0x00, 0x00, 0x00, 0x00, 0x00, 0x00, 0x00, 0x00,
    0x00, 0x00, 0x00, 0x00, 0x00, 0x00, 0x00, 0x00, 0xff, 0x55, 0x00, 0x06,
    0xff, 0x49, 0x00, 0x07, 0xff, 0x40, 0x00, 0x08, 0xff, 0x39, 0x00, 0x09,
    0xff, 0x46, 0x00, 0x0b, 0xff, 0x4e, 0x00, 0x0d, 0xff, 0x49, 0x00, 0x0e,
    0xff, 0x40, 0x00, 0x10, 0xff, 0x47, 0x00, 0x12, 0xf3, 0x49, 0x00, 0x15,
    0xf4, 0x4a, 0x00, 0x18, 0xf5, 0x45, 0x00, 0x1a, 0xf6, 0x46, 0x00, 0x1d,
    0xf7, 0x4a, 0x00, 0x1f, 0xf7, 0x4b, 0x00, 0x22, 0xf8, 0x45, 0x00, 0x25,
    0xf8, 0x48, 0x00, 0x27, 0xf3, 0x49, 0x00, 0x2a, 0xee, 0x48, 0x06, 0x2e,
    0xeb, 0x47, 0x05, 0x32, 0xe3, 0x47, 0x05, 0x36, 0xd8, 0x45, 0x09, 0x3b,
    0xd2, 0x45, 0x08, 0x3f, 0xcb, 0x42, 0x0b, 0x45, 0xc5, 0x41, 0x0a, 0x4b,
    0xbf, 0x43, 0x0d, 0x50, 0xbb, 0x40, 0x0f, 0x53, 0xba, 0x42, 0x0f, 0x55,
    0xb6, 0x40, 0x0f, 0x57, 0xb3, 0x40, 0x0f, 0x57, 0xb5, 0x41, 0x0f, 0x56,
    0xb4, 0x41, 0x10, 0x52, 0xb5, 0x40, 0x10, 0x4f, 0xb9, 0x42, 0x0e, 0x49,
    0xbe, 0x41, 0x0b, 0x43, 0xc4, 0x43, 0x0d, 0x3d, 0xcb, 0x42, 0x09, 0x36,
    0xcf, 0x45, 0x0b, 0x30, 0xdb, 0x43, 0x06, 0x2a, 0xe2, 0x42, 0x07, 0x23,
    0xe6, 0x42, 0x00, 0x1f, 0xf5, 0x45, 0x00, 0x1a, 0xf4, 0x42, 0x00, 0x17,
    0xff, 0x43, 0x00, 0x13, 0xff, 0x4b, 0x00, 0x11, 0xff, 0x44, 0x00, 0x0f,
    0xff, 0x4e, 0x00, 0x0d, 0xff, 0x46, 0x00, 0x0b, 0xff, 0x4c, 0x00, 0x0a,
    0xff, 0x40, 0x00, 0x08, 0xff, 0x49, 0x00, 0x07, 0xff, 0x55, 0x00, 0x06,
    0xff, 0x40, 0x00, 0x04, 0xff, 0x55, 0x00, 0x03, 0xff, 0x55, 0x00, 0x03,
    0xff, 0x7f, 0x00, 0x02, 0xff, 0x00, 0x00, 0x01, 0xff, 0x00, 0x00, 0x01,
    0x00, 0x00, 0x00, 0x00, 0x00, 0x00, 0x00, 0x00, 0x00, 0x00, 0x00, 0x00,
    0x00, 0x00, 0x00, 0x00, 0x00, 0x00, 0x00, 0x00, 0x00, 0x00, 0x00, 0x00,
    0xff, 0x55, 0x00, 0x06, 0xff, 0x40, 0x00, 0x08, 0xff, 0x39, 0x00, 0x09,
    0xff, 0x4c, 0x00, 0x0a, 0xff, 0x40, 0x00, 0x0c, 0xff, 0x49, 0x00, 0x0e,
    0xff, 0x40, 0x00, 0x10, 0xf2, 0x43, 0x00, 0x13, 0xf3, 0x49, 0x00, 0x15,
    0xf4, 0x4a, 0x00, 0x18, 0xf6, 0x42, 0x00, 0x1b, 0xef, 0x42, 0x00, 0x1f,
    0xf0, 0x43, 0x00, 0x22, 0xf1, 0x47, 0x00, 0x24, 0xf2, 0x46, 0x00, 0x28,
    0xed, 0x47, 0x06, 0x2b, 0xe9, 0x46, 0x05, 0x2f, 0xeb, 0x47, 0x05, 0x32,
    0xe7, 0x43, 0x05, 0x35, 0xe0, 0x46, 0x04, 0x3a, 0xd6, 0x45, 0x08, 0x3f,
    0xd1, 0x44, 0x08, 0x43, 0xce, 0x42, 0x0a, 0x49, 0xc6, 0x43, 0x0d, 0x50,
    0xc1, 0x41, 0x0c, 0x56, 0xbd, 0x4a, 0x16, 0x5d, 0xe1, 0xad, 0x99, 0x93,
    0xf2, 0xe0, 0xd7, 0xc7, 0xfb, 0xf5, 0xf2, 0xe8, 0xfd, 0xfb, 0xfa, 0xf5,
    0xfb, 0xf5, 0xf3, 0xe8, 0xf2, 0xe1, 0xd8, 0xc6, 0xe0, 0xb0, 0x9b, 0x92,
    0xb9, 0x49, 0x1a, 0x57, 0xb5, 0x40, 0x10, 0x4f, 0xbd, 0x42, 0x0f, 0x46,
    0xc1, 0x42, 0x0c, 0x3e, 0xcc, 0x41, 0x09, 0x37, 0xcf, 0x45, 0x0b, 0x30,
    0xdf, 0x46, 0x06, 0x28, 0xe8, 0x43, 0x07, 0x22, 0xed, 0x46, 0x00, 0x1d,
    0xf5, 0x47, 0x00, 0x19, 0xff, 0x49, 0x00, 0x15, 0xff, 0x43, 0x00, 0x13,
    0xff, 0x40, 0x00, 0x10, 0xff, 0x49, 0x00, 0x0e, 0xff, 0x40, 0x00, 0x0c,
    0xff, 0x46, 0x00, 0x0b, 0xff, 0x39, 0x00, 0x09, 0xff, 0x40, 0x00, 0x08,
    0xff, 0x55, 0x00, 0x06, 0xff, 0x33, 0x00, 0x05, 0xff, 0x40, 0x00, 0x04,
    0xff, 0x55, 0x00, 0x03, 0xff, 0x7f, 0x00, 0x02, 0xff, 0x00, 0x00, 0x01,
    0xff, 0x00, 0x00, 0x01, 0x00, 0x00, 0x00, 0x00, 0x00, 0x00, 0x00, 0x00,
    0x00, 0x00, 0x00, 0x00, 0x00, 0x00, 0x00, 0x00, 0x00, 0x00, 0x00, 0x00,
    0x00, 0x00, 0x00, 0x00, 0xff, 0x49, 0x00, 0x07, 0xff, 0x40, 0x00, 0x08,
    0xff, 0x4c, 0x00, 0x0a, 0xff, 0x46, 0x00, 0x0b, 0xff, 0x4e, 0x00, 0x0d,
    0xff, 0x44, 0x00, 0x0f, 0xff, 0x4b, 0x00, 0x11, 0xf3, 0x49, 0x00, 0x15,
    0xf4, 0x42, 0x00, 0x17, 0xf6, 0x42, 0x00, 0x1b, 0xe6, 0x42, 0x00, 0x1f,
    0xe8, 0x43, 0x00, 0x22, 0xeb, 0x43, 0x07, 0x26, 0xe7, 0x49, 0x06, 0x2a,
    0xe3, 0x42, 0x06, 0x2e, 0xe5, 0x47, 0x05, 0x32, 0xe6, 0x45, 0x05, 0x34,
    0xe0, 0x43, 0x04, 0x39, 0xde, 0x43, 0x08, 0x3d, 0xd8, 0x46, 0x08, 0x42,
    0xd4, 0x43, 0x07, 0x48, 0xcb, 0x41, 0x0a, 0x4e, 0xc8, 0x40, 0x0c, 0x53,
    0xc1, 0x41, 0x0e, 0x5a, 0xcc, 0x70, 0x4a, 0x72, 0xf7, 0xeb, 0xe4, 0xda,
    0xfe, 0xfc, 0xfb, 0xf9, 0xfe, 0xfe, 0xfd, 0xfc, 0xff, 0xff, 0xff, 0xfe,
    0xff, 0xff, 0xff, 0xff, 0xff, 0xff, 0xff, 0xfe, 0xfe, 0xfe, 0xfd, 0xfc,
    0xfe, 0xfc, 0xfb, 0xf8, 0xf7, 0xec, 0xe7, 0xd8, 0xc8, 0x72, 0x4f, 0x6b,
    0xb8, 0x40, 0x0d, 0x4f, 0xbe, 0x41, 0x0e, 0x47, 0xc2, 0x41, 0x0c, 0x3f,
    0xd0, 0x42, 0x09, 0x36, 0xd8, 0x42, 0x06, 0x2e, 0xdd, 0x43, 0x07, 0x26,
    0xe7, 0x48, 0x00, 0x20, 0xf6, 0x42, 0x00, 0x1b, 0xf4, 0x4a, 0x00, 0x18,
    0xff, 0x4c, 0x00, 0x14, 0xff, 0x47, 0x00, 0x12, 0xff, 0x40, 0x00, 0x10,
    0xff, 0x4e, 0x00, 0x0d, 0xff, 0x46, 0x00, 0x0b, 0xff, 0x4c, 0x00, 0x0a,
    0xff, 0x40, 0x00, 0x08, 0xff, 0x49, 0x00, 0x07, 0xff, 0x33, 0x00, 0x05,
    0xff, 0x40, 0x00, 0x04, 0xff, 0x55, 0x00, 0x03, 0xff, 0x7f, 0x00, 0x02,
    0xff, 0x00, 0x00, 0x01, 0xff, 0x00, 0x00, 0x01, 0x00, 0x00, 0x00, 0x00,
    0x00, 0x00, 0x00, 0x00, 0x00, 0x00, 0x00, 0x00, 0x00, 0x00, 0x00, 0x00,
    0x00, 0x00, 0x00, 0x00, 0x00, 0x00, 0x00, 0x00, 0xff, 0x40, 0x00, 0x08,
    0xff, 0x39, 0x00, 0x09, 0xff, 0x46, 0x00, 0x0b, 0xff, 0x40, 0x00, 0x0c,
    0xff, 0x49, 0x00, 0x0e, 0xff, 0x40, 0x00, 0x10, 0xff, 0x43, 0x00, 0x13,
    0xf3, 0x46, 0x00, 0x16, 0xf5, 0x45, 0x00, 0x1a, 0xee, 0x44, 0x00, 0x1e,
    0xe8, 0x43, 0x00, 0x22, 0xe5, 0x48, 0x07, 0x27, 0xe1, 0x47, 0x06, 0x2b,
    0xe4, 0x46, 0x05, 0x2f, 0xdd, 0x45, 0x05, 0x34, 0xdf, 0x44, 0x05, 0x38,
    0xdd, 0x44, 0x08, 0x3c, 0xdc, 0x43, 0x08, 0x41, 0xd7, 0x45, 0x07, 0x46,
    0xd3, 0x44, 0x0a, 0x4b, 0xcf, 0x43, 0x0a, 0x50, 0xca, 0x43, 0x0c, 0x57,
    0xc3, 0x42, 0x0b, 0x5d, 0xcc, 0x6c, 0x44, 0x74, 0xfb, 0xf4, 0xf1, 0xe8,
    0xff, 0xfe, 0xfe, 0xfd, 0xff, 0xff, 0xff, 0xff, 0xff, 0xff, 0xff, 0xff,
    0xff, 0xff, 0xff, 0xff, 0xff, 0xff, 0xff, 0xff, 0xff, 0xff, 0xff, 0xff,
    0xff, 0xff, 0xff, 0xff, 0xff, 0xff, 0xff, 0xff, 0xff, 0xfe, 0xfe, 0xfd,
    0xf9, 0xf4, 0xf1, 0xe6, 0xc7, 0x70, 0x49, 0x69, 0xb9, 0x40, 0x0d, 0x50,
    0xc1, 0x42, 0x0f, 0x46, 0xc9, 0x43, 0x0d, 0x3d, 0xce, 0x45, 0x0a, 0x34,
    0xd6, 0x46, 0x06, 0x2c, 0xea, 0x47, 0x07, 0x24, 0xf6, 0x44, 0x00, 0x1e,
    0xf5, 0x45, 0x00, 0x1a, 0xff, 0x46, 0x00, 0x16, 0xff, 0x43, 0x00, 0x13,
    0xff, 0x4b, 0x00, 0x11, 0xff, 0x49, 0x00, 0x0e, 0xff, 0x4e, 0x00, 0x0d,
    0xff, 0x46, 0x00, 0x0b, 0xff, 0x39, 0x00, 0x09, 0xff, 0x49, 0x00, 0x07,
    0xff, 0x55, 0x00, 0x06, 0xff, 0x40, 0x00, 0x04, 0xff, 0x55, 0x00, 0x03,
    0xff, 0x7f, 0x00, 0x02, 0xff, 0x00, 0x00, 0x01, 0xff, 0x00, 0x00, 0x01,
    0xff, 0x00, 0x00, 0x01, 0x00, 0x00, 0x00, 0x00, 0x00, 0x00, 0x00, 0x00,
    0x00, 0x00, 0x00, 0x00, 0x00, 0x00, 0x00, 0x00, 0x00, 0x00, 0x00, 0x00,
    0xff, 0x40, 0x00, 0x08, 0xff, 0x4c, 0x00, 0x0a, 0xff, 0x46, 0x00, 0x0b,
    0xff, 0x4e, 0x00, 0x0d, 0xff, 0x40, 0x00, 0x10, 0xff, 0x47, 0x00, 0x12,
    0xf3, 0x49, 0x00, 0x15, 0xf4, 0x4a, 0x00, 0x18, 0xf6, 0x49, 0x00, 0x1c,
    0xe8, 0x46, 0x00, 0x21, 0xea, 0x45, 0x07, 0x25, 0xe1, 0x47, 0x06, 0x2b,
    0xdf, 0x45, 0x05, 0x30, 0xdd, 0x43, 0x05, 0x35, 0xdb, 0x43, 0x09, 0x39,
    0xda, 0x42, 0x08, 0x3e, 0xd9, 0x44, 0x08, 0x43, 0xd4, 0x43, 0x07, 0x48,
    0xd1, 0x41, 0x0a, 0x4e, 0xce, 0x44, 0x09, 0x53, 0xcb, 0x42, 0x0b, 0x59,
    0xc7, 0x43, 0x0b, 0x5f, 0xc0, 0x41, 0x0c, 0x66, 0xf5, 0xe4, 0xdc, 0xd6,
    0xff, 0xff, 0xfe, 0xfe, 0xff, 0xff, 0xff, 0xff, 0xfe, 0xfc, 0xfb, 0xfa,
    0xea, 0xc7, 0xb8, 0xbe, 0xcd, 0x81, 0x60, 0x90, 0xc2, 0x60, 0x37, 0x82,
    0xcb, 0x80, 0x60, 0x8f, 0xe9, 0xc7, 0xba, 0xbc, 0xfe, 0xfc, 0xfb, 0xfa,
    0xff, 0xff, 0xff, 0xff, 0xff, 0xff, 0xfe, 0xfe, 0xf5, 0xe5, 0xdf, 0xd0,
    0xb7, 0x40, 0x0e, 0x58, 0xbd, 0x42, 0x0d, 0x4d, 0xc5, 0x42, 0x0c, 0x42,
    0xce, 0x43, 0x09, 0x39, 0xd4, 0x45, 0x05, 0x30, 0xdf, 0x46, 0x06, 0x28,
    0xe8, 0x43, 0x00, 0x22, 0xf6, 0x42, 0x00, 0x1b, 0xff, 0x42, 0x00, 0x17,
    0xff, 0x49, 0x00, 0x15, 0xff, 0x47, 0x00, 0x12, 0xff, 0x40, 0x00, 0x10,
    0xff, 0x4e, 0x00, 0x0d, 0xff, 0x46, 0x00, 0x0b, 0xff, 0x39, 0x00, 0x09,
    0xff, 0x40, 0x00, 0x08, 0xff, 0x55, 0x00, 0x06, 0xff, 0x33, 0x00, 0x05,
    0xff, 0x40, 0x00, 0x04, 0xff, 0x55, 0x00, 0x03, 0xff, 0x7f, 0x00, 0x02,
    0xff, 0x00, 0x00, 0x01, 0xff, 0x00, 0x00, 0x01, 0x00, 0x00, 0x00, 0x00,
    0x00, 0x00, 0x00, 0x00, 0x00, 0x00, 0x00, 0x00, 0x00, 0x00, 0x00, 0x00,
    0x00, 0x00, 0x00, 0x00, 0xff, 0x39, 0x00, 0x09, 0xff, 0x4c, 0x00, 0x0a,
    0xff, 0x40, 0x00, 0x0c, 0xff, 0x49, 0x00, 0x0e, 0xff, 0x4b, 0x00, 0x11,
    0xff, 0x43, 0x00, 0x13, 0xf4, 0x42, 0x00, 0x17, 0xf5, 0x45, 0x00, 0x1a,
    0xef, 0x42, 0x00, 0x1f, 0xe9, 0x49, 0x00, 0x23, 0xe1, 0x43, 0x06, 0x2a,
    0xde, 0x46, 0x05, 0x2f, 0xd9, 0x42, 0x09, 0x36, 0xd4, 0x44, 0x08, 0x3c,
    0xd3, 0x44, 0x08, 0x40, 0xd3, 0x45, 0x07, 0x46, 0xd3, 0x44, 0x0a, 0x4b,
    0xd2, 0x43, 0x0a, 0x50, 0xcd, 0x44, 0x09, 0x56, 0xca, 0x43, 0x0b, 0x5b,
    0xc6, 0x41, 0x0a, 0x62, 0xc4, 0x42, 0x0c, 0x68, 0xdf, 0x9b, 0x7f, 0x96,
    0xff, 0xfe, 0xfd, 0xfd, 0xff, 0xff, 0xff, 0xff, 0xfe, 0xfd, 0xfc, 0xfc,
    0xdc, 0x9a, 0x7f, 0x9f, 0xc1, 0x4d, 0x1d, 0x7b, 0xbc, 0x43, 0x13, 0x79,
    0xb9, 0x42, 0x0f, 0x78, 0xb8, 0x45, 0x11, 0x77, 0xbd, 0x4c, 0x1e, 0x78,
    0xd9, 0x9c, 0x81, 0x9a, 0xfe, 0xfd, 0xfc, 0xfc, 0xff, 0xff, 0xff, 0xff,
    0xff, 0xfe, 0xfe, 0xfd, 0xdb, 0x9c, 0x81, 0x86, 0xbc, 0x40, 0x0f, 0x54,
    0xc3, 0x43, 0x0b, 0x48, 0xca, 0x42, 0x0c, 0x3e, 0xd4, 0x43, 0x0a, 0x35,
    0xe1, 0x47, 0x06, 0x2b, 0xe9, 0x49, 0x00, 0x23, 0xf6, 0x46, 0x00, 0x1d,
    0xff, 0x47, 0x00, 0x19, 0xff, 0x46, 0x00, 0x16, 0xff, 0x43, 0x00, 0x13,
    0xff, 0x4b, 0x00, 0x11, 0xff, 0x49, 0x00, 0x0e, 0xff, 0x40, 0x00, 0x0c,
    0xff, 0x4c, 0x00, 0x0a, 0xff, 0x39, 0x00, 0x09, 0xff, 0x49, 0x00, 0x07,
    0xff, 0x33, 0x00, 0x05, 0xff, 0x40, 0x00, 0x04, 0xff, 0x55, 0x00, 0x03,
    0xff, 0x7f, 0x00, 0x02, 0xff, 0x00, 0x00, 0x01, 0xff, 0x00, 0x00, 0x01,
    0x00, 0x00, 0x00, 0x00, 0x00, 0x00, 0x00, 0x00, 0x00, 0x00, 0x00, 0x00,
    0x00, 0x00, 0x00, 0x00, 0x00, 0x00, 0x00, 0x00, 0xff, 0x39, 0x00, 0x09,
    0xff, 0x46, 0x00, 0x0b, 0xff, 0x4e, 0x00, 0x0d, 0xff, 0x40, 0x00, 0x10,
    0xff, 0x47, 0x00, 0x12, 0xff, 0x49, 0x00, 0x15, 0xf4, 0x4a, 0x00, 0x18,
    0xf6, 0x49, 0x00, 0x1c, 0xe8, 0x43, 0x00, 0x22, 0xe5, 0x48, 0x07, 0x27,
    0xdd, 0x44, 0x06, 0x2d, 0xd8, 0x43, 0x0a, 0x35, 0xd4, 0x44, 0x08, 0x3c,
    0xd1, 0x44, 0x0b, 0x43, 0xcd, 0x43, 0x0b, 0x48, 0xce, 0x41, 0x0a, 0x4e,
    0xce, 0x44, 0x09, 0x53, 0xc9, 0x44, 0x0b, 0x5a, 0xc9, 0x43, 0x0b, 0x5f,
    0xc5, 0x42, 0x0d, 0x65, 0xc6, 0x43, 0x0c, 0x6b, 0xc3, 0x43, 0x0b, 0x6f,
    0xf3, 0xdb, 0xd1, 0xcf, 0xff, 0xff, 0xff, 0xff, 0xff, 0xff, 0xff, 0xff,
    0xee, 0xd0, 0xc3, 0xc7, 0xbd, 0x46, 0x15, 0x78, 0xbd, 0x42, 0x0d, 0x74,
    0xbe, 0x41, 0x0d, 0x75, 0xbe, 0x41, 0x0d, 0x75, 0xbd, 0x42, 0x0d, 0x74,
    0xbb, 0x42, 0x0d, 0x74, 0xbb, 0x48, 0x16, 0x75, 0xec, 0xcd, 0xc0, 0xc1,
    0xff, 0xff, 0xff, 0xff, 0xff, 0xff, 0xff, 0xff, 0xf0, 0xd7, 0xcf, 0xc1,
    0xba, 0x42, 0x0e, 0x59, 0xc1, 0x41, 0x0d, 0x4e, 0xca, 0x41, 0x0b, 0x43,
    0xce, 0x43, 0x09, 0x39, 0xd9, 0x46, 0x05, 0x2f, 0xea, 0x45, 0x07, 0x25,
    0xf7, 0x4a, 0x00, 0x1f, 0xff, 0x4c, 0x00, 0x1b, 0xff, 0x4a, 0x00, 0x18,
    0xff, 0x49, 0x00, 0x15, 0xff, 0x47, 0x00, 0x12, 0xff, 0x44, 0x00, 0x0f,
    0xff, 0x4e, 0x00, 0x0d, 0xff, 0x46, 0x00, 0x0b, 0xff, 0x39, 0x00, 0x09,
    0xff, 0x40, 0x00, 0x08, 0xff, 0x55, 0x00, 0x06, 0xff, 0x40, 0x00, 0x04,
    0xff, 0x55, 0x00, 0x03, 0xff, 0x7f, 0x00, 0x02, 0xff, 0x00, 0x00, 0x01,
    0xff, 0x00, 0x00, 0x01, 0x00, 0x00, 0x00, 0x00, 0x00, 0x00, 0x00, 0x00,
    0x00, 0x00, 0x00, 0x00, 0x00, 0x00, 0x00, 0x00, 0x00, 0x00, 0x00, 0x00,
    0xff, 0x4c, 0x00, 0x0a, 0xff, 0x40, 0x00, 0x0c, 0xff, 0x49, 0x00, 0x0e,
    0xff, 0x40, 0x00, 0x10, 0xff, 0x43, 0x00, 0x13, 0xff, 0x46, 0x00, 0x16,
    0xf5, 0x45, 0x00, 0x1a, 0xef, 0x42, 0x00, 0x1f, 0xe9, 0x49, 0x00, 0x23,
    0xe1, 0x47, 0x06, 0x2b, 0xdb, 0x42, 0x05, 0x32, 0xd4, 0x45, 0x09, 0x3b,
    0xcd, 0x42, 0x0c, 0x42, 0xfd, 0xf8, 0xf6, 0xe7, 0xfe, 0xfb, 0xfa, 0xf4,
    0xfe, 0xfb, 0xfa, 0xf4, 0xfe, 0xfb, 0xfa, 0xf4, 0xfe, 0xfb, 0xf9, 0xf5,
    0xfc, 0xf4, 0xf1, 0xeb, 0xc5, 0x41, 0x0c, 0x6e, 0xc0, 0x41, 0x0e, 0x71,
    0xbd, 0x42, 0x0d, 0x74, 0xfc, 0xf5, 0xf2, 0xef, 0xff, 0xff, 0xff, 0xff,
    0xff, 0xff, 0xff, 0xff, 0xd4, 0x89, 0x68, 0x95, 0xbd, 0x42, 0x0d, 0x74,
    0xc0, 0x41, 0x0d, 0x72, 0xc0, 0x41, 0x0d, 0x72, 0xc0, 0x41, 0x0d, 0x72,
    0xc0, 0x41, 0x0d, 0x72, 0xc0, 0x41, 0x0d, 0x72, 0xbf, 0x42, 0x0d, 0x73,
    0xd2, 0x80, 0x5e, 0x8d, 0xff, 0xff, 0xff, 0xff, 0xff, 0xff, 0xff, 0xff,
    0xfa, 0xf4, 0xf0, 0xea, 0xba, 0x42, 0x0e, 0x5d, 0xbe, 0x40, 0x0c, 0x53,
    0xc5, 0x41, 0x0b, 0x47, 0xd0, 0x44, 0x08, 0x3c, 0xdb, 0x42, 0x05, 0x32,
    0xec, 0x46, 0x06, 0x28, 0xf7, 0x43, 0x00, 0x22, 0xff, 0x49, 0x00, 0x1c,
    0xff, 0x47, 0x00, 0x19, 0xff, 0x46, 0x00, 0x16, 0xff, 0x43, 0x00, 0x13,
    0xff, 0x40, 0x00, 0x10, 0xff, 0x49, 0x00, 0x0e, 0xff, 0x40, 0x00, 0x0c,
    0xff, 0x4c, 0x00, 0x0a, 0xff, 0x40, 0x00, 0x08, 0xff, 0x55, 0x00, 0x06,
    0xff, 0x33, 0x00, 0x05, 0xff, 0x55, 0x00, 0x03, 0xff, 0x7f, 0x00, 0x02,
    0xff, 0x00, 0x00, 0x01, 0xff, 0x00, 0x00, 0x01, 0x00, 0x00, 0x00, 0x00,
    0x00, 0x00, 0x00, 0x00, 0x00, 0x00, 0x00, 0x00, 0x00, 0x00, 0x00, 0x00,
    0x00, 0x00, 0x00, 0x00, 0xff, 0x4c, 0x00, 0x0a, 0xff, 0x40, 0x00, 0x0c,
    0xff, 0x44, 0x00, 0x0f, 0xff, 0x4b, 0x00, 0x11, 0xff, 0x4c, 0x00, 0x14,
    0xff, 0x42, 0x00, 0x17, 0xf6, 0x42, 0x00, 0x1b, 0xef, 0x46, 0x00, 0x21,
    0xeb, 0x43, 0x07, 0x26, 0xe3, 0x44, 0x06, 0x2d, 0xd9, 0x42, 0x09, 0x36,
    0xd5, 0x43, 0x08, 0x3d, 0xcc, 0x42, 0x0b, 0x46, 0xfe, 0xfb, 0xfa, 0xf4,
    0xff, 0xff, 0xff, 0xff, 0xff, 0xff, 0xff, 0xff, 0xff, 0xff, 0xff, 0xff,
    0xff, 0xff, 0xff, 0xff, 0xfd, 0xfa, 0xf8, 0xf5, 0xc0, 0x41, 0x0e, 0x71,
    0xbf, 0x42, 0x0d, 0x73, 0xbc, 0x41, 0x0d, 0x76, 0xfe, 0xfe, 0xfc, 0xfc,
    0xff, 0xff, 0xff, 0xff, 0xff, 0xff, 0xff, 0xff, 0xc3, 0x54, 0x25, 0x7c,
    0xc0, 0x41, 0x0d, 0x72, 0xc3, 0x43, 0x0b, 0x6f, 0xc3, 0x43, 0x0b, 0x6f,
    0xc3, 0x43, 0x0b, 0x6f, 0xc3, 0x43, 0x0b, 0x6f, 0xc3, 0x43, 0x0b, 0x6f,
    0xc0, 0x41, 0x0d, 0x72, 0xc1, 0x4c, 0x1c, 0x78, 0xff, 0xff, 0xff, 0xff,
    0xff, 0xff, 0xff, 0xff, 0xfe, 0xfd, 0xfc, 0xfb, 0xbb, 0x42, 0x0d, 0x61,
    0xc1, 0x41, 0x0c, 0x56, 0xc9, 0x41, 0x0a, 0x4b, 0xcf, 0x44, 0x08, 0x40,
    0xd9, 0x42, 0x09, 0x36, 0xe7, 0x47, 0x06, 0x2b, 0xf8, 0x49, 0x00, 0x23,
    0xff, 0x44, 0x00, 0x1e, 0xff, 0x45, 0x00, 0x1a, 0xff, 0x42, 0x00, 0x17,
    0xff, 0x4c, 0x00, 0x14, 0xff, 0x47, 0x00, 0x12, 0xff, 0x44, 0x00, 0x0f,
    0xff, 0x4e, 0x00, 0x0d, 0xff, 0x46, 0x00, 0x0b, 0xff, 0x39, 0x00, 0x09,
    0xff, 0x49, 0x00, 0x07, 0xff, 0x33, 0x00, 0x05, 0xff, 0x40, 0x00, 0x04,
    0xff, 0x55, 0x00, 0x03, 0xff, 0x7f, 0x00, 0x02, 0xff, 0x00, 0x00, 0x01,
    0xff, 0x00, 0x00, 0x01, 0x00, 0x00, 0x00, 0x00, 0x00, 0x00, 0x00, 0x00,
    0x00, 0x00, 0x00, 0x00, 0x00, 0x00, 0x00, 0x00, 0xff, 0x46, 0x00, 0x0b,
    0xff, 0x4e, 0x00, 0x0d, 0xff, 0x44, 0x00, 0x0f, 0xff, 0x47, 0x00, 0x12,
    0xff, 0x49, 0x00, 0x15, 0xff, 0x4a, 0x00, 0x18, 0xf6, 0x49, 0x00, 0x1c,
    0xf0, 0x43, 0x00, 0x22, 0xeb, 0x48, 0x07, 0x27, 0xe3, 0x42, 0x06, 0x2e,
    0xd5, 0x46, 0x09, 0x37, 0xd2, 0x42, 0x08, 0x3e, 0xcd, 0x43, 0x0b, 0x48,
    0xd4, 0x63, 0x33, 0x5a, 0xd3, 0x63, 0x34, 0x62, 0xd0, 0x60, 0x31, 0x68,
    0xcf, 0x5c, 0x2e, 0x6f, 0xcd, 0x5d, 0x2d, 0x76, 0xc9, 0x5a, 0x2b, 0x77,
    0xc0, 0x41, 0x0d, 0x72, 0xbd, 0x42, 0x0d, 0x74, 0xbd, 0x40, 0x0d, 0x77,
    0xff, 0xff, 0xff, 0xff, 0xff, 0xff, 0xff, 0xff, 0xff, 0xff, 0xff, 0xff,
    0xbd, 0x42, 0x0d, 0x74, 0xc3, 0x43, 0x0b, 0x6f, 0xc4, 0x41, 0x0c, 0x6d,
    0xc6, 0x42, 0x0c, 0x6c, 0xc4, 0x41, 0x0c, 0x6d, 0xc6, 0x42, 0x0c, 0x6c,
    0xc4, 0x41, 0x0c, 0x6d, 0xc3, 0x43, 0x0b, 0x6f, 0xbd, 0x42, 0x0d, 0x74,
    0xff, 0xff, 0xff, 0xff, 0xff, 0xff, 0xff, 0xff, 0xff, 0xff, 0xff, 0xff,
    0xbd, 0x42, 0x0d, 0x65, 0xc1, 0x41, 0x0b, 0x5a, 0xc7, 0x41, 0x0a, 0x4e,
    0xd1, 0x44, 0x0b, 0x43, 0xda, 0x46, 0x05, 0x37, 0xe8, 0x44, 0x06, 0x2d,
    0xf8, 0x45, 0x00, 0x25, 0xff, 0x4a, 0x00, 0x1f, 0xff, 0x49, 0x00, 0x1c,
    0xff, 0x47, 0x00, 0x19, 0xff, 0x49, 0x00, 0x15, 0xff, 0x47, 0x00, 0x12,
    0xff, 0x40, 0x00, 0x10, 0xff, 0x4e, 0x00, 0x0d, 0xff, 0x46, 0x00, 0x0b,
    0xff, 0x39, 0x00, 0x09, 0xff, 0x49, 0x00, 0x07, 0xff, 0x55, 0x00, 0x06,
    0xff, 0x40, 0x00, 0x04, 0xff, 0x55, 0x00, 0x03, 0xff, 0x7f, 0x00, 0x02,
    0xff, 0x00, 0x00, 0x01, 0xff, 0x00, 0x00, 0x01, 0x00, 0x00, 0x00, 0x00,
    0x00, 0x00, 0x00, 0x00, 0x00, 0x00, 0x00, 0x00, 0x00, 0x00, 0x00, 0x00,
    0xff, 0x46, 0x00, 0x0b, 0xff, 0x4e, 0x00, 0x0d, 0xff, 0x40, 0x00, 0x10,
    0xff, 0x43, 0x00, 0x13, 0xff, 0x49, 0x00, 0x15, 0xff, 0x47, 0x00, 0x19,
    0xf6, 0x46, 0x00, 0x1d, 0xf0, 0x49, 0x00, 0x23, 0xec, 0x44, 0x06, 0x29,
    0xe4, 0x45, 0x05, 0x30, 0xdb, 0x44, 0x05, 0x38, 0xd4, 0x43, 0x08, 0x41,
    0xcf, 0x44, 0x0a, 0x4b, 0xcb, 0x44, 0x0c, 0x53, 0xc9, 0x44, 0x0b, 0x5a,
    0xca, 0x42, 0x0a, 0x61, 0xc7, 0x42, 0x0a, 0x69, 0xc5, 0x41, 0x0c, 0x6e,
    0xc0, 0x41, 0x0d, 0x72, 0xbf, 0x42, 0x0d, 0x73, 0xbe, 0x41, 0x0d, 0x75,
    0xb9, 0x42, 0x0f, 0x78, 0xff, 0xff, 0xff, 0xff, 0xff, 0xff, 0xff, 0xff,
    0xff, 0xff, 0xff, 0xff, 0xbd, 0x42, 0x0d, 0x74, 0xc3, 0x43, 0x0b, 0x6f,
    0xc6, 0x43, 0x0c, 0x6b, 0xc6, 0x43, 0x0c, 0x6b, 0xc6, 0x43, 0x0c, 0x6b,
    0xc6, 0x43, 0x0c, 0x6b, 0xc6, 0x43, 0x0c, 0x6b, 0xc3, 0x43, 0x0b, 0x6f,
    0xbf, 0x42, 0x0d, 0x73, 0xff, 0xff, 0xff, 0xff, 0xff, 0xff, 0xff, 0xff,
    0xff, 0xff, 0xff, 0xff, 0xbd, 0x40, 0x0c, 0x68, 0xc2, 0x42, 0x0b, 0x5c,
    0xc7, 0x41, 0x09, 0x52, 0xd0, 0x42, 0x0b, 0x46, 0xd7, 0x42, 0x09, 0x3a,
    0xe4, 0x45, 0x05, 0x30, 0xf2, 0x46, 0x00, 0x28, 0xff, 0x46, 0x00, 0x21,
    0xff, 0x46, 0x00, 0x1d, 0xff, 0x45, 0x00, 0x1a, 0xff, 0x42, 0x00, 0x17,
    0xff, 0x43, 0x00, 0x13, 0xff, 0x4b, 0x00, 0x11, 0xff, 0x49, 0x00, 0x0e,
    0xff, 0x40, 0x00, 0x0c, 0xff, 0x4c, 0x00, 0x0a, 0xff, 0x40, 0x00, 0x08,
    0xff, 0x55, 0x00, 0x06, 0xff, 0x40, 0x00, 0x04, 0xff, 0x55, 0x00, 0x03,
    0xff, 0x7f, 0x00, 0x02, 0xff, 0x00, 0x00, 0x01, 0xff, 0x00, 0x00, 0x01,
    0x00, 0x00, 0x00, 0x00, 0x00, 0x00, 0x00, 0x00, 0x00, 0x00, 0x00, 0x00,
    0x00, 0x00, 0x00, 0x00, 0xff, 0x46, 0x00, 0x0b, 0xff, 0x49, 0x00, 0x0e,
    0xff, 0x40, 0x00, 0x10, 0xff, 0x43, 0x00, 0x13, 0xff, 0x46, 0x00, 0x16,
    0xff, 0x45, 0x00, 0x1a, 0xf6, 0x44, 0x00, 0x1e, 0xf1, 0x47, 0x00, 0x24,
    0xe7, 0x47, 0x06, 0x2b, 0xe0, 0x47, 0x05, 0x32, 0xd8, 0x45, 0x09, 0x3b,
    0xd2, 0x43, 0x07, 0x44, 0xcb, 0x41, 0x0a, 0x4e, 0xca, 0x43, 0x0c, 0x57,
    0xc9, 0x41, 0x0b, 0x5e, 0xc8, 0x41, 0x0a, 0x66, 0xc4, 0x41, 0x0c, 0x6d,
    0xc0, 0x41, 0x0e, 0x71, 0xbd, 0x42, 0x0d, 0x74, 0xbe, 0x41, 0x0d, 0x75,
    0xbd, 0x40, 0x0d, 0x77, 0xb9, 0x41, 0x0f, 0x79, 0xff, 0xff, 0xff, 0xff,
    0xff, 0xff, 0xff, 0xff, 0xff, 0xff, 0xff, 0xff, 0xbd, 0x42, 0x0d, 0x74,
    0xc3, 0x43, 0x0b, 0x6f, 0xc6, 0x42, 0x0c, 0x6c, 0xc6, 0x43, 0x0c, 0x6b,
    0xc6, 0x42, 0x0c, 0x6c, 0xc6, 0x43, 0x0c, 0x6b, 0xc6, 0x42, 0x0c, 0x6c,
    0xc3, 0x43, 0x0b, 0x6f, 0xbf, 0x42, 0x0d, 0x73, 0xff, 0xff, 0xff, 0xff,
    0xff, 0xff, 0xff, 0xff, 0xff, 0xff, 0xff, 0xff, 0xc3, 0x41, 0x0c, 0x6a,
    0xc5, 0x42, 0x0b, 0x60, 0xcb, 0x43, 0x0c, 0x54, 0xcf, 0x41, 0x0a, 0x4a,
    0xd7, 0x44, 0x08, 0x40, 0xe6, 0x4a, 0x05, 0x34, 0xee, 0x4b, 0x00, 0x2c,
    0xff, 0x60, 0x20, 0x28, 0xff, 0x63, 0x23, 0x24, 0xff, 0x68, 0x28, 0x20,
    0xff, 0x69, 0x2c, 0x1d, 0xff, 0x68, 0x39, 0x1b, 0xff, 0x75, 0x40, 0x18,
    0xf0, 0x4b, 0x00, 0x11, 0xff, 0x55, 0x00, 0x0f, 0xff, 0x55, 0x00, 0x0c,
    0xff, 0x39, 0x00, 0x09, 0xff, 0x49, 0x00, 0x07, 0xff, 0x2a, 0x00, 0x06,
    0xff, 0x55, 0x00, 0x03, 0xff, 0x7f, 0x00, 0x02, 0xff, 0x00, 0x00, 0x01,
    0xff, 0x00, 0x00, 0x01, 0xff, 0x00, 0x00, 0x01, 0x00, 0x00, 0x00, 0x00,
    0x00, 0x00, 0x00, 0x00, 0x00, 0x00, 0x00, 0x00, 0xff, 0x40, 0x00, 0x0c,
    0xff, 0x49, 0x00, 0x0e, 0xff, 0x4b, 0x00, 0x11, 0xff, 0x43, 0x00, 0x13,
    0xff, 0x42, 0x00, 0x17, 0xff, 0x45, 0x00, 0x1a, 0xf7, 0x4a, 0x00, 0x1f,
    0xf1, 0x45, 0x00, 0x25, 0xe8, 0x46, 0x06, 0x2c, 0xdd, 0x45, 0x05, 0x34,
    0xd5, 0x43, 0x08, 0x3d, 0xcd, 0x43, 0x0b, 0x48, 0xcd, 0x42, 0x09, 0x51,
    0xfd, 0xf7, 0xf3, 0xe9, 0xfe, 0xfa, 0xf9, 0xf5, 0xfe, 0xfa, 0xf9, 0xf5,
    0xfd, 0xfa, 0xf8, 0xf6, 0xfd, 0xfa, 0xf8, 0xf6, 0xfb, 0xf2, 0xef, 0xed,
    0xbd, 0x40, 0x0d, 0x77, 0xb9, 0x41, 0x0f, 0x79, 0xb8, 0x41, 0x0f, 0x7a,
    0xff, 0xff, 0xff, 0xff, 0xff, 0xff, 0xff, 0xff, 0xff, 0xff, 0xff, 0xff,
    0xbe, 0x41, 0x0d, 0x75, 0xc0, 0x41, 0x0e, 0x71, 0xc5, 0x41, 0x0c, 0x6e,
    0xc5, 0x41, 0x0c, 0x6e, 0xc3, 0x43, 0x0b, 0x6f, 0xc5, 0x41, 0x0c, 0x6e,
    0xc5, 0x41, 0x0c, 0x6e, 0xc1, 0x42, 0x0b, 0x70, 0xbd, 0x42, 0x0d, 0x74,
    0xff, 0xff, 0xff, 0xff, 0xff, 0xff, 0xff, 0xff, 0xff, 0xff, 0xff, 0xff,
    0xc3, 0x43, 0x0c, 0x6e, 0xc6, 0x43, 0x0a, 0x63, 0xc9, 0x44, 0x0b, 0x5a,
    0xd5, 0x51, 0x18, 0x55, 0xe4, 0x6f, 0x3f, 0x55, 0xf2, 0x84, 0x56, 0x4d,
    0xfb, 0x8e, 0x62, 0x46, 0xff, 0x9a, 0x6d, 0x3f, 0xff, 0x9d, 0x77, 0x3c,
    0xff, 0xa4, 0x7f, 0x38, 0xff, 0xaa, 0x89, 0x36, 0xff, 0xaf, 0x91, 0x33,
    0xff, 0xb6, 0x9c, 0x31, 0xff, 0xc2, 0xa6, 0x2e, 0xff, 0xca, 0xb2, 0x2b,
    0xff, 0xc3, 0xa8, 0x26, 0xf4, 0x85, 0x59, 0x17, 0xeb, 0x4e, 0x00, 0x0d,
    0xe3, 0x39, 0x00, 0x09, 0xff, 0x49, 0x00, 0x07, 0xff, 0x40, 0x00, 0x04,
    0xff, 0x55, 0x00, 0x03, 0xff, 0x00, 0x00, 0x01, 0xff, 0x00, 0x00, 0x01,
    0x00, 0x00, 0x00, 0x00, 0x00, 0x00, 0x00, 0x00, 0x00, 0x00, 0x00, 0x00,
    0xff, 0x40, 0x00, 0x0c, 0xff, 0x49, 0x00, 0x0e, 0xff, 0x4b, 0x00, 0x11,
    0xff, 0x4c, 0x00, 0x14, 0xff, 0x42, 0x00, 0x17, 0xff, 0x4c, 0x00, 0x1b,
    0xf7, 0x48, 0x00, 0x20, 0xf2, 0x4a, 0x00, 0x26, 0xe8, 0x44, 0x06, 0x2d,
    0xdd, 0x43, 0x05, 0x35, 0xd6, 0x45, 0x08, 0x3f, 0xce, 0x42, 0x0a, 0x49,
    0xcd, 0x44, 0x09, 0x52, 0xfe, 0xfb, 0xf9, 0xf5, 0xff, 0xff, 0xff, 0xff,
    0xff, 0xff, 0xff, 0xff, 0xff, 0xff, 0xff, 0xff, 0xff, 0xff, 0xff, 0xff,
    0xfd, 0xf9, 0xf7, 0xf6, 0xbd, 0x40, 0x0d, 0x77, 0xb9, 0x41, 0x0f, 0x79,
    0xb8, 0x41, 0x0f, 0x7a, 0xff, 0xff, 0xff, 0xff, 0xff, 0xff, 0xff, 0xff,
    0xff, 0xff, 0xff, 0xff, 0xb9, 0x42, 0x0f, 0x78, 0xbf, 0x42, 0x0d, 0x73,
    0xc0, 0x41, 0x0d, 0x72, 0xc0, 0x41, 0x0d, 0x72, 0xbf, 0x42, 0x0d, 0x73,
    0xc0, 0x41, 0x0d, 0x72, 0xc0, 0x41, 0x0d, 0x72, 0xbf, 0x42, 0x0d, 0x73,
    0xbd, 0x40, 0x0d, 0x77, 0xff, 0xff, 0xff, 0xff, 0xff, 0xff, 0xff, 0xff,
    0xff, 0xff, 0xff, 0xff, 0xc5, 0x41, 0x0b, 0x72, 0xca, 0x43, 0x0a, 0x6a,
    0xce, 0x43, 0x0a, 0x63, 0xe4, 0x8f, 0x6c, 0x84, 0xed, 0xa2, 0x82, 0x83,
    0xf7, 0xae, 0x91, 0x7b, 0xfd, 0xb9, 0x9f, 0x75, 0xff, 0xc2, 0xa9, 0x71,
    0xff, 0xc7, 0xb0, 0x6e, 0xff, 0xcb, 0xb8, 0x6c, 0xff, 0xd1, 0xc0, 0x69,
    0xff, 0xd7, 0xc6, 0x67, 0xff, 0xdc, 0xcc, 0x65, 0xff, 0xe0, 0xd3, 0x63,
    0xff, 0xe5, 0xda, 0x61, 0xff, 0xe7, 0xdf, 0x60, 0xfc, 0xe7, 0xdb, 0x55,
    0xdf, 0x40, 0x0b, 0x18, 0xe3, 0x47, 0x00, 0x12, 0xea, 0x40, 0x00, 0x0c,
    0xdb, 0x49, 0x00, 0x07, 0xff, 0x7f, 0x00, 0x04, 0xff, 0x00, 0x00, 0x02,
    0xff, 0x00, 0x00, 0x01, 0x00, 0x00, 0x00, 0x00, 0x00, 0x00, 0x00, 0x00,
    0x00, 0x00, 0x00, 0x00, 0xff, 0x40, 0x00, 0x0c, 0xff, 0x49, 0x00, 0x0e,
    0xff, 0x4b, 0x00, 0x11, 0xff, 0x4c, 0x00, 0x14, 0xff, 0x4a, 0x00, 0x18,
    0xff, 0x4c, 0x00, 0x1b, 0xf7, 0x48, 0x00, 0x20, 0xf2, 0x4a, 0x00, 0x26,
    0xe8, 0x44, 0x06, 0x2d, 0xe2, 0x43, 0x05, 0x35, 0xda, 0x42, 0x08, 0x3e,
    0xd4, 0x44, 0x07, 0x47, 0xd0, 0x42, 0x09, 0x51, 0xd4, 0x5e, 0x2e, 0x64,
    0xd3, 0x60, 0x2f, 0x6d, 0xd0, 0x5e, 0x2d, 0x72, 0xcd, 0x5d, 0x2d, 0x76,
    0xc7, 0x5b, 0x2c, 0x7b, 0xc5, 0x58, 0x29, 0x7c, 0xbc, 0x41, 0x0d, 0x76,
    0xbd, 0x40, 0x0d, 0x77, 0xb8, 0x41, 0x0f, 0x7a, 0xff, 0xff, 0xff, 0xff,
    0xff, 0xff, 0xff, 0xff, 0xff, 0xff, 0xff, 0xff, 0xb8, 0x41, 0x0f, 0x7a,
    0xbd, 0x40, 0x0d, 0x77, 0xbc, 0x41, 0x0d, 0x76, 0xe9, 0xc1, 0xb0, 0xb9,
    0xfc, 0xf4, 0xf3, 0xf2, 0xe9, 0xc1, 0xb0, 0xb9, 0xbc, 0x41, 0x0d, 0x76,
    0xbd, 0x40, 0x0d, 0x77, 0xb8, 0x40, 0x0f, 0x7b, 0xff, 0xff, 0xff, 0xff,
    0xff, 0xff, 0xff, 0xff, 0xff, 0xff, 0xff, 0xff, 0xc5, 0x43, 0x0b, 0x76,
    0xcc, 0x43, 0x0b, 0x72, 0xcf, 0x43, 0x09, 0x6f, 0xed, 0xad, 0x94, 0xb7,
    0xf3, 0xba, 0xa3, 0xb9, 0xf9, 0xc5, 0xb1, 0xb4, 0xfe, 0xcf, 0xbe, 0xb0,
    0xff, 0xd4, 0xc4, 0xae, 0xff, 0xda, 0xcb, 0xac, 0xff, 0xdd, 0xd1, 0xab,
    0xff, 0xe2, 0xd6, 0xa9, 0xff, 0xe5, 0xdb, 0xa8, 0xff, 0xe8, 0xdf, 0xa7,
    0xff, 0xeb, 0xe3, 0xa6, 0xff, 0xee, 0xe8, 0xa5, 0xff, 0xf1, 0xec, 0xa4,
    0xfd, 0xf0, 0xeb, 0x9b, 0xd8, 0x41, 0x07, 0x27, 0xe3, 0x4c, 0x09, 0x1b,
    0xe3, 0x47, 0x00, 0x12, 0xe8, 0x46, 0x00, 0x0b, 0xff, 0x55, 0x00, 0x06,
    0xff, 0x55, 0x00, 0x03, 0xff, 0x00, 0x00, 0x02, 0xff, 0x00, 0x00, 0x01,
    0x00, 0x00, 0x00, 0x00, 0x00, 0x00, 0x00, 0x00, 0xff, 0x40, 0x00, 0x0c,
    0xff, 0x49, 0x00, 0x0e, 0xff, 0x4b, 0x00, 0x11, 0xff, 0x4c, 0x00, 0x14,
    0xff, 0x4a, 0x00, 0x18, 0xff, 0x49, 0x00, 0x1c, 0xf7, 0x48, 0x00, 0x20,
    0xf2, 0x4a, 0x00, 0x26, 0xee, 0x44, 0x06, 0x2d, 0xe6, 0x45, 0x05, 0x34,
    0xde, 0x43, 0x08, 0x3d, 0xd7, 0x44, 0x07, 0x47, 0xd3, 0x42, 0x09, 0x51,
    0xd1, 0x42, 0x09, 0x59, 0xd0, 0x42, 0x0a, 0x61, 0xcd, 0x43, 0x0a, 0x66,
    0xc6, 0x43, 0x0c, 0x6b, 0xc3, 0x43, 0x0b, 0x6f, 0xbf, 0x42, 0x0d, 0x73,
    0xbd, 0x42, 0x0d, 0x74, 0xbd, 0x40, 0x0d, 0x77, 0xb8, 0x41, 0x0f, 0x7a,
    0xff, 0xff, 0xff, 0xff, 0xff, 0xff, 0xff, 0xff, 0xff, 0xff, 0xff, 0xff,
    0xb6, 0x41, 0x0e, 0x7e, 0xb8, 0x41, 0x0f, 0x7a, 0xb8, 0x41, 0x0f, 0x7a,
    0xfd, 0xfb, 0xfa, 0xf8, 0xff, 0xff, 0xff, 0xff, 0xfd, 0xf9, 0xf8, 0xf6,
    0xb8, 0x41, 0x0f, 0x7a, 0xb8, 0x41, 0x0f, 0x7a, 0xb6, 0x41, 0x0e, 0x7e,
    0xff, 0xff, 0xff, 0xff, 0xff, 0xff, 0xff, 0xff, 0xff, 0xff, 0xff, 0xff,
    0xc4, 0x43, 0x0d, 0x7a, 0xca, 0x43, 0x0b, 0x79, 0xce, 0x42, 0x0b, 0x78,
    0xe2, 0x8c, 0x68, 0xa9, 0xf5, 0xc6, 0xb3, 0xe3, 0xf9, 0xd0, 0xbf, 0xe2,
    0xfd, 0xd7, 0xc8, 0xe0, 0xff, 0xde, 0xd0, 0xdf, 0xff, 0xe2, 0xd6, 0xde,
    0xff, 0xe5, 0xda, 0xde, 0xff, 0xe8, 0xdf, 0xdd, 0xff, 0xea, 0xe2, 0xdd,
    0xff, 0xee, 0xe7, 0xdc, 0xff, 0xf0, 0xea, 0xdc, 0xff, 0xf2, 0xec, 0xdb,
    0xff, 0xf4, 0xf0, 0xdb, 0xf3, 0xc7, 0xb4, 0x85, 0xd6, 0x42, 0x0a, 0x32,
    0xd9, 0x4b, 0x07, 0x22, 0xdf, 0x40, 0x0b, 0x18, 0xdb, 0x49, 0x00, 0x0e,
    0xdb, 0x49, 0x00, 0x07, 0xff, 0x55, 0x00, 0x03, 0xff, 0x00, 0x00, 0x02,
    0xff, 0x00, 0x00, 0x01, 0x00, 0x00, 0x00, 0x00, 0x00, 0x00, 0x00, 0x00,
    0xff, 0x40, 0x00, 0x0c, 0xff, 0x49, 0x00, 0x0e, 0xff, 0x47, 0x00, 0x12,
    0xff, 0x49, 0x00, 0x15, 0xff, 0x4a, 0x00, 0x18, 0xff, 0x49, 0x00, 0x1c,
    0xf7, 0x48, 0x00, 0x20, 0xf2, 0x48, 0x00, 0x27, 0xee, 0x44, 0x06, 0x2d,
    0xeb, 0x45, 0x05, 0x34, 0xde, 0x46, 0x08, 0x3e, 0xd7, 0x44, 0x07, 0x47,
    0xd6, 0x43, 0x06, 0x50, 0xd2, 0x44, 0x08, 0x5a, 0xd2, 0x42, 0x08, 0x61,
    0xcf, 0x44, 0x0a, 0x65, 0xc8, 0x41, 0x0c, 0x6a, 0xc3, 0x43, 0x0b, 0x6f,
    0xbf, 0x42, 0x0d, 0x73, 0xbe, 0x41, 0x0d, 0x75, 0xbd, 0x40, 0x0d, 0x77,
    0xb8, 0x40, 0x0f, 0x7b, 0xff, 0xff, 0xff, 0xff, 0xff, 0xff, 0xff, 0xff,
    0xff, 0xff, 0xff, 0xff, 0xb4, 0x3f, 0x10, 0x81, 0xb6, 0x41, 0x0e, 0x7e,
    0xb6, 0x41, 0x0e, 0x7e, 0xff, 0xff, 0xff, 0xff, 0xff, 0xff, 0xff, 0xff,
    0xff, 0xff, 0xff, 0xff, 0xb6, 0x41, 0x0e, 0x7e, 0xb6, 0x41, 0x0e, 0x7e,
    0xb5, 0x40, 0x10, 0x80, 0xff, 0xff, 0xff, 0xff, 0xff, 0xff, 0xff, 0xff,
    0xff, 0xff, 0xff, 0xff, 0xc3, 0x42, 0x0c, 0x7b, 0xc9, 0x42, 0x0a, 0x7b,
    0xcf, 0x42, 0x0a, 0x7b, 0xd2, 0x44, 0x08, 0x7c, 0xed, 0xab, 0x90, 0xcc,
    0xfa, 0xd2, 0xc3, 0xf9, 0xfd, 0xd9, 0xcc, 0xf9, 0xff, 0xdf, 0xd3, 0xf8,
    0xff, 0xe3, 0xd8, 0xf8, 0xff, 0xe6, 0xdc, 0xf8, 0xff, 0xe8, 0xe0, 0xf8,
    0xff, 0xeb, 0xe4, 0xf8, 0xff, 0xee, 0xe7, 0xf8, 0xff, 0xf1, 0xeb, 0xf8,
    0xff, 0xf3, 0xef, 0xf8, 0xf7, 0xd9, 0xcb, 0xba, 0xd6, 0x43, 0x07, 0x44,
    0xdc, 0x46, 0x0a, 0x33, 0xdc, 0x47, 0x07, 0x24, 0xdf, 0x40, 0x0b, 0x18,
    0xee, 0x44, 0x00, 0x0f, 0xe3, 0x55, 0x00, 0x09, 0xff, 0x7f, 0x00, 0x04,
    0xff, 0x00, 0x00, 0x02, 0xff, 0x00, 0x00, 0x01, 0x00, 0x00, 0x00, 0x00,
    0x00, 0x00, 0x00, 0x00, 0xff, 0x40, 0x00, 0x0c, 0xff, 0x49, 0x00, 0x0e,
    0xff, 0x47, 0x00, 0x12, 0xff, 0x49, 0x00, 0x15, 0xff, 0x4a, 0x00, 0x18,
    0xff, 0x49, 0x00, 0x1c, 0xf7, 0x46, 0x00, 0x21, 0xf2, 0x48, 0x00, 0x27,
    0xee, 0x44, 0x06, 0x2d, 0xeb, 0x45, 0x05, 0x34, 0xde, 0x46, 0x08, 0x3e,
    0xd7, 0x44, 0x07, 0x47, 0xd6, 0x43, 0x06, 0x50, 0xfd, 0xf7, 0xf3, 0xe9,
    0xfe, 0xfa, 0xf9, 0xf5, 0xfe, 0xfa, 0xf9, 0xf5, 0xfe, 0xfa, 0xf8, 0xf6,
    0xfd, 0xfa, 0xf8, 0xf6, 0xfb, 0xf2, 0xef, 0xed, 0xbd, 0x40, 0x0d, 0x77,
    0xb9, 0x41, 0x0f, 0x79, 0xb7, 0x42, 0x0e, 0x7c, 0xff, 0xff, 0xff, 0xff,
    0xff, 0xff, 0xff, 0xff, 0xff, 0xff, 0xff, 0xff, 0xb3, 0x40, 0x10, 0x83,
    0xb4, 0x3f, 0x10, 0x81, 0xb4, 0x3f, 0x10, 0x81, 0xff, 0xff, 0xff, 0xff,
    0xff, 0xff, 0xff, 0xff, 0xff, 0xff, 0xff, 0xff, 0xb4, 0x3f, 0x10, 0x81,
    0xb4, 0x3f, 0x10, 0x81, 0xb2, 0x41, 0x10, 0x82, 0xff, 0xff, 0xff, 0xff,
    0xff, 0xff, 0xff, 0xff, 0xff, 0xff, 0xff, 0xff, 0xc3, 0x42, 0x0c, 0x7b,
    0xca, 0x43, 0x0b, 0x79, 0xcf, 0x44, 0x0a, 0x7b, 0xd2, 0x44, 0x08, 0x7c,
    0xd3, 0x48, 0x10, 0x7f, 0xf5, 0xc0, 0xab, 0xe0, 0xfc, 0xd9, 0xcb, 0xff,
    0xfe, 0xdf, 0xd2, 0xff, 0xfe, 0xe2, 0xd7, 0xff, 0xff, 0xe6, 0xdc, 0xff,
    0xff, 0xe9, 0xe0, 0xff, 0xff, 0xec, 0xe4, 0xff, 0xff, 0xee, 0xe8, 0xff,
    0xff, 0xf1, 0xeb, 0xff, 0xf9, 0xe2, 0xd8, 0xd7, 0xd4, 0x50, 0x1c, 0x53,
    0xd6, 0x45, 0x08, 0x3f, 0xd4, 0x45, 0x0b, 0x30, 0xdf, 0x48, 0x08, 0x20,
    0xdc, 0x46, 0x0c, 0x16, 0xea, 0x40, 0x00, 0x0c, 0xff, 0x49, 0x00, 0x07,
    0xff, 0x55, 0x00, 0x03, 0xff, 0x00, 0x00, 0x01, 0xff, 0x00, 0x00, 0x01,
    0x00, 0x00, 0x00, 0x00, 0x00, 0x00, 0x00, 0x00, 0xff, 0x40, 0x00, 0x0c,
    0xff, 0x49, 0x00, 0x0e, 0xff, 0x4b, 0x00, 0x11, 0xff, 0x49, 0x00, 0x15,
    0xff, 0x4a, 0x00, 0x18, 0xff, 0x49, 0x00, 0x1c, 0xf7, 0x46, 0x00, 0x21,
    0xf2, 0x48, 0x00, 0x27, 0xee, 0x46, 0x00, 0x2c, 0xeb, 0x45, 0x05, 0x34,
    0xe1, 0x44, 0x04, 0x3c, 0xdb, 0x45, 0x07, 0x46, 0xd8, 0x44, 0x06, 0x4f,
    0xfe, 0xfb, 0xf9, 0xf5, 0xff, 0xff, 0xff, 0xff, 0xff, 0xff, 0xff, 0xff,
    0xff, 0xff, 0xff, 0xff, 0xff, 0xff, 0xff, 0xff, 0xfd, 0xf9, 0xf7, 0xf6,
    0xbd, 0x40, 0x0d, 0x77, 0xb8, 0x41, 0x0f, 0x7a, 0xb8, 0x41, 0x0e, 0x7d,
    0xff, 0xff, 0xff, 0xff, 0xff, 0xff, 0xff, 0xff, 0xff, 0xff, 0xff, 0xff,
    0xb0, 0x3f, 0x0f, 0x85, 0xb2, 0x40, 0x0f, 0x84, 0xb2, 0x40, 0x0f, 0x84,
    0xff, 0xff, 0xff, 0xff, 0xff, 0xff, 0xff, 0xff, 0xff, 0xff, 0xff, 0xff,
    0xb2, 0x40, 0x0f, 0x84, 0xb2, 0x40, 0x0f, 0x84, 0xb2, 0x40, 0x0f, 0x84,
    0xff, 0xff, 0xff, 0xff, 0xff, 0xff, 0xff, 0xff, 0xff, 0xff, 0xff, 0xff,
    0xbf, 0x40, 0x0c, 0x7b, 0xc8, 0x42, 0x0d, 0x78, 0xce, 0x42, 0x0b, 0x78,
    0xd2, 0x44, 0x08, 0x78, 0xd4, 0x44, 0x08, 0x78, 0xdc, 0x5a, 0x25, 0x82,
    0xf9, 0xce, 0xbd, 0xee, 0xfe, 0xdd, 0xd0, 0xff, 0xfe, 0xe1, 0xd5, 0xff,
    0xfe, 0xe4, 0xda, 0xff, 0xff, 0xe8, 0xdf, 0xff, 0xff, 0xeb, 0xe3, 0xff,
    0xff, 0xee, 0xe7, 0xff, 0xfc, 0xe7, 0xde, 0xe8, 0xdb, 0x68, 0x39, 0x62,
    0xd7, 0x44, 0x07, 0x47, 0xda, 0x46, 0x09, 0x37, 0xdf, 0x46, 0x06, 0x28,
    0xe4, 0x49, 0x09, 0x1c, 0xe4, 0x43, 0x00, 0x13, 0xe8, 0x46, 0x00, 0x0b,
    0xff, 0x55, 0x00, 0x06, 0xff, 0x55, 0x00, 0x03, 0xff, 0x00, 0x00, 0x01,
    0xff, 0x00, 0x00, 0x01, 0x00, 0x00, 0x00, 0x00, 0x00, 0x00, 0x00, 0x00,
    0xff, 0x40, 0x00, 0x0c, 0xff, 0x49, 0x00, 0x0e, 0xff, 0x4b, 0x00, 0x11,
    0xff, 0x4c, 0x00, 0x14, 0xff, 0x4a, 0x00, 0x18, 0xff, 0x49, 0x00, 0x1c,
    0xf7, 0x48, 0x00, 0x20, 0xf8, 0x4a, 0x00, 0x26, 0xf3, 0x47, 0x00, 0x2b,
    0xeb, 0x46, 0x05, 0x33, 0xe5, 0x45, 0x04, 0x3b, 0xe0, 0x44, 0x08, 0x43,
    0xdd, 0x44, 0x07, 0x4b, 0xdf, 0x61, 0x2e, 0x5f, 0xdc, 0x60, 0x2f, 0x67,
    0xd7, 0x5e, 0x2d, 0x6c, 0xd2, 0x5f, 0x2d, 0x71, 0xcd, 0x5d, 0x2d, 0x76,
    0xc9, 0x5a, 0x2a, 0x7a, 0xbc, 0x41, 0x0d, 0x76, 0xb8, 0x41, 0x0f, 0x7a,
    0xb6, 0x41, 0x0e, 0x7e, 0xff, 0xff, 0xff, 0xff, 0xff, 0xff, 0xff, 0xff,
    0xff, 0xff, 0xff, 0xff, 0xb0, 0x40, 0x0f, 0x87, 0xb1, 0x41, 0x0f, 0x86,
    0xb0, 0x40, 0x0f, 0x87, 0xff, 0xff, 0xff, 0xff, 0xff, 0xff, 0xff, 0xff,
    0xff, 0xff, 0xff, 0xff, 0xb0, 0x40, 0x0f, 0x87, 0xb1, 0x41, 0x0f, 0x86,
    0xb1, 0x41, 0x0f, 0x86, 0xff, 0xff, 0xff, 0xff, 0xff, 0xff, 0xff, 0xff,
    0xff, 0xff, 0xff, 0xff, 0xbe, 0x41, 0x0d, 0x7a, 0xc5, 0x42, 0x0b, 0x77,
    0xcb, 0x43, 0x0b, 0x76, 0xd1, 0x41, 0x09, 0x75, 0xd5, 0x45, 0x09, 0x73,
    0xd9, 0x45, 0x07, 0x73, 0xe5, 0x73, 0x46, 0x8a, 0xfc, 0xd7, 0xc7, 0xf7,
    0xfe, 0xdf, 0xd3, 0xff, 0xfe, 0xe4, 0xd9, 0xff, 0xff, 0xe7, 0xde, 0xff,
    0xff, 0xea, 0xe2, 0xff, 0xfe, 0xe8, 0xe0, 0xf6, 0xe2, 0x83, 0x5d, 0x73,
    0xd7, 0x43, 0x07, 0x4c, 0xdd, 0x44, 0x08, 0x3c, 0xde, 0x41, 0x05, 0x2f,
    0xe0, 0x46, 0x08, 0x21, 0xe9, 0x42, 0x00, 0x17, 0xed, 0x49, 0x00, 0x0e,
    0xe3, 0x39, 0x00, 0x09, 0xff, 0x66, 0x00, 0x05, 0xff, 0x55, 0x00, 0x03,
    0xff, 0x00, 0x00, 0x01, 0xff, 0x00, 0x00, 0x01, 0x00, 0x00, 0x00, 0x00,
    0x00, 0x00, 0x00, 0x00, 0xff, 0x46, 0x00, 0x0b, 0xff, 0x49, 0x00, 0x0e,
    0xff, 0x4b, 0x00, 0x11, 0xff, 0x4c, 0x00, 0x14, 0xff, 0x42, 0x00, 0x17,
    0xff, 0x4c, 0x00, 0x1b, 0xf7, 0x48, 0x00, 0x20, 0xf8, 0x47, 0x00, 0x24,
    0xf3, 0x47, 0x00, 0x2b, 0xef, 0x49, 0x05, 0x31, 0xed, 0x44, 0x05, 0x38,
    0xe7, 0x48, 0x04, 0x40, 0xe3, 0x43, 0x07, 0x48, 0xe0, 0x44, 0x06, 0x52,
    0xdd, 0x44, 0x06, 0x5a, 0xd4, 0x43, 0x08, 0x5f, 0xcf, 0x44, 0x0a, 0x65,
    0xc6, 0x43, 0x0c, 0x6b, 0xc0, 0x41, 0x0e, 0x71, 0xbe, 0x41, 0x0d, 0x75,
    0xb8, 0x41, 0x0f, 0x7a, 0xc5, 0x6a, 0x42, 0x8e, 0xff, 0xff, 0xff, 0xff,
    0xff, 0xff, 0xff, 0xff, 0xff, 0xff, 0xff, 0xff, 0xae, 0x41, 0x11, 0x8a,
    0xaf, 0x3f, 0x11, 0x89, 0xac, 0x40, 0x10, 0x8b, 0xff, 0xff, 0xff, 0xff,
    0xff, 0xff, 0xff, 0xff, 0xff, 0xff, 0xff, 0xff, 0xac, 0x40, 0x10, 0x8b,
    0xaf, 0x3f, 0x11, 0x89, 0xaf, 0x3f, 0x11, 0x89, 0xff, 0xff, 0xff, 0xff,
    0xff, 0xff, 0xff, 0xff, 0xff, 0xff, 0xff, 0xff, 0xc8, 0x69, 0x3e, 0x8b,
    0xc1, 0x42, 0x0d, 0x78, 0xc8, 0x44, 0x0b, 0x75, 0xce, 0x42, 0x09, 0x73,
    0xd1, 0x45, 0x09, 0x6f, 0xda, 0x44, 0x07, 0x6d, 0xda, 0x43, 0x07, 0x6e,
    0xeb, 0x8f, 0x6b, 0x99, 0xfd, 0xdd, 0xd1, 0xfd, 0xfe, 0xe3, 0xd8, 0xff,
    0xfe, 0xe6, 0xdc, 0xff, 0xff, 0xe9, 0xe0, 0xfd, 0xec, 0x9d, 0x7d, 0x87,
    0xdb, 0x45, 0x0a, 0x4e, 0xdc, 0x43, 0x08, 0x41, 0xdc, 0x46, 0x05, 0x33,
    0xe4, 0x43, 0x07, 0x26, 0xe4, 0x49, 0x00, 0x1c, 0xf1, 0x47, 0x00, 0x12,
    0xea, 0x55, 0x00, 0x0c, 0xff, 0x40, 0x00, 0x08, 0xff, 0x40, 0x00, 0x04,
    0xff, 0x7f, 0x00, 0x02, 0xff, 0x00, 0x00, 0x01, 0xff, 0x00, 0x00, 0x01,
    0xff, 0x00, 0x00, 0x01, 0x00, 0x00, 0x00, 0x00, 0xff, 0x46, 0x00, 0x0b,
    0xff, 0x49, 0x00, 0x0e, 0xff, 0x40, 0x00, 0x10, 0xff, 0x43, 0x00, 0x13,
    0xff, 0x42, 0x00, 0x17, 0xff, 0x4c, 0x00, 0x1b, 0xf7, 0x48, 0x00, 0x20,
    0xf8, 0x47, 0x00, 0x24, 0xf9, 0x44, 0x00, 0x29, 0xf4, 0x46, 0x00, 0x2f,
    0xf1, 0x47, 0x05, 0x36, 0xea, 0x47, 0x04, 0x3d, 0xe5, 0x45, 0x04, 0x46,
    0xe2, 0x45, 0x07, 0x4e, 0xdf, 0x46, 0x06, 0x57, 0xd6, 0x45, 0x08, 0x5d,
    0xd1, 0x43, 0x0a, 0x63, 0xc6, 0x43, 0x0c, 0x6b, 0xc0, 0x41, 0x0e, 0x71,
    0xbd, 0x40, 0x0d, 0x77, 0xcd, 0x77, 0x51, 0x90, 0xf9, 0xf1, 0xed, 0xed,
    0xff, 0xff, 0xff, 0xff, 0xff, 0xff, 0xff, 0xff, 0xff, 0xff, 0xff, 0xff,
    0xad, 0x40, 0x10, 0x8c, 0xac, 0x3f, 0x10, 0x8d, 0xab, 0x41, 0x10, 0x8e,
    0xff, 0xff, 0xff, 0xff, 0xff, 0xff, 0xff, 0xff, 0xff, 0xff, 0xff, 0xff,
    0xab, 0x41, 0x10, 0x8e, 0xac, 0x3f, 0x10, 0x8d, 0xad, 0x40, 0x10, 0x8c,
    0xff, 0xff, 0xff, 0xff, 0xff, 0xff, 0xff, 0xff, 0xff, 0xff, 0xff, 0xff,
    0xfa, 0xf0, 0xeb, 0xeb, 0xd1, 0x74, 0x4d, 0x8b, 0xc6, 0x41, 0x0b, 0x75,
    0xcc, 0x43, 0x09, 0x72, 0xd2, 0x43, 0x0a, 0x6b, 0xd5, 0x45, 0x07, 0x68,
    0xd9, 0x43, 0x07, 0x66, 0xde, 0x44, 0x08, 0x65, 0xef, 0xa0, 0x7f, 0x9e,
    0xfd, 0xdc, 0xd1, 0xf2, 0xfe, 0xe0, 0xd3, 0xf0, 0xf2, 0xa6, 0x87, 0x8f,
    0xdb, 0x44, 0x0a, 0x4f, 0xdd, 0x44, 0x08, 0x43, 0xe2, 0x48, 0x05, 0x35,
    0xec, 0x46, 0x06, 0x28, 0xe6, 0x4a, 0x00, 0x1f, 0xf3, 0x46, 0x00, 0x16,
    0xef, 0x40, 0x00, 0x10, 0xff, 0x4c, 0x00, 0x0a, 0xff, 0x2a, 0x00, 0x06,
    0xff, 0x33, 0x00, 0x05, 0xff, 0x7f, 0x00, 0x02, 0xff, 0x00, 0x00, 0x01,
    0xff, 0x00, 0x00, 0x01, 0xff, 0x00, 0x00, 0x01, 0x00, 0x00, 0x00, 0x00,
    0xff, 0x46, 0x00, 0x0b, 0xff, 0x4e, 0x00, 0x0d, 0xff, 0x40, 0x00, 0x10,
    0xff, 0x43, 0x00, 0x13, 0xff, 0x46, 0x00, 0x16, 0xff, 0x45, 0x00, 0x1a,
    0xff, 0x44, 0x00, 0x1e, 0xf8, 0x49, 0x00, 0x23, 0xf9, 0x44, 0x00, 0x29,
    0xf9, 0x4a, 0x00, 0x2d, 0xf0, 0x45, 0x05, 0x34, 0xee, 0x45, 0x04, 0x3b,
    0xe8, 0x47, 0x04, 0x44, 0xe4, 0x46, 0x07, 0x4d, 0xdf, 0x46, 0x06, 0x57,
    0xd6, 0x45, 0x08, 0x5d, 0xcf, 0x44, 0x0a, 0x65, 0xc6, 0x42, 0x0c, 0x6c,
    0xbf, 0x42, 0x0d, 0x73, 0xc5, 0x64, 0x38, 0x85, 0xf8, 0xf0, 0xeb, 0xeb,
    0xff, 0xfe, 0xfe, 0xfe, 0xff, 0xff, 0xff, 0xff, 0xfe, 0xfe, 0xfd, 0xfe,
    0xe6, 0xc7, 0xb8, 0xce, 0xaa, 0x40, 0x12, 0x90, 0xa9, 0x3f, 0x12, 0x91,
    0xa9, 0x3f, 0x11, 0x92, 0xff, 0xff, 0xff, 0xff, 0xff, 0xff, 0xff, 0xff,
    0xff, 0xff, 0xff, 0xff, 0xa9, 0x3f, 0x11, 0x92, 0xaa, 0x40, 0x12, 0x90,
    0xab, 0x3e, 0x12, 0x8f, 0xe5, 0xc4, 0xb6, 0xcc, 0xfe, 0xfe, 0xfd, 0xfe,
    0xff, 0xff, 0xff, 0xff, 0xff, 0xfe, 0xfe, 0xfe, 0xfa, 0xf0, 0xec, 0xea,
    0xca, 0x60, 0x33, 0x82, 0xc9, 0x41, 0x0b, 0x72, 0xcd, 0x43, 0x0a, 0x6b,
    0xd4, 0x45, 0x0a, 0x64, 0xd7, 0x42, 0x08, 0x60, 0xdb, 0x45, 0x08, 0x5c,
    0xdd, 0x44, 0x06, 0x5a, 0xe1, 0x45, 0x06, 0x55, 0xe2, 0x43, 0x06, 0x50,
    0xe0, 0x45, 0x07, 0x4a, 0xe0, 0x43, 0x08, 0x41, 0xe3, 0x46, 0x05, 0x37,
    0xe7, 0x47, 0x06, 0x2b, 0xe8, 0x43, 0x00, 0x22, 0xf5, 0x47, 0x00, 0x19,
    0xf1, 0x47, 0x00, 0x12, 0xff, 0x55, 0x00, 0x0c, 0xff, 0x55, 0x00, 0x09,
    0xff, 0x2a, 0x00, 0x06, 0xff, 0x40, 0x00, 0x04, 0xff, 0x55, 0x00, 0x03,
    0xff, 0x7f, 0x00, 0x02, 0xff, 0x00, 0x00, 0x01, 0xff, 0x00, 0x00, 0x01,
    0x00, 0x00, 0x00, 0x00, 0xff, 0x4c, 0x00, 0x0a, 0xff, 0x4e, 0x00, 0x0d,
    0xff, 0x40, 0x00, 0x10, 0xff, 0x43, 0x00, 0x13, 0xff, 0x46, 0x00, 0x16,
    0xff, 0x45, 0x00, 0x1a, 0xff, 0x46, 0x00, 0x1d, 0xf7, 0x4b, 0x00, 0x22,
    0xf8, 0x48, 0x00, 0x27, 0xf9, 0x4a, 0x00, 0x2d, 0xf5, 0x46, 0x00, 0x33,
    0xee, 0x45, 0x04, 0x3b, 0xec, 0x46, 0x04, 0x42, 0xe4, 0x46, 0x07, 0x4d,
    0xdc, 0x46, 0x06, 0x57, 0xd6, 0x44, 0x08, 0x5e, 0xcf, 0x44, 0x0a, 0x65,
    0xc4, 0x41, 0x0c, 0x6d, 0xc0, 0x41, 0x0f, 0x75, 0xf3, 0xdf, 0xd7, 0xd9,
    0xff, 0xfe, 0xfe, 0xfe, 0xff, 0xff, 0xff, 0xff, 0xfd, 0xfb, 0xfa, 0xfa,
    0xd3, 0x9c, 0x84, 0xb5, 0xaf, 0x4a, 0x1f, 0x95, 0xa8, 0x3e, 0x11, 0x93,
    0xa7, 0x40, 0x11, 0x94, 0xa7, 0x3f, 0x13, 0x96, 0xff, 0xff, 0xff, 0xff,
    0xff, 0xff, 0xff, 0xff, 0xff, 0xff, 0xff, 0xff, 0xa7, 0x3f, 0x13, 0x96,
    0xa7, 0x40, 0x11, 0x94, 0xa8, 0x3e, 0x11, 0x93, 0xaf, 0x4a, 0x1d, 0x95,
    0xd2, 0x99, 0x80, 0xb1, 0xfd, 0xfb, 0xfa, 0xfa, 0xff, 0xff, 0xff, 0xff,
    0xff, 0xfe, 0xfe, 0xfe, 0xf3, 0xdd, 0xd5, 0xd5, 0xc4, 0x44, 0x0d, 0x74,
    0xcb, 0x43, 0x0a, 0x6b, 0xd0, 0x44, 0x0a, 0x62, 0xd7, 0x44, 0x08, 0x5a,
    0xdb, 0x43, 0x06, 0x54, 0xe2, 0x47, 0x06, 0x4f, 0xe3, 0x45, 0x03, 0x4a,
    0xe5, 0x43, 0x04, 0x44, 0xe6, 0x46, 0x04, 0x3e, 0xe7, 0x43, 0x05, 0x35,
    0xe8, 0x44, 0x06, 0x2d, 0xea, 0x4c, 0x07, 0x25, 0xf6, 0x4c, 0x00, 0x1b,
    0xf3, 0x49, 0x00, 0x15, 0xff, 0x40, 0x00, 0x10, 0xff, 0x5d, 0x00, 0x0b,
    0xff, 0x40, 0x00, 0x08, 0xff, 0x33, 0x00, 0x05, 0xff, 0x40, 0x00, 0x04,
    0xff, 0x55, 0x00, 0x03, 0xff, 0x7f, 0x00, 0x02, 0xff, 0x00, 0x00, 0x01,
    0xff, 0x00, 0x00, 0x01, 0x00, 0x00, 0x00, 0x00, 0xff, 0x4c, 0x00, 0x0a,
    0xff, 0x40, 0x00, 0x0c, 0xff, 0x44, 0x00, 0x0f, 0xff, 0x47, 0x00, 0x12,
    0xff, 0x49, 0x00, 0x15, 0xff, 0x47, 0x00, 0x19, 0xff, 0x46, 0x00, 0x1d,
    0xf7, 0x4b, 0x00, 0x22, 0xf8, 0x4a, 0x00, 0x26, 0xf9, 0x47, 0x00, 0x2b,
    0xfa, 0x49, 0x00, 0x31, 0xf1, 0x49, 0x00, 0x38, 0xeb, 0x47, 0x04, 0x41,
    0xe4, 0x46, 0x07, 0x4c, 0xdb, 0x44, 0x06, 0x56, 0xd4, 0x43, 0x08, 0x5f,
    0xcf, 0x44, 0x0a, 0x65, 0xc5, 0x41, 0x0c, 0x6e, 0xe0, 0xa6, 0x8f, 0xa7,
    0xfe, 0xfe, 0xfd, 0xfd, 0xff, 0xff, 0xff, 0xff, 0xfe, 0xfe, 0xfd, 0xfe,
    0xd6, 0x9f, 0x87, 0xb3, 0xad, 0x44, 0x18, 0x92, 0xa7, 0x40, 0x11, 0x94,
    0xa5, 0x3e, 0x13, 0x97, 0xc9, 0x8d, 0x72, 0xb7, 0xed, 0xd8, 0xcf, 0xe1,
    0xff, 0xff, 0xff, 0xff, 0xff, 0xff, 0xff, 0xff, 0xff, 0xff, 0xff, 0xff,
    0xec, 0xd6, 0xcd, 0xe0, 0xc7, 0x87, 0x6c, 0xb5, 0xa5, 0x3e, 0x13, 0x97,
    0xa8, 0x3e, 0x11, 0x93, 0xae, 0x45, 0x19, 0x91, 0xd5, 0x9c, 0x83, 0xb1,
    0xfe, 0xfe, 0xfd, 0xfe, 0xff, 0xff, 0xff, 0xff, 0xfe, 0xfd, 0xfd, 0xfd,
    0xe3, 0xa7, 0x8e, 0xa5, 0xc6, 0x42, 0x0c, 0x6c, 0xd0, 0x44, 0x0a, 0x61,
    0xd1, 0x45, 0x09, 0x59, 0xd9, 0x46, 0x06, 0x50, 0xdc, 0x46, 0x07, 0x49,
    0xe4, 0x46, 0x08, 0x42, 0xe9, 0x45, 0x04, 0x3b, 0xeb, 0x4a, 0x05, 0x34,
    0xee, 0x46, 0x00, 0x2c, 0xf2, 0x4a, 0x00, 0x26, 0xf6, 0x4c, 0x00, 0x1e,
    0xf5, 0x47, 0x00, 0x19, 0xff, 0x43, 0x00, 0x13, 0xff, 0x49, 0x00, 0x0e,
    0xff, 0x4c, 0x00, 0x0a, 0xff, 0x40, 0x00, 0x08, 0xff, 0x55, 0x00, 0x06,
    0xff, 0x40, 0x00, 0x04, 0xff, 0x55, 0x00, 0x03, 0xff, 0x7f, 0x00, 0x02,
    0xff, 0x00, 0x00, 0x01, 0xff, 0x00, 0x00, 0x01, 0x00, 0x00, 0x00, 0x00,
    0xff, 0x39, 0x00, 0x09, 0xff, 0x40, 0x00, 0x0c, 0xff, 0x49, 0x00, 0x0e,
    0xff, 0x4b, 0x00, 0x11, 0xff, 0x49, 0x00, 0x15, 0xff, 0x4a, 0x00, 0x18,
    0xff, 0x49, 0x00, 0x1c, 0xff, 0x48, 0x00, 0x20, 0xff, 0x47, 0x00, 0x24,
    0xf9, 0x49, 0x00, 0x2a, 0xfa, 0x46, 0x00, 0x2f, 0xf6, 0x47, 0x00, 0x36,
    0xef, 0x45, 0x04, 0x3f, 0xe3, 0x45, 0x03, 0x4a, 0xdb, 0x45, 0x06, 0x55,
    0xd4, 0x43, 0x08, 0x5f, 0xcd, 0x43, 0x0a, 0x66, 0xc4, 0x48, 0x14, 0x71,
    0xfa, 0xf0, 0xec, 0xea, 0xff, 0xff, 0xff, 0xff, 0xff, 0xff, 0xff, 0xff,
    0xe7, 0xc7, 0xb8, 0xca, 0xaf, 0x47, 0x19, 0x8f, 0xa8, 0x3e, 0x11, 0x93,
    0xa9, 0x47, 0x1a, 0x9a, 0xe4, 0xc7, 0xba, 0xd7, 0xfd, 0xfa, 0xf9, 0xfb,
    0xfe, 0xfd, 0xfd, 0xfd, 0xff, 0xff, 0xff, 0xff, 0xff, 0xff, 0xff, 0xff,
    0xff, 0xff, 0xff, 0xff, 0xfe, 0xfd, 0xfd, 0xfd, 0xfd, 0xfa, 0xf9, 0xfb,
    0xe3, 0xc4, 0xb6, 0xd5, 0xa7, 0x44, 0x19, 0x9a, 0xa9, 0x3f, 0x11, 0x92,
    0xb0, 0x46, 0x19, 0x8e, 0xe8, 0xc7, 0xb8, 0xca, 0xff, 0xff, 0xff, 0xff,
    0xff, 0xff, 0xff, 0xff, 0xfb, 0xf0, 0xec, 0xe9, 0xc4, 0x49, 0x14, 0x70,
    0xc6, 0x43, 0x0a, 0x63, 0xcf, 0x44, 0x09, 0x56, 0xd7, 0x46, 0x07, 0x4d,
    0xe1, 0x43, 0x07, 0x44, 0xe1, 0x44, 0x04, 0x3c, 0xeb, 0x46, 0x00, 0x33,
    0xf9, 0x46, 0x00, 0x2c, 0xf8, 0x4a, 0x00, 0x26, 0xf7, 0x48, 0x00, 0x20,
    0xf6, 0x4c, 0x00, 0x1b, 0xff, 0x49, 0x00, 0x15, 0xff, 0x4b, 0x00, 0x11,
    0xff, 0x3b, 0x00, 0x0d, 0xff, 0x4c, 0x00, 0x0a, 0xff, 0x40, 0x00, 0x08,
    0xff, 0x55, 0x00, 0x06, 0xff, 0x40, 0x00, 0x04, 0xff, 0x55, 0x00, 0x03,
    0xff, 0x7f, 0x00, 0x02, 0xff, 0x00, 0x00, 0x01, 0xff, 0x00, 0x00, 0x01,
    0x00, 0x00, 0x00, 0x00, 0xff, 0x39, 0x00, 0x09, 0xff, 0x46, 0x00, 0x0b,
    0xff, 0x49, 0x00, 0x0e, 0xff, 0x4b, 0x00, 0x11, 0xff, 0x4c, 0x00, 0x14,
    0xff, 0x42, 0x00, 0x17, 0xff, 0x4c, 0x00, 0x1b, 0xff, 0x4a, 0x00, 0x1f,
    0xff, 0x49, 0x00, 0x23, 0xff, 0x46, 0x00, 0x28, 0xf9, 0x48, 0x00, 0x2e,
    0xf5, 0x48, 0x00, 0x35, 0xeb, 0x45, 0x04, 0x3f, 0xe0, 0x46, 0x07, 0x49,
    0xd8, 0x45, 0x09, 0x55, 0xd4, 0x45, 0x08, 0x60, 0xcb, 0x43, 0x0a, 0x67,
    0xdf, 0x9a, 0x7e, 0x98, 0xff, 0xfe, 0xfe, 0xfe, 0xff, 0xff, 0xff, 0xff,
    0xfc, 0xf8, 0xf6, 0xf5, 0xbb, 0x5c, 0x32, 0x93, 0xab, 0x3e, 0x12, 0x8f,
    0xa7, 0x3f, 0x13, 0x96, 0xe3, 0xc4, 0xb7, 0xd5, 0xfe, 0xfc, 0xfc, 0xfd,
    0xff, 0xff, 0xff, 0xff, 0xff, 0xff, 0xff, 0xff, 0xff, 0xff, 0xff, 0xff,
    0xff, 0xff, 0xff, 0xff, 0xff, 0xff, 0xff, 0xff, 0xff, 0xff, 0xff, 0xff,
    0xff, 0xff, 0xff, 0xff, 0xfe, 0xfc, 0xfc, 0xfd, 0xe3, 0xc4, 0xb7, 0xd5,
    0xa7, 0x3f, 0x13, 0x96, 0xab, 0x3e, 0x12, 0x8f, 0xba, 0x5a, 0x31, 0x93,
    0xfc, 0xf8, 0xf6, 0xf6, 0xff, 0xff, 0xff, 0xff, 0xff, 0xfe, 0xfe, 0xfe,
    0xdf, 0x9c, 0x7f, 0x98, 0xc6, 0x41, 0x0d, 0x62, 0xcd, 0x44, 0x09, 0x56,
    0xcd, 0x42, 0x0a, 0x4d, 0xd5, 0x44, 0x08, 0x43, 0xe4, 0x44, 0x05, 0x38,
    0xee, 0x48, 0x00, 0x2e, 0xf8, 0x48, 0x00, 0x27, 0xff, 0x46, 0x00, 0x21,
    0xff, 0x49, 0x00, 0x1c, 0xff, 0x4a, 0x00, 0x18, 0xff, 0x4c, 0x00, 0x14,
    0xff, 0x40, 0x00, 0x10, 0xff, 0x4e, 0x00, 0x0d, 0xff, 0x4c, 0x00, 0x0a,
    0xff, 0x40, 0x00, 0x08, 0xff, 0x55, 0x00, 0x06, 0xff, 0x40, 0x00, 0x04,
    0xff, 0x55, 0x00, 0x03, 0xff, 0x7f, 0x00, 0x02, 0xff, 0x00, 0x00, 0x01,
    0xff, 0x00, 0x00, 0x01, 0x00, 0x00, 0x00, 0x00, 0xff, 0x39, 0x00, 0x09,
    0xff, 0x46, 0x00, 0x0b, 0xff, 0x4e, 0x00, 0x0d, 0xff, 0x40, 0x00, 0x10,
    0xff, 0x43, 0x00, 0x13, 0xff, 0x42, 0x00, 0x17, 0xff, 0x45, 0x00, 0x1a,
    0xff, 0x44, 0x00, 0x1e, 0xff, 0x4b, 0x00, 0x22, 0xff, 0x48, 0x00, 0x27,
    0xf9, 0x46, 0x00, 0x2c, 0xf0, 0x45, 0x05, 0x34, 0xe7, 0x45, 0x04, 0x3f,
    0xdd, 0x45, 0x07, 0x4a, 0xd5, 0x45, 0x09, 0x55, 0xd2, 0x42, 0x08, 0x61,
    0xca, 0x44, 0x0a, 0x69, 0xef, 0xd2, 0xc7, 0xc5, 0xff, 0xff, 0xff, 0xff,
    0xff, 0xff, 0xff, 0xff, 0xe8, 0xc6, 0xb8, 0xc9, 0xaf, 0x42, 0x12, 0x8c,
    0xa9, 0x3f, 0x12, 0x91, 0xc5, 0x83, 0x66, 0xb1, 0xfe, 0xfc, 0xfc, 0xfd,
    0xff, 0xff, 0xff, 0xff, 0xff, 0xff, 0xff, 0xff, 0xff, 0xff, 0xff, 0xff,
    0xff, 0xff, 0xff, 0xff, 0xff, 0xff, 0xff, 0xff, 0xff, 0xff, 0xff, 0xff,
    0xff, 0xff, 0xff, 0xff, 0xff, 0xff, 0xff, 0xff, 0xff, 0xff, 0xff, 0xff,
    0xfe, 0xfc, 0xfc, 0xfd, 0xc5, 0x84, 0x66, 0xb1, 0xa9, 0x3f, 0x12, 0x91,
    0xaf, 0x42, 0x12, 0x8c, 0xea, 0xc7, 0xba, 0xca, 0xff, 0xff, 0xff, 0xff,
    0xff, 0xff, 0xff, 0xff, 0xf1, 0xd3, 0xc9, 0xc5, 0xc4, 0x40, 0x0d, 0x63,
    0xc8, 0x43, 0x0c, 0x58, 0xcf, 0x44, 0x0a, 0x4b, 0xd7, 0x44, 0x08, 0x40,
    0xe3, 0x47, 0x05, 0x36, 0xee, 0x44, 0x00, 0x2d, 0xf8, 0x47, 0x00, 0x24,
    0xff, 0x4a, 0x00, 0x1f, 0xff, 0x45, 0x00, 0x1a, 0xff, 0x42, 0x00, 0x17,
    0xff, 0x43, 0x00, 0x13, 0xff, 0x44, 0x00, 0x0f, 0xff, 0x4e, 0x00, 0x0d,
    0xff, 0x4c, 0x00, 0x0a, 0xff, 0x40, 0x00, 0x08, 0xff, 0x55, 0x00, 0x06,
    0xff, 0x40, 0x00, 0x04, 0xff, 0x55, 0x00, 0x03, 0xff, 0x7f, 0x00, 0x02,
    0xff, 0x00, 0x00, 0x01, 0xff, 0x00, 0x00, 0x01, 0x00, 0x00, 0x00, 0x00,
    0xff, 0x40, 0x00, 0x08, 0xff, 0x4c, 0x00, 0x0a, 0xff, 0x4e, 0x00, 0x0d,
    0xff, 0x44, 0x00, 0x0f, 0xff, 0x47, 0x00, 0x12, 0xff, 0x46, 0x00, 0x16,
    0xff, 0x47, 0x00, 0x19, 0xff, 0x46, 0x00, 0x1d, 0xff, 0x46, 0x00, 0x21,
    0xff, 0x45, 0x00, 0x25, 0xf9, 0x47, 0x00, 0x2b, 0xf0, 0x45, 0x05, 0x34,
    0xe2, 0x46, 0x04, 0x3e, 0xdc, 0x42, 0x07, 0x49, 0xd2, 0x44, 0x09, 0x56,
    0xcd, 0x42, 0x0a, 0x61, 0xc6, 0x43, 0x0c, 0x6b, 0xf9, 0xed, 0xe7, 0xe4,
    0xff, 0xff, 0xff, 0xff, 0xff, 0xff, 0xff, 0xff, 0xce, 0x8a, 0x6f, 0xa6,
    0xad, 0x40, 0x10, 0x8c, 0xa9, 0x3f, 0x11, 0x92, 0xe9, 0xd0, 0xc5, 0xdb,
    0xff, 0xff, 0xff, 0xff, 0xff, 0xff, 0xff, 0xff, 0xff, 0xff, 0xff, 0xff,
    0xff, 0xff, 0xff, 0xff, 0xff, 0xff, 0xff, 0xff, 0xff, 0xff, 0xff, 0xff,
    0xff, 0xff, 0xff, 0xff, 0xff, 0xff, 0xff, 0xff, 0xff, 0xff, 0xff, 0xff,
    0xff, 0xff, 0xff, 0xff, 0xff, 0xff, 0xff, 0xff, 0xe9, 0xd1, 0xc6, 0xdc,
    0xa8, 0x3e, 0x11, 0x93, 0xac, 0x3f, 0x10, 0x8d, 0xd0, 0x8d, 0x70, 0xa8,
    0xff, 0xff, 0xff, 0xff, 0xff, 0xff, 0xff, 0xff, 0xf9, 0xee, 0xe9, 0xe6,
    0xc0, 0x42, 0x0d, 0x65, 0xc5, 0x43, 0x0c, 0x58, 0xca, 0x42, 0x0a, 0x4d,
    0xd4, 0x43, 0x08, 0x41, 0xdd, 0x43, 0x05, 0x35, 0xed, 0x47, 0x06, 0x2b,
    0xf8, 0x49, 0x00, 0x23, 0xff, 0x44, 0x00, 0x1e, 0xff, 0x47, 0x00, 0x19,
    0xff, 0x46, 0x00, 0x16, 0xff, 0x47, 0x00, 0x12, 0xff, 0x44, 0x00, 0x0f,
    0xff, 0x4e, 0x00, 0x0d, 0xff, 0x4c, 0x00, 0x0a, 0xff, 0x40, 0x00, 0x08,
    0xff, 0x55, 0x00, 0x06, 0xff, 0x40, 0x00, 0x04, 0xff, 0x55, 0x00, 0x03,
    0xff, 0x7f, 0x00, 0x02, 0xff, 0x00, 0x00, 0x01, 0xff, 0x00, 0x00, 0x01,
    0x00, 0x00, 0x00, 0x00, 0xff, 0x40, 0x00, 0x08, 0xff, 0x4c, 0x00, 0x0a,
    0xff, 0x40, 0x00, 0x0c, 0xff, 0x44, 0x00, 0x0f, 0xff, 0x47, 0x00, 0x12,
    0xff, 0x49, 0x00, 0x15, 0xff, 0x4a, 0x00, 0x18, 0xff, 0x49, 0x00, 0x1c,
    0xff, 0x48, 0x00, 0x20, 0xff, 0x47, 0x00, 0x24, 0xf9, 0x49, 0x00, 0x2a,
    0xf0, 0x47, 0x05, 0x32, 0xe1, 0x44, 0x04, 0x3c, 0xd9, 0x42, 0x07, 0x49,
    0xcf, 0x42, 0x09, 0x55, 0xcd, 0x42, 0x0b, 0x60, 0xc6, 0x43, 0x0c, 0x6b,
    0xfd, 0xf9, 0xf7, 0xf6, 0xff, 0xff, 0xff, 0xff, 0xff, 0xff, 0xff, 0xff,
    0xb8, 0x59, 0x2c, 0x90, 0xac, 0x3f, 0x10, 0x8d, 0xa8, 0x3e, 0x11, 0x93,
    0xf9, 0xf1, 0xef, 0xf5, 0xff, 0xff, 0xff, 0xff, 0xff, 0xff, 0xff, 0xff,
    0xff, 0xff, 0xff, 0xff, 0xff, 0xff, 0xff, 0xff, 0xff, 0xff, 0xff, 0xff,
    0xff, 0xff, 0xff, 0xff, 0xff, 0xff, 0xff, 0xff, 0xff, 0xff, 0xff, 0xff,
    0xff, 0xff, 0xff, 0xff, 0xff, 0xff, 0xff, 0xff, 0xff, 0xff, 0xff, 0xff,
    0xf9, 0xf2, 0xf1, 0xf5, 0xa8, 0x3e, 0x11, 0x93, 0xab, 0x41, 0x10, 0x8e,
    0xbb, 0x5e, 0x36, 0x93, 0xff, 0xff, 0xff, 0xff, 0xff, 0xff, 0xff, 0xff,
    0xfe, 0xfa, 0xf9, 0xf8, 0xc0, 0x42, 0x0d, 0x65, 0xc5, 0x43, 0x0c, 0x58,
    0xca, 0x42, 0x0a, 0x4d, 0xd0, 0x43, 0x08, 0x41, 0xdd, 0x43, 0x05, 0x35,
    0xed, 0x49, 0x06, 0x2a, 0xf7, 0x4b, 0x00, 0x22, 0xff, 0x46, 0x00, 0x1d,
    0xff, 0x47, 0x00, 0x19, 0xff, 0x49, 0x00, 0x15, 0xff, 0x47, 0x00, 0x12,
    0xff, 0x44, 0x00, 0x0f, 0xff, 0x4e, 0x00, 0x0d, 0xff, 0x4c, 0x00, 0x0a,
    0xff, 0x40, 0x00, 0x08, 0xff, 0x55, 0x00, 0x06, 0xff, 0x40, 0x00, 0x04,
    0xff, 0x55, 0x00, 0x03, 0xff, 0x7f, 0x00, 0x02, 0xff, 0x00, 0x00, 0x01,
    0xff, 0x00, 0x00, 0x01, 0x00, 0x00, 0x00, 0x00, 0xff, 0x49, 0x00, 0x07,
    0xff, 0x39, 0x00, 0x09, 0xff, 0x46, 0x00, 0x0b, 0xff, 0x49, 0x00, 0x0e,
    0xff, 0x4b, 0x00, 0x11, 0xff, 0x4c, 0x00, 0x14, 0xff, 0x42, 0x00, 0x17,
    0xff, 0x4c, 0x00, 0x1b, 0xff, 0x4a, 0x00, 0x1f, 0xff, 0x49, 0x00, 0x23,
    0xf9, 0x46, 0x00, 0x28, 0xeb, 0x47, 0x05, 0x32, 0xe1, 0x44, 0x04, 0x3c,
    0xd7, 0x44, 0x07, 0x47, 0xce, 0x44, 0x09, 0x53, 0xc9, 0x43, 0x0b, 0x5f,
    0xc6, 0x43, 0x0c, 0x6b, 0xff, 0xff, 0xff, 0xff, 0xff, 0xff, 0xff, 0xff,
    0xff, 0xff, 0xff, 0xff, 0xb0, 0x42, 0x13, 0x88, 0xac, 0x3f, 0x10, 0x8d,
    0xa8, 0x3e, 0x11, 0x93, 0xfe, 0xfc, 0xfc, 0xfe, 0xff, 0xff, 0xff, 0xff,
    0xff, 0xff, 0xff, 0xff, 0xff, 0xff, 0xff, 0xff, 0xff, 0xff, 0xff, 0xff,
    0xff, 0xff, 0xff, 0xff, 0xff, 0xff, 0xff, 0xff, 0xff, 0xff, 0xff, 0xff,
    0xff, 0xff, 0xff, 0xff, 0xff, 0xff, 0xff, 0xff, 0xff, 0xff, 0xff, 0xff,
    0xff, 0xff, 0xff, 0xff, 0xff, 0xfd, 0xfd, 0xfe, 0xa8, 0x3e, 0x11, 0x93,
    0xab, 0x41, 0x10, 0x8e, 0xb2, 0x46, 0x18, 0x8b, 0xff, 0xff, 0xff, 0xff,
    0xff, 0xff, 0xff, 0xff, 0xff, 0xff, 0xff, 0xff, 0xbd, 0x42, 0x0d, 0x65,
    0xc3, 0x42, 0x0b, 0x59, 0xca, 0x42, 0x0a, 0x4d, 0xcc, 0x43, 0x08, 0x41,
    0xd8, 0x43, 0x0a, 0x35, 0xe7, 0x47, 0x06, 0x2b, 0xf7, 0x4b, 0x00, 0x22,
    0xff, 0x46, 0x00, 0x1d, 0xff, 0x47, 0x00, 0x19, 0xff, 0x49, 0x00, 0x15,
    0xff, 0x47, 0x00, 0x12, 0xff, 0x44, 0x00, 0x0f, 0xff, 0x4e, 0x00, 0x0d,
    0xff, 0x4c, 0x00, 0x0a, 0xff, 0x40, 0x00, 0x08, 0xff, 0x55, 0x00, 0x06,
    0xff, 0x40, 0x00, 0x04, 0xff, 0x55, 0x00, 0x03, 0xff, 0x7f, 0x00, 0x02,
    0xff, 0x00, 0x00, 0x01, 0xff, 0x00, 0x00, 0x01, 0x00, 0x00, 0x00, 0x00,
    0xff, 0x49, 0x00, 0x07, 0xff, 0x39, 0x00, 0x09, 0xff, 0x46, 0x00, 0x0b,
    0xff, 0x4e, 0x00, 0x0d, 0xff, 0x40, 0x00, 0x10, 0xff, 0x43, 0x00, 0x13,
    0xff, 0x46, 0x00, 0x16, 0xff, 0x45, 0x00, 0x1a, 0xff, 0x46, 0x00, 0x1d,
    0xff, 0x46, 0x00, 0x21, 0xf8, 0x48, 0x00, 0x27, 0xef, 0x46, 0x05, 0x2f,
    0xe0, 0x46, 0x04, 0x3a, 0xd3, 0x45, 0x07, 0x46, 0xcd, 0x42, 0x09, 0x51,
    0xc8, 0x42, 0x0b, 0x5d, 0xc5, 0x42, 0x0c, 0x69, 0xfd, 0xf9, 0xf8, 0xf7,
    0xff, 0xff, 0xff, 0xff, 0xff, 0xff, 0xff, 0xff, 0xb5, 0x4f, 0x24, 0x8e,
    0xad, 0x40, 0x10, 0x8c, 0xa9, 0x3f, 0x11, 0x92, 0xf9, 0xf4, 0xf0, 0xf6,
    0xff, 0xff, 0xff, 0xff, 0xff, 0xff, 0xff, 0xff, 0xff, 0xff, 0xff, 0xff,
    0xff, 0xff, 0xff, 0xff, 0xff, 0xff, 0xff, 0xff, 0xff, 0xff, 0xff, 0xff,
    0xff, 0xff, 0xff, 0xff, 0xff, 0xff, 0xff, 0xff, 0xff, 0xff, 0xff, 0xff,
    0xff, 0xff, 0xff, 0xff, 0xff, 0xff, 0xff, 0xff, 0xf9, 0xf4, 0xf0, 0xf6,
    0xa8, 0x3e, 0x11, 0x93, 0xac, 0x3f, 0x10, 0x8d, 0xb9, 0x59, 0x2f, 0x92,
    0xff, 0xff, 0xff, 0xff, 0xff, 0xff, 0xff, 0xff, 0xfe, 0xfb, 0xfa, 0xf8,
    0xbd, 0x40, 0x0d, 0x64, 0xc4, 0x40, 0x0c, 0x57, 0xc9, 0x43, 0x0a, 0x4c,
    0xcf, 0x44, 0x08, 0x40, 0xdd, 0x45, 0x05, 0x34, 0xec, 0x44, 0x06, 0x29,
    0xf7, 0x46, 0x00, 0x21, 0xff, 0x49, 0x00, 0x1c, 0xff, 0x47, 0x00, 0x19,
    0xff, 0x49, 0x00, 0x15, 0xff, 0x47, 0x00, 0x12, 0xff, 0x44, 0x00, 0x0f,
    0xff, 0x40, 0x00, 0x0c, 0xff, 0x4c, 0x00, 0x0a, 0xff, 0x40, 0x00, 0x08,
    0xff, 0x55, 0x00, 0x06, 0xff, 0x40, 0x00, 0x04, 0xff, 0x55, 0x00, 0x03,
    0xff, 0x7f, 0x00, 0x02, 0xff, 0x00, 0x00, 0x01, 0xff, 0x00, 0x00, 0x01,
    0x00, 0x00, 0x00, 0x00, 0xff, 0x55, 0x00, 0x06, 0xff, 0x40, 0x00, 0x08,
    0xff, 0x4c, 0x00, 0x0a, 0xff, 0x4e, 0x00, 0x0d, 0xff, 0x44, 0x00, 0x0f,
    0xff, 0x47, 0x00, 0x12, 0xff, 0x49, 0x00, 0x15, 0xff, 0x47, 0x00, 0x19,
    0xff, 0x49, 0x00, 0x1c, 0xff, 0x48, 0x00, 0x20, 0xf8, 0x45, 0x00, 0x25,
    0xee, 0x48, 0x06, 0x2e, 0xdf, 0x46, 0x05, 0x37, 0xd5, 0x44, 0x08, 0x43,
    0xcb, 0x44, 0x0a, 0x4f, 0xc6, 0x41, 0x0b, 0x5a, 0xc4, 0x43, 0x0c, 0x67,
    0xf9, 0xee, 0xe9, 0xe6, 0xff, 0xff, 0xff, 0xff, 0xff, 0xff, 0xff, 0xff,
    0xca, 0x7f, 0x60, 0xa0, 0xad, 0x40, 0x10, 0x8c, 0xa9, 0x3f, 0x12, 0x91,
    0xe9, 0xd0, 0xc6, 0xdb, 0xff, 0xff, 0xff, 0xff, 0xff, 0xff, 0xff, 0xff,
    0xff, 0xff, 0xff, 0xff, 0xff, 0xff, 0xff, 0xff, 0xff, 0xff, 0xff, 0xff,
    0xff, 0xff, 0xff, 0xff, 0xff, 0xff, 0xff, 0xff, 0xff, 0xff, 0xff, 0xff,
    0xff, 0xff, 0xff, 0xff, 0xff, 0xff, 0xff, 0xff, 0xff, 0xff, 0xff, 0xff,
    0xea, 0xd3, 0xc9, 0xdd, 0xa9, 0x3f, 0x11, 0x92, 0xad, 0x40, 0x10, 0x8c,
    0xcb, 0x83, 0x64, 0xa3, 0xff, 0xff, 0xff, 0xff, 0xff, 0xff, 0xff, 0xff,
    0xf9, 0xef, 0xec, 0xe7, 0xbe, 0x41, 0x0d, 0x62, 0xc4, 0x41, 0x0c, 0x56,
    0xc8, 0x41, 0x0a, 0x4a, 0xd2, 0x42, 0x08, 0x3e, 0xdb, 0x47, 0x05, 0x32,
    0xec, 0x44, 0x06, 0x29, 0xf7, 0x48, 0x00, 0x20, 0xff, 0x49, 0x00, 0x1c,
    0xff, 0x4a, 0x00, 0x18, 0xff, 0x49, 0x00, 0x15, 0xff, 0x47, 0x00, 0x12,
    0xff, 0x44, 0x00, 0x0f, 0xff, 0x40, 0x00, 0x0c, 0xff, 0x4c, 0x00, 0x0a,
    0xff, 0x40, 0x00, 0x08, 0xff, 0x55, 0x00, 0x06, 0xff, 0x40, 0x00, 0x04,
    0xff, 0x55, 0x00, 0x03, 0xff, 0x7f, 0x00, 0x02, 0xff, 0x00, 0x00, 0x01,
    0xff, 0x00, 0x00, 0x01, 0x00, 0x00, 0x00, 0x00, 0xff, 0x55, 0x00, 0x06,
    0xff, 0x40, 0x00, 0x08, 0xff, 0x39, 0x00, 0x09, 0xff, 0x40, 0x00, 0x0c,
    0xff, 0x49, 0x00, 0x0e, 0xff, 0x4b, 0x00, 0x11, 0xff, 0x4c, 0x00, 0x14,
    0xff, 0x42, 0x00, 0x17, 0xff, 0x4c, 0x00, 0x1b, 0xff, 0x4a, 0x00, 0x1f,
    0xf8, 0x47, 0x00, 0x24, 0xed, 0x47, 0x00, 0x2b, 0xdd, 0x43, 0x05, 0x35,
    0xd6, 0x45, 0x08, 0x3f, 0xcf, 0x44, 0x0a, 0x4b, 0xc7, 0x40, 0x0c, 0x57,
    0xc3, 0x41, 0x0d, 0x62, 0xf1, 0xd6, 0xca, 0xc7, 0xff, 0xff, 0xff, 0xff,
    0xff, 0xff, 0xff, 0xff, 0xe3, 0xba, 0xa8, 0xbf, 0xac, 0x40, 0x10, 0x8b,
    0xaa, 0x40, 0x12, 0x90, 0xc6, 0x82, 0x65, 0xb0, 0xff, 0xfe, 0xfe, 0xff,
    0xff, 0xff, 0xff, 0xff, 0xff, 0xff, 0xff, 0xff, 0xff, 0xff, 0xff, 0xff,
    0xff, 0xff, 0xff, 0xff, 0xff, 0xff, 0xff, 0xff, 0xff, 0xff, 0xff, 0xff,
    0xff, 0xff, 0xff, 0xff, 0xff, 0xff, 0xff, 0xff, 0xff, 0xff, 0xff, 0xff,
    0xff, 0xff, 0xff, 0xff, 0xc7, 0x85, 0x69, 0xb2, 0xa9, 0x3f, 0x12, 0x91,
    0xad, 0x40, 0x10, 0x8c, 0xe5, 0xbc, 0xaa, 0xc1, 0xff, 0xff, 0xff, 0xff,
    0xff, 0xff, 0xff, 0xff, 0xf1, 0xd9, 0xce, 0xc9, 0xbf, 0x43, 0x0d, 0x5f,
    0xc5, 0x40, 0x0c, 0x53, 0xc9, 0x44, 0x0b, 0x47, 0xd1, 0x43, 0x08, 0x3d,
    0xdb, 0x44, 0x05, 0x31, 0xeb, 0x48, 0x00, 0x27, 0xf7, 0x48, 0x00, 0x20,
    0xff, 0x4c, 0x00, 0x1b, 0xff, 0x42, 0x00, 0x17, 0xff, 0x4c, 0x00, 0x14,
    0xff, 0x4b, 0x00, 0x11, 0xff, 0x49, 0x00, 0x0e, 0xff, 0x40, 0x00, 0x0c,
    0xff, 0x39, 0x00, 0x09, 0xff, 0x40, 0x00, 0x08, 0xff, 0x55, 0x00, 0x06,
    0xff, 0x40, 0x00, 0x04, 0xff, 0x55, 0x00, 0x03, 0xff, 0x7f, 0x00, 0x02,
    0xff, 0x00, 0x00, 0x01, 0xff, 0x00, 0x00, 0x01, 0x00, 0x00, 0x00, 0x00,
    0xff, 0x33, 0x00, 0x05, 0xff, 0x49, 0x00, 0x07, 0xff, 0x39, 0x00, 0x09,
    0xff, 0x46, 0x00, 0x0b, 0xff, 0x4e, 0x00, 0x0d, 0xff, 0x40, 0x00, 0x10,
    0xff, 0x43, 0x00, 0x13, 0xff, 0x46, 0x00, 0x16, 0xff, 0x47, 0x00, 0x19,
    0xff, 0x46, 0x00, 0x1d, 0xf7, 0x4b, 0x00, 0x22, 0xf2, 0x46, 0x00, 0x28,
    0xe5, 0x44, 0x05, 0x31, 0xd5, 0x43, 0x08, 0x3d, 0xcd, 0x43, 0x0b, 0x48,
    0xc8, 0x44, 0x0c, 0x53, 0xc3, 0x41, 0x0b, 0x5e, 0xe0, 0xa6, 0x8d, 0x9b,
    0xff, 0xff, 0xff, 0xff, 0xff, 0xff, 0xff, 0xff, 0xf9, 0xef, 0xeb, 0xed,
    0xb2, 0x46, 0x18, 0x8b, 0xab, 0x41, 0x10, 0x8e, 0xab, 0x44, 0x16, 0x95,
    0xe5, 0xc7, 0xba, 0xd6, 0xff, 0xff, 0xff, 0xff, 0xff, 0xff, 0xff, 0xff,
    0xff, 0xff, 0xff, 0xff, 0xff, 0xff, 0xff, 0xff, 0xff, 0xff, 0xff, 0xff,
    0xff, 0xff, 0xff, 0xff, 0xff, 0xff, 0xff, 0xff, 0xff, 0xff, 0xff, 0xff,
    0xff, 0xff, 0xff, 0xff, 0xe6, 0xc9, 0xbc, 0xd8, 0xaa, 0x44, 0x18, 0x96,
    0xab, 0x41, 0x10, 0x8e, 0xb2, 0x47, 0x19, 0x8c, 0xf9, 0xef, 0xec, 0xee,
    0xff, 0xff, 0xff, 0xff, 0xff, 0xff, 0xff, 0xff, 0xe0, 0xac, 0x95, 0x9c,
    0xbf, 0x43, 0x0e, 0x5b, 0xc5, 0x40, 0x0d, 0x4f, 0xca, 0x43, 0x0b, 0x44,
    0xd3, 0x42, 0x09, 0x3a, 0xde, 0x46, 0x05, 0x2f, 0xf1, 0x45, 0x00, 0x25,
    0xf7, 0x4a, 0x00, 0x1f, 0xff, 0x45, 0x00, 0x1a, 0xff, 0x42, 0x00, 0x17,
    0xff, 0x43, 0x00, 0x13, 0xff, 0x4b, 0x00, 0x11, 0xff, 0x49, 0x00, 0x0e,
    0xff, 0x46, 0x00, 0x0b, 0xff, 0x39, 0x00, 0x09, 0xff, 0x49, 0x00, 0x07,
    0xff, 0x55, 0x00, 0x06, 0xff, 0x40, 0x00, 0x04, 0xff, 0x55, 0x00, 0x03,
    0xff, 0x7f, 0x00, 0x02, 0xff, 0x00, 0x00, 0x01, 0xff, 0x00, 0x00, 0x01,
    0x00, 0x00, 0x00, 0x00, 0xff, 0x33, 0x00, 0x05, 0xff, 0x55, 0x00, 0x06,
    0xff, 0x40, 0x00, 0x08, 0xff, 0x4c, 0x00, 0x0a, 0xff, 0x4e, 0x00, 0x0d,
    0xff, 0x44, 0x00, 0x0f, 0xff, 0x47, 0x00, 0x12, 0xff, 0x49, 0x00, 0x15,
    0xff, 0x4a, 0x00, 0x18, 0xff, 0x49, 0x00, 0x1c, 0xf7, 0x48, 0x00, 0x20,
    0xf2, 0x4a, 0x00, 0x26, 0xe3, 0x42, 0x06, 0x2e, 0xdb, 0x44, 0x05, 0x38,
    0xd1, 0x44, 0x0b, 0x43, 0xcb, 0x41, 0x0a, 0x4e, 0xc3, 0x41, 0x0b, 0x5a,
    0xc4, 0x54, 0x23, 0x6d, 0xfc, 0xf5, 0xf4, 0xf1, 0xff, 0xff, 0xff, 0xff,
    0xff, 0xfe, 0xfe, 0xfe, 0xdc, 0xad, 0x98, 0xb8, 0xad, 0x40, 0x10, 0x8c,
    0xaa, 0x40, 0x12, 0x90, 0xae, 0x4f, 0x24, 0x9b, 0xe5, 0xc8, 0xbc, 0xd6,
    0xff, 0xff, 0xff, 0xff, 0xff, 0xff, 0xff, 0xff, 0xff, 0xff, 0xff, 0xff,
    0xff, 0xff, 0xff, 0xff, 0xff, 0xff, 0xff, 0xff, 0xff, 0xff, 0xff, 0xff,
    0xff, 0xff, 0xff, 0xff, 0xe7, 0xcb, 0xbe, 0xd8, 0xae, 0x4f, 0x26, 0x9b,
    0xa9, 0x3f, 0x12, 0x91, 0xad, 0x40, 0x10, 0x8c, 0xde, 0xaf, 0x9b, 0xba,
    0xff, 0xfe, 0xfe, 0xfe, 0xff, 0xff, 0xff, 0xff, 0xfc, 0xf7, 0xf4, 0xf2,
    0xc4, 0x55, 0x28, 0x6c, 0xc1, 0x40, 0x0c, 0x57, 0xc9, 0x41, 0x0a, 0x4b,
    0xcc, 0x43, 0x08, 0x41, 0xd9, 0x42, 0x09, 0x36, 0xe3, 0x44, 0x06, 0x2d,
    0xf1, 0x47, 0x00, 0x24, 0xf6, 0x44, 0x00, 0x1e, 0xff, 0x47, 0x00, 0x19,
    0xff, 0x46, 0x00, 0x16, 0xff, 0x43, 0x00, 0x13, 0xff, 0x40, 0x00, 0x10,
    0xff, 0x4e, 0x00, 0x0d, 0xff, 0x46, 0x00, 0x0b, 0xff, 0x39, 0x00, 0x09,
    0xff, 0x49, 0x00, 0x07, 0xff, 0x33, 0x00, 0x05, 0xff, 0x40, 0x00, 0x04,
    0xff, 0x55, 0x00, 0x03, 0xff, 0x7f, 0x00, 0x02, 0xff, 0x00, 0x00, 0x01,
    0xff, 0x00, 0x00, 0x01, 0x00, 0x00, 0x00, 0x00, 0xff, 0x40, 0x00, 0x04,
    0xff, 0x55, 0x00, 0x06, 0xff, 0x40, 0x00, 0x08, 0xff, 0x39, 0x00, 0x09,
    0xff, 0x40, 0x00, 0x0c, 0xff, 0x49, 0x00, 0x0e, 0xff, 0x4b, 0x00, 0x11,
    0xff, 0x43, 0x00, 0x13, 0xff, 0x42, 0x00, 0x17, 0xff, 0x45, 0x00, 0x1a,
    0xf7, 0x4a, 0x00, 0x1f, 0xf1, 0x47, 0x00, 0x24, 0xe7, 0x47, 0x06, 0x2b,
    0xdc, 0x46, 0x05, 0x33, 0xd2, 0x42, 0x08, 0x3e, 0xcd, 0x43, 0x0b, 0x48,
    0xc5, 0x40, 0x0c, 0x53, 0xc0, 0x42, 0x0d, 0x61, 0xe9, 0xbf, 0xae, 0xae,
    0xff, 0xff, 0xff, 0xff, 0xff, 0xff, 0xff, 0xff, 0xfd, 0xf8, 0xf6, 0xf6,
    0xc6, 0x76, 0x52, 0x9c, 0xad, 0x40, 0x10, 0x8c, 0xaa, 0x40, 0x12, 0x90,
    0xae, 0x4a, 0x1e, 0x97, 0xca, 0x8c, 0x70, 0xb3, 0xeb, 0xd4, 0xca, 0xde,
    0xf9, 0xf4, 0xf0, 0xf6, 0xfe, 0xfd, 0xfd, 0xfd, 0xf9, 0xf4, 0xf0, 0xf6,
    0xeb, 0xd4, 0xcb, 0xde, 0xcb, 0x8c, 0x73, 0xb4, 0xad, 0x4b, 0x21, 0x98,
    0xa9, 0x3f, 0x12, 0x91, 0xad, 0x40, 0x10, 0x8c, 0xca, 0x80, 0x61, 0xa3,
    0xfd, 0xfa, 0xf8, 0xf8, 0xff, 0xff, 0xff, 0xff, 0xff, 0xff, 0xff, 0xff,
    0xe9, 0xc2, 0xb0, 0xaf, 0xbf, 0x43, 0x0d, 0x5f, 0xc4, 0x41, 0x0c, 0x52,
    0xc9, 0x44, 0x0b, 0x47, 0xd1, 0x43, 0x08, 0x3d, 0xdb, 0x47, 0x05, 0x32,
    0xe6, 0x44, 0x06, 0x29, 0xf0, 0x43, 0x00, 0x22, 0xf6, 0x46, 0x00, 0x1d,
    0xff, 0x4a, 0x00, 0x18, 0xff, 0x49, 0x00, 0x15, 0xff, 0x47, 0x00, 0x12,
    0xff, 0x44, 0x00, 0x0f, 0xff, 0x4e, 0x00, 0x0d, 0xff, 0x46, 0x00, 0x0b,
    0xff, 0x39, 0x00, 0x09, 0xff, 0x49, 0x00, 0x07, 0xff, 0x33, 0x00, 0x05,
    0xff, 0x40, 0x00, 0x04, 0xff, 0x55, 0x00, 0x03, 0xff, 0x7f, 0x00, 0x02,
    0xff, 0x00, 0x00, 0x01, 0xff, 0x00, 0x00, 0x01, 0x00, 0x00, 0x00, 0x00,
    0xff, 0x40, 0x00, 0x04, 0xff, 0x55, 0x00, 0x06, 0xff, 0x49, 0x00, 0x07,
    0xff, 0x39, 0x00, 0x09, 0xff, 0x46, 0x00, 0x0b, 0xff, 0x4e, 0x00, 0x0d,
    0xff, 0x40, 0x00, 0x10, 0xff, 0x47, 0x00, 0x12, 0xff, 0x49, 0x00, 0x15,
    0xff, 0x4a, 0x00, 0x18, 0xf6, 0x46, 0x00, 0x1d, 0xf7, 0x46, 0x00, 0x21,
    0xeb, 0x48, 0x00, 0x27, 0xe4, 0x46, 0x05, 0x2f, 0xd6, 0x44, 0x09, 0x38,
    0xd1, 0x44, 0x0b, 0x43, 0xca, 0x42, 0x0a, 0x4d, 0xc1, 0x41, 0x0b, 0x5a,
    0xc3, 0x51, 0x24, 0x6b, 0xf8, 0xed, 0xe9, 0xe3, 0xff, 0xff, 0xff, 0xff,
    0xff, 0xff, 0xff, 0xff, 0xf9, 0xf1, 0xed, 0xee, 0xc6, 0x77, 0x55, 0x9e,
    0xad, 0x40, 0x10, 0x8c, 0xab, 0x41, 0x10, 0x8e, 0xab, 0x44, 0x17, 0x92,
    0xb0, 0x4c, 0x22, 0x97, 0xb0, 0x50, 0x27, 0x98, 0xb1, 0x53, 0x29, 0x9a,
    0xb0, 0x50, 0x27, 0x98, 0xb0, 0x4c, 0x22, 0x97, 0xab, 0x44, 0x17, 0x92,
    0xab, 0x41, 0x10, 0x8e, 0xad, 0x40, 0x10, 0x8c, 0xc7, 0x7b, 0x5a, 0x9f,
    0xfa, 0xf2, 0xef, 0xf0, 0xff, 0xff, 0xff, 0xff, 0xff, 0xff, 0xff, 0xff,
    0xf8, 0xed, 0xe9, 0xe5, 0xc1, 0x53, 0x26, 0x6b, 0xbf, 0x43, 0x0c, 0x58,
    0xc7, 0x42, 0x0a, 0x4d, 0xcc, 0x43, 0x08, 0x41, 0xd5, 0x46, 0x09, 0x37,
    0xe3, 0x42, 0x06, 0x2e, 0xeb, 0x43, 0x00, 0x26, 0xf7, 0x48, 0x00, 0x20,
    0xf6, 0x42, 0x00, 0x1b, 0xff, 0x42, 0x00, 0x17, 0xff, 0x4c, 0x00, 0x14,
    0xff, 0x4b, 0x00, 0x11, 0xff, 0x44, 0x00, 0x0f, 0xff, 0x40, 0x00, 0x0c,
    0xff, 0x4c, 0x00, 0x0a, 0xff, 0x40, 0x00, 0x08, 0xff, 0x55, 0x00, 0x06,
    0xff, 0x33, 0x00, 0x05, 0xff, 0x40, 0x00, 0x04, 0xff, 0x55, 0x00, 0x03,
    0xff, 0x7f, 0x00, 0x02, 0xff, 0x00, 0x00, 0x01, 0xff, 0x00, 0x00, 0x01,
    0x00, 0x00, 0x00, 0x00, 0xff, 0x40, 0x00, 0x04, 0xff, 0x33, 0x00, 0x05,
    0xff, 0x55, 0x00, 0x06, 0xff, 0x40, 0x00, 0x08, 0xff, 0x4c, 0x00, 0x0a,
    0xff, 0x40, 0x00, 0x0c, 0xff, 0x49, 0x00, 0x0e, 0xff, 0x4b, 0x00, 0x11,
    0xff, 0x4c, 0x00, 0x14, 0xff, 0x42, 0x00, 0x17, 0xff, 0x45, 0x00, 0x1a,
    0xf6, 0x44, 0x00, 0x1e, 0xf1, 0x47, 0x00, 0x24, 0xe7, 0x47, 0x06, 0x2b,
    0xdc, 0x46, 0x05, 0x33, 0xd5, 0x43, 0x08, 0x3d, 0xcc, 0x42, 0x0b, 0x46,
    0xc4, 0x41, 0x0c, 0x52, 0xc1, 0x41, 0x0e, 0x5e, 0xd4, 0x81, 0x5e, 0x82,
    0xfd, 0xf8, 0xf7, 0xf4, 0xff, 0xff, 0xff, 0xff, 0xff, 0xfe, 0xfe, 0xfe,
    0xfc, 0xf6, 0xf2, 0xf4, 0xde, 0xab, 0x96, 0xb7, 0xb2, 0x46, 0x18, 0x8b,
    0xac, 0x40, 0x10, 0x8b, 0xad, 0x40, 0x10, 0x8c, 0xad, 0x40, 0x10, 0x8c,
    0xac, 0x3f, 0x10, 0x8d, 0xad, 0x40, 0x10, 0x8c, 0xad, 0x40, 0x10, 0x8c,
    0xac, 0x40, 0x10, 0x8b, 0xb2, 0x48, 0x18, 0x8b, 0xde, 0xae, 0x99, 0xb9,
    0xfc, 0xf7, 0xf5, 0xf5, 0xff, 0xff, 0xfe, 0xfe, 0xff, 0xff, 0xff, 0xff,
    0xfc, 0xf8, 0xf7, 0xf4, 0xd4, 0x83, 0x62, 0x82, 0xc0, 0x42, 0x0e, 0x5d,
    0xc4, 0x41, 0x0c, 0x52, 0xc8, 0x42, 0x0b, 0x46, 0xd4, 0x44, 0x08, 0x3c,
    0xdb, 0x47, 0x05, 0x32, 0xe7, 0x49, 0x06, 0x2a, 0xf0, 0x49, 0x00, 0x23,
    0xf6, 0x44, 0x00, 0x1e, 0xff, 0x47, 0x00, 0x19, 0xff, 0x46, 0x00, 0x16,
    0xff, 0x43, 0x00, 0x13, 0xff, 0x40, 0x00, 0x10, 0xff, 0x49, 0x00, 0x0e,
    0xff, 0x40, 0x00, 0x0c, 0xff, 0x39, 0x00, 0x09, 0xff, 0x40, 0x00, 0x08,
    0xff, 0x55, 0x00, 0x06, 0xff, 0x33, 0x00, 0x05, 0xff, 0x55, 0x00, 0x03,
    0xff, 0x55, 0x00, 0x03, 0xff, 0x7f, 0x00, 0x02, 0xff, 0x00, 0x00, 0x01,
    0xff, 0x00, 0x00, 0x01, 0x00, 0x00, 0x00, 0x00, 0xff, 0x55, 0x00, 0x03,
    0xff, 0x40, 0x00, 0x04, 0xff, 0x55, 0x00, 0x06, 0xff, 0x40, 0x00, 0x08,
    0xff, 0x39, 0x00, 0x09, 0xff, 0x46, 0x00, 0x0b, 0xff, 0x4e, 0x00, 0x0d,
    0xff, 0x40, 0x00, 0x10, 0xff, 0x47, 0x00, 0x12, 0xff, 0x49, 0x00, 0x15,
    0xff, 0x4a, 0x00, 0x18, 0xf6, 0x49, 0x00, 0x1c, 0xf7, 0x46, 0x00, 0x21,
    0xeb, 0x48, 0x00, 0x27, 0xe3, 0x42, 0x06, 0x2e, 0xd5, 0x46, 0x09, 0x37,
    0xd2, 0x41, 0x08, 0x3f, 0xcb, 0x41, 0x0a, 0x4a, 0xc3, 0x42, 0x0c, 0x55,
    0xbf, 0x45, 0x13, 0x60, 0xdb, 0x96, 0x79, 0x8d, 0xfd, 0xf8, 0xf7, 0xf4,
    0xff, 0xff, 0xff, 0xff, 0xff, 0xff, 0xff, 0xff, 0xfe, 0xfb, 0xfb, 0xfb,
    0xf7, 0xec, 0xe6, 0xea, 0xe3, 0xbc, 0xac, 0xc2, 0xca, 0x80, 0x61, 0xa3,
    0xbc, 0x5f, 0x37, 0x94, 0xb1, 0x43, 0x14, 0x89, 0xb8, 0x57, 0x2a, 0x90,
    0xc9, 0x7f, 0x60, 0xa2, 0xe2, 0xb7, 0xa6, 0xbf, 0xf7, 0xec, 0xe7, 0xea,
    0xfe, 0xfb, 0xfb, 0xfb, 0xff, 0xff, 0xff, 0xff, 0xff, 0xff, 0xff, 0xff,
    0xfd, 0xf9, 0xf8, 0xf5, 0xd9, 0x95, 0x7a, 0x8e, 0xbf, 0x45, 0x13, 0x60,
    0xc3, 0x42, 0x0c, 0x55, 0xcb, 0x41, 0x0a, 0x4a, 0xd2, 0x41, 0x08, 0x3f,
    0xd5, 0x46, 0x09, 0x37, 0xe3, 0x42, 0x06, 0x2e, 0xeb, 0x43, 0x00, 0x26,
    0xf7, 0x48, 0x00, 0x20, 0xf6, 0x49, 0x00, 0x1c, 0xff, 0x4a, 0x00, 0x18,
    0xff, 0x49, 0x00, 0x15, 0xff, 0x47, 0x00, 0x12, 0xff, 0x44, 0x00, 0x0f,
    0xff, 0x4e, 0x00, 0x0d, 0xff, 0x46, 0x00, 0x0b, 0xff, 0x39, 0x00, 0x09,
    0xff, 0x49, 0x00, 0x07, 0xff, 0x55, 0x00, 0x06, 0xff, 0x40, 0x00, 0x04,
    0xff, 0x55, 0x00, 0x03, 0xff, 0x7f, 0x00, 0x02, 0xff, 0x00, 0x00, 0x01,
    0xff, 0x00, 0x00, 0x01, 0xff, 0x00, 0x00, 0x01, 0x00, 0x00, 0x00, 0x00,
    0xff, 0x55, 0x00, 0x03, 0xff, 0x40, 0x00, 0x04, 0xff, 0x33, 0x00, 0x05,
    0xff, 0x49, 0x00, 0x07, 0xff, 0x40, 0x00, 0x08, 0xff, 0x4c, 0x00, 0x0a,
    0xff, 0x40, 0x00, 0x0c, 0xff, 0x49, 0x00, 0x0e, 0xff, 0x4b, 0x00, 0x11,
    0xff, 0x43, 0x00, 0x13, 0xff, 0x42, 0x00, 0x17, 0xf5, 0x45, 0x00, 0x1a,
    0xf6, 0x44, 0x00, 0x1e, 0xf0, 0x49, 0x00, 0x23, 0xe7, 0x49, 0x06, 0x2a,
    0xe0, 0x44, 0x05, 0x31, 0xd6, 0x44, 0x09, 0x38, 0xd1, 0x42, 0x0c, 0x42,
    0xc7, 0x42, 0x0a, 0x4d, 0xc1, 0x41, 0x0c, 0x56, 0xc0, 0x47, 0x15, 0x61,
    0xd4, 0x88, 0x67, 0x83, 0xf9, 0xef, 0xeb, 0xe5, 0xff, 0xff, 0xff, 0xff,
    0xff, 0xff, 0xff, 0xff, 0xff, 0xfe, 0xfe, 0xfe, 0xfe, 0xfc, 0xfb, 0xfb,
    0xfd, 0xfa, 0xf9, 0xf9, 0xfd, 0xf9, 0xf8, 0xf8, 0xfc, 0xf8, 0xf7, 0xf8,
    0xfc, 0xf9, 0xf7, 0xf8, 0xfd, 0xfa, 0xf9, 0xf9, 0xfe, 0xfc, 0xfb, 0xfb,
    0xff, 0xfe, 0xfe, 0xfe, 0xff, 0xff, 0xff, 0xff, 0xff, 0xff, 0xff, 0xff,
    0xf8, 0xee, 0xea, 0xe5, 0xd4, 0x87, 0x68, 0x84, 0xc0, 0x47, 0x15, 0x61,
    0xc1, 0x41, 0x0c, 0x56, 0xc7, 0x42, 0x0a, 0x4d, 0xd1, 0x42, 0x0c, 0x42,
    0xd6, 0x44, 0x09, 0x38, 0xdf, 0x45, 0x05, 0x30, 0xe6, 0x44, 0x06, 0x29,
    0xf0, 0x49, 0x00, 0x23, 0xf6, 0x46, 0x00, 0x1d, 0xf5, 0x45, 0x00, 0x1a,
    0xff, 0x46, 0x00, 0x16, 0xff, 0x43, 0x00, 0x13, 0xff, 0x4b, 0x00, 0x11,
    0xff, 0x49, 0x00, 0x0e, 0xff, 0x40, 0x00, 0x0c, 0xff, 0x4c, 0x00, 0x0a,
    0xff, 0x40, 0x00, 0x08, 0xff, 0x49, 0x00, 0x07, 0xff, 0x33, 0x00, 0x05,
    0xff, 0x40, 0x00, 0x04, 0xff, 0x55, 0x00, 0x03, 0xff, 0x7f, 0x00, 0x02,
    0xff, 0x00, 0x00, 0x01, 0xff, 0x00, 0x00, 0x01, 0xff, 0x00, 0x00, 0x01,
    0x00, 0x00, 0x00, 0x00, 0xff, 0x55, 0x00, 0x03, 0xff, 0x40, 0x00, 0x04,
    0xff, 0x33, 0x00, 0x05, 0xff, 0x55, 0x00, 0x06, 0xff, 0x40, 0x00, 0x08,
    0xff, 0x39, 0x00, 0x09, 0xff, 0x46, 0x00, 0x0b, 0xff, 0x4e, 0x00, 0x0d,
    0xff, 0x40, 0x00, 0x10, 0xff, 0x47, 0x00, 0x12, 0xff, 0x49, 0x00, 0x15,
    0xff, 0x42, 0x00, 0x17, 0xf6, 0x42, 0x00, 0x1b, 0xf7, 0x48, 0x00, 0x20,
    0xf1, 0x47, 0x00, 0x24, 0xe7, 0x49, 0x06, 0x2a, 0xdb, 0x47, 0x05, 0x32,
    0xd4, 0x45, 0x09, 0x3b, 0xce, 0x44, 0x0b, 0x43, 0xc7, 0x42, 0x0a, 0x4d,
    0xc3, 0x42, 0x0c, 0x55, 0xc1, 0x46, 0x13, 0x5e, 0xc7, 0x5b, 0x2f, 0x6d,
    0xe7, 0xbb, 0xa9, 0xa9, 0xfc, 0xf8, 0xf5, 0xf1, 0xff, 0xff, 0xff, 0xff,
    0xff, 0xff, 0xff, 0xff, 0xff, 0xff, 0xff, 0xff, 0xff, 0xff, 0xff, 0xff,
    0xff, 0xff, 0xff, 0xff, 0xff, 0xff, 0xff, 0xff, 0xff, 0xff, 0xff, 0xff,
    0xff, 0xff, 0xff, 0xff, 0xff, 0xff, 0xff, 0xff, 0xfc, 0xf8, 0xf7, 0xf4,
    0xe9, 0xc4, 0xb4, 0xb2, 0xc4, 0x60, 0x32, 0x70, 0xc1, 0x46, 0x13, 0x5e,
    0xc3, 0x42, 0x0c, 0x55, 0xc7, 0x42, 0x0a, 0x4d, 0xce, 0x44, 0x0b, 0x43,
    0xd4, 0x45, 0x09, 0x3b, 0xdb, 0x47, 0x05, 0x32, 0xe1, 0x47, 0x06, 0x2b,
    0xf1, 0x47, 0x00, 0x24, 0xf7, 0x48, 0x00, 0x20, 0xf6, 0x42, 0x00, 0x1b,
    0xff, 0x42, 0x00, 0x17, 0xff, 0x49, 0x00, 0x15, 0xff, 0x47, 0x00, 0x12,
    0xff, 0x40, 0x00, 0x10, 0xff, 0x4e, 0x00, 0x0d, 0xff, 0x46, 0x00, 0x0b,
    0xff, 0x39, 0x00, 0x09, 0xff, 0x40, 0x00, 0x08, 0xff, 0x55, 0x00, 0x06,
    0xff, 0x33, 0x00, 0x05, 0xff, 0x40, 0x00, 0x04, 0xff, 0x55, 0x00, 0x03,
    0xff, 0x7f, 0x00, 0x02, 0xff, 0x00, 0x00, 0x01, 0xff, 0x00, 0x00, 0x01,
    0x00, 0x00, 0x00, 0x00, 0x00, 0x00, 0x00, 0x00, 0xff, 0x55, 0x00, 0x03,
    0xff, 0x55, 0x00, 0x03, 0xff, 0x40, 0x00, 0x04, 0xff, 0x55, 0x00, 0x06,
    0xff, 0x49, 0x00, 0x07, 0xff, 0x39, 0x00, 0x09, 0xff, 0x4c, 0x00, 0x0a,
    0xff, 0x40, 0x00, 0x0c, 0xff, 0x49, 0x00, 0x0e, 0xff, 0x4b, 0x00, 0x11,
    0xff, 0x43, 0x00, 0x13, 0xff, 0x46, 0x00, 0x16, 0xf5, 0x45, 0x00, 0x1a,
    0xf6, 0x49, 0x00, 0x1c, 0xef, 0x46, 0x00, 0x21, 0xeb, 0x43, 0x00, 0x26,
    0xe2, 0x46, 0x06, 0x2c, 0xdc, 0x46, 0x05, 0x33, 0xd4, 0x45, 0x09, 0x3b,
    0xce, 0x44, 0x0b, 0x43, 0xcb, 0x41, 0x0a, 0x4a, 0xc4, 0x41, 0x0c, 0x52,
    0xc0, 0x42, 0x0b, 0x59, 0xc2, 0x4c, 0x1d, 0x61, 0xc6, 0x62, 0x39, 0x70,
    0xdf, 0xa8, 0x91, 0x99, 0xf0, 0xd9, 0xcd, 0xc7, 0xf9, 0xef, 0xeb, 0xe7,
    0xfd, 0xfb, 0xf9, 0xf8, 0xff, 0xff, 0xff, 0xff, 0xfd, 0xfb, 0xf9, 0xf8,
    0xf9, 0xef, 0xec, 0xe7, 0xf1, 0xd9, 0xcf, 0xc8, 0xdf, 0xa7, 0x92, 0x9a,
    0xc7, 0x66, 0x3d, 0x71, 0xc3, 0x4e, 0x1f, 0x62, 0xc0, 0x42, 0x0e, 0x59,
    0xc5, 0x40, 0x0c, 0x53, 0xcb, 0x41, 0x0a, 0x4a, 0xce, 0x44, 0x0b, 0x43,
    0xd4, 0x45, 0x09, 0x3b, 0xdc, 0x46, 0x05, 0x33, 0xe2, 0x46, 0x06, 0x2c,
    0xeb, 0x43, 0x00, 0x26, 0xf0, 0x43, 0x00, 0x22, 0xf6, 0x49, 0x00, 0x1c,
    0xf5, 0x45, 0x00, 0x1a, 0xff, 0x46, 0x00, 0x16, 0xff, 0x43, 0x00, 0x13,
    0xff, 0x4b, 0x00, 0x11, 0xff, 0x49, 0x00, 0x0e, 0xff, 0x40, 0x00, 0x0c,
    0xff, 0x4c, 0x00, 0x0a, 0xff, 0x39, 0x00, 0x09, 0xff, 0x49, 0x00, 0x07,
    0xff, 0x55, 0x00, 0x06, 0xff, 0x40, 0x00, 0x04, 0xff, 0x55, 0x00, 0x03,
    0xff, 0x55, 0x00, 0x03, 0xff, 0x7f, 0x00, 0x02, 0xff, 0x00, 0x00, 0x01,
    0xff, 0x00, 0x00, 0x01, 0x00, 0x00, 0x00, 0x00, 0x00, 0x00, 0x00, 0x00,
    0xff, 0x7f, 0x00, 0x02, 0xff, 0x55, 0x00, 0x03, 0xff, 0x40, 0x00, 0x04,
    0xff, 0x33, 0x00, 0x05, 0xff, 0x55, 0x00, 0x06, 0xff, 0x40, 0x00, 0x08,
    0xff, 0x39, 0x00, 0x09, 0xff, 0x46, 0x00, 0x0b, 0xff, 0x4e, 0x00, 0x0d,
    0xff, 0x44, 0x00, 0x0f, 0xff, 0x4b, 0x00, 0x11, 0xff, 0x4c, 0x00, 0x14,
    0xff, 0x46, 0x00, 0x16, 0xf5, 0x45, 0x00, 0x1a, 0xf6, 0x46, 0x00, 0x1d,
    0xf0, 0x43, 0x00, 0x22, 0xeb, 0x43, 0x00, 0x26, 0xe2, 0x46, 0x06, 0x2c,
    0xdc, 0x46, 0x05, 0x33, 0xd7, 0x43, 0x09, 0x39, 0xcf, 0x44, 0x08, 0x40,
    0xcc, 0x42, 0x0b, 0x46, 0xc7, 0x42, 0x0a, 0x4d, 0xc5, 0x40, 0x0c, 0x53,
    0xc2, 0x43, 0x0c, 0x58, 0xc3, 0x4c, 0x18, 0x5e, 0xc4, 0x52, 0x24, 0x63,
    0xc5, 0x5a, 0x2c, 0x69, 0xc5, 0x5b, 0x30, 0x6a, 0xc6, 0x5d, 0x32, 0x6b,
    0xc5, 0x5b, 0x30, 0x6a, 0xc5, 0x5a, 0x2c, 0x69, 0xc4, 0x52, 0x24, 0x63,
    0xc3, 0x4c, 0x18, 0x5e, 0xc2, 0x43, 0x0c, 0x58, 0xc5, 0x40, 0x0c, 0x53,
    0xc7, 0x41, 0x0a, 0x4e, 0xcc, 0x42, 0x0b, 0x46, 0xcf, 0x44, 0x08, 0x40,
    0xd7, 0x43, 0x09, 0x39, 0xdc, 0x46, 0x05, 0x33, 0xe2, 0x46, 0x06, 0x2c,
    0xeb, 0x43, 0x00, 0x26, 0xf0, 0x43, 0x00, 0x22, 0xf6, 0x46, 0x00, 0x1d,
    0xf5, 0x45, 0x00, 0x1a, 0xff, 0x46, 0x00, 0x16, 0xff, 0x4c, 0x00, 0x14,
    0xff, 0x47, 0x00, 0x12, 0xff, 0x44, 0x00, 0x0f, 0xff, 0x4e, 0x00, 0x0d,
    0xff, 0x46, 0x00, 0x0b, 0xff, 0x39, 0x00, 0x09, 0xff, 0x40, 0x00, 0x08,
    0xff, 0x55, 0x00, 0x06, 0xff, 0x33, 0x00, 0x05, 0xff, 0x40, 0x00, 0x04,
    0xff, 0x55, 0x00, 0x03, 0xff, 0x7f, 0x00, 0x02, 0xff, 0x7f, 0x00, 0x02,
    0xff, 0x00, 0x00, 0x01, 0xff, 0x00, 0x00, 0x01, 0x00, 0x00, 0x00, 0x00,
    0x00, 0x00, 0x00, 0x00, 0xff, 0x7f, 0x00, 0x02, 0xff, 0x55, 0x00, 0x03,
    0xff, 0x40, 0x00, 0x04, 0xff, 0x40, 0x00, 0x04, 0xff, 0x55, 0x00, 0x06,
    0xff, 0x49, 0x00, 0x07, 0xff, 0x40, 0x00, 0x08, 0xff, 0x4c, 0x00, 0x0a,
    0xff, 0x40, 0x00, 0x0c, 0xff, 0x49, 0x00, 0x0e, 0xff, 0x40, 0x00, 0x10,
    0xff, 0x47, 0x00, 0x12, 0xff, 0x4c, 0x00, 0x14, 0xff, 0x42, 0x00, 0x17,
    0xf5, 0x45, 0x00, 0x1a, 0xf6, 0x46, 0x00, 0x1d, 0xf0, 0x43, 0x00, 0x22,
    0xeb, 0x43, 0x00, 0x26, 0xe7, 0x47, 0x06, 0x2b, 0xe0, 0x44, 0x05, 0x31,
    0xd6, 0x44, 0x09, 0x38, 0xd1, 0x43, 0x08, 0x3d, 0xcd, 0x42, 0x0c, 0x42,
    0xc9, 0x44, 0x0b, 0x47, 0xc6, 0x43, 0x0a, 0x4c, 0xc5, 0x40, 0x0d, 0x4f,
    0xc4, 0x41, 0x0c, 0x52, 0xc0, 0x42, 0x0c, 0x55, 0xc1, 0x41, 0x0c, 0x56,
    0xc1, 0x41, 0x0c, 0x56, 0xc1, 0x41, 0x0c, 0x56, 0xc0, 0x42, 0x0c, 0x55,
    0xc4, 0x41, 0x0c, 0x52, 0xc5, 0x40, 0x0d, 0x4f, 0xc6, 0x43, 0x0a, 0x4c,
    0xca, 0x43, 0x0b, 0x48, 0xcd, 0x42, 0x0c, 0x42, 0xd1, 0x43, 0x08, 0x3d,
    0xd6, 0x44, 0x09, 0x38, 0xe0, 0x44, 0x05, 0x31, 0xe1, 0x47, 0x06, 0x2b,
    0xeb, 0x43, 0x00, 0x26, 0xf0, 0x43, 0x00, 0x22, 0xf6, 0x46, 0x00, 0x1d,
    0xf5, 0x45, 0x00, 0x1a, 0xff, 0x42, 0x00, 0x17, 0xff, 0x4c, 0x00, 0x14,
    0xff, 0x47, 0x00, 0x12, 0xff, 0x40, 0x00, 0x10, 0xff, 0x49, 0x00, 0x0e,
    0xff, 0x40, 0x00, 0x0c, 0xff, 0x4c, 0x00, 0x0a, 0xff, 0x40, 0x00, 0x08,
    0xff, 0x49, 0x00, 0x07, 0xff, 0x55, 0x00, 0x06, 0xff, 0x33, 0x00, 0x05,
    0xff, 0x40, 0x00, 0x04, 0xff, 0x55, 0x00, 0x03, 0xff, 0x7f, 0x00, 0x02,
    0xff, 0x00, 0x00, 0x01, 0xff, 0x00, 0x00, 0x01, 0xff, 0x00, 0x00, 0x01,
    0x00, 0x00, 0x00, 0x00, 0x00, 0x00, 0x00, 0x00, 0xff, 0x7f, 0x00, 0x02,
    0xff, 0x55, 0x00, 0x03, 0xff, 0x55, 0x00, 0x03, 0xff, 0x40, 0x00, 0x04,
    0xff, 0x33, 0x00, 0x05, 0xff, 0x55, 0x00, 0x06, 0xff, 0x40, 0x00, 0x08,
    0xff, 0x39, 0x00, 0x09, 0xff, 0x46, 0x00, 0x0b, 0xff, 0x40, 0x00, 0x0c,
    0xff, 0x49, 0x00, 0x0e, 0xff, 0x40, 0x00, 0x10, 0xff, 0x47, 0x00, 0x12,
    0xff, 0x49, 0x00, 0x15, 0xff, 0x42, 0x00, 0x17, 0xf5, 0x45, 0x00, 0x1a,
    0xf6, 0x46, 0x00, 0x1d, 0xef, 0x46, 0x00, 0x21, 0xf1, 0x47, 0x00, 0x24,
    0xe6, 0x44, 0x06, 0x29, 0xde, 0x46, 0x05, 0x2f, 0xdc, 0x46, 0x05, 0x33,
    0xd6, 0x44, 0x09, 0x38, 0xd0, 0x44, 0x08, 0x3c, 0xcc, 0x43, 0x08, 0x41,
    0xca, 0x43, 0x0b, 0x44, 0xc9, 0x41, 0x0b, 0x47, 0xc7, 0x42, 0x0a, 0x49,
    0xc4, 0x41, 0x0a, 0x4a, 0xc4, 0x41, 0x0a, 0x4a, 0xc4, 0x41, 0x0a, 0x4a,
    0xc7, 0x42, 0x0a, 0x49, 0xc9, 0x41, 0x0b, 0x47, 0xca, 0x43, 0x0b, 0x44,
    0xcc, 0x43, 0x08, 0x41, 0xcd, 0x43, 0x08, 0x3d, 0xd6, 0x44, 0x09, 0x38,
    0xdc, 0x46, 0x05, 0x33, 0xde, 0x46, 0x05, 0x2f, 0xe6, 0x44, 0x06, 0x29,
    0xf1, 0x47, 0x00, 0x24, 0xf0, 0x43, 0x00, 0x22, 0xf6, 0x46, 0x00, 0x1d,
    0xf5, 0x45, 0x00, 0x1a, 0xff, 0x42, 0x00, 0x17, 0xff, 0x49, 0x00, 0x15,
    0xff, 0x47, 0x00, 0x12, 0xff, 0x40, 0x00, 0x10, 0xff, 0x49, 0x00, 0x0e,
    0xff, 0x40, 0x00, 0x0c, 0xff, 0x46, 0x00, 0x0b, 0xff, 0x39, 0x00, 0x09,
    0xff, 0x40, 0x00, 0x08, 0xff, 0x55, 0x00, 0x06, 0xff, 0x33, 0x00, 0x05,
    0xff, 0x40, 0x00, 0x04, 0xff, 0x55, 0x00, 0x03, 0xff, 0x55, 0x00, 0x03,
    0xff, 0x7f, 0x00, 0x02, 0xff, 0x00, 0x00, 0x01, 0xff, 0x00, 0x00, 0x01,
    0xff, 0x00, 0x00, 0x01, 0x00, 0x00, 0x00, 0x00, 0x00, 0x00, 0x00, 0x00,
    0xff, 0x7f, 0x00, 0x02, 0xff, 0x7f, 0x00, 0x02, 0xff, 0x55, 0x00, 0x03,
    0xff, 0x40, 0x00, 0x04, 0xff, 0x40, 0x00, 0x04, 0xff, 0x55, 0x00, 0x06,
    0xff, 0x49, 0x00, 0x07, 0xff, 0x40, 0x00, 0x08, 0xff, 0x39, 0x00, 0x09,
    0xff, 0x46, 0x00, 0x0b, 0xff, 0x4e, 0x00, 0x0d, 0xff, 0x49, 0x00, 0x0e,
    0xff, 0x40, 0x00, 0x10, 0xff, 0x47, 0x00, 0x12, 0xff, 0x49, 0x00, 0x15,
    0xff, 0x42, 0x00, 0x17, 0xf5, 0x45, 0x00, 0x1a, 0xf6, 0x49, 0x00, 0x1c,
    0xf7, 0x48, 0x00, 0x20, 0xf0, 0x49, 0x00, 0x23, 0xeb, 0x48, 0x00, 0x27,
    0xe7, 0x47, 0x06, 0x2b, 0xde, 0x46, 0x05, 0x2f, 0xdb, 0x47, 0x05, 0x32,
    0xd5, 0x46, 0x09, 0x37, 0xd3, 0x42, 0x09, 0x3a, 0xd0, 0x44, 0x08, 0x3c,
    0xcd, 0x43, 0x08, 0x3d, 0xce, 0x42, 0x08, 0x3e, 0xcb, 0x44, 0x08, 0x40,
    0xce, 0x42, 0x08, 0x3e, 0xcd, 0x43, 0x08, 0x3d, 0xd0, 0x44, 0x08, 0x3c,
    0xd3, 0x42, 0x09, 0x3a, 0xd5, 0x46, 0x09, 0x37, 0xdb, 0x47, 0x05, 0x32,
    0xde, 0x46, 0x05, 0x2f, 0xe7, 0x47, 0x06, 0x2b, 0xeb, 0x48, 0x00, 0x27,
    0xf0, 0x49, 0x00, 0x23, 0xf7, 0x48, 0x00, 0x20, 0xf6, 0x49, 0x00, 0x1c,
    0xf5, 0x45, 0x00, 0x1a, 0xff, 0x42, 0x00, 0x17, 0xff, 0x49, 0x00, 0x15,
    0xff, 0x47, 0x00, 0x12, 0xff, 0x40, 0x00, 0x10, 0xff, 0x49, 0x00, 0x0e,
    0xff, 0x4e, 0x00, 0x0d, 0xff, 0x46, 0x00, 0x0b, 0xff, 0x39, 0x00, 0x09,
    0xff, 0x40, 0x00, 0x08, 0xff, 0x49, 0x00, 0x07, 0xff, 0x55, 0x00, 0x06,
    0xff, 0x40, 0x00, 0x04, 0xff, 0x40, 0x00, 0x04, 0xff, 0x55, 0x00, 0x03,
    0xff, 0x7f, 0x00, 0x02, 0xff, 0x7f, 0x00, 0x02, 0xff, 0x00, 0x00, 0x01,
    0xff, 0x00, 0x00, 0x01, 0xff, 0x00, 0x00, 0x01, 0x00, 0x00, 0x00, 0x00,
    0x00, 0x00, 0x00, 0x00, 0xff, 0x00, 0x00, 0x01, 0xff, 0x7f, 0x00, 0x02,
    0xff, 0x55, 0x00, 0x03, 0xff, 0x55, 0x00, 0x03, 0xff, 0x40, 0x00, 0x04,
    0xff, 0x33, 0x00, 0x05, 0xff, 0x55, 0x00, 0x06, 0xff, 0x49, 0x00, 0x07,
    0xff, 0x40, 0x00, 0x08, 0xff, 0x4c, 0x00, 0x0a, 0xff, 0x46, 0x00, 0x0b,
    0xff, 0x4e, 0x00, 0x0d, 0xff, 0x49, 0x00, 0x0e, 0xff, 0x40, 0x00, 0x10,
    0xff, 0x47, 0x00, 0x12, 0xff, 0x4c, 0x00, 0x14, 0xff, 0x46, 0x00, 0x16,
    0xf5, 0x45, 0x00, 0x1a, 0xf6, 0x42, 0x00, 0x1b, 0xf6, 0x46, 0x00, 0x1d,
    0xf7, 0x48, 0x00, 0x20, 0xf0, 0x49, 0x00, 0x23, 0xeb, 0x48, 0x00, 0x27,
    0xe7, 0x49, 0x06, 0x2a, 0xe2, 0x46, 0x06, 0x2c, 0xde, 0x46, 0x05, 0x2f,
    0xdb, 0x44, 0x05, 0x31, 0xdb, 0x47, 0x05, 0x32, 0xd7, 0x46, 0x05, 0x33,
    0xd8, 0x45, 0x0a, 0x34, 0xd7, 0x46, 0x05, 0x33, 0xdb, 0x47, 0x05, 0x32,
    0xdb, 0x44, 0x05, 0x31, 0xde, 0x46, 0x05, 0x2f, 0xe2, 0x46, 0x06, 0x2c,
    0xe7, 0x49, 0x06, 0x2a, 0xeb, 0x48, 0x00, 0x27, 0xf0, 0x49, 0x00, 0x23,
    0xf7, 0x48, 0x00, 0x20, 0xf6, 0x46, 0x00, 0x1d, 0xf6, 0x42, 0x00, 0x1b,
    0xf5, 0x45, 0x00, 0x1a, 0xff, 0x46, 0x00, 0x16, 0xff, 0x4c, 0x00, 0x14,
    0xff, 0x47, 0x00, 0x12, 0xff, 0x40, 0x00, 0x10, 0xff, 0x49, 0x00, 0x0e,
    0xff, 0x4e, 0x00, 0x0d, 0xff, 0x46, 0x00, 0x0b, 0xff, 0x4c, 0x00, 0x0a,
    0xff, 0x40, 0x00, 0x08, 0xff, 0x49, 0x00, 0x07, 0xff, 0x55, 0x00, 0x06,
    0xff, 0x33, 0x00, 0x05, 0xff, 0x40, 0x00, 0x04, 0xff, 0x55, 0x00, 0x03,
    0xff, 0x55, 0x00, 0x03, 0xff, 0x7f, 0x00, 0x02, 0xff, 0x00, 0x00, 0x01,
    0xff, 0x00, 0x00, 0x01, 0xff, 0x00, 0x00, 0x01, 0x00, 0x00, 0x00, 0x00,
    0x00, 0x00, 0x00, 0x00, 0x00, 0x00, 0x00, 0x00, 0xff, 0x00, 0x00, 0x01,
    0xff, 0x7f, 0x00, 0x02, 0xff, 0x7f, 0x00, 0x02, 0xff, 0x55, 0x00, 0x03,
    0xff, 0x55, 0x00, 0x03, 0xff, 0x40, 0x00, 0x04, 0xff, 0x33, 0x00, 0x05,
    0xff, 0x55, 0x00, 0x06, 0xff, 0x49, 0x00, 0x07, 0xff, 0x39, 0x00, 0x09,
    0xff, 0x4c, 0x00, 0x0a, 0xff, 0x46, 0x00, 0x0b, 0xff, 0x4e, 0x00, 0x0d,
    0xff, 0x49, 0x00, 0x0e, 0xff, 0x40, 0x00, 0x10, 0xff, 0x47, 0x00, 0x12,
    0xff, 0x4c, 0x00, 0x14, 0xff, 0x46, 0x00, 0x16, 0xff, 0x42, 0x00, 0x17,
    0xf5, 0x45, 0x00, 0x1a, 0xf6, 0x49, 0x00, 0x1c, 0xf6, 0x46, 0x00, 0x1d,
    0xf7, 0x48, 0x00, 0x20, 0xf0, 0x43, 0x00, 0x22, 0xf1, 0x47, 0x00, 0x24,
    0xf1, 0x45, 0x00, 0x25, 0xeb, 0x48, 0x00, 0x27, 0xec, 0x44, 0x06, 0x29,
    0xec, 0x44, 0x06, 0x29, 0xe7, 0x49, 0x06, 0x2a, 0xec, 0x44, 0x06, 0x29,
    0xec, 0x44, 0x06, 0x29, 0xeb, 0x48, 0x00, 0x27, 0xf1, 0x45, 0x00, 0x25,
    0xf1, 0x47, 0x00, 0x24, 0xf0, 0x43, 0x00, 0x22, 0xf7, 0x48, 0x00, 0x20,
    0xf6, 0x46, 0x00, 0x1d, 0xf6, 0x49, 0x00, 0x1c, 0xf5, 0x45, 0x00, 0x1a,
    0xff, 0x42, 0x00, 0x17, 0xff, 0x46, 0x00, 0x16, 0xff, 0x4c, 0x00, 0x14,
    0xff, 0x47, 0x00, 0x12, 0xff, 0x40, 0x00, 0x10, 0xff, 0x49, 0x00, 0x0e,
    0xff, 0x4e, 0x00, 0x0d, 0xff, 0x46, 0x00, 0x0b, 0xff, 0x4c, 0x00, 0x0a,
    0xff, 0x39, 0x00, 0x09, 0xff, 0x49, 0x00, 0x07, 0xff, 0x55, 0x00, 0x06,
    0xff, 0x33, 0x00, 0x05, 0xff, 0x40, 0x00, 0x04, 0xff, 0x55, 0x00, 0x03,
    0xff, 0x55, 0x00, 0x03, 0xff, 0x7f, 0x00, 0x02, 0xff, 0x7f, 0x00, 0x02,
    0xff, 0x00, 0x00, 0x01, 0xff, 0x00, 0x00, 0x01, 0xff, 0x00, 0x00, 0x01,
    0x00, 0x00, 0x00, 0x00, 0x00, 0x00, 0x00, 0x00, 0x00, 0x00, 0x00, 0x00,
    0xff, 0x00, 0x00, 0x01, 0xff, 0x00, 0x00, 0x01, 0xff, 0x7f, 0x00, 0x02,
    0xff, 0x7f, 0x00, 0x02, 0xff, 0x55, 0x00, 0x03, 0xff, 0x40, 0x00, 0x04,
    0xff, 0x40, 0x00, 0x04, 0xff, 0x33, 0x00, 0x05, 0xff, 0x55, 0x00, 0x06,
    0xff, 0x40, 0x00, 0x08, 0xff, 0x39, 0x00, 0x09, 0xff, 0x4c, 0x00, 0x0a,
    0xff, 0x46, 0x00, 0x0b, 0xff, 0x4e, 0x00, 0x0d, 0xff, 0x49, 0x00, 0x0e,
    0xff, 0x40, 0x00, 0x10, 0xff, 0x4b, 0x00, 0x11, 0xff, 0x43, 0x00, 0x13,
    0xff, 0x49, 0x00, 0x15, 0xff, 0x46, 0x00, 0x16, 0xff, 0x4a, 0x00, 0x18,
    0xff, 0x47, 0x00, 0x19, 0xf6, 0x42, 0x00, 0x1b, 0xf6, 0x46, 0x00, 0x1d,
    0xf6, 0x46, 0x00, 0x1d, 0xf6, 0x44, 0x00, 0x1e, 0xf7, 0x4a, 0x00, 0x1f,
    0xf7, 0x48, 0x00, 0x20, 0xf7, 0x46, 0x00, 0x21, 0xf7, 0x46, 0x00, 0x21,
    0xf7, 0x46, 0x00, 0x21, 0xf7, 0x48, 0x00, 0x20, 0xf7, 0x4a, 0x00, 0x1f,
    0xf6, 0x44, 0x00, 0x1e, 0xf6, 0x46, 0x00, 0x1d, 0xf6, 0x46, 0x00, 0x1d,
    0xf6, 0x42, 0x00, 0x1b, 0xff, 0x47, 0x00, 0x19, 0xff, 0x4a, 0x00, 0x18,
    0xff, 0x46, 0x00, 0x16, 0xff, 0x49, 0x00, 0x15, 0xff, 0x43, 0x00, 0x13,
    0xff, 0x47, 0x00, 0x12, 0xff, 0x40, 0x00, 0x10, 0xff, 0x49, 0x00, 0x0e,
    0xff, 0x4e, 0x00, 0x0d, 0xff, 0x46, 0x00, 0x0b, 0xff, 0x4c, 0x00, 0x0a,
    0xff, 0x39, 0x00, 0x09, 0xff, 0x40, 0x00, 0x08, 0xff, 0x55, 0x00, 0x06,
    0xff, 0x33, 0x00, 0x05, 0xff, 0x40, 0x00, 0x04, 0xff, 0x40, 0x00, 0x04,
    0xff, 0x55, 0x00, 0x03, 0xff, 0x7f, 0x00, 0x02, 0xff, 0x7f, 0x00, 0x02,
    0xff, 0x00, 0x00, 0x01, 0xff, 0x00, 0x00, 0x01, 0xff, 0x00, 0x00, 0x01,
    0xff, 0x00, 0x00, 0x01, 0x00, 0x00, 0x00, 0x00, 0x00, 0x00, 0x00, 0x00,
    0x00, 0x00, 0x00, 0x00, 0xff, 0x00, 0x00, 0x01, 0xff, 0x00, 0x00, 0x01,
    0xff, 0x00, 0x00, 0x01, 0xff, 0x7f, 0x00, 0x02, 0xff, 0x55, 0x00, 0x03,
    0xff, 0x55, 0x00, 0x03, 0xff, 0x40, 0x00, 0x04, 0xff, 0x33, 0x00, 0x05,
    0xff, 0x55, 0x00, 0x06, 0xff, 0x55, 0x00, 0x06, 0xff, 0x40, 0x00, 0x08,
    0xff, 0x39, 0x00, 0x09, 0xff, 0x4c, 0x00, 0x0a, 0xff, 0x46, 0x00, 0x0b,
    0xff, 0x40, 0x00, 0x0c, 0xff, 0x49, 0x00, 0x0e, 0xff, 0x44, 0x00, 0x0f,
    0xff, 0x4b, 0x00, 0x11, 0xff, 0x47, 0x00, 0x12, 0xff, 0x43, 0x00, 0x13,
    0xff, 0x49, 0x00, 0x15, 0xff, 0x46, 0x00, 0x16, 0xff, 0x42, 0x00, 0x17,
    0xff, 0x4a, 0x00, 0x18, 0xff, 0x47, 0x00, 0x19, 0xff, 0x45, 0x00, 0x1a,
    0xff, 0x45, 0x00, 0x1a, 0xff, 0x4c, 0x00, 0x1b, 0xff, 0x4c, 0x00, 0x1b,
    0xff, 0x4c, 0x00, 0x1b, 0xff, 0x4c, 0x00, 0x1b, 0xff, 0x4c, 0x00, 0x1b,
    0xff, 0x45, 0x00, 0x1a, 0xff, 0x45, 0x00, 0x1a, 0xff, 0x47, 0x00, 0x19,
    0xff, 0x4a, 0x00, 0x18, 0xff, 0x42, 0x00, 0x17, 0xff, 0x46, 0x00, 0x16,
    0xff, 0x49, 0x00, 0x15, 0xff, 0x43, 0x00, 0x13, 0xff, 0x47, 0x00, 0x12,
    0xff, 0x4b, 0x00, 0x11, 0xff, 0x44, 0x00, 0x0f, 0xff, 0x49, 0x00, 0x0e,
    0xff, 0x40, 0x00, 0x0c, 0xff, 0x46, 0x00, 0x0b, 0xff, 0x4c, 0x00, 0x0a,
    0xff, 0x39, 0x00, 0x09, 0xff, 0x40, 0x00, 0x08, 0xff, 0x55, 0x00, 0x06,
    0xff, 0x55, 0x00, 0x06, 0xff, 0x33, 0x00, 0x05, 0xff, 0x40, 0x00, 0x04,
    0xff, 0x55, 0x00, 0x03, 0xff, 0x55, 0x00, 0x03, 0xff, 0x7f, 0x00, 0x02,
    0xff, 0x00, 0x00, 0x01, 0xff, 0x00, 0x00, 0x01, 0xff, 0x00, 0x00, 0x01,
    0xff, 0x00, 0x00, 0x01, 0x00, 0x00, 0x00, 0x00, 0x00, 0x00, 0x00, 0x00,
    0x00, 0x00, 0x00, 0x00, 0x00, 0x00, 0x00, 0x00, 0xff, 0x00, 0x00, 0x01,
    0xff, 0x00, 0x00, 0x01, 0xff, 0x00, 0x00, 0x01, 0xff, 0x7f, 0x00, 0x02,
    0xff, 0x7f, 0x00, 0x02, 0xff, 0x55, 0x00, 0x03, 0xff, 0x55, 0x00, 0x03,
    0xff, 0x40, 0x00, 0x04, 0xff, 0x33, 0x00, 0x05, 0xff, 0x55, 0x00, 0x06,
    0xff, 0x55, 0x00, 0x06, 0xff, 0x49, 0x00, 0x07, 0xff, 0x40, 0x00, 0x08,
    0xff, 0x39, 0x00, 0x09, 0xff, 0x46, 0x00, 0x0b, 0xff, 0x40, 0x00, 0x0c,
    0xff, 0x4e, 0x00, 0x0d, 0xff, 0x49, 0x00, 0x0e, 0xff, 0x40, 0x00, 0x10,
    0xff, 0x4b, 0x00, 0x11, 0xff, 0x47, 0x00, 0x12, 0xff, 0x43, 0x00, 0x13,
    0xff, 0x4c, 0x00, 0x14, 0xff, 0x49, 0x00, 0x15, 0xff, 0x46, 0x00, 0x16,
    0xff, 0x46, 0x00, 0x16, 0xff, 0x42, 0x00, 0x17, 0xff, 0x42, 0x00, 0x17,
    0xff, 0x42, 0x00, 0x17, 0xff, 0x42, 0x00, 0x17, 0xff, 0x42, 0x00, 0x17,
    0xff, 0x42, 0x00, 0x17, 0xff, 0x42, 0x00, 0x17, 0xff, 0x46, 0x00, 0x16,
    0xff, 0x46, 0x00, 0x16, 0xff, 0x49, 0x00, 0x15, 0xff, 0x4c, 0x00, 0x14,
    0xff, 0x43, 0x00, 0x13, 0xff, 0x47, 0x00, 0x12, 0xff, 0x4b, 0x00, 0x11,
    0xff, 0x40, 0x00, 0x10, 0xff, 0x49, 0x00, 0x0e, 0xff, 0x4e, 0x00, 0x0d,
    0xff, 0x40, 0x00, 0x0c, 0xff, 0x46, 0x00, 0x0b, 0xff, 0x39, 0x00, 0x09,
    0xff, 0x40, 0x00, 0x08, 0xff, 0x49, 0x00, 0x07, 0xff, 0x55, 0x00, 0x06,
    0xff, 0x55, 0x00, 0x06, 0xff, 0x33, 0x00, 0x05, 0xff, 0x40, 0x00, 0x04,
    0xff, 0x55, 0x00, 0x03, 0xff, 0x55, 0x00, 0x03, 0xff, 0x7f, 0x00, 0x02,
    0xff, 0x7f, 0x00, 0x02, 0xff, 0x00, 0x00, 0x01, 0xff, 0x00, 0x00, 0x01,
    0xff, 0x00, 0x00, 0x01, 0xff, 0x00, 0x00, 0x01, 0x00, 0x00, 0x00, 0x00,
    0x00, 0x00, 0x00, 0x00, 0x00, 0x00, 0x00, 0x00, 0x00, 0x00, 0x00, 0x00,
    0xff, 0x00, 0x00, 0x01, 0xff, 0x00, 0x00, 0x01, 0xff, 0x00, 0x00, 0x01,
    0xff, 0x00, 0x00, 0x01, 0xff, 0x7f, 0x00, 0x02, 0xff, 0x7f, 0x00, 0x02,
    0xff, 0x55, 0x00, 0x03, 0xff, 0x55, 0x00, 0x03, 0xff, 0x40, 0x00, 0x04,
    0xff, 0x33, 0x00, 0x05, 0xff, 0x33, 0x00, 0x05, 0xff, 0x55, 0x00, 0x06,
    0xff, 0x49, 0x00, 0x07, 0xff, 0x40, 0x00, 0x08, 0xff, 0x39, 0x00, 0x09,
    0xff, 0x4c, 0x00, 0x0a, 0xff, 0x46, 0x00, 0x0b, 0xff, 0x40, 0x00, 0x0c,
    0xff, 0x4e, 0x00, 0x0d, 0xff, 0x49, 0x00, 0x0e, 0xff, 0x44, 0x00, 0x0f,
    0xff, 0x40, 0x00, 0x10, 0xff, 0x4b, 0x00, 0x11, 0xff, 0x47, 0x00, 0x12,
    0xff, 0x43, 0x00, 0x13, 0xff, 0x43, 0x00, 0x13, 0xff, 0x43, 0x00, 0x13,
    0xff, 0x4c, 0x00, 0x14, 0xff, 0x4c, 0x00, 0x14, 0xff, 0x4c, 0x00, 0x14,
    0xff, 0x4c, 0x00, 0x14, 0xff, 0x4c, 0x00, 0x14, 0xff, 0x43, 0x00, 0x13,
    0xff, 0x43, 0x00, 0x13, 0xff, 0x43, 0x00, 0x13, 0xff, 0x47, 0x00, 0x12,
    0xff, 0x4b, 0x00, 0x11, 0xff, 0x40, 0x00, 0x10, 0xff, 0x44, 0x00, 0x0f,
    0xff, 0x49, 0x00, 0x0e, 0xff, 0x4e, 0x00, 0x0d, 0xff, 0x40, 0x00, 0x0c,
    0xff, 0x46, 0x00, 0x0b, 0xff, 0x4c, 0x00, 0x0a, 0xff, 0x39, 0x00, 0x09,
    0xff, 0x40, 0x00, 0x08, 0xff, 0x49, 0x00, 0x07, 0xff, 0x55, 0x00, 0x06,
    0xff, 0x33, 0x00, 0x05, 0xff, 0x33, 0x00, 0x05, 0xff, 0x40, 0x00, 0x04,
    0xff, 0x55, 0x00, 0x03, 0xff, 0x55, 0x00, 0x03, 0xff, 0x7f, 0x00, 0x02,
    0xff, 0x7f, 0x00, 0x02, 0xff, 0x00, 0x00, 0x01, 0xff, 0x00, 0x00, 0x01,
    0xff, 0x00, 0x00, 0x01, 0xff, 0x00, 0x00, 0x01, 0x00, 0x00, 0x00, 0x00,
    0x00, 0x00, 0x00, 0x00, 0x00, 0x00, 0x00, 0x00, 0x00, 0x00, 0x00, 0x00,
    0x00, 0x00, 0x00, 0x00
};
