// 4.26.1 0xc30e59d0 D2 AN R0 FARGB8888 U565 N0 SExtFlashSection
// Generated by imageconverter. Please, do not edit!

#include <touchgfx/hal/Config.hpp>

LOCATION_PRAGMA("ExtFlashSection")
KEEP extern const unsigned char image_temp_up_09[] LOCATION_ATTRIBUTE("ExtFlashSection") = { // 64x64 ARGB8888 pixels.
    0xf8, 0x00, 0x00, 0x01, 0xf8, 0x00, 0x00, 0x01, 0xf8, 0x00, 0x00, 0x01,
    0xf8, 0x00, 0x00, 0x01, 0xf8, 0x80, 0x00, 0x02, 0xf8, 0x80, 0x00, 0x02,
    0xf8, 0x80, 0x00, 0x02, 0xf8, 0x54, 0x00, 0x03, 0xf8, 0x54, 0x00, 0x03,
    0xf8, 0x40, 0x00, 0x04, 0xf8, 0x40, 0x00, 0x04, 0xf8, 0x34, 0x00, 0x05,
    0xf8, 0x34, 0x00, 0x05, 0xf8, 0x54, 0x00, 0x06, 0xf8, 0x54, 0x00, 0x06,
    0xf8, 0x48, 0x00, 0x07, 0xf8, 0x40, 0x00, 0x08, 0xf8, 0x40, 0x00, 0x08,
    0xf8, 0x38, 0x00, 0x09, 0xf8, 0x38, 0x00, 0x09, 0xf8, 0x4c, 0x00, 0x0a,
    0xf8, 0x4c, 0x00, 0x0a, 0xf8, 0x44, 0x00, 0x0b, 0xf8, 0x44, 0x00, 0x0b,
    0xf8, 0x48, 0x00, 0x0b, 0xf8, 0x40, 0x00, 0x0c, 0xf8, 0x40, 0x00, 0x0c,
    0xf8, 0x40, 0x00, 0x0c, 0xf8, 0x40, 0x00, 0x0c, 0xf8, 0x40, 0x00, 0x0c,
    0xf8, 0x40, 0x00, 0x0c, 0xf8, 0x44, 0x00, 0x0b, 0xf8, 0x44, 0x00, 0x0b,
    0xf8, 0x48, 0x00, 0x0b, 0xf8, 0x4c, 0x00, 0x0a, 0xf8, 0x4c, 0x00, 0x0a,
    0xf8, 0x38, 0x00, 0x09, 0xf8, 0x38, 0x00, 0x09, 0xf8, 0x40, 0x00, 0x08,
    0xf8, 0x48, 0x00, 0x07, 0xf8, 0x48, 0x00, 0x07, 0xf8, 0x54, 0x00, 0x06,
    0xf8, 0x54, 0x00, 0x06, 0xf8, 0x34, 0x00, 0x05, 0xf8, 0x40, 0x00, 0x04,
    0xf8, 0x40, 0x00, 0x04, 0xf8, 0x54, 0x00, 0x03, 0xf8, 0x54, 0x00, 0x03,
    0xf8, 0x80, 0x00, 0x02, 0xf8, 0x80, 0x00, 0x02, 0xf8, 0x00, 0x00, 0x01,
    0xf8, 0x00, 0x00, 0x01, 0xf8, 0x00, 0x00, 0x01, 0xf8, 0x00, 0x00, 0x01,
    0xf8, 0x00, 0x00, 0x01, 0x00, 0x00, 0x00, 0x00, 0x00, 0x00, 0x00, 0x00,
    0x00, 0x00, 0x00, 0x00, 0x00, 0x00, 0x00, 0x00, 0x00, 0x00, 0x00, 0x00,
    0x00, 0x00, 0x00, 0x00, 0x00, 0x00, 0x00, 0x00, 0x00, 0x00, 0x00, 0x00,
    0x00, 0x00, 0x00, 0x00, 0xf8, 0x00, 0x00, 0x01, 0xf8, 0x00, 0x00, 0x01,
    0xf8, 0x00, 0x00, 0x01, 0xf8, 0x80, 0x00, 0x02, 0xf8, 0x7c, 0x00, 0x02,
    0xf8, 0x54, 0x00, 0x03, 0xf8, 0x54, 0x00, 0x03, 0xf8, 0x54, 0x00, 0x03,
    0xf8, 0x40, 0x00, 0x04, 0xf8, 0x40, 0x00, 0x04, 0xf8, 0x34, 0x00, 0x05,
    0xf8, 0x54, 0x00, 0x06, 0xf8, 0x54, 0x00, 0x06, 0xf8, 0x48, 0x00, 0x07,
    0xf8, 0x40, 0x00, 0x08, 0xf8, 0x38, 0x00, 0x09, 0xf8, 0x38, 0x00, 0x09,
    0xf8, 0x4c, 0x00, 0x0a, 0xf8, 0x48, 0x00, 0x0b, 0xf8, 0x44, 0x00, 0x0b,
    0xf8, 0x40, 0x00, 0x0c, 0xf8, 0x40, 0x00, 0x0c, 0xf8, 0x50, 0x00, 0x0d,
    0xf8, 0x4c, 0x00, 0x0d, 0xf8, 0x48, 0x00, 0x0e, 0xf8, 0x48, 0x00, 0x0e,
    0xf8, 0x48, 0x00, 0x0e, 0xf8, 0x48, 0x00, 0x0e, 0xf8, 0x48, 0x00, 0x0e,
    0xf8, 0x48, 0x00, 0x0e, 0xf8, 0x48, 0x00, 0x0e, 0xf8, 0x48, 0x00, 0x0e,
    0xf8, 0x50, 0x00, 0x0d, 0xf8, 0x4c, 0x00, 0x0d, 0xf8, 0x40, 0x00, 0x0c,
    0xf8, 0x44, 0x00, 0x0b, 0xf8, 0x48, 0x00, 0x0b, 0xf8, 0x4c, 0x00, 0x0a,
    0xf8, 0x38, 0x00, 0x09, 0xf8, 0x38, 0x00, 0x09, 0xf8, 0x40, 0x00, 0x08,
    0xf8, 0x48, 0x00, 0x07, 0xf8, 0x54, 0x00, 0x06, 0xf8, 0x54, 0x00, 0x06,
    0xf8, 0x34, 0x00, 0x05, 0xf8, 0x40, 0x00, 0x04, 0xf8, 0x40, 0x00, 0x04,
    0xf8, 0x54, 0x00, 0x03, 0xf8, 0x54, 0x00, 0x03, 0xf8, 0x80, 0x00, 0x02,
    0xf8, 0x80, 0x00, 0x02, 0xf8, 0x00, 0x00, 0x01, 0xf8, 0x00, 0x00, 0x01,
    0xf8, 0x00, 0x00, 0x01, 0xf8, 0x00, 0x00, 0x01, 0x00, 0x00, 0x00, 0x00,
    0x00, 0x00, 0x00, 0x00, 0x00, 0x00, 0x00, 0x00, 0x00, 0x00, 0x00, 0x00,
    0x00, 0x00, 0x00, 0x00, 0x00, 0x00, 0x00, 0x00, 0x00, 0x00, 0x00, 0x00,
    0x00, 0x00, 0x00, 0x00, 0x00, 0x00, 0x00, 0x00, 0xf8, 0x00, 0x00, 0x01,
    0xf8, 0x80, 0x00, 0x02, 0xf8, 0x80, 0x00, 0x02, 0xf8, 0x80, 0x00, 0x02,
    0xf8, 0x54, 0x00, 0x03, 0xf8, 0x54, 0x00, 0x03, 0xf8, 0x40, 0x00, 0x04,
    0xf8, 0x40, 0x00, 0x04, 0xf8, 0x34, 0x00, 0x05, 0xf8, 0x54, 0x00, 0x06,
    0xf8, 0x54, 0x00, 0x06, 0xf8, 0x48, 0x00, 0x07, 0xf8, 0x40, 0x00, 0x08,
    0xf8, 0x38, 0x00, 0x09, 0xf8, 0x38, 0x00, 0x09, 0xf8, 0x4c, 0x00, 0x0a,
    0xf8, 0x48, 0x00, 0x0b, 0xf8, 0x40, 0x00, 0x0c, 0xf8, 0x4c, 0x00, 0x0d,
    0xf8, 0x50, 0x00, 0x0d, 0xf8, 0x48, 0x00, 0x0e, 0xf8, 0x48, 0x00, 0x0e,
    0xf8, 0x44, 0x00, 0x0f, 0xf8, 0x40, 0x00, 0x10, 0xf8, 0x40, 0x00, 0x10,
    0xf8, 0x40, 0x00, 0x10, 0xf8, 0x40, 0x00, 0x10, 0xf8, 0x40, 0x00, 0x10,
    0xf8, 0x40, 0x00, 0x10, 0xf8, 0x40, 0x00, 0x10, 0xf8, 0x40, 0x00, 0x10,
    0xf8, 0x40, 0x00, 0x10, 0xf8, 0x44, 0x00, 0x0f, 0xf8, 0x44, 0x00, 0x0f,
    0xf8, 0x48, 0x00, 0x0e, 0xf8, 0x50, 0x00, 0x0d, 0xf8, 0x4c, 0x00, 0x0d,
    0xf8, 0x40, 0x00, 0x0c, 0xf8, 0x48, 0x00, 0x0b, 0xf8, 0x4c, 0x00, 0x0a,
    0xf8, 0x38, 0x00, 0x09, 0xf8, 0x40, 0x00, 0x08, 0xf8, 0x40, 0x00, 0x08,
    0xf8, 0x48, 0x00, 0x07, 0xf8, 0x54, 0x00, 0x06, 0xf8, 0x34, 0x00, 0x05,
    0xf8, 0x40, 0x00, 0x04, 0xf8, 0x40, 0x00, 0x04, 0xf8, 0x54, 0x00, 0x03,
    0xf8, 0x54, 0x00, 0x03, 0xf8, 0x80, 0x00, 0x02, 0xf8, 0x80, 0x00, 0x02,
    0xf8, 0x00, 0x00, 0x01, 0xf8, 0x00, 0x00, 0x01, 0xf8, 0x00, 0x00, 0x01,
    0xf8, 0x00, 0x00, 0x01, 0x00, 0x00, 0x00, 0x00, 0x00, 0x00, 0x00, 0x00,
    0x00, 0x00, 0x00, 0x00, 0x00, 0x00, 0x00, 0x00, 0x00, 0x00, 0x00, 0x00,
    0x00, 0x00, 0x00, 0x00, 0x00, 0x00, 0x00, 0x00, 0x00, 0x00, 0x00, 0x00,
    0xf8, 0x80, 0x00, 0x02, 0xf8, 0x7c, 0x00, 0x02, 0xf8, 0x80, 0x00, 0x02,
    0xf8, 0x54, 0x00, 0x03, 0xf8, 0x54, 0x00, 0x03, 0xf8, 0x40, 0x00, 0x04,
    0xf8, 0x40, 0x00, 0x04, 0xf8, 0x34, 0x00, 0x05, 0xf8, 0x54, 0x00, 0x06,
    0xf8, 0x48, 0x00, 0x07, 0xf8, 0x40, 0x00, 0x08, 0xf8, 0x40, 0x00, 0x08,
    0xf8, 0x38, 0x00, 0x09, 0xf8, 0x4c, 0x00, 0x0a, 0xf8, 0x48, 0x00, 0x0b,
    0xf8, 0x40, 0x00, 0x0c, 0xf8, 0x50, 0x00, 0x0d, 0xf8, 0x48, 0x00, 0x0e,
    0xf8, 0x44, 0x00, 0x0f, 0xf8, 0x40, 0x00, 0x10, 0xf8, 0x40, 0x00, 0x10,
    0xf8, 0x4c, 0x00, 0x11, 0xf8, 0x48, 0x00, 0x12, 0xf8, 0x48, 0x00, 0x12,
    0xf8, 0x44, 0x00, 0x13, 0xf8, 0x44, 0x00, 0x13, 0xf8, 0x44, 0x00, 0x13,
    0xf8, 0x44, 0x00, 0x13, 0xf8, 0x44, 0x00, 0x13, 0xf8, 0x44, 0x00, 0x13,
    0xf8, 0x44, 0x00, 0x13, 0xf8, 0x48, 0x00, 0x12, 0xf8, 0x48, 0x00, 0x12,
    0xf8, 0x4c, 0x00, 0x11, 0xf8, 0x40, 0x00, 0x10, 0xf8, 0x40, 0x00, 0x10,
    0xf8, 0x44, 0x00, 0x0f, 0xf8, 0x48, 0x00, 0x0e, 0xf8, 0x50, 0x00, 0x0d,
    0xf8, 0x40, 0x00, 0x0c, 0xf8, 0x48, 0x00, 0x0b, 0xf8, 0x4c, 0x00, 0x0a,
    0xf8, 0x38, 0x00, 0x09, 0xf8, 0x40, 0x00, 0x08, 0xf8, 0x48, 0x00, 0x07,
    0xf8, 0x54, 0x00, 0x06, 0xf8, 0x34, 0x00, 0x05, 0xf8, 0x40, 0x00, 0x04,
    0xf8, 0x40, 0x00, 0x04, 0xf8, 0x54, 0x00, 0x03, 0xf8, 0x54, 0x00, 0x03,
    0xf8, 0x80, 0x00, 0x02, 0xf8, 0x80, 0x00, 0x02, 0xf8, 0x00, 0x00, 0x01,
    0xf8, 0x00, 0x00, 0x01, 0xf8, 0x00, 0x00, 0x01, 0x00, 0x00, 0x00, 0x00,
    0x00, 0x00, 0x00, 0x00, 0x00, 0x00, 0x00, 0x00, 0x00, 0x00, 0x00, 0x00,
    0x00, 0x00, 0x00, 0x00, 0x00, 0x00, 0x00, 0x00, 0x00, 0x00, 0x00, 0x00,
    0x00, 0x00, 0x00, 0x00, 0xf8, 0x80, 0x00, 0x02, 0xf8, 0x54, 0x00, 0x03,
    0xf8, 0x54, 0x00, 0x03, 0xf8, 0x54, 0x00, 0x03, 0xf8, 0x40, 0x00, 0x04,
    0xf8, 0x34, 0x00, 0x05, 0xf8, 0x54, 0x00, 0x06, 0xf8, 0x54, 0x00, 0x06,
    0xf8, 0x48, 0x00, 0x07, 0xf8, 0x40, 0x00, 0x08, 0xf8, 0x38, 0x00, 0x09,
    0xf8, 0x4c, 0x00, 0x0a, 0xf8, 0x48, 0x00, 0x0b, 0xf8, 0x40, 0x00, 0x0c,
    0xf8, 0x50, 0x00, 0x0d, 0xf8, 0x48, 0x00, 0x0e, 0xf8, 0x40, 0x00, 0x10,
    0xf8, 0x40, 0x00, 0x10, 0xf8, 0x48, 0x00, 0x12, 0xf8, 0x48, 0x00, 0x12,
    0xf8, 0x44, 0x00, 0x13, 0xf8, 0x4c, 0x00, 0x14, 0xf8, 0x48, 0x00, 0x15,
    0xf8, 0x48, 0x00, 0x15, 0xf8, 0x44, 0x00, 0x16, 0xf8, 0x48, 0x00, 0x16,
    0xf8, 0x44, 0x00, 0x16, 0xf8, 0x44, 0x00, 0x16, 0xf8, 0x48, 0x00, 0x16,
    0xf8, 0x44, 0x00, 0x16, 0xf8, 0x48, 0x00, 0x15, 0xf8, 0x48, 0x00, 0x15,
    0xf8, 0x4c, 0x00, 0x14, 0xf8, 0x4c, 0x00, 0x14, 0xf8, 0x44, 0x00, 0x13,
    0xf8, 0x48, 0x00, 0x12, 0xf8, 0x4c, 0x00, 0x11, 0xf8, 0x40, 0x00, 0x10,
    0xf8, 0x48, 0x00, 0x0e, 0xf8, 0x4c, 0x00, 0x0d, 0xf8, 0x40, 0x00, 0x0c,
    0xf8, 0x48, 0x00, 0x0b, 0xf8, 0x4c, 0x00, 0x0a, 0xf8, 0x38, 0x00, 0x09,
    0xf8, 0x40, 0x00, 0x08, 0xf8, 0x48, 0x00, 0x07, 0xf8, 0x54, 0x00, 0x06,
    0xf8, 0x34, 0x00, 0x05, 0xf8, 0x40, 0x00, 0x04, 0xf8, 0x40, 0x00, 0x04,
    0xf8, 0x54, 0x00, 0x03, 0xf8, 0x54, 0x00, 0x03, 0xf8, 0x80, 0x00, 0x02,
    0xf8, 0x00, 0x00, 0x01, 0xf8, 0x00, 0x00, 0x01, 0xf8, 0x00, 0x00, 0x01,
    0x00, 0x00, 0x00, 0x00, 0x00, 0x00, 0x00, 0x00, 0x00, 0x00, 0x00, 0x00,
    0x00, 0x00, 0x00, 0x00, 0x00, 0x00, 0x00, 0x00, 0x00, 0x00, 0x00, 0x00,
    0x00, 0x00, 0x00, 0x00, 0x00, 0x00, 0x00, 0x00, 0xf8, 0x54, 0x00, 0x03,
    0xf8, 0x54, 0x00, 0x03, 0xf8, 0x54, 0x00, 0x03, 0xf8, 0x40, 0x00, 0x04,
    0xf8, 0x34, 0x00, 0x05, 0xf8, 0x54, 0x00, 0x06, 0xf8, 0x54, 0x00, 0x06,
    0xf8, 0x40, 0x00, 0x08, 0xf8, 0x40, 0x00, 0x08, 0xf8, 0x3c, 0x00, 0x09,
    0xf8, 0x48, 0x00, 0x0b, 0xf8, 0x40, 0x00, 0x0c, 0xf8, 0x50, 0x00, 0x0d,
    0xf8, 0x48, 0x00, 0x0e, 0xf8, 0x40, 0x00, 0x10, 0xf8, 0x4c, 0x00, 0x11,
    0xf8, 0x48, 0x00, 0x12, 0xf8, 0x44, 0x00, 0x13, 0xf8, 0x4c, 0x00, 0x14,
    0xf8, 0x48, 0x00, 0x15, 0xf8, 0x44, 0x00, 0x16, 0xf8, 0x44, 0x00, 0x17,
    0xf8, 0x48, 0x00, 0x18, 0xf8, 0x48, 0x00, 0x19, 0xf8, 0x44, 0x00, 0x1a,
    0xf0, 0x44, 0x00, 0x1a, 0xf8, 0x44, 0x00, 0x1a, 0xf8, 0x44, 0x00, 0x1a,
    0xf0, 0x44, 0x00, 0x1a, 0xf8, 0x44, 0x00, 0x1a, 0xf8, 0x44, 0x00, 0x1a,
    0xf0, 0x48, 0x00, 0x19, 0xf0, 0x48, 0x00, 0x18, 0xf8, 0x48, 0x00, 0x18,
    0xf0, 0x48, 0x00, 0x16, 0xf0, 0x48, 0x00, 0x15, 0xf8, 0x44, 0x00, 0x13,
    0xf8, 0x48, 0x00, 0x12, 0xf8, 0x40, 0x00, 0x10, 0xf8, 0x44, 0x00, 0x0f,
    0xf8, 0x48, 0x00, 0x0e, 0xf8, 0x50, 0x00, 0x0d, 0xf8, 0x48, 0x00, 0x0b,
    0xf8, 0x4c, 0x00, 0x0a, 0xf8, 0x38, 0x00, 0x09, 0xf8, 0x40, 0x00, 0x08,
    0xf8, 0x48, 0x00, 0x07, 0xf8, 0x54, 0x00, 0x06, 0xf8, 0x34, 0x00, 0x05,
    0xf8, 0x40, 0x00, 0x04, 0xf8, 0x54, 0x00, 0x03, 0xf8, 0x54, 0x00, 0x03,
    0xf8, 0x80, 0x00, 0x02, 0xf8, 0x80, 0x00, 0x02, 0xf8, 0x00, 0x00, 0x01,
    0xf8, 0x00, 0x00, 0x01, 0xf8, 0x00, 0x00, 0x01, 0x00, 0x00, 0x00, 0x00,
    0x00, 0x00, 0x00, 0x00, 0x00, 0x00, 0x00, 0x00, 0x00, 0x00, 0x00, 0x00,
    0x00, 0x00, 0x00, 0x00, 0x00, 0x00, 0x00, 0x00, 0x00, 0x00, 0x00, 0x00,
    0xf8, 0x54, 0x00, 0x03, 0xf8, 0x54, 0x00, 0x03, 0xf8, 0x40, 0x00, 0x04,
    0xf8, 0x34, 0x00, 0x05, 0xf8, 0x54, 0x00, 0x06, 0xf8, 0x48, 0x00, 0x07,
    0xf8, 0x40, 0x00, 0x08, 0xf8, 0x38, 0x00, 0x09, 0xf8, 0x4c, 0x00, 0x0a,
    0xf8, 0x48, 0x00, 0x0b, 0xf8, 0x40, 0x00, 0x0c, 0xf8, 0x48, 0x00, 0x0e,
    0xf8, 0x44, 0x00, 0x0f, 0xf8, 0x40, 0x00, 0x10, 0xf8, 0x48, 0x00, 0x12,
    0xf8, 0x44, 0x00, 0x13, 0xf8, 0x48, 0x00, 0x15, 0xf8, 0x44, 0x00, 0x16,
    0xf8, 0x40, 0x00, 0x17, 0xf8, 0x4c, 0x00, 0x18, 0xf8, 0x44, 0x00, 0x1a,
    0xf8, 0x40, 0x00, 0x1b, 0xf8, 0x48, 0x00, 0x1c, 0xf8, 0x44, 0x00, 0x1e,
    0xf0, 0x44, 0x00, 0x1f, 0xf0, 0x48, 0x00, 0x21, 0xf0, 0x48, 0x00, 0x21,
    0xf0, 0x48, 0x00, 0x21, 0xf0, 0x48, 0x00, 0x21, 0xf0, 0x48, 0x00, 0x20,
    0xf0, 0x48, 0x00, 0x20, 0xf0, 0x44, 0x00, 0x1f, 0xf0, 0x44, 0x00, 0x1e,
    0xe8, 0x48, 0x08, 0x1d, 0xe8, 0x40, 0x00, 0x1b, 0xf8, 0x48, 0x00, 0x19,
    0xf8, 0x40, 0x00, 0x17, 0xf0, 0x48, 0x00, 0x15, 0xf0, 0x4c, 0x00, 0x14,
    0xf8, 0x4c, 0x00, 0x11, 0xf8, 0x40, 0x00, 0x10, 0xf8, 0x48, 0x00, 0x0e,
    0xf8, 0x4c, 0x00, 0x0d, 0xf8, 0x48, 0x00, 0x0b, 0xf8, 0x4c, 0x00, 0x0a,
    0xf8, 0x38, 0x00, 0x09, 0xf8, 0x40, 0x00, 0x08, 0xf8, 0x48, 0x00, 0x07,
    0xf8, 0x54, 0x00, 0x06, 0xf8, 0x34, 0x00, 0x05, 0xf8, 0x40, 0x00, 0x04,
    0xf8, 0x54, 0x00, 0x03, 0xf8, 0x54, 0x00, 0x03, 0xf8, 0x80, 0x00, 0x02,
    0xf8, 0x00, 0x00, 0x01, 0xf8, 0x00, 0x00, 0x01, 0xf8, 0x00, 0x00, 0x01,
    0x00, 0x00, 0x00, 0x00, 0x00, 0x00, 0x00, 0x00, 0x00, 0x00, 0x00, 0x00,
    0x00, 0x00, 0x00, 0x00, 0x00, 0x00, 0x00, 0x00, 0x00, 0x00, 0x00, 0x00,
    0x00, 0x00, 0x00, 0x00, 0xf8, 0x54, 0x00, 0x03, 0xf8, 0x40, 0x00, 0x04,
    0xf8, 0x34, 0x00, 0x05, 0xf8, 0x54, 0x00, 0x06, 0xf8, 0x54, 0x00, 0x06,
    0xf8, 0x40, 0x00, 0x08, 0xf8, 0x3c, 0x00, 0x09, 0xf8, 0x4c, 0x00, 0x0a,
    0xf8, 0x48, 0x00, 0x0b, 0xf8, 0x4c, 0x00, 0x0d, 0xf8, 0x48, 0x00, 0x0e,
    0xf8, 0x40, 0x00, 0x10, 0xf8, 0x4c, 0x00, 0x11, 0xf8, 0x44, 0x00, 0x13,
    0xf8, 0x48, 0x00, 0x15, 0xf8, 0x44, 0x00, 0x16, 0xf8, 0x48, 0x00, 0x18,
    0xf8, 0x48, 0x00, 0x19, 0xf8, 0x44, 0x00, 0x1a, 0xf8, 0x48, 0x00, 0x1d,
    0xf8, 0x44, 0x00, 0x1e, 0xf8, 0x48, 0x00, 0x20, 0xf0, 0x44, 0x00, 0x22,
    0xe8, 0x48, 0x00, 0x23, 0xe8, 0x44, 0x08, 0x25, 0xe0, 0x48, 0x08, 0x27,
    0xe0, 0x44, 0x08, 0x29, 0xd8, 0x44, 0x08, 0x2a, 0xd8, 0x44, 0x08, 0x29,
    0xd8, 0x44, 0x08, 0x29, 0xd0, 0x44, 0x08, 0x29, 0xd8, 0x48, 0x08, 0x28,
    0xe0, 0x44, 0x08, 0x26, 0xd8, 0x48, 0x08, 0x24, 0xe8, 0x48, 0x08, 0x20,
    0xe8, 0x44, 0x00, 0x1e, 0xf0, 0x48, 0x00, 0x1c, 0xf8, 0x48, 0x00, 0x19,
    0xf0, 0x44, 0x00, 0x16, 0xf0, 0x4c, 0x00, 0x14, 0xf8, 0x48, 0x00, 0x12,
    0xf8, 0x40, 0x00, 0x10, 0xf8, 0x48, 0x00, 0x0e, 0xf8, 0x50, 0x00, 0x0d,
    0xf8, 0x48, 0x00, 0x0b, 0xf8, 0x4c, 0x00, 0x0a, 0xf8, 0x3c, 0x00, 0x09,
    0xf8, 0x40, 0x00, 0x08, 0xf8, 0x54, 0x00, 0x06, 0xf8, 0x34, 0x00, 0x05,
    0xf8, 0x40, 0x00, 0x04, 0xf8, 0x40, 0x00, 0x04, 0xf8, 0x54, 0x00, 0x03,
    0xf8, 0x80, 0x00, 0x02, 0xf8, 0x00, 0x00, 0x01, 0xf8, 0x00, 0x00, 0x01,
    0xf8, 0x00, 0x00, 0x01, 0x00, 0x00, 0x00, 0x00, 0x00, 0x00, 0x00, 0x00,
    0x00, 0x00, 0x00, 0x00, 0x00, 0x00, 0x00, 0x00, 0x00, 0x00, 0x00, 0x00,
    0x00, 0x00, 0x00, 0x00, 0x00, 0x00, 0x00, 0x00, 0xf8, 0x40, 0x00, 0x04,
    0xf8, 0x34, 0x00, 0x05, 0xf8, 0x54, 0x00, 0x06, 0xf8, 0x54, 0x00, 0x06,
    0xf8, 0x40, 0x00, 0x08, 0xf8, 0x3c, 0x00, 0x09, 0xf8, 0x4c, 0x00, 0x0a,
    0xf8, 0x48, 0x00, 0x0b, 0xf8, 0x4c, 0x00, 0x0d, 0xf8, 0x48, 0x00, 0x0e,
    0xf8, 0x40, 0x00, 0x10, 0xf8, 0x48, 0x00, 0x12, 0xf8, 0x4c, 0x00, 0x14,
    0xf8, 0x48, 0x00, 0x15, 0xf8, 0x40, 0x00, 0x17, 0xf8, 0x48, 0x00, 0x19,
    0xf8, 0x4c, 0x00, 0x1b, 0xf8, 0x48, 0x00, 0x1c, 0xf8, 0x4c, 0x00, 0x1f,
    0xf8, 0x48, 0x00, 0x20, 0xf0, 0x48, 0x00, 0x23, 0xf0, 0x48, 0x00, 0x24,
    0xe8, 0x48, 0x08, 0x28, 0xe0, 0x48, 0x08, 0x2b, 0xe0, 0x44, 0x08, 0x2d,
    0xd0, 0x44, 0x00, 0x2f, 0xd0, 0x44, 0x08, 0x31, 0xd0, 0x40, 0x08, 0x33,
    0xc8, 0x44, 0x08, 0x34, 0xc8, 0x44, 0x08, 0x34, 0xc8, 0x40, 0x08, 0x33,
    0xc8, 0x44, 0x08, 0x31, 0xd0, 0x40, 0x08, 0x2e, 0xd0, 0x44, 0x08, 0x2c,
    0xd8, 0x48, 0x08, 0x28, 0xd8, 0x44, 0x08, 0x25, 0xe8, 0x48, 0x08, 0x20,
    0xe8, 0x44, 0x00, 0x1e, 0xe8, 0x44, 0x00, 0x1b, 0xf8, 0x40, 0x00, 0x17,
    0xf0, 0x48, 0x00, 0x15, 0xf8, 0x48, 0x00, 0x12, 0xf8, 0x40, 0x00, 0x10,
    0xf8, 0x48, 0x00, 0x0e, 0xf8, 0x4c, 0x00, 0x0d, 0xf8, 0x48, 0x00, 0x0b,
    0xf8, 0x4c, 0x00, 0x0a, 0xf8, 0x40, 0x00, 0x08, 0xf8, 0x48, 0x00, 0x07,
    0xf8, 0x54, 0x00, 0x06, 0xf8, 0x34, 0x00, 0x05, 0xf8, 0x40, 0x00, 0x04,
    0xf8, 0x54, 0x00, 0x03, 0xf8, 0x54, 0x00, 0x03, 0xf8, 0x80, 0x00, 0x02,
    0xf8, 0x00, 0x00, 0x01, 0xf8, 0x00, 0x00, 0x01, 0x00, 0x00, 0x00, 0x00,
    0x00, 0x00, 0x00, 0x00, 0x00, 0x00, 0x00, 0x00, 0x00, 0x00, 0x00, 0x00,
    0x00, 0x00, 0x00, 0x00, 0x00, 0x00, 0x00, 0x00, 0x00, 0x00, 0x00, 0x00,
    0xf8, 0x40, 0x00, 0x04, 0xf8, 0x34, 0x00, 0x05, 0xf8, 0x54, 0x00, 0x06,
    0xf8, 0x48, 0x00, 0x07, 0xf8, 0x3c, 0x00, 0x09, 0xf8, 0x4c, 0x00, 0x0a,
    0xf8, 0x44, 0x00, 0x0b, 0xf8, 0x4c, 0x00, 0x0d, 0xf8, 0x48, 0x00, 0x0e,
    0xf8, 0x40, 0x00, 0x10, 0xf8, 0x48, 0x00, 0x12, 0xf8, 0x4c, 0x00, 0x14,
    0xf8, 0x44, 0x00, 0x16, 0xf8, 0x4c, 0x00, 0x18, 0xf8, 0x44, 0x00, 0x1a,
    0xf8, 0x48, 0x00, 0x1c, 0xf8, 0x44, 0x00, 0x1e, 0xf8, 0x48, 0x00, 0x21,
    0xf8, 0x4c, 0x00, 0x22, 0xf0, 0x48, 0x00, 0x26, 0xf0, 0x48, 0x00, 0x27,
    0xe8, 0x44, 0x08, 0x2c, 0xe0, 0x48, 0x00, 0x2f, 0xd8, 0x44, 0x08, 0x33,
    0xd8, 0x44, 0x08, 0x36, 0xc8, 0x44, 0x08, 0x3a, 0xc8, 0x44, 0x10, 0x3c,
    0xc8, 0x40, 0x08, 0x3e, 0xc0, 0x40, 0x08, 0x3f, 0xc0, 0x40, 0x10, 0x3f,
    0xc0, 0x44, 0x08, 0x3e, 0xc0, 0x40, 0x10, 0x3b, 0xc8, 0x44, 0x10, 0x39,
    0xc8, 0x44, 0x08, 0x35, 0xc8, 0x44, 0x08, 0x31, 0xd8, 0x40, 0x08, 0x2b,
    0xd8, 0x40, 0x08, 0x27, 0xe0, 0x44, 0x08, 0x22, 0xe8, 0x44, 0x00, 0x1e,
    0xe8, 0x44, 0x00, 0x1b, 0xf8, 0x40, 0x00, 0x17, 0xf0, 0x48, 0x00, 0x15,
    0xf8, 0x48, 0x00, 0x12, 0xf8, 0x40, 0x00, 0x10, 0xf8, 0x44, 0x00, 0x0f,
    0xf8, 0x3c, 0x00, 0x0d, 0xf8, 0x40, 0x00, 0x0c, 0xf8, 0x4c, 0x00, 0x0a,
    0xf8, 0x38, 0x00, 0x09, 0xf8, 0x40, 0x00, 0x08, 0xf8, 0x54, 0x00, 0x06,
    0xf8, 0x40, 0x00, 0x04, 0xf8, 0x40, 0x00, 0x04, 0xf8, 0x54, 0x00, 0x03,
    0xf8, 0x80, 0x00, 0x02, 0xf8, 0x00, 0x00, 0x01, 0xf8, 0x00, 0x00, 0x01,
    0xf8, 0x00, 0x00, 0x01, 0x00, 0x00, 0x00, 0x00, 0x00, 0x00, 0x00, 0x00,
    0x00, 0x00, 0x00, 0x00, 0x00, 0x00, 0x00, 0x00, 0x00, 0x00, 0x00, 0x00,
    0x00, 0x00, 0x00, 0x00, 0xf8, 0x34, 0x00, 0x05, 0xf8, 0x54, 0x00, 0x06,
    0xf8, 0x48, 0x00, 0x07, 0xf8, 0x40, 0x00, 0x08, 0xf8, 0x4c, 0x00, 0x0a,
    0xf8, 0x48, 0x00, 0x0b, 0xf8, 0x50, 0x00, 0x0d, 0xf8, 0x48, 0x00, 0x0e,
    0xf8, 0x40, 0x00, 0x10, 0xf8, 0x48, 0x00, 0x12, 0xf8, 0x4c, 0x00, 0x14,
    0xf8, 0x40, 0x00, 0x17, 0xf8, 0x48, 0x00, 0x19, 0xf8, 0x4c, 0x00, 0x1b,
    0xf8, 0x48, 0x00, 0x1d, 0xf8, 0x4c, 0x00, 0x1f, 0xf8, 0x4c, 0x00, 0x22,
    0xf8, 0x48, 0x00, 0x24, 0xf0, 0x44, 0x00, 0x28, 0xf0, 0x48, 0x00, 0x2a,
    0xe8, 0x48, 0x08, 0x2e, 0xe0, 0x48, 0x00, 0x33, 0xd8, 0x44, 0x08, 0x37,
    0xd0, 0x44, 0x08, 0x3c, 0xc8, 0x44, 0x08, 0x40, 0xc8, 0x40, 0x08, 0x43,
    0xc0, 0x40, 0x10, 0x47, 0xc0, 0x40, 0x10, 0x4a, 0xb8, 0x40, 0x10, 0x4b,
    0xb8, 0x44, 0x10, 0x4b, 0xb8, 0x40, 0x10, 0x4a, 0xb8, 0x40, 0x10, 0x47,
    0xb8, 0x40, 0x10, 0x44, 0xc0, 0x40, 0x08, 0x3f, 0xc8, 0x44, 0x08, 0x39,
    0xc8, 0x44, 0x08, 0x34, 0xd0, 0x40, 0x08, 0x2f, 0xd8, 0x44, 0x08, 0x29,
    0xe0, 0x44, 0x08, 0x23, 0xe8, 0x44, 0x00, 0x1e, 0xf8, 0x44, 0x00, 0x1a,
    0xf0, 0x40, 0x00, 0x18, 0xf8, 0x48, 0x00, 0x15, 0xf8, 0x44, 0x00, 0x13,
    0xf8, 0x48, 0x00, 0x12, 0xf8, 0x50, 0x00, 0x10, 0xf8, 0x48, 0x00, 0x0e,
    0xf8, 0x54, 0x00, 0x0c, 0xf8, 0x60, 0x00, 0x0b, 0xf8, 0x54, 0x00, 0x09,
    0xf8, 0x48, 0x00, 0x07, 0xf8, 0x2c, 0x00, 0x06, 0xf8, 0x34, 0x00, 0x05,
    0xf8, 0x54, 0x00, 0x03, 0xf8, 0x80, 0x00, 0x02, 0xf8, 0x00, 0x00, 0x01,
    0xf8, 0x00, 0x00, 0x01, 0xf8, 0x00, 0x00, 0x01, 0x00, 0x00, 0x00, 0x00,
    0x00, 0x00, 0x00, 0x00, 0x00, 0x00, 0x00, 0x00, 0x00, 0x00, 0x00, 0x00,
    0x00, 0x00, 0x00, 0x00, 0x00, 0x00, 0x00, 0x00, 0xf8, 0x54, 0x00, 0x06,
    0xf8, 0x48, 0x00, 0x07, 0xf8, 0x40, 0x00, 0x08, 0xf8, 0x38, 0x00, 0x09,
    0xf8, 0x48, 0x00, 0x0b, 0xf8, 0x4c, 0x00, 0x0d, 0xf8, 0x48, 0x00, 0x0e,
    0xf8, 0x40, 0x00, 0x10, 0xf8, 0x48, 0x00, 0x12, 0xf0, 0x48, 0x00, 0x15,
    0xf0, 0x4c, 0x00, 0x18, 0xf8, 0x44, 0x00, 0x1a, 0xf8, 0x48, 0x00, 0x1d,
    0xf8, 0x48, 0x00, 0x1f, 0xf8, 0x4c, 0x00, 0x22, 0xf8, 0x44, 0x00, 0x25,
    0xf8, 0x48, 0x00, 0x27, 0xf0, 0x48, 0x00, 0x2a, 0xf0, 0x48, 0x08, 0x2e,
    0xe8, 0x48, 0x08, 0x32, 0xe0, 0x48, 0x00, 0x36, 0xd8, 0x44, 0x08, 0x3b,
    0xd0, 0x44, 0x08, 0x3f, 0xd0, 0x44, 0x08, 0x45, 0xc8, 0x40, 0x08, 0x4b,
    0xc0, 0x44, 0x10, 0x50, 0xb8, 0x40, 0x10, 0x53, 0xb8, 0x44, 0x10, 0x55,
    0xb8, 0x40, 0x10, 0x57, 0xb0, 0x40, 0x10, 0x57, 0xb8, 0x40, 0x10, 0x56,
    0xb8, 0x40, 0x10, 0x52, 0xb8, 0x40, 0x10, 0x4f, 0xb8, 0x44, 0x10, 0x49,
    0xc0, 0x40, 0x08, 0x43, 0xc0, 0x44, 0x10, 0x3d, 0xc8, 0x44, 0x08, 0x36,
    0xd0, 0x44, 0x08, 0x30, 0xd8, 0x44, 0x08, 0x2a, 0xe0, 0x40, 0x08, 0x23,
    0xe8, 0x48, 0x00, 0x20, 0xf0, 0x48, 0x00, 0x1c, 0xf8, 0x44, 0x00, 0x1a,
    0xf8, 0x48, 0x00, 0x16, 0xf0, 0x44, 0x00, 0x16, 0xf0, 0x48, 0x00, 0x15,
    0xf0, 0x4c, 0x00, 0x14, 0xf0, 0x48, 0x00, 0x12, 0xf0, 0x50, 0x00, 0x10,
    0xe8, 0x3c, 0x00, 0x0d, 0xf8, 0x4c, 0x00, 0x0a, 0xf8, 0x54, 0x00, 0x09,
    0xf8, 0x54, 0x00, 0x06, 0xf8, 0x40, 0x00, 0x04, 0xf8, 0x54, 0x00, 0x03,
    0xf8, 0x80, 0x00, 0x02, 0xf8, 0x00, 0x00, 0x01, 0xf8, 0x00, 0x00, 0x01,
    0x00, 0x00, 0x00, 0x00, 0x00, 0x00, 0x00, 0x00, 0x00, 0x00, 0x00, 0x00,
    0x00, 0x00, 0x00, 0x00, 0x00, 0x00, 0x00, 0x00, 0x00, 0x00, 0x00, 0x00,
    0xf8, 0x54, 0x00, 0x06, 0xf8, 0x40, 0x00, 0x08, 0xf8, 0x38, 0x00, 0x09,
    0xf8, 0x4c, 0x00, 0x0a, 0xf8, 0x40, 0x00, 0x0c, 0xf8, 0x48, 0x00, 0x0e,
    0xf8, 0x40, 0x00, 0x10, 0xf0, 0x44, 0x00, 0x13, 0xf0, 0x48, 0x00, 0x15,
    0xf8, 0x4c, 0x00, 0x18, 0xf8, 0x40, 0x00, 0x1b, 0xf0, 0x44, 0x00, 0x1f,
    0xf0, 0x44, 0x00, 0x22, 0xf0, 0x48, 0x00, 0x24, 0xf0, 0x44, 0x00, 0x28,
    0xf0, 0x48, 0x08, 0x2b, 0xe8, 0x44, 0x08, 0x2f, 0xe8, 0x48, 0x00, 0x32,
    0xe8, 0x44, 0x08, 0x35, 0xe0, 0x44, 0x00, 0x3a, 0xd8, 0x44, 0x08, 0x3f,
    0xd0, 0x44, 0x08, 0x43, 0xd0, 0x44, 0x08, 0x49, 0xc8, 0x44, 0x10, 0x50,
    0xc0, 0x40, 0x08, 0x56, 0xc0, 0x48, 0x18, 0x5d, 0xe0, 0xac, 0x98, 0x93,
    0xf0, 0xe0, 0xd8, 0xc7, 0xf8, 0xf4, 0xf0, 0xe8, 0xf8, 0xfc, 0xf8, 0xf5,
    0xf8, 0xf4, 0xf0, 0xe8, 0xf0, 0xe0, 0xd8, 0xc6, 0xe0, 0xb0, 0x98, 0x92,
    0xb8, 0x48, 0x18, 0x57, 0xb8, 0x40, 0x10, 0x4f, 0xc0, 0x44, 0x10, 0x46,
    0xc0, 0x40, 0x10, 0x3e, 0xd0, 0x40, 0x08, 0x37, 0xd0, 0x44, 0x08, 0x30,
    0xe0, 0x44, 0x08, 0x29, 0xe8, 0x48, 0x08, 0x24, 0xf0, 0x48, 0x00, 0x20,
    0xf8, 0x4c, 0x00, 0x1e, 0xf8, 0x48, 0x00, 0x1c, 0xf8, 0x48, 0x00, 0x1c,
    0xf8, 0x44, 0x00, 0x1b, 0xe8, 0x44, 0x00, 0x1a, 0xe8, 0x40, 0x00, 0x18,
    0xf8, 0x48, 0x00, 0x16, 0xf0, 0x44, 0x00, 0x13, 0xf0, 0x40, 0x00, 0x10,
    0xe8, 0x54, 0x00, 0x0c, 0xf8, 0x40, 0x00, 0x08, 0xf8, 0x54, 0x00, 0x06,
    0xf8, 0x40, 0x00, 0x04, 0xf8, 0x80, 0x00, 0x02, 0xf8, 0x00, 0x00, 0x01,
    0xf8, 0x00, 0x00, 0x01, 0x00, 0x00, 0x00, 0x00, 0x00, 0x00, 0x00, 0x00,
    0x00, 0x00, 0x00, 0x00, 0x00, 0x00, 0x00, 0x00, 0x00, 0x00, 0x00, 0x00,
    0x00, 0x00, 0x00, 0x00, 0xf8, 0x48, 0x00, 0x07, 0xf8, 0x40, 0x00, 0x08,
    0xf8, 0x4c, 0x00, 0x0a, 0xf8, 0x48, 0x00, 0x0b, 0xf8, 0x50, 0x00, 0x0d,
    0xf8, 0x44, 0x00, 0x0f, 0xf8, 0x4c, 0x00, 0x11, 0xf0, 0x48, 0x00, 0x15,
    0xf8, 0x44, 0x00, 0x17, 0xf8, 0x40, 0x00, 0x1b, 0xe8, 0x40, 0x00, 0x1f,
    0xe8, 0x44, 0x00, 0x22, 0xe8, 0x44, 0x08, 0x26, 0xe8, 0x48, 0x08, 0x2a,
    0xe0, 0x40, 0x08, 0x2e, 0xe8, 0x48, 0x00, 0x32, 0xe8, 0x44, 0x08, 0x34,
    0xe0, 0x44, 0x00, 0x39, 0xe0, 0x44, 0x08, 0x3d, 0xd8, 0x44, 0x08, 0x42,
    0xd8, 0x44, 0x08, 0x48, 0xc8, 0x40, 0x08, 0x4e, 0xc8, 0x40, 0x10, 0x53,
    0xc0, 0x40, 0x10, 0x5a, 0xc8, 0x70, 0x48, 0x72, 0xf8, 0xec, 0xe0, 0xda,
    0xf8, 0xfc, 0xf8, 0xf9, 0xf8, 0xfc, 0xf8, 0xfc, 0xf8, 0xfc, 0xf8, 0xfe,
    0xf8, 0xfc, 0xf8, 0xff, 0xf8, 0xfc, 0xf8, 0xfe, 0xf8, 0xfc, 0xf8, 0xfc,
    0xf8, 0xfc, 0xf8, 0xf8, 0xf8, 0xec, 0xe8, 0xd8, 0xc8, 0x74, 0x50, 0x6b,
    0xb8, 0x40, 0x10, 0x4f, 0xc0, 0x40, 0x10, 0x47, 0xc0, 0x40, 0x08, 0x3f,
    0xc8, 0x40, 0x08, 0x37, 0xd8, 0x44, 0x08, 0x30, 0xe0, 0x44, 0x08, 0x2a,
    0xe8, 0x4c, 0x08, 0x26, 0xf0, 0x48, 0x00, 0x24, 0xe8, 0x44, 0x00, 0x25,
    0xe8, 0x44, 0x00, 0x25, 0xf0, 0x4c, 0x08, 0x26, 0xe8, 0x44, 0x08, 0x26,
    0xe0, 0x40, 0x08, 0x23, 0xe8, 0x48, 0x08, 0x1f, 0xe8, 0x4c, 0x00, 0x1b,
    0xe8, 0x48, 0x00, 0x16, 0xf0, 0x4c, 0x00, 0x11, 0xe8, 0x40, 0x00, 0x0c,
    0xf8, 0x40, 0x00, 0x08, 0xf8, 0x68, 0x00, 0x05, 0xf8, 0x54, 0x00, 0x03,
    0xf8, 0x00, 0x00, 0x01, 0xf8, 0x00, 0x00, 0x01, 0x00, 0x00, 0x00, 0x00,
    0x00, 0x00, 0x00, 0x00, 0x00, 0x00, 0x00, 0x00, 0x00, 0x00, 0x00, 0x00,
    0x00, 0x00, 0x00, 0x00, 0x00, 0x00, 0x00, 0x00, 0xf8, 0x40, 0x00, 0x08,
    0xf8, 0x38, 0x00, 0x09, 0xf8, 0x48, 0x00, 0x0b, 0xf8, 0x40, 0x00, 0x0c,
    0xf8, 0x48, 0x00, 0x0e, 0xf8, 0x40, 0x00, 0x10, 0xf8, 0x44, 0x00, 0x13,
    0xf0, 0x44, 0x00, 0x16, 0xf8, 0x44, 0x00, 0x1a, 0xf0, 0x44, 0x00, 0x1e,
    0xe8, 0x44, 0x00, 0x22, 0xe0, 0x48, 0x08, 0x27, 0xe0, 0x48, 0x08, 0x2b,
    0xe8, 0x44, 0x00, 0x2f, 0xd8, 0x44, 0x08, 0x34, 0xe0, 0x44, 0x08, 0x38,
    0xe0, 0x44, 0x08, 0x3c, 0xd8, 0x44, 0x08, 0x41, 0xd8, 0x44, 0x08, 0x46,
    0xd0, 0x44, 0x08, 0x4b, 0xd0, 0x44, 0x08, 0x50, 0xc8, 0x44, 0x10, 0x57,
    0xc0, 0x40, 0x08, 0x5d, 0xd0, 0x6c, 0x48, 0x74, 0xf8, 0xf4, 0xf0, 0xe8,
    0xf8, 0xfc, 0xf8, 0xfd, 0xf8, 0xfc, 0xf8, 0xff, 0xf8, 0xfc, 0xf8, 0xff,
    0xf8, 0xfc, 0xf8, 0xff, 0xf8, 0xfc, 0xf8, 0xff, 0xf8, 0xfc, 0xf8, 0xff,
    0xf8, 0xfc, 0xf8, 0xff, 0xf8, 0xfc, 0xf8, 0xff, 0xf8, 0xfc, 0xf8, 0xfd,
    0xf8, 0xf4, 0xf0, 0xe6, 0xc8, 0x70, 0x48, 0x69, 0xb8, 0x40, 0x10, 0x50,
    0xc0, 0x40, 0x10, 0x47, 0xc8, 0x48, 0x08, 0x3f, 0xd0, 0x40, 0x08, 0x37,
    0xd8, 0x44, 0x00, 0x32, 0xe8, 0x44, 0x08, 0x2d, 0xe8, 0x4c, 0x08, 0x2d,
    0xe0, 0x48, 0x00, 0x2f, 0xe0, 0x44, 0x08, 0x30, 0xe0, 0x48, 0x00, 0x32,
    0xe0, 0x44, 0x08, 0x32, 0xe0, 0x40, 0x08, 0x2f, 0xe0, 0x44, 0x08, 0x2c,
    0xe0, 0x44, 0x08, 0x26, 0xe0, 0x40, 0x08, 0x1f, 0xe0, 0x4c, 0x08, 0x18,
    0xf0, 0x4c, 0x00, 0x11, 0xe8, 0x44, 0x00, 0x0b, 0xf8, 0x48, 0x00, 0x07,
    0xf8, 0x80, 0x00, 0x04, 0xf8, 0x00, 0x00, 0x02, 0xf8, 0x00, 0x00, 0x01,
    0xf8, 0x00, 0x00, 0x01, 0x00, 0x00, 0x00, 0x00, 0x00, 0x00, 0x00, 0x00,
    0x00, 0x00, 0x00, 0x00, 0x00, 0x00, 0x00, 0x00, 0x00, 0x00, 0x00, 0x00,
    0xf8, 0x40, 0x00, 0x08, 0xf8, 0x4c, 0x00, 0x0a, 0xf8, 0x48, 0x00, 0x0b,
    0xf8, 0x4c, 0x00, 0x0d, 0xf8, 0x40, 0x00, 0x10, 0xf8, 0x48, 0x00, 0x12,
    0xf0, 0x48, 0x00, 0x15, 0xf8, 0x4c, 0x00, 0x18, 0xf8, 0x48, 0x00, 0x1c,
    0xe8, 0x48, 0x00, 0x21, 0xe8, 0x44, 0x08, 0x25, 0xe0, 0x48, 0x08, 0x2b,
    0xe0, 0x44, 0x00, 0x30, 0xe0, 0x44, 0x08, 0x35, 0xd8, 0x44, 0x08, 0x39,
    0xd8, 0x44, 0x08, 0x3e, 0xd8, 0x44, 0x08, 0x43, 0xd0, 0x44, 0x08, 0x48,
    0xd0, 0x40, 0x08, 0x4e, 0xd0, 0x44, 0x08, 0x53, 0xc8, 0x44, 0x08, 0x59,
    0xc8, 0x44, 0x08, 0x5f, 0xc0, 0x40, 0x10, 0x66, 0xf8, 0xe4, 0xd8, 0xd6,
    0xf8, 0xfc, 0xf8, 0xfe, 0xf8, 0xfc, 0xf8, 0xff, 0xf8, 0xfc, 0xf8, 0xfa,
    0xe8, 0xc8, 0xb8, 0xbe, 0xd0, 0x80, 0x60, 0x90, 0xc0, 0x60, 0x38, 0x82,
    0xc8, 0x80, 0x60, 0x8f, 0xe8, 0xc8, 0xb8, 0xbc, 0xf8, 0xfc, 0xf8, 0xfa,
    0xf8, 0xfc, 0xf8, 0xff, 0xf8, 0xfc, 0xf8, 0xfe, 0xf0, 0xe4, 0xe0, 0xd0,
    0xb8, 0x40, 0x10, 0x59, 0xc0, 0x40, 0x08, 0x4e, 0xc8, 0x44, 0x08, 0x44,
    0xd0, 0x48, 0x08, 0x3e, 0xd8, 0x40, 0x08, 0x3a, 0xe0, 0x44, 0x08, 0x37,
    0xe8, 0x44, 0x00, 0x38, 0xe8, 0x48, 0x00, 0x39, 0xe0, 0x48, 0x08, 0x3d,
    0xe0, 0x44, 0x08, 0x42, 0xd8, 0x44, 0x08, 0x41, 0xd8, 0x44, 0x08, 0x40,
    0xd0, 0x44, 0x08, 0x3b, 0xd8, 0x48, 0x08, 0x33, 0xd8, 0x44, 0x08, 0x2a,
    0xe0, 0x48, 0x08, 0x20, 0xe0, 0x48, 0x00, 0x18, 0xf0, 0x3c, 0x00, 0x11,
    0xe8, 0x48, 0x00, 0x0b, 0xf8, 0x54, 0x00, 0x06, 0xf8, 0x80, 0x00, 0x04,
    0xf8, 0x00, 0x00, 0x02, 0xf8, 0x00, 0x00, 0x01, 0x00, 0x00, 0x00, 0x00,
    0x00, 0x00, 0x00, 0x00, 0x00, 0x00, 0x00, 0x00, 0x00, 0x00, 0x00, 0x00,
    0x00, 0x00, 0x00, 0x00, 0xf8, 0x38, 0x00, 0x09, 0xf8, 0x4c, 0x00, 0x0a,
    0xf8, 0x40, 0x00, 0x0c, 0xf8, 0x48, 0x00, 0x0e, 0xf8, 0x4c, 0x00, 0x11,
    0xf8, 0x44, 0x00, 0x13, 0xf8, 0x40, 0x00, 0x17, 0xf0, 0x44, 0x00, 0x1a,
    0xf0, 0x44, 0x00, 0x1f, 0xe8, 0x48, 0x00, 0x23, 0xe0, 0x44, 0x08, 0x2a,
    0xe0, 0x44, 0x00, 0x2f, 0xd8, 0x44, 0x08, 0x36, 0xd0, 0x44, 0x08, 0x3c,
    0xd0, 0x44, 0x08, 0x40, 0xd8, 0x44, 0x08, 0x46, 0xd0, 0x44, 0x08, 0x4b,
    0xd0, 0x44, 0x08, 0x50, 0xd0, 0x44, 0x08, 0x56, 0xc8, 0x44, 0x10, 0x5b,
    0xc8, 0x40, 0x08, 0x62, 0xc8, 0x40, 0x10, 0x68, 0xe0, 0x9c, 0x80, 0x96,
    0xf8, 0xfc, 0xf8, 0xfd, 0xf8, 0xfc, 0xf8, 0xff, 0xf8, 0xfc, 0xf8, 0xfc,
    0xd8, 0x9c, 0x80, 0x9f, 0xc0, 0x4c, 0x20, 0x7b, 0xc0, 0x44, 0x10, 0x79,
    0xb8, 0x44, 0x10, 0x78, 0xb8, 0x44, 0x10, 0x77, 0xc0, 0x4c, 0x20, 0x78,
    0xd8, 0x9c, 0x80, 0x9a, 0xf8, 0xfc, 0xf8, 0xfc, 0xf8, 0xfc, 0xf8, 0xff,
    0xf8, 0xfc, 0xf8, 0xfd, 0xd8, 0x9c, 0x80, 0x86, 0xc0, 0x40, 0x10, 0x56,
    0xc0, 0x44, 0x08, 0x4d, 0xc8, 0x44, 0x10, 0x46, 0xd8, 0x44, 0x08, 0x43,
    0xd8, 0x44, 0x08, 0x41, 0xe0, 0x44, 0x08, 0x43, 0xe0, 0x48, 0x08, 0x48,
    0xd8, 0x44, 0x08, 0x4d, 0xf0, 0xb0, 0x98, 0x8e, 0xf8, 0xec, 0xe0, 0xef,
    0xf8, 0xec, 0xe0, 0xeb, 0xf0, 0xb4, 0x98, 0x86, 0xd8, 0x44, 0x08, 0x42,
    0xd8, 0x40, 0x08, 0x37, 0xd8, 0x44, 0x08, 0x2d, 0xe0, 0x48, 0x08, 0x20,
    0xe0, 0x44, 0x00, 0x17, 0xf0, 0x44, 0x00, 0x0f, 0xe8, 0x4c, 0x00, 0x0a,
    0xf8, 0x64, 0x00, 0x05, 0xf8, 0x00, 0x00, 0x02, 0xf8, 0x00, 0x00, 0x02,
    0x00, 0x00, 0x00, 0x00, 0x00, 0x00, 0x00, 0x00, 0x00, 0x00, 0x00, 0x00,
    0x00, 0x00, 0x00, 0x00, 0x00, 0x00, 0x00, 0x00, 0xf8, 0x38, 0x00, 0x09,
    0xf8, 0x48, 0x00, 0x0b, 0xf8, 0x4c, 0x00, 0x0d, 0xf8, 0x40, 0x00, 0x10,
    0xf8, 0x48, 0x00, 0x12, 0xf8, 0x48, 0x00, 0x15, 0xf0, 0x4c, 0x00, 0x18,
    0xf8, 0x48, 0x00, 0x1c, 0xe8, 0x44, 0x00, 0x22, 0xe8, 0x48, 0x08, 0x27,
    0xd8, 0x44, 0x08, 0x2d, 0xd8, 0x44, 0x08, 0x35, 0xd8, 0x44, 0x08, 0x3c,
    0xd0, 0x44, 0x08, 0x43, 0xd0, 0x44, 0x08, 0x48, 0xd0, 0x40, 0x08, 0x4e,
    0xd0, 0x44, 0x08, 0x53, 0xc8, 0x44, 0x08, 0x5a, 0xc8, 0x44, 0x10, 0x5f,
    0xc8, 0x40, 0x10, 0x65, 0xc8, 0x44, 0x08, 0x6b, 0xc0, 0x44, 0x08, 0x6f,
    0xf0, 0xdc, 0xd0, 0xcf, 0xf8, 0xfc, 0xf8, 0xff, 0xf8, 0xfc, 0xf8, 0xff,
    0xf0, 0xd0, 0xc0, 0xc7, 0xc0, 0x48, 0x18, 0x78, 0xc0, 0x40, 0x10, 0x74,
    0xc0, 0x40, 0x08, 0x75, 0xc0, 0x40, 0x10, 0x75, 0xc0, 0x44, 0x10, 0x74,
    0xb8, 0x44, 0x08, 0x74, 0xb8, 0x48, 0x18, 0x75, 0xf0, 0xcc, 0xc0, 0xc1,
    0xf8, 0xfc, 0xf8, 0xff, 0xf8, 0xfc, 0xf8, 0xff, 0xf0, 0xd8, 0xd0, 0xc2,
    0xc0, 0x44, 0x10, 0x5d, 0xc0, 0x40, 0x08, 0x55, 0xd0, 0x44, 0x08, 0x50,
    0xd0, 0x40, 0x08, 0x4d, 0xd8, 0x48, 0x08, 0x4d, 0xd8, 0x44, 0x08, 0x50,
    0xd8, 0x44, 0x08, 0x55, 0xf0, 0xa0, 0x80, 0x8c, 0xf8, 0xec, 0xe8, 0xfd,
    0xf8, 0xf0, 0xe8, 0xff, 0xf8, 0xf4, 0xf0, 0xff, 0xf8, 0xf4, 0xf0, 0xfd,
    0xe8, 0xa4, 0x88, 0x80, 0xd8, 0x44, 0x08, 0x45, 0xd8, 0x44, 0x08, 0x39,
    0xd8, 0x44, 0x08, 0x2c, 0xe0, 0x48, 0x08, 0x1f, 0xd8, 0x48, 0x08, 0x15,
    0xe8, 0x50, 0x00, 0x0d, 0xe0, 0x60, 0x00, 0x08, 0xf8, 0x40, 0x00, 0x04,
    0xf8, 0x00, 0x00, 0x02, 0x00, 0x00, 0x00, 0x00, 0x00, 0x00, 0x00, 0x00,
    0x00, 0x00, 0x00, 0x00, 0x00, 0x00, 0x00, 0x00, 0x00, 0x00, 0x00, 0x00,
    0xf8, 0x4c, 0x00, 0x0a, 0xf8, 0x40, 0x00, 0x0c, 0xf8, 0x48, 0x00, 0x0e,
    0xf8, 0x40, 0x00, 0x10, 0xf8, 0x44, 0x00, 0x13, 0xf8, 0x44, 0x00, 0x16,
    0xf8, 0x44, 0x00, 0x1a, 0xf0, 0x44, 0x00, 0x1f, 0xe8, 0x48, 0x00, 0x23,
    0xe0, 0x48, 0x08, 0x2b, 0xd8, 0x40, 0x00, 0x32, 0xd8, 0x44, 0x08, 0x3b,
    0xd0, 0x40, 0x10, 0x42, 0xf8, 0xf8, 0xf8, 0xe7, 0xf8, 0xfc, 0xf8, 0xf4,
    0xf8, 0xfc, 0xf8, 0xf4, 0xf8, 0xfc, 0xf8, 0xf4, 0xf8, 0xfc, 0xf8, 0xf5,
    0xf8, 0xf4, 0xf0, 0xeb, 0xc8, 0x40, 0x10, 0x6e, 0xc0, 0x40, 0x10, 0x71,
    0xc0, 0x44, 0x10, 0x74, 0xf8, 0xf4, 0xf0, 0xef, 0xf8, 0xfc, 0xf8, 0xff,
    0xf8, 0xfc, 0xf8, 0xff, 0xd0, 0x88, 0x68, 0x95, 0xc0, 0x44, 0x10, 0x74,
    0xc0, 0x40, 0x08, 0x72, 0xc0, 0x40, 0x10, 0x72, 0xc0, 0x40, 0x10, 0x72,
    0xc0, 0x40, 0x08, 0x72, 0xc0, 0x40, 0x10, 0x72, 0xc0, 0x44, 0x10, 0x73,
    0xd0, 0x80, 0x60, 0x8d, 0xf8, 0xfc, 0xf8, 0xff, 0xf8, 0xfc, 0xf8, 0xff,
    0xf8, 0xf4, 0xf0, 0xea, 0xb8, 0x40, 0x10, 0x62, 0xc0, 0x44, 0x08, 0x5d,
    0xd0, 0x44, 0x10, 0x58, 0xd0, 0x44, 0x08, 0x58, 0xd8, 0x44, 0x08, 0x59,
    0xd8, 0x40, 0x08, 0x5c, 0xe8, 0x80, 0x58, 0x7b, 0xf8, 0xe8, 0xe0, 0xf6,
    0xf8, 0xec, 0xe8, 0xff, 0xf8, 0xf0, 0xe8, 0xff, 0xf8, 0xf0, 0xf0, 0xff,
    0xf8, 0xf4, 0xf0, 0xff, 0xf8, 0xf0, 0xe8, 0xf6, 0xe0, 0x88, 0x68, 0x6d,
    0xd0, 0x44, 0x08, 0x46, 0xd8, 0x48, 0x08, 0x36, 0xd8, 0x3c, 0x08, 0x29,
    0xd8, 0x40, 0x08, 0x1d, 0xe0, 0x48, 0x00, 0x12, 0xe8, 0x4c, 0x00, 0x0a,
    0xd0, 0x28, 0x00, 0x06, 0xf8, 0x54, 0x00, 0x03, 0xf8, 0x00, 0x00, 0x01,
    0x00, 0x00, 0x00, 0x00, 0x00, 0x00, 0x00, 0x00, 0x00, 0x00, 0x00, 0x00,
    0x00, 0x00, 0x00, 0x00, 0xf8, 0x4c, 0x00, 0x0a, 0xf8, 0x40, 0x00, 0x0c,
    0xf8, 0x44, 0x00, 0x0f, 0xf8, 0x4c, 0x00, 0x11, 0xf8, 0x4c, 0x00, 0x14,
    0xf8, 0x44, 0x00, 0x17, 0xf8, 0x40, 0x00, 0x1b, 0xf0, 0x48, 0x00, 0x21,
    0xe8, 0x44, 0x08, 0x26, 0xe0, 0x44, 0x08, 0x2d, 0xd8, 0x44, 0x08, 0x36,
    0xd8, 0x44, 0x08, 0x3d, 0xc8, 0x40, 0x08, 0x46, 0xf8, 0xfc, 0xf8, 0xf4,
    0xf8, 0xfc, 0xf8, 0xff, 0xf8, 0xfc, 0xf8, 0xff, 0xf8, 0xfc, 0xf8, 0xff,
    0xf8, 0xfc, 0xf8, 0xff, 0xf8, 0xf8, 0xf8, 0xf5, 0xc0, 0x40, 0x10, 0x71,
    0xc0, 0x44, 0x08, 0x73, 0xb8, 0x40, 0x10, 0x76, 0xf8, 0xfc, 0xf8, 0xfc,
    0xf8, 0xfc, 0xf8, 0xff, 0xf8, 0xfc, 0xf8, 0xff, 0xc0, 0x54, 0x28, 0x7c,
    0xc0, 0x40, 0x10, 0x72, 0xc0, 0x44, 0x08, 0x6f, 0xc0, 0x44, 0x08, 0x6f,
    0xc0, 0x44, 0x08, 0x6f, 0xc0, 0x44, 0x08, 0x6f, 0xc0, 0x44, 0x08, 0x6f,
    0xc0, 0x40, 0x10, 0x72, 0xc0, 0x4c, 0x18, 0x78, 0xf8, 0xfc, 0xf8, 0xff,
    0xf8, 0xfc, 0xf8, 0xff, 0xf8, 0xfc, 0xf8, 0xfb, 0xc0, 0x40, 0x08, 0x69,
    0xc8, 0x44, 0x10, 0x64, 0xc8, 0x40, 0x08, 0x61, 0xd0, 0x44, 0x08, 0x62,
    0xd0, 0x44, 0x08, 0x65, 0xd8, 0x60, 0x30, 0x72, 0xf8, 0xdc, 0xd0, 0xec,
    0xf8, 0xe8, 0xe0, 0xff, 0xf8, 0xec, 0xe8, 0xff, 0xf8, 0xf0, 0xe8, 0xff,
    0xf8, 0xf0, 0xe8, 0xff, 0xf8, 0xf0, 0xf0, 0xff, 0xf8, 0xf4, 0xf0, 0xff,
    0xf8, 0xec, 0xe8, 0xe7, 0xd8, 0x6c, 0x40, 0x5d, 0xd0, 0x44, 0x08, 0x43,
    0xd8, 0x44, 0x08, 0x33, 0xd8, 0x44, 0x08, 0x23, 0xe0, 0x48, 0x08, 0x19,
    0xe0, 0x40, 0x00, 0x10, 0xe0, 0x54, 0x00, 0x09, 0xf8, 0x40, 0x00, 0x04,
    0xf8, 0x00, 0x00, 0x02, 0x00, 0x00, 0x00, 0x00, 0x00, 0x00, 0x00, 0x00,
    0x00, 0x00, 0x00, 0x00, 0x00, 0x00, 0x00, 0x00, 0xf8, 0x44, 0x00, 0x0b,
    0xf8, 0x50, 0x00, 0x0d, 0xf8, 0x44, 0x00, 0x0f, 0xf8, 0x48, 0x00, 0x12,
    0xf8, 0x48, 0x00, 0x15, 0xf8, 0x48, 0x00, 0x18, 0xf8, 0x48, 0x00, 0x1c,
    0xf0, 0x44, 0x00, 0x22, 0xe8, 0x48, 0x08, 0x27, 0xe0, 0x40, 0x08, 0x2e,
    0xd8, 0x44, 0x08, 0x37, 0xd0, 0x44, 0x08, 0x3e, 0xd0, 0x44, 0x08, 0x48,
    0xd0, 0x64, 0x30, 0x5a, 0xd0, 0x64, 0x38, 0x62, 0xd0, 0x60, 0x30, 0x68,
    0xd0, 0x5c, 0x30, 0x6f, 0xd0, 0x5c, 0x30, 0x76, 0xc8, 0x58, 0x28, 0x77,
    0xc0, 0x40, 0x10, 0x72, 0xc0, 0x44, 0x10, 0x74, 0xc0, 0x40, 0x08, 0x77,
    0xf8, 0xfc, 0xf8, 0xff, 0xf8, 0xfc, 0xf8, 0xff, 0xf8, 0xfc, 0xf8, 0xff,
    0xc0, 0x44, 0x10, 0x74, 0xc0, 0x44, 0x08, 0x6f, 0xc8, 0x40, 0x08, 0x6d,
    0xc8, 0x44, 0x10, 0x6c, 0xc8, 0x40, 0x10, 0x6d, 0xc8, 0x40, 0x10, 0x6c,
    0xc8, 0x40, 0x08, 0x6d, 0xc0, 0x44, 0x08, 0x6f, 0xc0, 0x44, 0x10, 0x74,
    0xf8, 0xfc, 0xf8, 0xff, 0xf8, 0xfc, 0xf8, 0xff, 0xf8, 0xfc, 0xf8, 0xff,
    0xc0, 0x44, 0x10, 0x6f, 0xc8, 0x44, 0x08, 0x6b, 0xc8, 0x44, 0x10, 0x6a,
    0xd0, 0x40, 0x08, 0x6c, 0xd0, 0x4c, 0x10, 0x70, 0xf8, 0xcc, 0xc0, 0xdd,
    0xf8, 0xe4, 0xd8, 0xff, 0xf8, 0xe8, 0xe0, 0xff, 0xf8, 0xec, 0xe0, 0xff,
    0xf8, 0xec, 0xe8, 0xff, 0xf8, 0xf0, 0xe8, 0xff, 0xf8, 0xf4, 0xf0, 0xff,
    0xf8, 0xf4, 0xf0, 0xff, 0xf8, 0xf4, 0xf0, 0xff, 0xf8, 0xe8, 0xe0, 0xd6,
    0xd0, 0x50, 0x20, 0x4f, 0xd8, 0x44, 0x08, 0x3c, 0xd0, 0x44, 0x08, 0x2d,
    0xe0, 0x44, 0x08, 0x1e, 0xd8, 0x4c, 0x10, 0x14, 0xe8, 0x4c, 0x00, 0x0a,
    0xf8, 0x34, 0x00, 0x05, 0xf8, 0x00, 0x00, 0x02, 0x00, 0x00, 0x00, 0x00,
    0x00, 0x00, 0x00, 0x00, 0x00, 0x00, 0x00, 0x00, 0x00, 0x00, 0x00, 0x00,
    0xf8, 0x44, 0x00, 0x0b, 0xf8, 0x4c, 0x00, 0x0d, 0xf8, 0x40, 0x00, 0x10,
    0xf8, 0x44, 0x00, 0x13, 0xf8, 0x48, 0x00, 0x15, 0xf8, 0x48, 0x00, 0x19,
    0xf8, 0x48, 0x00, 0x1d, 0xf0, 0x48, 0x00, 0x23, 0xf0, 0x44, 0x08, 0x29,
    0xe8, 0x44, 0x00, 0x30, 0xd8, 0x44, 0x08, 0x38, 0xd8, 0x44, 0x08, 0x41,
    0xd0, 0x44, 0x08, 0x4b, 0xc8, 0x44, 0x10, 0x53, 0xc8, 0x44, 0x08, 0x5a,
    0xc8, 0x40, 0x08, 0x61, 0xc8, 0x40, 0x08, 0x69, 0xc8, 0x40, 0x10, 0x6e,
    0xc0, 0x40, 0x08, 0x72, 0xc0, 0x44, 0x10, 0x73, 0xc0, 0x40, 0x10, 0x75,
    0xb8, 0x40, 0x10, 0x78, 0xf8, 0xfc, 0xf8, 0xff, 0xf8, 0xfc, 0xf8, 0xff,
    0xf8, 0xfc, 0xf8, 0xff, 0xc0, 0x40, 0x10, 0x74, 0xc0, 0x44, 0x08, 0x6f,
    0xc8, 0x44, 0x10, 0x6b, 0xc8, 0x44, 0x08, 0x6b, 0xc8, 0x44, 0x10, 0x6b,
    0xc8, 0x44, 0x08, 0x6b, 0xc8, 0x44, 0x10, 0x6b, 0xc0, 0x44, 0x08, 0x6f,
    0xc0, 0x40, 0x10, 0x74, 0xf8, 0xfc, 0xf8, 0xff, 0xf8, 0xfc, 0xf8, 0xff,
    0xf8, 0xfc, 0xf8, 0xff, 0xc0, 0x40, 0x10, 0x74, 0xc8, 0x40, 0x08, 0x70,
    0xc8, 0x40, 0x08, 0x71, 0xd0, 0x44, 0x08, 0x73, 0xf0, 0xb8, 0xa0, 0xcc,
    0xf8, 0xdc, 0xd0, 0xff, 0xf8, 0xe4, 0xd8, 0xff, 0xf8, 0xe8, 0xe0, 0xff,
    0xf8, 0xe8, 0xe0, 0xff, 0xf8, 0xec, 0xe8, 0xff, 0xf8, 0xf0, 0xe8, 0xff,
    0xf8, 0xf0, 0xe8, 0xff, 0xf8, 0xf4, 0xf0, 0xff, 0xf8, 0xf4, 0xf0, 0xff,
    0xf8, 0xf8, 0xf0, 0xff, 0xf8, 0xdc, 0xd0, 0xbf, 0xd0, 0x44, 0x08, 0x44,
    0xd8, 0x40, 0x08, 0x32, 0xd8, 0x40, 0x08, 0x23, 0xe0, 0x44, 0x08, 0x17,
    0xe8, 0x4c, 0x00, 0x0d, 0xd8, 0x48, 0x00, 0x07, 0xf8, 0x54, 0x00, 0x03,
    0xf8, 0x00, 0x00, 0x01, 0x00, 0x00, 0x00, 0x00, 0x00, 0x00, 0x00, 0x00,
    0x00, 0x00, 0x00, 0x00, 0xf8, 0x48, 0x00, 0x0b, 0xf8, 0x48, 0x00, 0x0e,
    0xf8, 0x40, 0x00, 0x10, 0xf8, 0x44, 0x00, 0x13, 0xf8, 0x44, 0x00, 0x16,
    0xf8, 0x44, 0x00, 0x1a, 0xf8, 0x44, 0x00, 0x1e, 0xf0, 0x48, 0x00, 0x24,
    0xe8, 0x48, 0x08, 0x2b, 0xe0, 0x48, 0x00, 0x32, 0xd8, 0x44, 0x08, 0x3b,
    0xd0, 0x44, 0x08, 0x44, 0xc8, 0x40, 0x08, 0x4e, 0xc8, 0x44, 0x10, 0x57,
    0xc8, 0x40, 0x08, 0x5e, 0xc8, 0x40, 0x08, 0x66, 0xc8, 0x40, 0x10, 0x6d,
    0xc0, 0x40, 0x10, 0x71, 0xb8, 0x44, 0x08, 0x74, 0xc0, 0x40, 0x08, 0x75,
    0xb8, 0x40, 0x10, 0x77, 0xb8, 0x40, 0x10, 0x79, 0xf8, 0xfc, 0xf8, 0xff,
    0xf8, 0xfc, 0xf8, 0xff, 0xf8, 0xfc, 0xf8, 0xff, 0xc0, 0x40, 0x08, 0x74,
    0xc0, 0x44, 0x08, 0x6f, 0xc8, 0x40, 0x10, 0x6c, 0xc8, 0x44, 0x08, 0x6b,
    0xc0, 0x40, 0x08, 0x6c, 0xc8, 0x44, 0x10, 0x6b, 0xc8, 0x40, 0x08, 0x6c,
    0xc0, 0x44, 0x08, 0x6f, 0xc0, 0x40, 0x10, 0x74, 0xf8, 0xfc, 0xf8, 0xff,
    0xf8, 0xfc, 0xf8, 0xff, 0xf8, 0xfc, 0xf8, 0xff, 0xc0, 0x44, 0x10, 0x77,
    0xc8, 0x40, 0x08, 0x75, 0xc8, 0x44, 0x08, 0x75, 0xe0, 0x98, 0x78, 0xb4,
    0xf8, 0xd0, 0xc8, 0xff, 0xf8, 0xdc, 0xd0, 0xff, 0xf8, 0xe0, 0xd8, 0xff,
    0xf8, 0xe4, 0xd8, 0xff, 0xf8, 0xe8, 0xe0, 0xff, 0xf8, 0xec, 0xe0, 0xff,
    0xf8, 0xf0, 0xe8, 0xff, 0xf8, 0xf0, 0xe8, 0xff, 0xf8, 0xf0, 0xf0, 0xff,
    0xf8, 0xf4, 0xf0, 0xff, 0xf8, 0xf4, 0xf0, 0xff, 0xf8, 0xf8, 0xf8, 0xff,
    0xf0, 0xcc, 0xb8, 0x99, 0xd0, 0x40, 0x08, 0x37, 0xd8, 0x40, 0x08, 0x27,
    0xd8, 0x48, 0x08, 0x19, 0xe0, 0x44, 0x00, 0x0f, 0xd8, 0x48, 0x00, 0x07,
    0xf8, 0x54, 0x00, 0x03, 0xf8, 0x00, 0x00, 0x02, 0x00, 0x00, 0x00, 0x00,
    0x00, 0x00, 0x00, 0x00, 0x00, 0x00, 0x00, 0x00, 0xf8, 0x40, 0x00, 0x0c,
    0xf8, 0x48, 0x00, 0x0e, 0xf8, 0x4c, 0x00, 0x11, 0xf8, 0x44, 0x00, 0x13,
    0xf8, 0x44, 0x00, 0x17, 0xf8, 0x44, 0x00, 0x1a, 0xf8, 0x48, 0x00, 0x1f,
    0xf0, 0x44, 0x00, 0x25, 0xe8, 0x48, 0x08, 0x2c, 0xd8, 0x44, 0x08, 0x34,
    0xd8, 0x44, 0x08, 0x3d, 0xd0, 0x44, 0x08, 0x48, 0xd0, 0x40, 0x08, 0x51,
    0xf8, 0xf8, 0xf8, 0xe9, 0xf8, 0xf8, 0xf8, 0xf5, 0xf8, 0xfc, 0xf8, 0xf5,
    0xf8, 0xfc, 0xf8, 0xf6, 0xf8, 0xfc, 0xf8, 0xf6, 0xf8, 0xf4, 0xf0, 0xed,
    0xc0, 0x40, 0x10, 0x77, 0xb8, 0x40, 0x10, 0x79, 0xb8, 0x40, 0x10, 0x7a,
    0xf8, 0xfc, 0xf8, 0xff, 0xf8, 0xfc, 0xf8, 0xff, 0xf8, 0xfc, 0xf8, 0xff,
    0xc0, 0x40, 0x10, 0x75, 0xc0, 0x40, 0x10, 0x71, 0xc0, 0x40, 0x08, 0x6e,
    0xc0, 0x40, 0x10, 0x6e, 0xc0, 0x44, 0x08, 0x6f, 0xc8, 0x40, 0x10, 0x6e,
    0xc0, 0x40, 0x10, 0x6e, 0xc0, 0x44, 0x08, 0x70, 0xc0, 0x40, 0x10, 0x75,
    0xf8, 0xfc, 0xf8, 0xff, 0xf8, 0xfc, 0xf8, 0xff, 0xf8, 0xfc, 0xf8, 0xff,
    0xc0, 0x40, 0x10, 0x79, 0xc8, 0x44, 0x08, 0x77, 0xc8, 0x40, 0x10, 0x78,
    0xf0, 0xc4, 0xb0, 0xf7, 0xf8, 0xd0, 0xc0, 0xff, 0xf8, 0xd8, 0xc8, 0xff,
    0xf8, 0xe0, 0xd0, 0xff, 0xf8, 0xe4, 0xd8, 0xff, 0xf8, 0xe8, 0xe0, 0xff,
    0xf8, 0xec, 0xe0, 0xff, 0xf8, 0xec, 0xe8, 0xff, 0xf8, 0xf0, 0xe8, 0xff,
    0xf8, 0xf0, 0xe8, 0xff, 0xf8, 0xf4, 0xf0, 0xff, 0xf8, 0xf8, 0xf0, 0xff,
    0xf8, 0xf8, 0xf8, 0xff, 0xf8, 0xf4, 0xf0, 0xf3, 0xd0, 0x44, 0x08, 0x39,
    0xd8, 0x40, 0x08, 0x28, 0xd8, 0x44, 0x08, 0x1b, 0xe0, 0x40, 0x00, 0x10,
    0xe8, 0x54, 0x00, 0x09, 0xf8, 0x40, 0x00, 0x04, 0xf8, 0x00, 0x00, 0x02,
    0x00, 0x00, 0x00, 0x00, 0x00, 0x00, 0x00, 0x00, 0x00, 0x00, 0x00, 0x00,
    0xf8, 0x40, 0x00, 0x0c, 0xf8, 0x48, 0x00, 0x0e, 0xf8, 0x4c, 0x00, 0x11,
    0xf8, 0x4c, 0x00, 0x14, 0xf8, 0x40, 0x00, 0x17, 0xf8, 0x4c, 0x00, 0x1b,
    0xf8, 0x48, 0x00, 0x20, 0xf0, 0x4c, 0x00, 0x26, 0xe8, 0x44, 0x08, 0x2d,
    0xe0, 0x44, 0x00, 0x35, 0xd8, 0x44, 0x08, 0x3f, 0xd0, 0x40, 0x08, 0x49,
    0xd0, 0x44, 0x08, 0x52, 0xf8, 0xfc, 0xf8, 0xf5, 0xf8, 0xfc, 0xf8, 0xff,
    0xf8, 0xfc, 0xf8, 0xff, 0xf8, 0xfc, 0xf8, 0xff, 0xf8, 0xfc, 0xf8, 0xff,
    0xf8, 0xf8, 0xf8, 0xf6, 0xb8, 0x40, 0x10, 0x77, 0xb8, 0x40, 0x10, 0x79,
    0xb8, 0x40, 0x10, 0x7a, 0xf8, 0xfc, 0xf8, 0xff, 0xf8, 0xfc, 0xf8, 0xff,
    0xf8, 0xfc, 0xf8, 0xff, 0xb8, 0x44, 0x10, 0x78, 0xc0, 0x44, 0x10, 0x73,
    0xc0, 0x40, 0x10, 0x72, 0xc0, 0x40, 0x10, 0x72, 0xc0, 0x44, 0x10, 0x73,
    0xc0, 0x40, 0x08, 0x72, 0xc0, 0x40, 0x10, 0x72, 0xc0, 0x44, 0x10, 0x73,
    0xb8, 0x40, 0x10, 0x78, 0xf8, 0xfc, 0xf8, 0xff, 0xf8, 0xfc, 0xf8, 0xff,
    0xf8, 0xfc, 0xf8, 0xff, 0xc8, 0x44, 0x08, 0x7a, 0xc8, 0x44, 0x08, 0x78,
    0xd0, 0x44, 0x10, 0x79, 0xf0, 0xbc, 0xa8, 0xed, 0xf8, 0xd0, 0xc0, 0xff,
    0xf8, 0xd8, 0xc8, 0xff, 0xf8, 0xe0, 0xd0, 0xff, 0xf8, 0xe4, 0xd8, 0xff,
    0xf8, 0xe8, 0xe0, 0xff, 0xf8, 0xe8, 0xe0, 0xff, 0xf8, 0xec, 0xe8, 0xff,
    0xf8, 0xf0, 0xe8, 0xff, 0xf8, 0xf0, 0xe8, 0xff, 0xf8, 0xf4, 0xf0, 0xff,
    0xf8, 0xf4, 0xf0, 0xff, 0xf8, 0xf4, 0xf0, 0xff, 0xf8, 0xf4, 0xe8, 0xe7,
    0xd0, 0x44, 0x08, 0x38, 0xd8, 0x40, 0x08, 0x27, 0xd8, 0x40, 0x08, 0x1b,
    0xe0, 0x40, 0x00, 0x10, 0xe0, 0x54, 0x00, 0x09, 0xf8, 0x54, 0x00, 0x03,
    0xf8, 0x00, 0x00, 0x02, 0x00, 0x00, 0x00, 0x00, 0x00, 0x00, 0x00, 0x00,
    0x00, 0x00, 0x00, 0x00, 0xf8, 0x40, 0x00, 0x0c, 0xf8, 0x48, 0x00, 0x0e,
    0xf8, 0x4c, 0x00, 0x11, 0xf8, 0x4c, 0x00, 0x14, 0xf8, 0x4c, 0x00, 0x18,
    0xf8, 0x4c, 0x00, 0x1b, 0xf8, 0x48, 0x00, 0x20, 0xf0, 0x48, 0x00, 0x26,
    0xe8, 0x44, 0x08, 0x2d, 0xe0, 0x44, 0x08, 0x35, 0xd8, 0x40, 0x08, 0x3e,
    0xd0, 0x44, 0x08, 0x47, 0xd0, 0x44, 0x08, 0x51, 0xd0, 0x5c, 0x30, 0x64,
    0xd0, 0x60, 0x30, 0x6d, 0xd0, 0x5c, 0x30, 0x72, 0xd0, 0x5c, 0x30, 0x76,
    0xc8, 0x5c, 0x28, 0x7b, 0xc8, 0x58, 0x28, 0x7c, 0xb8, 0x40, 0x08, 0x76,
    0xc0, 0x40, 0x08, 0x77, 0xb8, 0x44, 0x10, 0x7a, 0xf8, 0xfc, 0xf8, 0xff,
    0xf8, 0xfc, 0xf8, 0xff, 0xf8, 0xfc, 0xf8, 0xff, 0xb8, 0x40, 0x10, 0x7a,
    0xc0, 0x40, 0x08, 0x77, 0xb8, 0x40, 0x08, 0x76, 0xe8, 0xc0, 0xb0, 0xb9,
    0xf8, 0xf4, 0xf0, 0xf2, 0xe8, 0xc0, 0xb0, 0xb9, 0xc0, 0x40, 0x10, 0x76,
    0xc0, 0x40, 0x08, 0x77, 0xb8, 0x40, 0x10, 0x7b, 0xf8, 0xfc, 0xf8, 0xff,
    0xf8, 0xfc, 0xf8, 0xff, 0xf8, 0xfc, 0xf8, 0xff, 0xc8, 0x40, 0x10, 0x79,
    0xd0, 0x40, 0x08, 0x78, 0xd0, 0x44, 0x08, 0x77, 0xe0, 0x78, 0x50, 0x9b,
    0xf0, 0xc0, 0xa8, 0xe4, 0xf8, 0xd4, 0xc8, 0xfa, 0xf8, 0xe0, 0xd0, 0xff,
    0xf8, 0xe0, 0xd8, 0xff, 0xf8, 0xe8, 0xe0, 0xff, 0xf8, 0xe8, 0xe0, 0xff,
    0xf8, 0xec, 0xe8, 0xff, 0xf8, 0xec, 0xe8, 0xff, 0xf8, 0xf0, 0xe8, 0xff,
    0xf8, 0xf4, 0xf0, 0xff, 0xf8, 0xf4, 0xf0, 0xf9, 0xf8, 0xe8, 0xe0, 0xdc,
    0xf0, 0xa8, 0x90, 0x76, 0xd8, 0x44, 0x08, 0x35, 0xe0, 0x48, 0x08, 0x24,
    0xe0, 0x40, 0x10, 0x18, 0xf0, 0x48, 0x00, 0x0e, 0xe0, 0x60, 0x00, 0x08,
    0xf8, 0x58, 0x00, 0x03, 0xf8, 0x00, 0x00, 0x02, 0xf8, 0x00, 0x00, 0x01,
    0x00, 0x00, 0x00, 0x00, 0x00, 0x00, 0x00, 0x00, 0xf8, 0x40, 0x00, 0x0c,
    0xf8, 0x48, 0x00, 0x0e, 0xf8, 0x4c, 0x00, 0x11, 0xf8, 0x4c, 0x00, 0x14,
    0xf8, 0x48, 0x00, 0x18, 0xf8, 0x48, 0x00, 0x1c, 0xf8, 0x48, 0x00, 0x20,
    0xf0, 0x4c, 0x00, 0x26, 0xf0, 0x44, 0x08, 0x2d, 0xe8, 0x44, 0x00, 0x34,
    0xe0, 0x44, 0x08, 0x3d, 0xd8, 0x44, 0x08, 0x47, 0xd0, 0x40, 0x08, 0x51,
    0xd0, 0x44, 0x08, 0x59, 0xd0, 0x44, 0x08, 0x61, 0xd0, 0x44, 0x08, 0x66,
    0xc8, 0x44, 0x08, 0x6b, 0xc0, 0x44, 0x08, 0x6f, 0xc0, 0x40, 0x10, 0x73,
    0xc0, 0x44, 0x10, 0x74, 0xc0, 0x40, 0x10, 0x77, 0xb8, 0x40, 0x10, 0x7a,
    0xf8, 0xfc, 0xf8, 0xff, 0xf8, 0xfc, 0xf8, 0xff, 0xf8, 0xfc, 0xf8, 0xff,
    0xb8, 0x40, 0x10, 0x7e, 0xb8, 0x40, 0x10, 0x7a, 0xb8, 0x40, 0x10, 0x7a,
    0xf8, 0xfc, 0xf8, 0xf8, 0xf8, 0xfc, 0xf8, 0xff, 0xf8, 0xf8, 0xf8, 0xf6,
    0xb8, 0x40, 0x10, 0x7a, 0xb8, 0x40, 0x10, 0x7a, 0xb8, 0x40, 0x10, 0x7e,
    0xf8, 0xfc, 0xf8, 0xff, 0xf8, 0xfc, 0xf8, 0xff, 0xf8, 0xfc, 0xf8, 0xff,
    0xc0, 0x44, 0x10, 0x79, 0xd0, 0x44, 0x08, 0x76, 0xd0, 0x44, 0x08, 0x76,
    0xd0, 0x40, 0x08, 0x77, 0xd0, 0x44, 0x08, 0x77, 0xd8, 0x44, 0x08, 0x73,
    0xd0, 0x44, 0x08, 0x72, 0xf8, 0xe4, 0xd8, 0xff, 0xf8, 0xe4, 0xd8, 0xff,
    0xf8, 0xe8, 0xe0, 0xff, 0xf8, 0xec, 0xe0, 0xff, 0xf8, 0xec, 0xe8, 0xff,
    0xf8, 0xf0, 0xe8, 0xff, 0xc8, 0x44, 0x10, 0x5d, 0xc8, 0x44, 0x08, 0x55,
    0xd0, 0x48, 0x08, 0x4d, 0xd8, 0x44, 0x08, 0x3f, 0xd8, 0x40, 0x08, 0x2e,
    0xe0, 0x4c, 0x08, 0x1f, 0xd8, 0x48, 0x08, 0x16, 0xe8, 0x50, 0x00, 0x0d,
    0xd8, 0x48, 0x00, 0x07, 0xf8, 0x54, 0x00, 0x03, 0xf8, 0x00, 0x00, 0x02,
    0xf8, 0x00, 0x00, 0x01, 0x00, 0x00, 0x00, 0x00, 0x00, 0x00, 0x00, 0x00,
    0xf8, 0x40, 0x00, 0x0c, 0xf8, 0x48, 0x00, 0x0e, 0xf8, 0x48, 0x00, 0x12,
    0xf8, 0x48, 0x00, 0x15, 0xf8, 0x4c, 0x00, 0x18, 0xf8, 0x48, 0x00, 0x1c,
    0xf8, 0x48, 0x00, 0x20, 0xf0, 0x48, 0x00, 0x27, 0xf0, 0x44, 0x08, 0x2d,
    0xe8, 0x44, 0x00, 0x34, 0xe0, 0x48, 0x08, 0x3e, 0xd8, 0x44, 0x08, 0x47,
    0xd8, 0x44, 0x08, 0x50, 0xd0, 0x44, 0x08, 0x5a, 0xd0, 0x40, 0x08, 0x61,
    0xd0, 0x44, 0x08, 0x65, 0xc8, 0x40, 0x10, 0x6a, 0xc0, 0x44, 0x08, 0x6f,
    0xc0, 0x40, 0x10, 0x73, 0xc0, 0x40, 0x10, 0x75, 0xb8, 0x40, 0x08, 0x77,
    0xb8, 0x40, 0x10, 0x7b, 0xf8, 0xfc, 0xf8, 0xff, 0xf8, 0xfc, 0xf8, 0xff,
    0xf8, 0xfc, 0xf8, 0xff, 0xb0, 0x40, 0x10, 0x81, 0xb8, 0x40, 0x10, 0x7e,
    0xb8, 0x44, 0x10, 0x7e, 0xf8, 0xfc, 0xf8, 0xff, 0xf8, 0xfc, 0xf8, 0xff,
    0xf8, 0xfc, 0xf8, 0xff, 0xb8, 0x44, 0x10, 0x7e, 0xb8, 0x40, 0x10, 0x7e,
    0xb0, 0x40, 0x08, 0x80, 0xf8, 0xfc, 0xf8, 0xff, 0xf8, 0xfc, 0xf8, 0xff,
    0xf8, 0xfc, 0xf8, 0xff, 0xc0, 0x40, 0x08, 0x77, 0xc8, 0x44, 0x08, 0x75,
    0xd0, 0x44, 0x08, 0x72, 0xd8, 0x44, 0x08, 0x72, 0xd8, 0x44, 0x08, 0x74,
    0xd8, 0x44, 0x08, 0x72, 0xd8, 0x44, 0x08, 0x70, 0xf8, 0xe0, 0xd8, 0xff,
    0xf8, 0xe4, 0xd8, 0xff, 0xf8, 0xe8, 0xe0, 0xff, 0xf8, 0xe8, 0xe0, 0xff,
    0xf8, 0xec, 0xe8, 0xff, 0xf8, 0xf0, 0xe8, 0xff, 0xd0, 0x44, 0x08, 0x5a,
    0xd0, 0x40, 0x08, 0x52, 0xd8, 0x44, 0x08, 0x47, 0xd8, 0x48, 0x08, 0x36,
    0xe0, 0x40, 0x08, 0x27, 0xe8, 0x44, 0x08, 0x1a, 0xe0, 0x38, 0x00, 0x12,
    0xe8, 0x48, 0x00, 0x0b, 0xf8, 0x54, 0x00, 0x06, 0xf8, 0x54, 0x00, 0x03,
    0xf8, 0x00, 0x00, 0x01, 0xf8, 0x00, 0x00, 0x01, 0x00, 0x00, 0x00, 0x00,
    0x00, 0x00, 0x00, 0x00, 0xf8, 0x40, 0x00, 0x0c, 0xf8, 0x48, 0x00, 0x0e,
    0xf8, 0x48, 0x00, 0x12, 0xf8, 0x48, 0x00, 0x15, 0xf8, 0x4c, 0x00, 0x18,
    0xf8, 0x48, 0x00, 0x1c, 0xf8, 0x48, 0x00, 0x21, 0xf0, 0x48, 0x00, 0x27,
    0xf0, 0x44, 0x08, 0x2d, 0xe8, 0x44, 0x08, 0x34, 0xe0, 0x44, 0x08, 0x3e,
    0xd8, 0x44, 0x08, 0x47, 0xd8, 0x44, 0x08, 0x50, 0xf8, 0xf8, 0xf0, 0xe9,
    0xf8, 0xf8, 0xf8, 0xf5, 0xf8, 0xf8, 0xf8, 0xf5, 0xf8, 0xfc, 0xf8, 0xf6,
    0xf8, 0xf8, 0xf8, 0xf6, 0xf8, 0xf4, 0xf0, 0xed, 0xb8, 0x40, 0x08, 0x77,
    0xb8, 0x40, 0x10, 0x79, 0xb8, 0x44, 0x10, 0x7c, 0xf8, 0xfc, 0xf8, 0xff,
    0xf8, 0xfc, 0xf8, 0xff, 0xf8, 0xfc, 0xf8, 0xff, 0xb0, 0x40, 0x10, 0x83,
    0xb0, 0x40, 0x10, 0x81, 0xb8, 0x40, 0x10, 0x81, 0xf8, 0xfc, 0xf8, 0xff,
    0xf8, 0xfc, 0xf8, 0xff, 0xf8, 0xfc, 0xf8, 0xff, 0xb0, 0x40, 0x10, 0x81,
    0xb0, 0x40, 0x10, 0x81, 0xb0, 0x40, 0x10, 0x82, 0xf8, 0xfc, 0xf8, 0xff,
    0xf8, 0xfc, 0xf8, 0xff, 0xf8, 0xfc, 0xf8, 0xff, 0xc0, 0x44, 0x10, 0x77,
    0xc8, 0x40, 0x10, 0x73, 0xd0, 0x44, 0x08, 0x72, 0xd0, 0x44, 0x08, 0x70,
    0xd8, 0x44, 0x08, 0x70, 0xd8, 0x44, 0x08, 0x71, 0xd8, 0x44, 0x08, 0x6f,
    0xf8, 0xe0, 0xd0, 0xff, 0xf8, 0xe0, 0xd8, 0xff, 0xf8, 0xe8, 0xd8, 0xff,
    0xf8, 0xe8, 0xe0, 0xff, 0xf8, 0xec, 0xe0, 0xff, 0xf8, 0xec, 0xe8, 0xff,
    0xd0, 0x44, 0x10, 0x57, 0xd8, 0x44, 0x08, 0x4f, 0xe0, 0x44, 0x08, 0x3f,
    0xe0, 0x48, 0x08, 0x2e, 0xe0, 0x44, 0x08, 0x22, 0xe8, 0x40, 0x00, 0x17,
    0xf0, 0x38, 0x00, 0x0e, 0xe8, 0x38, 0x00, 0x09, 0xf8, 0x68, 0x00, 0x05,
    0xf8, 0x54, 0x00, 0x03, 0xf8, 0x00, 0x00, 0x01, 0xf8, 0x00, 0x00, 0x01,
    0x00, 0x00, 0x00, 0x00, 0x00, 0x00, 0x00, 0x00, 0xf8, 0x40, 0x00, 0x0c,
    0xf8, 0x48, 0x00, 0x0e, 0xf8, 0x4c, 0x00, 0x11, 0xf8, 0x48, 0x00, 0x15,
    0xf8, 0x48, 0x00, 0x18, 0xf8, 0x48, 0x00, 0x1c, 0xf8, 0x48, 0x00, 0x21,
    0xf0, 0x48, 0x00, 0x27, 0xf0, 0x44, 0x00, 0x2c, 0xe8, 0x44, 0x00, 0x34,
    0xe0, 0x44, 0x00, 0x3c, 0xd8, 0x44, 0x08, 0x46, 0xd8, 0x44, 0x08, 0x4f,
    0xf8, 0xfc, 0xf8, 0xf5, 0xf8, 0xfc, 0xf8, 0xff, 0xf8, 0xfc, 0xf8, 0xff,
    0xf8, 0xfc, 0xf8, 0xff, 0xf8, 0xfc, 0xf8, 0xff, 0xf8, 0xf8, 0xf8, 0xf6,
    0xc0, 0x40, 0x10, 0x77, 0xb8, 0x40, 0x10, 0x7a, 0xb8, 0x40, 0x10, 0x7d,
    0xf8, 0xfc, 0xf8, 0xff, 0xf8, 0xfc, 0xf8, 0xff, 0xf8, 0xfc, 0xf8, 0xff,
    0xb0, 0x40, 0x10, 0x85, 0xb0, 0x40, 0x10, 0x84, 0xb0, 0x40, 0x10, 0x84,
    0xf8, 0xfc, 0xf8, 0xff, 0xf8, 0xfc, 0xf8, 0xff, 0xf8, 0xfc, 0xf8, 0xff,
    0xb0, 0x40, 0x10, 0x84, 0xb0, 0x40, 0x10, 0x84, 0xb0, 0x40, 0x10, 0x84,
    0xf8, 0xfc, 0xf8, 0xff, 0xf8, 0xfc, 0xf8, 0xff, 0xf8, 0xfc, 0xf8, 0xff,
    0xc0, 0x44, 0x10, 0x77, 0xc8, 0x44, 0x08, 0x72, 0xd0, 0x44, 0x08, 0x70,
    0xd8, 0x44, 0x08, 0x6e, 0xd8, 0x40, 0x08, 0x6c, 0xe0, 0x48, 0x08, 0x6e,
    0xd8, 0x44, 0x08, 0x6f, 0xf8, 0xdc, 0xd0, 0xff, 0xf8, 0xe0, 0xd8, 0xff,
    0xf8, 0xe4, 0xd8, 0xff, 0xf8, 0xe8, 0xe0, 0xff, 0xf8, 0xec, 0xe0, 0xff,
    0xf8, 0xec, 0xe8, 0xff, 0xd0, 0x44, 0x08, 0x55, 0xd8, 0x44, 0x08, 0x49,
    0xe0, 0x48, 0x08, 0x37, 0xe8, 0x48, 0x08, 0x28, 0xf0, 0x48, 0x00, 0x1c,
    0xf0, 0x44, 0x00, 0x13, 0xe8, 0x54, 0x00, 0x0c, 0xf8, 0x48, 0x00, 0x07,
    0xf8, 0x40, 0x00, 0x04, 0xf8, 0x54, 0x00, 0x03, 0xf8, 0x00, 0x00, 0x01,
    0xf8, 0x00, 0x00, 0x01, 0x00, 0x00, 0x00, 0x00, 0x00, 0x00, 0x00, 0x00,
    0xf8, 0x40, 0x00, 0x0c, 0xf8, 0x48, 0x00, 0x0e, 0xf8, 0x4c, 0x00, 0x11,
    0xf8, 0x4c, 0x00, 0x14, 0xf8, 0x4c, 0x00, 0x18, 0xf8, 0x48, 0x00, 0x1c,
    0xf8, 0x48, 0x00, 0x20, 0xf8, 0x4c, 0x00, 0x26, 0xf0, 0x48, 0x00, 0x2b,
    0xe8, 0x48, 0x08, 0x33, 0xe8, 0x44, 0x00, 0x3b, 0xe0, 0x44, 0x08, 0x43,
    0xe0, 0x44, 0x08, 0x4b, 0xe0, 0x60, 0x30, 0x5f, 0xd8, 0x60, 0x30, 0x67,
    0xd8, 0x60, 0x30, 0x6c, 0xd0, 0x60, 0x30, 0x71, 0xd0, 0x5c, 0x30, 0x76,
    0xc8, 0x5c, 0x28, 0x7a, 0xb8, 0x40, 0x08, 0x76, 0xb8, 0x40, 0x10, 0x7a,
    0xb8, 0x40, 0x10, 0x7e, 0xf8, 0xfc, 0xf8, 0xff, 0xf8, 0xfc, 0xf8, 0xff,
    0xf8, 0xfc, 0xf8, 0xff, 0xb0, 0x40, 0x10, 0x87, 0xb0, 0x40, 0x10, 0x86,
    0xb0, 0x40, 0x10, 0x87, 0xf8, 0xfc, 0xf8, 0xff, 0xf8, 0xfc, 0xf8, 0xff,
    0xf8, 0xfc, 0xf8, 0xff, 0xb0, 0x40, 0x10, 0x87, 0xb0, 0x40, 0x10, 0x86,
    0xb0, 0x40, 0x10, 0x86, 0xf8, 0xfc, 0xf8, 0xff, 0xf8, 0xfc, 0xf8, 0xff,
    0xf8, 0xfc, 0xf8, 0xff, 0xc0, 0x40, 0x08, 0x78, 0xc8, 0x40, 0x08, 0x73,
    0xd0, 0x44, 0x08, 0x70, 0xd0, 0x40, 0x08, 0x6d, 0xd8, 0x44, 0x08, 0x6b,
    0xd8, 0x44, 0x08, 0x6a, 0xd8, 0x44, 0x08, 0x6e, 0xf8, 0xd8, 0xd0, 0xfe,
    0xf8, 0xe0, 0xd0, 0xff, 0xf8, 0xe4, 0xd8, 0xff, 0xf8, 0xe8, 0xe0, 0xff,
    0xf8, 0xe8, 0xe0, 0xff, 0xf8, 0xec, 0xe8, 0xfe, 0xd8, 0x44, 0x08, 0x52,
    0xe0, 0x44, 0x08, 0x40, 0xe0, 0x48, 0x08, 0x31, 0xe8, 0x40, 0x08, 0x24,
    0xf8, 0x4c, 0x00, 0x17, 0xf8, 0x44, 0x00, 0x0f, 0xf8, 0x54, 0x00, 0x09,
    0xf8, 0x34, 0x00, 0x05, 0xf8, 0x40, 0x00, 0x04, 0xf8, 0x80, 0x00, 0x02,
    0xf8, 0x00, 0x00, 0x01, 0xf8, 0x00, 0x00, 0x01, 0x00, 0x00, 0x00, 0x00,
    0x00, 0x00, 0x00, 0x00, 0xf8, 0x44, 0x00, 0x0b, 0xf8, 0x48, 0x00, 0x0e,
    0xf8, 0x4c, 0x00, 0x11, 0xf8, 0x4c, 0x00, 0x14, 0xf8, 0x40, 0x00, 0x17,
    0xf8, 0x4c, 0x00, 0x1b, 0xf8, 0x48, 0x00, 0x20, 0xf8, 0x48, 0x00, 0x24,
    0xf0, 0x48, 0x00, 0x2b, 0xf0, 0x48, 0x08, 0x31, 0xf0, 0x44, 0x08, 0x38,
    0xe8, 0x48, 0x00, 0x40, 0xe0, 0x44, 0x08, 0x48, 0xe0, 0x44, 0x08, 0x52,
    0xe0, 0x44, 0x08, 0x5a, 0xd0, 0x44, 0x08, 0x5f, 0xd0, 0x44, 0x08, 0x65,
    0xc8, 0x44, 0x08, 0x6b, 0xc0, 0x40, 0x10, 0x71, 0xc0, 0x40, 0x10, 0x75,
    0xb8, 0x44, 0x10, 0x7a, 0xc8, 0x6c, 0x40, 0x8e, 0xf8, 0xfc, 0xf8, 0xff,
    0xf8, 0xfc, 0xf8, 0xff, 0xf8, 0xfc, 0xf8, 0xff, 0xb0, 0x40, 0x10, 0x8a,
    0xb0, 0x40, 0x10, 0x89, 0xb0, 0x40, 0x10, 0x8b, 0xf8, 0xfc, 0xf8, 0xff,
    0xf8, 0xfc, 0xf8, 0xff, 0xf8, 0xfc, 0xf8, 0xff, 0xb0, 0x40, 0x10, 0x8b,
    0xb0, 0x40, 0x10, 0x89, 0xb0, 0x40, 0x10, 0x89, 0xf8, 0xfc, 0xf8, 0xff,
    0xf8, 0xfc, 0xf8, 0xff, 0xf8, 0xfc, 0xf8, 0xff, 0xc8, 0x68, 0x40, 0x89,
    0xc0, 0x40, 0x10, 0x75, 0xc8, 0x40, 0x10, 0x71, 0xd0, 0x44, 0x08, 0x6f,
    0xd0, 0x44, 0x08, 0x69, 0xd8, 0x44, 0x08, 0x67, 0xe0, 0x44, 0x08, 0x6a,
    0xf8, 0xc8, 0xb8, 0xe4, 0xf8, 0xe0, 0xd0, 0xff, 0xf8, 0xe4, 0xd8, 0xff,
    0xf8, 0xe4, 0xe0, 0xff, 0xf8, 0xe8, 0xe0, 0xff, 0xf8, 0xe0, 0xd8, 0xe0,
    0xe0, 0x44, 0x08, 0x4a, 0xe0, 0x48, 0x08, 0x39, 0xe0, 0x48, 0x08, 0x2b,
    0xe8, 0x40, 0x08, 0x1f, 0xf0, 0x48, 0x00, 0x15, 0xf8, 0x3c, 0x00, 0x0d,
    0xf8, 0x60, 0x00, 0x08, 0xf8, 0x2c, 0x00, 0x06, 0xf8, 0x54, 0x00, 0x03,
    0xf8, 0x80, 0x00, 0x02, 0xf8, 0x00, 0x00, 0x01, 0xf8, 0x00, 0x00, 0x01,
    0xf8, 0x00, 0x00, 0x01, 0x00, 0x00, 0x00, 0x00, 0xf8, 0x48, 0x00, 0x0b,
    0xf8, 0x48, 0x00, 0x0e, 0xf8, 0x40, 0x00, 0x10, 0xf8, 0x44, 0x00, 0x13,
    0xf8, 0x44, 0x00, 0x17, 0xf8, 0x4c, 0x00, 0x1b, 0xf8, 0x48, 0x00, 0x20,
    0xf8, 0x48, 0x00, 0x24, 0xf8, 0x44, 0x00, 0x29, 0xf0, 0x44, 0x00, 0x2f,
    0xf0, 0x48, 0x08, 0x36, 0xe8, 0x48, 0x00, 0x3d, 0xe8, 0x44, 0x00, 0x46,
    0xe0, 0x44, 0x08, 0x4e, 0xe0, 0x44, 0x08, 0x57, 0xd8, 0x44, 0x08, 0x5d,
    0xd0, 0x44, 0x08, 0x63, 0xc8, 0x44, 0x08, 0x6b, 0xc0, 0x40, 0x10, 0x71,
    0xc0, 0x40, 0x10, 0x77, 0xc8, 0x78, 0x50, 0x90, 0xf8, 0xf0, 0xe8, 0xed,
    0xf8, 0xfc, 0xf8, 0xff, 0xf8, 0xfc, 0xf8, 0xff, 0xf8, 0xfc, 0xf8, 0xff,
    0xb0, 0x40, 0x10, 0x8c, 0xa8, 0x40, 0x10, 0x8d, 0xa8, 0x40, 0x10, 0x8e,
    0xf8, 0xfc, 0xf8, 0xff, 0xf8, 0xfc, 0xf8, 0xff, 0xf8, 0xfc, 0xf8, 0xff,
    0xa8, 0x40, 0x10, 0x8e, 0xb0, 0x40, 0x10, 0x8d, 0xb0, 0x40, 0x10, 0x8c,
    0xf8, 0xfc, 0xf8, 0xff, 0xf8, 0xfc, 0xf8, 0xff, 0xf8, 0xfc, 0xf8, 0xff,
    0xf8, 0xf0, 0xe8, 0xeb, 0xd0, 0x74, 0x50, 0x89, 0xc0, 0x44, 0x08, 0x73,
    0xd0, 0x44, 0x08, 0x6f, 0xd0, 0x44, 0x08, 0x69, 0xd8, 0x44, 0x08, 0x65,
    0xe0, 0x44, 0x08, 0x63, 0xe8, 0x7c, 0x50, 0x84, 0xf8, 0xd0, 0xc0, 0xe4,
    0xf8, 0xe0, 0xd8, 0xff, 0xf8, 0xe4, 0xd8, 0xff, 0xf8, 0xe0, 0xd8, 0xe6,
    0xe8, 0x90, 0x68, 0x74, 0xe0, 0x44, 0x08, 0x41, 0xe0, 0x48, 0x08, 0x32,
    0xe8, 0x44, 0x08, 0x26, 0xf0, 0x4c, 0x00, 0x1b, 0xf0, 0x44, 0x00, 0x13,
    0xf8, 0x54, 0x00, 0x0c, 0xf8, 0x40, 0x00, 0x08, 0xf8, 0x34, 0x00, 0x05,
    0xf8, 0x40, 0x00, 0x04, 0xf8, 0x80, 0x00, 0x02, 0xf8, 0x00, 0x00, 0x01,
    0xf8, 0x00, 0x00, 0x01, 0xf8, 0x00, 0x00, 0x01, 0x00, 0x00, 0x00, 0x00,
    0xf8, 0x44, 0x00, 0x0b, 0xf8, 0x50, 0x00, 0x0d, 0xf8, 0x40, 0x00, 0x10,
    0xf8, 0x44, 0x00, 0x13, 0xf8, 0x44, 0x00, 0x16, 0xf8, 0x44, 0x00, 0x1a,
    0xf8, 0x44, 0x00, 0x1e, 0xf8, 0x48, 0x00, 0x23, 0xf8, 0x44, 0x00, 0x29,
    0xf8, 0x48, 0x00, 0x2d, 0xf0, 0x44, 0x08, 0x34, 0xf0, 0x44, 0x00, 0x3b,
    0xe8, 0x48, 0x08, 0x44, 0xe0, 0x48, 0x08, 0x4d, 0xe0, 0x48, 0x08, 0x57,
    0xd8, 0x44, 0x08, 0x5d, 0xd0, 0x44, 0x08, 0x65, 0xc8, 0x40, 0x10, 0x6c,
    0xc0, 0x44, 0x10, 0x73, 0xc0, 0x64, 0x38, 0x85, 0xf8, 0xf0, 0xe8, 0xeb,
    0xf8, 0xfc, 0xf8, 0xfe, 0xf8, 0xfc, 0xf8, 0xff, 0xf8, 0xfc, 0xf8, 0xfe,
    0xe8, 0xc8, 0xb8, 0xce, 0xa8, 0x40, 0x10, 0x90, 0xa8, 0x40, 0x10, 0x91,
    0xa8, 0x40, 0x10, 0x92, 0xf8, 0xfc, 0xf8, 0xff, 0xf8, 0xfc, 0xf8, 0xff,
    0xf8, 0xfc, 0xf8, 0xff, 0xa8, 0x40, 0x10, 0x92, 0xa8, 0x40, 0x10, 0x90,
    0xa8, 0x40, 0x10, 0x8f, 0xe8, 0xc4, 0xb8, 0xcc, 0xf8, 0xfc, 0xf8, 0xfe,
    0xf8, 0xfc, 0xf8, 0xff, 0xf8, 0xfc, 0xf8, 0xfe, 0xf8, 0xf0, 0xf0, 0xea,
    0xc8, 0x60, 0x30, 0x81, 0xc8, 0x40, 0x10, 0x71, 0xd0, 0x44, 0x08, 0x6b,
    0xd0, 0x48, 0x08, 0x63, 0xd8, 0x44, 0x08, 0x60, 0xd8, 0x44, 0x08, 0x5e,
    0xe0, 0x44, 0x08, 0x5c, 0xe0, 0x44, 0x08, 0x59, 0xe0, 0x44, 0x08, 0x53,
    0xe0, 0x44, 0x08, 0x4c, 0xe8, 0x44, 0x08, 0x43, 0xe8, 0x44, 0x00, 0x38,
    0xe8, 0x48, 0x08, 0x2b, 0xe8, 0x48, 0x08, 0x21, 0xf8, 0x4c, 0x00, 0x17,
    0xf0, 0x4c, 0x00, 0x11, 0xf8, 0x5c, 0x00, 0x0b, 0xf8, 0x40, 0x00, 0x08,
    0xf8, 0x34, 0x00, 0x05, 0xf8, 0x40, 0x00, 0x04, 0xf8, 0x54, 0x00, 0x03,
    0xf8, 0x80, 0x00, 0x02, 0xf8, 0x00, 0x00, 0x01, 0xf8, 0x00, 0x00, 0x01,
    0x00, 0x00, 0x00, 0x00, 0xf8, 0x4c, 0x00, 0x0a, 0xf8, 0x4c, 0x00, 0x0d,
    0xf8, 0x40, 0x00, 0x10, 0xf8, 0x44, 0x00, 0x13, 0xf8, 0x44, 0x00, 0x16,
    0xf8, 0x44, 0x00, 0x1a, 0xf8, 0x48, 0x00, 0x1d, 0xf8, 0x4c, 0x00, 0x22,
    0xf8, 0x48, 0x00, 0x27, 0xf8, 0x4c, 0x00, 0x2d, 0xf8, 0x48, 0x00, 0x33,
    0xf0, 0x44, 0x00, 0x3b, 0xe8, 0x44, 0x00, 0x42, 0xe8, 0x48, 0x08, 0x4d,
    0xd8, 0x44, 0x08, 0x57, 0xd8, 0x44, 0x08, 0x5e, 0xd0, 0x44, 0x08, 0x65,
    0xc0, 0x40, 0x08, 0x6d, 0xc0, 0x40, 0x10, 0x75, 0xf0, 0xe0, 0xd8, 0xd9,
    0xf8, 0xfc, 0xf8, 0xfe, 0xf8, 0xfc, 0xf8, 0xff, 0xf8, 0xfc, 0xf8, 0xfa,
    0xd0, 0x9c, 0x80, 0xb5, 0xb0, 0x48, 0x20, 0x95, 0xa8, 0x40, 0x10, 0x93,
    0xa8, 0x40, 0x10, 0x94, 0xa8, 0x40, 0x10, 0x96, 0xf8, 0xfc, 0xf8, 0xff,
    0xf8, 0xfc, 0xf8, 0xff, 0xf8, 0xfc, 0xf8, 0xff, 0xa8, 0x40, 0x10, 0x96,
    0xa8, 0x40, 0x10, 0x94, 0xa8, 0x3c, 0x10, 0x93, 0xb0, 0x4c, 0x20, 0x95,
    0xd0, 0x98, 0x80, 0xb1, 0xf8, 0xfc, 0xf8, 0xfa, 0xf8, 0xfc, 0xf8, 0xff,
    0xf8, 0xfc, 0xf8, 0xfe, 0xf8, 0xdc, 0xd8, 0xd5, 0xc8, 0x44, 0x10, 0x74,
    0xc8, 0x40, 0x08, 0x6c, 0xd0, 0x44, 0x08, 0x63, 0xd8, 0x44, 0x08, 0x5c,
    0xe0, 0x44, 0x08, 0x57, 0xe0, 0x44, 0x08, 0x52, 0xe0, 0x48, 0x08, 0x4e,
    0xe0, 0x48, 0x08, 0x48, 0xe0, 0x48, 0x00, 0x41, 0xe8, 0x44, 0x08, 0x38,
    0xe8, 0x44, 0x08, 0x2f, 0xe8, 0x4c, 0x00, 0x26, 0xf0, 0x44, 0x00, 0x1d,
    0xf0, 0x48, 0x00, 0x15, 0xf8, 0x44, 0x00, 0x0f, 0xf8, 0x5c, 0x00, 0x0b,
    0xf8, 0x48, 0x00, 0x07, 0xf8, 0x34, 0x00, 0x05, 0xf8, 0x40, 0x00, 0x04,
    0xf8, 0x54, 0x00, 0x03, 0xf8, 0x80, 0x00, 0x02, 0xf8, 0x00, 0x00, 0x01,
    0xf8, 0x00, 0x00, 0x01, 0x00, 0x00, 0x00, 0x00, 0xf8, 0x4c, 0x00, 0x0a,
    0xf8, 0x40, 0x00, 0x0c, 0xf8, 0x44, 0x00, 0x0f, 0xf8, 0x48, 0x00, 0x12,
    0xf8, 0x48, 0x00, 0x15, 0xf8, 0x48, 0x00, 0x19, 0xf8, 0x44, 0x00, 0x1d,
    0xf8, 0x4c, 0x00, 0x22, 0xf8, 0x48, 0x00, 0x26, 0xf8, 0x48, 0x00, 0x2b,
    0xf8, 0x48, 0x00, 0x31, 0xf0, 0x48, 0x00, 0x38, 0xe8, 0x48, 0x08, 0x41,
    0xe8, 0x44, 0x08, 0x4c, 0xd8, 0x44, 0x08, 0x56, 0xd0, 0x44, 0x08, 0x5f,
    0xd0, 0x44, 0x08, 0x65, 0xc8, 0x40, 0x08, 0x6e, 0xe0, 0xa8, 0x90, 0xa7,
    0xf8, 0xfc, 0xf8, 0xfd, 0xf8, 0xfc, 0xf8, 0xff, 0xf8, 0xfc, 0xf8, 0xfe,
    0xd8, 0xa0, 0x88, 0xb3, 0xb0, 0x44, 0x18, 0x92, 0xa8, 0x40, 0x10, 0x94,
    0xa8, 0x3c, 0x10, 0x97, 0xc8, 0x8c, 0x70, 0xb7, 0xf0, 0xd8, 0xd0, 0xe1,
    0xf8, 0xfc, 0xf8, 0xff, 0xf8, 0xfc, 0xf8, 0xff, 0xf8, 0xfc, 0xf8, 0xff,
    0xf0, 0xd4, 0xd0, 0xe0, 0xc8, 0x88, 0x68, 0xb5, 0xa8, 0x3c, 0x10, 0x97,
    0xa8, 0x3c, 0x10, 0x93, 0xb0, 0x44, 0x18, 0x91, 0xd8, 0x9c, 0x80, 0xb1,
    0xf8, 0xfc, 0xf8, 0xfe, 0xf8, 0xfc, 0xf8, 0xff, 0xf8, 0xfc, 0xf8, 0xfd,
    0xe0, 0xa8, 0x90, 0xa5, 0xc8, 0x44, 0x08, 0x6c, 0xd0, 0x44, 0x08, 0x63,
    0xd0, 0x44, 0x08, 0x5b, 0xd8, 0x44, 0x08, 0x53, 0xd8, 0x44, 0x08, 0x4c,
    0xe0, 0x48, 0x08, 0x44, 0xe8, 0x48, 0x00, 0x3e, 0xe8, 0x44, 0x08, 0x37,
    0xe8, 0x44, 0x00, 0x30, 0xf0, 0x4c, 0x08, 0x28, 0xf0, 0x48, 0x00, 0x21,
    0xf8, 0x48, 0x00, 0x19, 0xf0, 0x40, 0x00, 0x14, 0xf8, 0x48, 0x00, 0x0e,
    0xf8, 0x4c, 0x00, 0x0a, 0xf8, 0x40, 0x00, 0x08, 0xf8, 0x54, 0x00, 0x06,
    0xf8, 0x40, 0x00, 0x04, 0xf8, 0x54, 0x00, 0x03, 0xf8, 0x80, 0x00, 0x02,
    0xf8, 0x00, 0x00, 0x01, 0xf8, 0x00, 0x00, 0x01, 0x00, 0x00, 0x00, 0x00,
    0xf8, 0x38, 0x00, 0x09, 0xf8, 0x40, 0x00, 0x0c, 0xf8, 0x48, 0x00, 0x0e,
    0xf8, 0x4c, 0x00, 0x11, 0xf8, 0x48, 0x00, 0x15, 0xf8, 0x4c, 0x00, 0x18,
    0xf8, 0x48, 0x00, 0x1c, 0xf8, 0x48, 0x00, 0x20, 0xf8, 0x48, 0x00, 0x24,
    0xf8, 0x48, 0x00, 0x2a, 0xf8, 0x44, 0x00, 0x2f, 0xf8, 0x48, 0x00, 0x36,
    0xf0, 0x44, 0x00, 0x3f, 0xe0, 0x44, 0x00, 0x4a, 0xd8, 0x44, 0x08, 0x55,
    0xd8, 0x44, 0x08, 0x5f, 0xd0, 0x44, 0x08, 0x66, 0xc0, 0x48, 0x18, 0x71,
    0xf8, 0xf0, 0xe8, 0xea, 0xf8, 0xfc, 0xf8, 0xff, 0xf8, 0xfc, 0xf8, 0xff,
    0xe8, 0xc8, 0xb8, 0xca, 0xb0, 0x48, 0x18, 0x8f, 0xa8, 0x3c, 0x10, 0x93,
    0xa8, 0x48, 0x18, 0x9a, 0xe0, 0xc8, 0xb8, 0xd7, 0xf8, 0xf8, 0xf8, 0xfb,
    0xf8, 0xfc, 0xf8, 0xfd, 0xf8, 0xfc, 0xf8, 0xff, 0xf8, 0xfc, 0xf8, 0xff,
    0xf8, 0xfc, 0xf8, 0xff, 0xf8, 0xfc, 0xf8, 0xfd, 0xf8, 0xfc, 0xf8, 0xfb,
    0xe0, 0xc4, 0xb8, 0xd5, 0xa8, 0x44, 0x18, 0x9a, 0xa8, 0x40, 0x10, 0x92,
    0xb0, 0x48, 0x18, 0x8e, 0xe8, 0xc8, 0xb8, 0xca, 0xf8, 0xfc, 0xf8, 0xff,
    0xf8, 0xfc, 0xf8, 0xff, 0xf8, 0xf0, 0xe8, 0xe9, 0xc0, 0x48, 0x18, 0x71,
    0xc8, 0x44, 0x08, 0x63, 0xd0, 0x44, 0x08, 0x58, 0xd8, 0x44, 0x08, 0x4f,
    0xd8, 0x44, 0x08, 0x47, 0xe0, 0x44, 0x08, 0x3f, 0xf0, 0x48, 0x08, 0x36,
    0xf8, 0x48, 0x00, 0x2f, 0xf0, 0x44, 0x00, 0x29, 0xf8, 0x4c, 0x00, 0x22,
    0xf8, 0x4c, 0x00, 0x1b, 0xf0, 0x40, 0x00, 0x17, 0xf8, 0x48, 0x00, 0x12,
    0xf8, 0x3c, 0x00, 0x0d, 0xf8, 0x48, 0x00, 0x0b, 0xf8, 0x40, 0x00, 0x08,
    0xf8, 0x54, 0x00, 0x06, 0xf8, 0x40, 0x00, 0x04, 0xf8, 0x54, 0x00, 0x03,
    0xf8, 0x80, 0x00, 0x02, 0xf8, 0x00, 0x00, 0x01, 0xf8, 0x00, 0x00, 0x01,
    0x00, 0x00, 0x00, 0x00, 0xf8, 0x38, 0x00, 0x09, 0xf8, 0x48, 0x00, 0x0b,
    0xf8, 0x48, 0x00, 0x0e, 0xf8, 0x4c, 0x00, 0x11, 0xf8, 0x4c, 0x00, 0x14,
    0xf8, 0x40, 0x00, 0x17, 0xf8, 0x4c, 0x00, 0x1b, 0xf8, 0x4c, 0x00, 0x1f,
    0xf8, 0x48, 0x00, 0x23, 0xf8, 0x48, 0x00, 0x28, 0xf8, 0x48, 0x00, 0x2e,
    0xf8, 0x48, 0x00, 0x35, 0xe8, 0x44, 0x00, 0x3f, 0xe0, 0x48, 0x08, 0x49,
    0xd8, 0x44, 0x08, 0x55, 0xd8, 0x44, 0x08, 0x60, 0xc8, 0x44, 0x08, 0x67,
    0xe0, 0x98, 0x80, 0x98, 0xf8, 0xfc, 0xf8, 0xfe, 0xf8, 0xfc, 0xf8, 0xff,
    0xf8, 0xf8, 0xf8, 0xf5, 0xb8, 0x5c, 0x30, 0x93, 0xa8, 0x3c, 0x10, 0x8f,
    0xa8, 0x40, 0x18, 0x96, 0xe0, 0xc4, 0xb8, 0xd5, 0xf8, 0xfc, 0xf8, 0xfd,
    0xf8, 0xfc, 0xf8, 0xff, 0xf8, 0xfc, 0xf8, 0xff, 0xf8, 0xfc, 0xf8, 0xff,
    0xf8, 0xfc, 0xf8, 0xff, 0xf8, 0xfc, 0xf8, 0xff, 0xf8, 0xfc, 0xf8, 0xff,
    0xf8, 0xfc, 0xf8, 0xff, 0xf8, 0xfc, 0xf8, 0xfd, 0xe0, 0xc4, 0xb8, 0xd5,
    0xa8, 0x40, 0x10, 0x96, 0xa8, 0x3c, 0x10, 0x8f, 0xb8, 0x58, 0x30, 0x93,
    0xf8, 0xf8, 0xf8, 0xf6, 0xf8, 0xfc, 0xf8, 0xff, 0xf8, 0xfc, 0xf8, 0xfe,
    0xe0, 0x9c, 0x80, 0x98, 0xc8, 0x40, 0x10, 0x62, 0xd0, 0x40, 0x08, 0x58,
    0xd0, 0x44, 0x08, 0x4e, 0xd8, 0x44, 0x08, 0x44, 0xe8, 0x44, 0x08, 0x38,
    0xf0, 0x44, 0x00, 0x2f, 0xf0, 0x44, 0x00, 0x29, 0xf8, 0x48, 0x00, 0x23,
    0xf8, 0x4c, 0x00, 0x1e, 0xf8, 0x48, 0x00, 0x18, 0xf8, 0x4c, 0x00, 0x14,
    0xf8, 0x40, 0x00, 0x10, 0xf8, 0x48, 0x00, 0x0e, 0xf8, 0x4c, 0x00, 0x0a,
    0xf8, 0x40, 0x00, 0x08, 0xf8, 0x54, 0x00, 0x06, 0xf8, 0x40, 0x00, 0x04,
    0xf8, 0x54, 0x00, 0x03, 0xf8, 0x80, 0x00, 0x02, 0xf8, 0x00, 0x00, 0x01,
    0xf8, 0x00, 0x00, 0x01, 0x00, 0x00, 0x00, 0x00, 0xf8, 0x38, 0x00, 0x09,
    0xf8, 0x48, 0x00, 0x0b, 0xf8, 0x4c, 0x00, 0x0d, 0xf8, 0x40, 0x00, 0x10,
    0xf8, 0x44, 0x00, 0x13, 0xf8, 0x40, 0x00, 0x17, 0xf8, 0x44, 0x00, 0x1a,
    0xf8, 0x44, 0x00, 0x1e, 0xf8, 0x4c, 0x00, 0x22, 0xf8, 0x48, 0x00, 0x27,
    0xf8, 0x48, 0x00, 0x2c, 0xf0, 0x44, 0x08, 0x34, 0xe8, 0x44, 0x08, 0x3f,
    0xe0, 0x44, 0x08, 0x4a, 0xd8, 0x48, 0x08, 0x55, 0xd0, 0x44, 0x08, 0x61,
    0xc8, 0x44, 0x08, 0x69, 0xf0, 0xd4, 0xc8, 0xc5, 0xf8, 0xfc, 0xf8, 0xff,
    0xf8, 0xfc, 0xf8, 0xff, 0xe8, 0xc4, 0xb8, 0xc9, 0xb0, 0x40, 0x10, 0x8c,
    0xa8, 0x40, 0x10, 0x91, 0xc8, 0x84, 0x68, 0xb1, 0xf8, 0xfc, 0xf8, 0xfd,
    0xf8, 0xfc, 0xf8, 0xff, 0xf8, 0xfc, 0xf8, 0xff, 0xf8, 0xfc, 0xf8, 0xff,
    0xf8, 0xfc, 0xf8, 0xff, 0xf8, 0xfc, 0xf8, 0xff, 0xf8, 0xfc, 0xf8, 0xff,
    0xf8, 0xfc, 0xf8, 0xff, 0xf8, 0xfc, 0xf8, 0xff, 0xf8, 0xfc, 0xf8, 0xff,
    0xf8, 0xfc, 0xf8, 0xfd, 0xc8, 0x84, 0x68, 0xb1, 0xa8, 0x40, 0x10, 0x91,
    0xb0, 0x44, 0x10, 0x8c, 0xe8, 0xc8, 0xb8, 0xca, 0xf8, 0xfc, 0xf8, 0xff,
    0xf8, 0xfc, 0xf8, 0xff, 0xf0, 0xd4, 0xc8, 0xc5, 0xc0, 0x40, 0x10, 0x63,
    0xc8, 0x44, 0x10, 0x58, 0xd0, 0x44, 0x08, 0x4c, 0xd8, 0x44, 0x08, 0x40,
    0xe0, 0x48, 0x00, 0x36, 0xf0, 0x44, 0x00, 0x2d, 0xf8, 0x44, 0x00, 0x25,
    0xf8, 0x48, 0x00, 0x20, 0xf8, 0x4c, 0x00, 0x1b, 0xf8, 0x4c, 0x00, 0x18,
    0xf8, 0x44, 0x00, 0x13, 0xf8, 0x40, 0x00, 0x10, 0xf8, 0x50, 0x00, 0x0d,
    0xf8, 0x4c, 0x00, 0x0a, 0xf8, 0x40, 0x00, 0x08, 0xf8, 0x54, 0x00, 0x06,
    0xf8, 0x40, 0x00, 0x04, 0xf8, 0x54, 0x00, 0x03, 0xf8, 0x80, 0x00, 0x02,
    0xf8, 0x00, 0x00, 0x01, 0xf8, 0x00, 0x00, 0x01, 0x00, 0x00, 0x00, 0x00,
    0xf8, 0x40, 0x00, 0x08, 0xf8, 0x4c, 0x00, 0x0a, 0xf8, 0x4c, 0x00, 0x0d,
    0xf8, 0x44, 0x00, 0x0f, 0xf8, 0x48, 0x00, 0x12, 0xf8, 0x48, 0x00, 0x16,
    0xf8, 0x48, 0x00, 0x19, 0xf8, 0x44, 0x00, 0x1d, 0xf8, 0x44, 0x00, 0x21,
    0xf8, 0x44, 0x00, 0x25, 0xf8, 0x48, 0x00, 0x2b, 0xf0, 0x44, 0x08, 0x34,
    0xe0, 0x48, 0x00, 0x3e, 0xd8, 0x44, 0x08, 0x49, 0xd0, 0x44, 0x08, 0x56,
    0xd0, 0x40, 0x08, 0x61, 0xc8, 0x44, 0x10, 0x6b, 0xf8, 0xec, 0xe8, 0xe4,
    0xf8, 0xfc, 0xf8, 0xff, 0xf8, 0xfc, 0xf8, 0xff, 0xd0, 0x8c, 0x70, 0xa6,
    0xb0, 0x40, 0x10, 0x8c, 0xa8, 0x40, 0x10, 0x92, 0xe8, 0xd0, 0xc8, 0xdb,
    0xf8, 0xfc, 0xf8, 0xff, 0xf8, 0xfc, 0xf8, 0xff, 0xf8, 0xfc, 0xf8, 0xff,
    0xf8, 0xfc, 0xf8, 0xff, 0xf8, 0xfc, 0xf8, 0xff, 0xf8, 0xfc, 0xf8, 0xff,
    0xf8, 0xfc, 0xf8, 0xff, 0xf8, 0xfc, 0xf8, 0xff, 0xf8, 0xfc, 0xf8, 0xff,
    0xf8, 0xfc, 0xf8, 0xff, 0xf8, 0xfc, 0xf8, 0xff, 0xe8, 0xd0, 0xc8, 0xdc,
    0xa8, 0x40, 0x10, 0x93, 0xb0, 0x40, 0x10, 0x8d, 0xd0, 0x8c, 0x70, 0xa8,
    0xf8, 0xfc, 0xf8, 0xff, 0xf8, 0xfc, 0xf8, 0xff, 0xf8, 0xec, 0xe8, 0xe6,
    0xc0, 0x40, 0x10, 0x65, 0xc8, 0x44, 0x08, 0x59, 0xc8, 0x40, 0x08, 0x4d,
    0xd8, 0x44, 0x08, 0x41, 0xe0, 0x44, 0x08, 0x35, 0xf0, 0x48, 0x08, 0x2b,
    0xf8, 0x48, 0x00, 0x23, 0xf8, 0x44, 0x00, 0x1e, 0xf8, 0x44, 0x00, 0x1a,
    0xf8, 0x48, 0x00, 0x16, 0xf8, 0x48, 0x00, 0x12, 0xf8, 0x44, 0x00, 0x0f,
    0xf8, 0x4c, 0x00, 0x0d, 0xf8, 0x4c, 0x00, 0x0a, 0xf8, 0x40, 0x00, 0x08,
    0xf8, 0x54, 0x00, 0x06, 0xf8, 0x40, 0x00, 0x04, 0xf8, 0x54, 0x00, 0x03,
    0xf8, 0x80, 0x00, 0x02, 0xf8, 0x00, 0x00, 0x01, 0xf8, 0x00, 0x00, 0x01,
    0x00, 0x00, 0x00, 0x00, 0xf8, 0x40, 0x00, 0x08, 0xf8, 0x4c, 0x00, 0x0a,
    0xf8, 0x40, 0x00, 0x0c, 0xf8, 0x44, 0x00, 0x0f, 0xf8, 0x48, 0x00, 0x12,
    0xf8, 0x48, 0x00, 0x15, 0xf8, 0x4c, 0x00, 0x18, 0xf8, 0x48, 0x00, 0x1c,
    0xf8, 0x48, 0x00, 0x20, 0xf8, 0x48, 0x00, 0x24, 0xf8, 0x48, 0x00, 0x2a,
    0xf0, 0x48, 0x00, 0x32, 0xe0, 0x44, 0x00, 0x3c, 0xd8, 0x40, 0x08, 0x49,
    0xd0, 0x40, 0x08, 0x55, 0xd0, 0x44, 0x08, 0x60, 0xc8, 0x44, 0x10, 0x6b,
    0xf8, 0xf8, 0xf8, 0xf6, 0xf8, 0xfc, 0xf8, 0xff, 0xf8, 0xfc, 0xf8, 0xff,
    0xb8, 0x58, 0x28, 0x90, 0xa8, 0x40, 0x10, 0x8d, 0xa8, 0x3c, 0x10, 0x93,
    0xf8, 0xf0, 0xf0, 0xf5, 0xf8, 0xfc, 0xf8, 0xff, 0xf8, 0xfc, 0xf8, 0xff,
    0xf8, 0xfc, 0xf8, 0xff, 0xf8, 0xfc, 0xf8, 0xff, 0xf8, 0xfc, 0xf8, 0xff,
    0xf8, 0xfc, 0xf8, 0xff, 0xf8, 0xfc, 0xf8, 0xff, 0xf8, 0xfc, 0xf8, 0xff,
    0xf8, 0xfc, 0xf8, 0xff, 0xf8, 0xfc, 0xf8, 0xff, 0xf8, 0xfc, 0xf8, 0xff,
    0xf8, 0xf0, 0xf0, 0xf5, 0xa8, 0x3c, 0x10, 0x93, 0xa8, 0x40, 0x10, 0x8e,
    0xb8, 0x5c, 0x38, 0x93, 0xf8, 0xfc, 0xf8, 0xff, 0xf8, 0xfc, 0xf8, 0xff,
    0xf8, 0xfc, 0xf8, 0xf8, 0xc0, 0x40, 0x10, 0x65, 0xc8, 0x44, 0x08, 0x58,
    0xc8, 0x40, 0x08, 0x4d, 0xd0, 0x44, 0x08, 0x41, 0xe0, 0x44, 0x08, 0x35,
    0xf0, 0x48, 0x08, 0x2a, 0xf8, 0x4c, 0x00, 0x22, 0xf8, 0x44, 0x00, 0x1d,
    0xf8, 0x48, 0x00, 0x19, 0xf8, 0x48, 0x00, 0x15, 0xf8, 0x48, 0x00, 0x12,
    0xf8, 0x44, 0x00, 0x0f, 0xf8, 0x4c, 0x00, 0x0d, 0xf8, 0x4c, 0x00, 0x0a,
    0xf8, 0x40, 0x00, 0x08, 0xf8, 0x58, 0x00, 0x06, 0xf8, 0x40, 0x00, 0x04,
    0xf8, 0x54, 0x00, 0x03, 0xf8, 0x80, 0x00, 0x02, 0xf8, 0x00, 0x00, 0x01,
    0xf8, 0x00, 0x00, 0x01, 0x00, 0x00, 0x00, 0x00, 0xf8, 0x48, 0x00, 0x07,
    0xf8, 0x38, 0x00, 0x09, 0xf8, 0x48, 0x00, 0x0b, 0xf8, 0x48, 0x00, 0x0e,
    0xf8, 0x4c, 0x00, 0x11, 0xf8, 0x4c, 0x00, 0x14, 0xf8, 0x40, 0x00, 0x17,
    0xf8, 0x4c, 0x00, 0x1b, 0xf8, 0x4c, 0x00, 0x1f, 0xf8, 0x48, 0x00, 0x23,
    0xf8, 0x48, 0x00, 0x28, 0xe8, 0x48, 0x08, 0x32, 0xe0, 0x44, 0x08, 0x3c,
    0xd8, 0x44, 0x08, 0x47, 0xd0, 0x44, 0x08, 0x53, 0xc8, 0x44, 0x08, 0x5f,
    0xc8, 0x44, 0x10, 0x6b, 0xf8, 0xfc, 0xf8, 0xff, 0xf8, 0xfc, 0xf8, 0xff,
    0xf8, 0xfc, 0xf8, 0xff, 0xb0, 0x40, 0x10, 0x88, 0xa8, 0x40, 0x10, 0x8d,
    0xa8, 0x40, 0x10, 0x93, 0xf8, 0xfc, 0xf8, 0xfe, 0xf8, 0xfc, 0xf8, 0xff,
    0xf8, 0xfc, 0xf8, 0xff, 0xf8, 0xfc, 0xf8, 0xff, 0xf8, 0xfc, 0xf8, 0xff,
    0xf8, 0xfc, 0xf8, 0xff, 0xf8, 0xfc, 0xf8, 0xff, 0xf8, 0xfc, 0xf8, 0xff,
    0xf8, 0xfc, 0xf8, 0xff, 0xf8, 0xfc, 0xf8, 0xff, 0xf8, 0xfc, 0xf8, 0xff,
    0xf8, 0xfc, 0xf8, 0xff, 0xf8, 0xfc, 0xf8, 0xfe, 0xa8, 0x40, 0x10, 0x93,
    0xa8, 0x40, 0x10, 0x8e, 0xb0, 0x48, 0x18, 0x8b, 0xf8, 0xfc, 0xf8, 0xff,
    0xf8, 0xfc, 0xf8, 0xff, 0xf8, 0xfc, 0xf8, 0xff, 0xc0, 0x44, 0x10, 0x65,
    0xc0, 0x40, 0x08, 0x59, 0xc8, 0x40, 0x08, 0x4d, 0xc8, 0x44, 0x08, 0x41,
    0xd8, 0x44, 0x08, 0x35, 0xe8, 0x48, 0x08, 0x2b, 0xf8, 0x4c, 0x00, 0x22,
    0xf8, 0x44, 0x00, 0x1d, 0xf8, 0x48, 0x00, 0x19, 0xf8, 0x48, 0x00, 0x15,
    0xf8, 0x48, 0x00, 0x12, 0xf8, 0x44, 0x00, 0x0f, 0xf8, 0x50, 0x00, 0x0d,
    0xf8, 0x4c, 0x00, 0x0a, 0xf8, 0x40, 0x00, 0x08, 0xf8, 0x54, 0x00, 0x06,
    0xf8, 0x40, 0x00, 0x04, 0xf8, 0x54, 0x00, 0x03, 0xf8, 0x80, 0x00, 0x02,
    0xf8, 0x00, 0x00, 0x01, 0xf8, 0x00, 0x00, 0x01, 0x00, 0x00, 0x00, 0x00,
    0xf8, 0x48, 0x00, 0x07, 0xf8, 0x38, 0x00, 0x09, 0xf8, 0x48, 0x00, 0x0b,
    0xf8, 0x4c, 0x00, 0x0d, 0xf8, 0x40, 0x00, 0x10, 0xf8, 0x44, 0x00, 0x13,
    0xf8, 0x44, 0x00, 0x16, 0xf8, 0x44, 0x00, 0x1a, 0xf8, 0x48, 0x00, 0x1d,
    0xf8, 0x44, 0x00, 0x21, 0xf8, 0x48, 0x00, 0x27, 0xf0, 0x44, 0x08, 0x2f,
    0xe0, 0x48, 0x00, 0x3a, 0xd0, 0x44, 0x08, 0x46, 0xd0, 0x40, 0x08, 0x51,
    0xc8, 0x40, 0x08, 0x5d, 0xc0, 0x40, 0x10, 0x69, 0xf8, 0xf8, 0xf8, 0xf7,
    0xf8, 0xfc, 0xf8, 0xff, 0xf8, 0xfc, 0xf8, 0xff, 0xb8, 0x50, 0x28, 0x8e,
    0xb0, 0x40, 0x10, 0x8c, 0xa8, 0x40, 0x10, 0x92, 0xf8, 0xf4, 0xf0, 0xf6,
    0xf8, 0xfc, 0xf8, 0xff, 0xf8, 0xfc, 0xf8, 0xff, 0xf8, 0xfc, 0xf8, 0xff,
    0xf8, 0xfc, 0xf8, 0xff, 0xf8, 0xfc, 0xf8, 0xff, 0xf8, 0xfc, 0xf8, 0xff,
    0xf8, 0xfc, 0xf8, 0xff, 0xf8, 0xfc, 0xf8, 0xff, 0xf8, 0xfc, 0xf8, 0xff,
    0xf8, 0xfc, 0xf8, 0xff, 0xf8, 0xfc, 0xf8, 0xff, 0xf8, 0xf4, 0xf0, 0xf6,
    0xa8, 0x40, 0x10, 0x93, 0xb0, 0x40, 0x10, 0x8d, 0xb8, 0x58, 0x30, 0x92,
    0xf8, 0xfc, 0xf8, 0xff, 0xf8, 0xfc, 0xf8, 0xff, 0xf8, 0xfc, 0xf8, 0xf8,
    0xc0, 0x40, 0x10, 0x64, 0xc8, 0x40, 0x10, 0x57, 0xc8, 0x44, 0x08, 0x4c,
    0xd0, 0x44, 0x08, 0x40, 0xe0, 0x44, 0x08, 0x34, 0xe8, 0x44, 0x08, 0x29,
    0xf8, 0x44, 0x00, 0x21, 0xf8, 0x48, 0x00, 0x1c, 0xf8, 0x48, 0x00, 0x19,
    0xf8, 0x48, 0x00, 0x15, 0xf8, 0x48, 0x00, 0x12, 0xf8, 0x44, 0x00, 0x0f,
    0xf8, 0x40, 0x00, 0x0c, 0xf8, 0x4c, 0x00, 0x0a, 0xf8, 0x40, 0x00, 0x08,
    0xf8, 0x54, 0x00, 0x06, 0xf8, 0x40, 0x00, 0x04, 0xf8, 0x54, 0x00, 0x03,
    0xf8, 0x80, 0x00, 0x02, 0xf8, 0x00, 0x00, 0x01, 0xf8, 0x00, 0x00, 0x01,
    0x00, 0x00, 0x00, 0x00, 0xf8, 0x54, 0x00, 0x06, 0xf8, 0x40, 0x00, 0x08,
    0xf8, 0x4c, 0x00, 0x0a, 0xf8, 0x50, 0x00, 0x0d, 0xf8, 0x44, 0x00, 0x0f,
    0xf8, 0x48, 0x00, 0x12, 0xf8, 0x48, 0x00, 0x15, 0xf8, 0x48, 0x00, 0x19,
    0xf8, 0x48, 0x00, 0x1c, 0xf8, 0x48, 0x00, 0x20, 0xf8, 0x44, 0x00, 0x25,
    0xf0, 0x48, 0x08, 0x2e, 0xe0, 0x48, 0x00, 0x37, 0xd8, 0x44, 0x08, 0x43,
    0xc8, 0x44, 0x08, 0x4f, 0xc8, 0x40, 0x08, 0x5a, 0xc0, 0x44, 0x10, 0x67,
    0xf8, 0xf0, 0xe8, 0xe6, 0xf8, 0xfc, 0xf8, 0xff, 0xf8, 0xfc, 0xf8, 0xff,
    0xc8, 0x80, 0x60, 0xa0, 0xb0, 0x40, 0x10, 0x8c, 0xa8, 0x40, 0x10, 0x91,
    0xe8, 0xd0, 0xc8, 0xdb, 0xf8, 0xfc, 0xf8, 0xff, 0xf8, 0xfc, 0xf8, 0xff,
    0xf8, 0xfc, 0xf8, 0xff, 0xf8, 0xfc, 0xf8, 0xff, 0xf8, 0xfc, 0xf8, 0xff,
    0xf8, 0xfc, 0xf8, 0xff, 0xf8, 0xfc, 0xf8, 0xff, 0xf8, 0xfc, 0xf8, 0xff,
    0xf8, 0xfc, 0xf8, 0xff, 0xf8, 0xfc, 0xf8, 0xff, 0xf8, 0xfc, 0xf8, 0xff,
    0xe8, 0xd4, 0xc8, 0xdd, 0xa8, 0x40, 0x10, 0x92, 0xb0, 0x40, 0x10, 0x8c,
    0xc8, 0x84, 0x68, 0xa3, 0xf8, 0xfc, 0xf8, 0xff, 0xf8, 0xfc, 0xf8, 0xff,
    0xf8, 0xf0, 0xe8, 0xe7, 0xc0, 0x40, 0x10, 0x62, 0xc0, 0x40, 0x08, 0x56,
    0xc8, 0x40, 0x08, 0x4a, 0xd0, 0x40, 0x08, 0x3e, 0xd8, 0x48, 0x08, 0x32,
    0xe8, 0x44, 0x00, 0x29, 0xf8, 0x48, 0x00, 0x20, 0xf8, 0x48, 0x00, 0x1c,
    0xf8, 0x4c, 0x00, 0x18, 0xf8, 0x48, 0x00, 0x15, 0xf8, 0x48, 0x00, 0x12,
    0xf8, 0x44, 0x00, 0x0f, 0xf8, 0x40, 0x00, 0x0c, 0xf8, 0x4c, 0x00, 0x0a,
    0xf8, 0x40, 0x00, 0x08, 0xf8, 0x54, 0x00, 0x06, 0xf8, 0x40, 0x00, 0x04,
    0xf8, 0x54, 0x00, 0x03, 0xf8, 0x80, 0x00, 0x02, 0xf8, 0x00, 0x00, 0x01,
    0xf8, 0x00, 0x00, 0x01, 0x00, 0x00, 0x00, 0x00, 0xf8, 0x54, 0x00, 0x06,
    0xf8, 0x40, 0x00, 0x08, 0xf8, 0x38, 0x00, 0x09, 0xf8, 0x40, 0x00, 0x0c,
    0xf8, 0x48, 0x00, 0x0e, 0xf8, 0x4c, 0x00, 0x11, 0xf8, 0x4c, 0x00, 0x14,
    0xf8, 0x44, 0x00, 0x17, 0xf8, 0x4c, 0x00, 0x1b, 0xf8, 0x4c, 0x00, 0x1f,
    0xf8, 0x48, 0x00, 0x24, 0xf0, 0x48, 0x00, 0x2b, 0xd8, 0x44, 0x08, 0x35,
    0xd8, 0x44, 0x08, 0x3f, 0xd0, 0x44, 0x08, 0x4b, 0xc8, 0x40, 0x10, 0x57,
    0xc0, 0x40, 0x10, 0x62, 0xf0, 0xd8, 0xc8, 0xc7, 0xf8, 0xfc, 0xf8, 0xff,
    0xf8, 0xfc, 0xf8, 0xff, 0xe0, 0xb8, 0xa8, 0xbf, 0xa8, 0x40, 0x10, 0x8b,
    0xa8, 0x40, 0x10, 0x90, 0xc8, 0x80, 0x68, 0xb0, 0xf8, 0xfc, 0xf8, 0xff,
    0xf8, 0xfc, 0xf8, 0xff, 0xf8, 0xfc, 0xf8, 0xff, 0xf8, 0xfc, 0xf8, 0xff,
    0xf8, 0xfc, 0xf8, 0xff, 0xf8, 0xfc, 0xf8, 0xff, 0xf8, 0xfc, 0xf8, 0xff,
    0xf8, 0xfc, 0xf8, 0xff, 0xf8, 0xfc, 0xf8, 0xff, 0xf8, 0xfc, 0xf8, 0xff,
    0xf8, 0xfc, 0xf8, 0xff, 0xc8, 0x84, 0x68, 0xb2, 0xa8, 0x40, 0x10, 0x91,
    0xb0, 0x40, 0x10, 0x8c, 0xe8, 0xbc, 0xa8, 0xc1, 0xf8, 0xfc, 0xf8, 0xff,
    0xf8, 0xfc, 0xf8, 0xff, 0xf0, 0xd8, 0xd0, 0xc9, 0xc0, 0x44, 0x10, 0x5f,
    0xc8, 0x40, 0x08, 0x53, 0xc8, 0x44, 0x08, 0x47, 0xd0, 0x44, 0x08, 0x3d,
    0xd8, 0x44, 0x08, 0x31, 0xf0, 0x48, 0x00, 0x27, 0xf8, 0x48, 0x00, 0x20,
    0xf8, 0x4c, 0x00, 0x1b, 0xf8, 0x40, 0x00, 0x17, 0xf8, 0x4c, 0x00, 0x14,
    0xf8, 0x4c, 0x00, 0x11, 0xf8, 0x48, 0x00, 0x0e, 0xf8, 0x40, 0x00, 0x0c,
    0xf8, 0x38, 0x00, 0x09, 0xf8, 0x40, 0x00, 0x08, 0xf8, 0x54, 0x00, 0x06,
    0xf8, 0x40, 0x00, 0x04, 0xf8, 0x54, 0x00, 0x03, 0xf8, 0x80, 0x00, 0x02,
    0xf8, 0x00, 0x00, 0x01, 0xf8, 0x00, 0x00, 0x01, 0x00, 0x00, 0x00, 0x00,
    0xf8, 0x34, 0x00, 0x05, 0xf8, 0x48, 0x00, 0x07, 0xf8, 0x38, 0x00, 0x09,
    0xf8, 0x48, 0x00, 0x0b, 0xf8, 0x4c, 0x00, 0x0d, 0xf8, 0x40, 0x00, 0x10,
    0xf8, 0x44, 0x00, 0x13, 0xf8, 0x44, 0x00, 0x16, 0xf8, 0x48, 0x00, 0x19,
    0xf8, 0x44, 0x00, 0x1d, 0xf8, 0x4c, 0x00, 0x22, 0xf0, 0x44, 0x00, 0x28,
    0xe8, 0x44, 0x08, 0x31, 0xd0, 0x44, 0x08, 0x3d, 0xd0, 0x44, 0x08, 0x48,
    0xc8, 0x44, 0x10, 0x53, 0xc0, 0x40, 0x08, 0x5e, 0xe0, 0xa4, 0x90, 0x9b,
    0xf8, 0xfc, 0xf8, 0xff, 0xf8, 0xfc, 0xf8, 0xff, 0xf8, 0xf0, 0xe8, 0xed,
    0xb0, 0x44, 0x18, 0x8b, 0xb0, 0x40, 0x10, 0x8e, 0xa8, 0x44, 0x18, 0x95,
    0xe8, 0xc8, 0xb8, 0xd6, 0xf8, 0xfc, 0xf8, 0xff, 0xf8, 0xfc, 0xf8, 0xff,
    0xf8, 0xfc, 0xf8, 0xff, 0xf8, 0xfc, 0xf8, 0xff, 0xf8, 0xfc, 0xf8, 0xff,
    0xf8, 0xfc, 0xf8, 0xff, 0xf8, 0xfc, 0xf8, 0xff, 0xf8, 0xfc, 0xf8, 0xff,
    0xf8, 0xfc, 0xf8, 0xff, 0xe8, 0xc8, 0xc0, 0xd8, 0xa8, 0x44, 0x18, 0x96,
    0xa8, 0x40, 0x10, 0x8e, 0xb0, 0x48, 0x18, 0x8c, 0xf8, 0xf0, 0xf0, 0xee,
    0xf8, 0xfc, 0xf8, 0xff, 0xf8, 0xfc, 0xf8, 0xff, 0xe0, 0xac, 0x98, 0x9c,
    0xc0, 0x44, 0x10, 0x5b, 0xc8, 0x40, 0x10, 0x4f, 0xc8, 0x44, 0x08, 0x44,
    0xd0, 0x44, 0x08, 0x3a, 0xe0, 0x44, 0x08, 0x2f, 0xf0, 0x44, 0x00, 0x25,
    0xf8, 0x4c, 0x00, 0x1f, 0xf8, 0x44, 0x00, 0x1a, 0xf8, 0x44, 0x00, 0x17,
    0xf8, 0x44, 0x00, 0x13, 0xf8, 0x4c, 0x00, 0x11, 0xf8, 0x48, 0x00, 0x0e,
    0xf8, 0x44, 0x00, 0x0b, 0xf8, 0x38, 0x00, 0x09, 0xf8, 0x48, 0x00, 0x07,
    0xf8, 0x58, 0x00, 0x06, 0xf8, 0x40, 0x00, 0x04, 0xf8, 0x54, 0x00, 0x03,
    0xf8, 0x80, 0x00, 0x02, 0xf8, 0x00, 0x00, 0x01, 0xf8, 0x00, 0x00, 0x01,
    0x00, 0x00, 0x00, 0x00, 0xf8, 0x34, 0x00, 0x05, 0xf8, 0x54, 0x00, 0x06,
    0xf8, 0x40, 0x00, 0x08, 0xf8, 0x4c, 0x00, 0x0a, 0xf8, 0x50, 0x00, 0x0d,
    0xf8, 0x44, 0x00, 0x0f, 0xf8, 0x48, 0x00, 0x12, 0xf8, 0x48, 0x00, 0x15,
    0xf8, 0x48, 0x00, 0x18, 0xf8, 0x48, 0x00, 0x1c, 0xf8, 0x48, 0x00, 0x20,
    0xf0, 0x48, 0x00, 0x26, 0xe0, 0x40, 0x08, 0x2e, 0xd8, 0x44, 0x08, 0x38,
    0xd0, 0x44, 0x08, 0x43, 0xc8, 0x40, 0x08, 0x4e, 0xc8, 0x40, 0x08, 0x5a,
    0xc8, 0x54, 0x20, 0x6d, 0xf8, 0xf4, 0xf8, 0xf1, 0xf8, 0xfc, 0xf8, 0xff,
    0xf8, 0xfc, 0xf8, 0xfe, 0xe0, 0xac, 0x98, 0xb8, 0xb0, 0x40, 0x10, 0x8c,
    0xa8, 0x40, 0x10, 0x90, 0xb0, 0x50, 0x28, 0x9b, 0xe8, 0xc8, 0xb8, 0xd6,
    0xf8, 0xfc, 0xf8, 0xff, 0xf8, 0xfc, 0xf8, 0xff, 0xf8, 0xfc, 0xf8, 0xff,
    0xf8, 0xfc, 0xf8, 0xff, 0xf8, 0xfc, 0xf8, 0xff, 0xf8, 0xfc, 0xf8, 0xff,
    0xf8, 0xfc, 0xf8, 0xff, 0xe8, 0xcc, 0xc0, 0xd8, 0xb0, 0x50, 0x28, 0x9b,
    0xa8, 0x40, 0x10, 0x91, 0xb0, 0x40, 0x10, 0x8c, 0xe0, 0xb0, 0xa0, 0xba,
    0xf8, 0xfc, 0xf8, 0xfe, 0xf8, 0xfc, 0xf8, 0xff, 0xf8, 0xf8, 0xf0, 0xf2,
    0xc0, 0x54, 0x28, 0x6c, 0xc0, 0x40, 0x08, 0x57, 0xc8, 0x40, 0x08, 0x4b,
    0xd0, 0x44, 0x08, 0x41, 0xd8, 0x40, 0x08, 0x36, 0xe0, 0x44, 0x08, 0x2d,
    0xf0, 0x48, 0x00, 0x24, 0xf8, 0x44, 0x00, 0x1e, 0xf8, 0x48, 0x00, 0x19,
    0xf8, 0x44, 0x00, 0x16, 0xf8, 0x44, 0x00, 0x13, 0xf8, 0x40, 0x00, 0x10,
    0xf8, 0x4c, 0x00, 0x0d, 0xf8, 0x48, 0x00, 0x0b, 0xf8, 0x38, 0x00, 0x09,
    0xf8, 0x48, 0x00, 0x07, 0xf8, 0x34, 0x00, 0x05, 0xf8, 0x40, 0x00, 0x04,
    0xf8, 0x54, 0x00, 0x03, 0xf8, 0x80, 0x00, 0x02, 0xf8, 0x00, 0x00, 0x01,
    0xf8, 0x00, 0x00, 0x01, 0x00, 0x00, 0x00, 0x00, 0xf8, 0x40, 0x00, 0x04,
    0xf8, 0x54, 0x00, 0x06, 0xf8, 0x40, 0x00, 0x08, 0xf8, 0x38, 0x00, 0x09,
    0xf8, 0x40, 0x00, 0x0c, 0xf8, 0x48, 0x00, 0x0e, 0xf8, 0x4c, 0x00, 0x11,
    0xf8, 0x44, 0x00, 0x13, 0xf8, 0x44, 0x00, 0x17, 0xf8, 0x44, 0x00, 0x1a,
    0xf8, 0x4c, 0x00, 0x1f, 0xf0, 0x48, 0x00, 0x24, 0xe8, 0x48, 0x08, 0x2b,
    0xe0, 0x48, 0x00, 0x33, 0xd0, 0x40, 0x08, 0x3e, 0xd0, 0x44, 0x08, 0x48,
    0xc8, 0x40, 0x10, 0x53, 0xc0, 0x44, 0x10, 0x61, 0xe8, 0xc0, 0xb0, 0xae,
    0xf8, 0xfc, 0xf8, 0xff, 0xf8, 0xfc, 0xf8, 0xff, 0xf8, 0xf8, 0xf8, 0xf6,
    0xc8, 0x78, 0x50, 0x9c, 0xa8, 0x40, 0x10, 0x8c, 0xa8, 0x40, 0x10, 0x90,
    0xb0, 0x48, 0x20, 0x97, 0xc8, 0x8c, 0x70, 0xb3, 0xe8, 0xd4, 0xc8, 0xde,
    0xf8, 0xf4, 0xf0, 0xf6, 0xf8, 0xfc, 0xf8, 0xfd, 0xf8, 0xf4, 0xf0, 0xf6,
    0xe8, 0xd4, 0xc8, 0xde, 0xc8, 0x8c, 0x70, 0xb4, 0xb0, 0x4c, 0x20, 0x98,
    0xa8, 0x40, 0x10, 0x91, 0xb0, 0x40, 0x10, 0x8c, 0xc8, 0x80, 0x60, 0xa3,
    0xf8, 0xf8, 0xf8, 0xf8, 0xf8, 0xfc, 0xf8, 0xff, 0xf8, 0xfc, 0xf8, 0xff,
    0xe8, 0xc0, 0xb0, 0xaf, 0xc0, 0x44, 0x10, 0x5f, 0xc8, 0x40, 0x08, 0x52,
    0xc8, 0x44, 0x08, 0x47, 0xd0, 0x44, 0x08, 0x3d, 0xe0, 0x48, 0x08, 0x32,
    0xe8, 0x44, 0x08, 0x29, 0xf0, 0x44, 0x00, 0x22, 0xf8, 0x44, 0x00, 0x1d,
    0xf8, 0x48, 0x00, 0x18, 0xf8, 0x48, 0x00, 0x15, 0xf8, 0x48, 0x00, 0x12,
    0xf8, 0x44, 0x00, 0x0f, 0xf8, 0x50, 0x00, 0x0d, 0xf8, 0x48, 0x00, 0x0b,
    0xf8, 0x38, 0x00, 0x09, 0xf8, 0x48, 0x00, 0x07, 0xf8, 0x34, 0x00, 0x05,
    0xf8, 0x40, 0x00, 0x04, 0xf8, 0x54, 0x00, 0x03, 0xf8, 0x80, 0x00, 0x02,
    0xf8, 0x00, 0x00, 0x01, 0xf8, 0x00, 0x00, 0x01, 0x00, 0x00, 0x00, 0x00,
    0xf8, 0x40, 0x00, 0x04, 0xf8, 0x54, 0x00, 0x06, 0xf8, 0x48, 0x00, 0x07,
    0xf8, 0x38, 0x00, 0x09, 0xf8, 0x48, 0x00, 0x0b, 0xf8, 0x4c, 0x00, 0x0d,
    0xf8, 0x40, 0x00, 0x10, 0xf8, 0x48, 0x00, 0x12, 0xf8, 0x48, 0x00, 0x15,
    0xf8, 0x4c, 0x00, 0x18, 0xf8, 0x44, 0x00, 0x1d, 0xf8, 0x48, 0x00, 0x21,
    0xe8, 0x48, 0x00, 0x27, 0xe8, 0x44, 0x08, 0x2f, 0xd8, 0x44, 0x08, 0x38,
    0xd0, 0x44, 0x08, 0x43, 0xc8, 0x44, 0x08, 0x4d, 0xc0, 0x40, 0x08, 0x5a,
    0xc0, 0x50, 0x20, 0x6b, 0xf8, 0xec, 0xe8, 0xe3, 0xf8, 0xfc, 0xf8, 0xff,
    0xf8, 0xfc, 0xf8, 0xff, 0xf8, 0xf0, 0xf0, 0xee, 0xc8, 0x78, 0x58, 0x9e,
    0xb0, 0x40, 0x10, 0x8c, 0xa8, 0x40, 0x10, 0x8e, 0xa8, 0x44, 0x18, 0x92,
    0xb0, 0x4c, 0x20, 0x97, 0xb0, 0x50, 0x28, 0x98, 0xb0, 0x54, 0x28, 0x9a,
    0xb0, 0x50, 0x28, 0x98, 0xb0, 0x4c, 0x20, 0x97, 0xa8, 0x44, 0x18, 0x92,
    0xa8, 0x40, 0x10, 0x8e, 0xb0, 0x40, 0x10, 0x8c, 0xc8, 0x7c, 0x58, 0x9f,
    0xf8, 0xf0, 0xf0, 0xf0, 0xf8, 0xfc, 0xf8, 0xff, 0xf8, 0xfc, 0xf8, 0xff,
    0xf8, 0xec, 0xe8, 0xe5, 0xc0, 0x54, 0x28, 0x6b, 0xc0, 0x44, 0x10, 0x58,
    0xc8, 0x40, 0x08, 0x4d, 0xc8, 0x44, 0x08, 0x41, 0xd8, 0x44, 0x08, 0x37,
    0xe0, 0x40, 0x08, 0x2e, 0xe8, 0x44, 0x00, 0x26, 0xf8, 0x48, 0x00, 0x20,
    0xf8, 0x44, 0x00, 0x1b, 0xf8, 0x44, 0x00, 0x17, 0xf8, 0x4c, 0x00, 0x14,
    0xf8, 0x4c, 0x00, 0x11, 0xf8, 0x44, 0x00, 0x0f, 0xf8, 0x40, 0x00, 0x0c,
    0xf8, 0x4c, 0x00, 0x0a, 0xf8, 0x40, 0x00, 0x08, 0xf8, 0x54, 0x00, 0x06,
    0xf8, 0x34, 0x00, 0x05, 0xf8, 0x40, 0x00, 0x04, 0xf8, 0x54, 0x00, 0x03,
    0xf8, 0x80, 0x00, 0x02, 0xf8, 0x00, 0x00, 0x01, 0xf8, 0x00, 0x00, 0x01,
    0x00, 0x00, 0x00, 0x00, 0xf8, 0x40, 0x00, 0x04, 0xf8, 0x34, 0x00, 0x05,
    0xf8, 0x54, 0x00, 0x06, 0xf8, 0x40, 0x00, 0x08, 0xf8, 0x4c, 0x00, 0x0a,
    0xf8, 0x40, 0x00, 0x0c, 0xf8, 0x48, 0x00, 0x0e, 0xf8, 0x4c, 0x00, 0x11,
    0xf8, 0x4c, 0x00, 0x14, 0xf8, 0x40, 0x00, 0x17, 0xf8, 0x44, 0x00, 0x1a,
    0xf8, 0x44, 0x00, 0x1e, 0xf0, 0x48, 0x00, 0x24, 0xe8, 0x48, 0x08, 0x2b,
    0xd8, 0x48, 0x08, 0x33, 0xd8, 0x44, 0x08, 0x3d, 0xc8, 0x40, 0x08, 0x46,
    0xc8, 0x40, 0x10, 0x52, 0xc0, 0x40, 0x10, 0x5e, 0xd0, 0x80, 0x60, 0x82,
    0xf8, 0xf8, 0xf8, 0xf4, 0xf8, 0xfc, 0xf8, 0xff, 0xf8, 0xfc, 0xf8, 0xfe,
    0xf8, 0xf8, 0xf0, 0xf4, 0xe0, 0xac, 0x98, 0xb7, 0xb0, 0x48, 0x18, 0x8b,
    0xb0, 0x40, 0x10, 0x8b, 0xb0, 0x40, 0x10, 0x8c, 0xb0, 0x40, 0x10, 0x8c,
    0xb0, 0x40, 0x10, 0x8d, 0xb0, 0x40, 0x10, 0x8c, 0xb0, 0x40, 0x10, 0x8c,
    0xb0, 0x40, 0x10, 0x8b, 0xb0, 0x48, 0x18, 0x8b, 0xe0, 0xac, 0x98, 0xb9,
    0xf8, 0xf8, 0xf8, 0xf5, 0xf8, 0xfc, 0xf8, 0xfe, 0xf8, 0xfc, 0xf8, 0xff,
    0xf8, 0xf8, 0xf8, 0xf4, 0xd8, 0x84, 0x60, 0x82, 0xc0, 0x40, 0x10, 0x5d,
    0xc0, 0x40, 0x08, 0x52, 0xc8, 0x44, 0x10, 0x46, 0xd8, 0x44, 0x08, 0x3c,
    0xd8, 0x48, 0x08, 0x32, 0xe8, 0x48, 0x08, 0x2a, 0xf0, 0x48, 0x00, 0x23,
    0xf8, 0x44, 0x00, 0x1e, 0xf8, 0x48, 0x00, 0x19, 0xf8, 0x44, 0x00, 0x16,
    0xf8, 0x44, 0x00, 0x13, 0xf8, 0x40, 0x00, 0x10, 0xf8, 0x48, 0x00, 0x0e,
    0xf8, 0x40, 0x00, 0x0c, 0xf8, 0x38, 0x00, 0x09, 0xf8, 0x40, 0x00, 0x08,
    0xf8, 0x54, 0x00, 0x06, 0xf8, 0x34, 0x00, 0x05, 0xf8, 0x54, 0x00, 0x03,
    0xf8, 0x54, 0x00, 0x03, 0xf8, 0x80, 0x00, 0x02, 0xf8, 0x00, 0x00, 0x01,
    0xf8, 0x00, 0x00, 0x01, 0x00, 0x00, 0x00, 0x00, 0xf8, 0x54, 0x00, 0x03,
    0xf8, 0x40, 0x00, 0x04, 0xf8, 0x54, 0x00, 0x06, 0xf8, 0x40, 0x00, 0x08,
    0xf8, 0x38, 0x00, 0x09, 0xf8, 0x48, 0x00, 0x0b, 0xf8, 0x50, 0x00, 0x0d,
    0xf8, 0x40, 0x00, 0x10, 0xf8, 0x48, 0x00, 0x12, 0xf8, 0x48, 0x00, 0x15,
    0xf8, 0x4c, 0x00, 0x18, 0xf8, 0x48, 0x00, 0x1c, 0xf8, 0x44, 0x00, 0x21,
    0xe8, 0x48, 0x00, 0x27, 0xe0, 0x40, 0x08, 0x2e, 0xd8, 0x48, 0x08, 0x37,
    0xd0, 0x40, 0x08, 0x3f, 0xc8, 0x40, 0x08, 0x4a, 0xc8, 0x44, 0x10, 0x55,
    0xc0, 0x48, 0x10, 0x60, 0xd8, 0x98, 0x78, 0x8d, 0xf8, 0xf8, 0xf8, 0xf4,
    0xf8, 0xfc, 0xf8, 0xff, 0xf8, 0xfc, 0xf8, 0xff, 0xf8, 0xfc, 0xf8, 0xfb,
    0xf8, 0xec, 0xe8, 0xea, 0xe0, 0xbc, 0xa8, 0xc2, 0xc8, 0x80, 0x60, 0xa3,
    0xb8, 0x60, 0x38, 0x94, 0xb0, 0x44, 0x18, 0x89, 0xb8, 0x58, 0x28, 0x90,
    0xc8, 0x80, 0x60, 0xa2, 0xe0, 0xb8, 0xa8, 0xbf, 0xf8, 0xec, 0xe8, 0xea,
    0xf8, 0xfc, 0xf8, 0xfb, 0xf8, 0xfc, 0xf8, 0xff, 0xf8, 0xfc, 0xf8, 0xff,
    0xf8, 0xf8, 0xf8, 0xf5, 0xd8, 0x94, 0x78, 0x8e, 0xc0, 0x44, 0x10, 0x60,
    0xc0, 0x44, 0x10, 0x55, 0xc8, 0x40, 0x08, 0x4a, 0xd0, 0x40, 0x08, 0x3f,
    0xd8, 0x48, 0x08, 0x37, 0xe0, 0x40, 0x08, 0x2e, 0xe8, 0x44, 0x00, 0x26,
    0xf8, 0x48, 0x00, 0x20, 0xf8, 0x48, 0x00, 0x1c, 0xf8, 0x48, 0x00, 0x18,
    0xf8, 0x48, 0x00, 0x15, 0xf8, 0x48, 0x00, 0x12, 0xf8, 0x44, 0x00, 0x0f,
    0xf8, 0x4c, 0x00, 0x0d, 0xf8, 0x48, 0x00, 0x0b, 0xf8, 0x38, 0x00, 0x09,
    0xf8, 0x48, 0x00, 0x07, 0xf8, 0x54, 0x00, 0x06, 0xf8, 0x40, 0x00, 0x04,
    0xf8, 0x54, 0x00, 0x03, 0xf8, 0x80, 0x00, 0x02, 0xf8, 0x00, 0x00, 0x01,
    0xf8, 0x00, 0x00, 0x01, 0xf8, 0x00, 0x00, 0x01, 0x00, 0x00, 0x00, 0x00,
    0xf8, 0x54, 0x00, 0x03, 0xf8, 0x40, 0x00, 0x04, 0xf8, 0x34, 0x00, 0x05,
    0xf8, 0x48, 0x00, 0x07, 0xf8, 0x40, 0x00, 0x08, 0xf8, 0x4c, 0x00, 0x0a,
    0xf8, 0x40, 0x00, 0x0c, 0xf8, 0x48, 0x00, 0x0e, 0xf8, 0x4c, 0x00, 0x11,
    0xf8, 0x44, 0x00, 0x13, 0xf8, 0x40, 0x00, 0x17, 0xf0, 0x44, 0x00, 0x1a,
    0xf8, 0x44, 0x00, 0x1e, 0xf0, 0x48, 0x00, 0x23, 0xe8, 0x48, 0x08, 0x2a,
    0xe0, 0x44, 0x08, 0x31, 0xd8, 0x44, 0x08, 0x38, 0xd0, 0x44, 0x08, 0x42,
    0xc8, 0x44, 0x08, 0x4d, 0xc0, 0x40, 0x10, 0x56, 0xc0, 0x48, 0x10, 0x61,
    0xd8, 0x88, 0x68, 0x83, 0xf8, 0xf0, 0xe8, 0xe5, 0xf8, 0xfc, 0xf8, 0xff,
    0xf8, 0xfc, 0xf8, 0xff, 0xf8, 0xfc, 0xf8, 0xfe, 0xf8, 0xfc, 0xf8, 0xfb,
    0xf8, 0xf8, 0xf8, 0xf9, 0xf8, 0xf8, 0xf8, 0xf8, 0xf8, 0xf8, 0xf8, 0xf8,
    0xf8, 0xf8, 0xf8, 0xf8, 0xf8, 0xf8, 0xf8, 0xf9, 0xf8, 0xfc, 0xf8, 0xfb,
    0xf8, 0xfc, 0xf8, 0xfe, 0xf8, 0xfc, 0xf8, 0xff, 0xf8, 0xfc, 0xf8, 0xff,
    0xf8, 0xec, 0xe8, 0xe5, 0xd0, 0x88, 0x68, 0x84, 0xc0, 0x48, 0x18, 0x61,
    0xc0, 0x40, 0x10, 0x56, 0xc8, 0x44, 0x08, 0x4d, 0xd0, 0x40, 0x08, 0x42,
    0xd8, 0x44, 0x08, 0x38, 0xe0, 0x44, 0x08, 0x30, 0xe8, 0x44, 0x08, 0x29,
    0xf0, 0x48, 0x00, 0x23, 0xf8, 0x48, 0x00, 0x1d, 0xf8, 0x44, 0x00, 0x1a,
    0xf8, 0x48, 0x00, 0x16, 0xf8, 0x44, 0x00, 0x13, 0xf8, 0x4c, 0x00, 0x11,
    0xf8, 0x48, 0x00, 0x0e, 0xf8, 0x40, 0x00, 0x0c, 0xf8, 0x4c, 0x00, 0x0a,
    0xf8, 0x40, 0x00, 0x08, 0xf8, 0x48, 0x00, 0x07, 0xf8, 0x34, 0x00, 0x05,
    0xf8, 0x40, 0x00, 0x04, 0xf8, 0x58, 0x00, 0x03, 0xf8, 0x80, 0x00, 0x02,
    0xf8, 0x00, 0x00, 0x01, 0xf8, 0x00, 0x00, 0x01, 0xf8, 0x00, 0x00, 0x01,
    0x00, 0x00, 0x00, 0x00, 0xf8, 0x54, 0x00, 0x03, 0xf8, 0x40, 0x00, 0x04,
    0xf8, 0x34, 0x00, 0x05, 0xf8, 0x54, 0x00, 0x06, 0xf8, 0x40, 0x00, 0x08,
    0xf8, 0x38, 0x00, 0x09, 0xf8, 0x44, 0x00, 0x0b, 0xf8, 0x50, 0x00, 0x0d,
    0xf8, 0x40, 0x00, 0x10, 0xf8, 0x48, 0x00, 0x12, 0xf8, 0x48, 0x00, 0x15,
    0xf8, 0x44, 0x00, 0x17, 0xf8, 0x44, 0x00, 0x1b, 0xf8, 0x48, 0x00, 0x20,
    0xf0, 0x48, 0x00, 0x24, 0xe8, 0x48, 0x08, 0x2a, 0xd8, 0x48, 0x08, 0x32,
    0xd8, 0x44, 0x08, 0x3b, 0xd0, 0x44, 0x08, 0x43, 0xc8, 0x40, 0x08, 0x4d,
    0xc0, 0x40, 0x10, 0x55, 0xc0, 0x44, 0x10, 0x5e, 0xc8, 0x5c, 0x30, 0x6d,
    0xe8, 0xbc, 0xa8, 0xa9, 0xf8, 0xf8, 0xf8, 0xf1, 0xf8, 0xfc, 0xf8, 0xff,
    0xf8, 0xfc, 0xf8, 0xff, 0xf8, 0xfc, 0xf8, 0xff, 0xf8, 0xfc, 0xf8, 0xff,
    0xf8, 0xfc, 0xf8, 0xff, 0xf8, 0xfc, 0xf8, 0xff, 0xf8, 0xfc, 0xf8, 0xff,
    0xf8, 0xfc, 0xf8, 0xff, 0xf8, 0xfc, 0xf8, 0xff, 0xf8, 0xf8, 0xf8, 0xf4,
    0xe8, 0xc4, 0xb8, 0xb2, 0xc0, 0x60, 0x30, 0x70, 0xc0, 0x44, 0x10, 0x5e,
    0xc0, 0x44, 0x10, 0x55, 0xc8, 0x40, 0x08, 0x4d, 0xd0, 0x44, 0x08, 0x43,
    0xd8, 0x44, 0x08, 0x3b, 0xd8, 0x48, 0x08, 0x32, 0xe0, 0x48, 0x08, 0x2b,
    0xf0, 0x48, 0x00, 0x24, 0xf8, 0x48, 0x00, 0x20, 0xf8, 0x40, 0x00, 0x1b,
    0xf8, 0x44, 0x00, 0x17, 0xf8, 0x48, 0x00, 0x15, 0xf8, 0x48, 0x00, 0x12,
    0xf8, 0x40, 0x00, 0x10, 0xf8, 0x4c, 0x00, 0x0d, 0xf8, 0x48, 0x00, 0x0b,
    0xf8, 0x38, 0x00, 0x09, 0xf8, 0x40, 0x00, 0x08, 0xf8, 0x54, 0x00, 0x06,
    0xf8, 0x34, 0x00, 0x05, 0xf8, 0x40, 0x00, 0x04, 0xf8, 0x54, 0x00, 0x03,
    0xf8, 0x80, 0x00, 0x02, 0xf8, 0x00, 0x00, 0x01, 0xf8, 0x00, 0x00, 0x01,
    0x00, 0x00, 0x00, 0x00, 0x00, 0x00, 0x00, 0x00, 0xf8, 0x54, 0x00, 0x03,
    0xf8, 0x54, 0x00, 0x03, 0xf8, 0x40, 0x00, 0x04, 0xf8, 0x54, 0x00, 0x06,
    0xf8, 0x4c, 0x00, 0x07, 0xf8, 0x38, 0x00, 0x09, 0xf8, 0x4c, 0x00, 0x0a,
    0xf8, 0x40, 0x00, 0x0c, 0xf8, 0x48, 0x00, 0x0e, 0xf8, 0x4c, 0x00, 0x11,
    0xf8, 0x44, 0x00, 0x13, 0xf8, 0x44, 0x00, 0x16, 0xf8, 0x44, 0x00, 0x1a,
    0xf8, 0x48, 0x00, 0x1c, 0xf0, 0x48, 0x00, 0x21, 0xe8, 0x44, 0x00, 0x26,
    0xe0, 0x44, 0x08, 0x2c, 0xd8, 0x48, 0x08, 0x33, 0xd8, 0x44, 0x08, 0x3b,
    0xd0, 0x44, 0x08, 0x43, 0xc8, 0x40, 0x08, 0x4a, 0xc0, 0x40, 0x10, 0x52,
    0xc0, 0x40, 0x08, 0x59, 0xc0, 0x4c, 0x20, 0x61, 0xc8, 0x60, 0x38, 0x70,
    0xe0, 0xa8, 0x90, 0x99, 0xf0, 0xd8, 0xd0, 0xc7, 0xf8, 0xf0, 0xe8, 0xe7,
    0xf8, 0xfc, 0xf8, 0xf8, 0xf8, 0xfc, 0xf8, 0xff, 0xf8, 0xfc, 0xf8, 0xf8,
    0xf8, 0xf0, 0xf0, 0xe7, 0xf0, 0xd8, 0xd0, 0xc8, 0xe0, 0xa8, 0x90, 0x9a,
    0xc8, 0x64, 0x40, 0x71, 0xc0, 0x50, 0x20, 0x62, 0xc0, 0x40, 0x10, 0x59,
    0xc8, 0x40, 0x08, 0x53, 0xd0, 0x40, 0x08, 0x4a, 0xd0, 0x44, 0x08, 0x43,
    0xd0, 0x44, 0x08, 0x3b, 0xe0, 0x48, 0x08, 0x33, 0xe0, 0x44, 0x08, 0x2c,
    0xe8, 0x44, 0x00, 0x26, 0xf0, 0x44, 0x00, 0x22, 0xf8, 0x48, 0x00, 0x1c,
    0xf0, 0x44, 0x00, 0x1a, 0xf8, 0x48, 0x00, 0x16, 0xf8, 0x44, 0x00, 0x13,
    0xf8, 0x4c, 0x00, 0x11, 0xf8, 0x48, 0x00, 0x0e, 0xf8, 0x40, 0x00, 0x0c,
    0xf8, 0x4c, 0x00, 0x0a, 0xf8, 0x38, 0x00, 0x09, 0xf8, 0x48, 0x00, 0x07,
    0xf8, 0x58, 0x00, 0x06, 0xf8, 0x40, 0x00, 0x04, 0xf8, 0x54, 0x00, 0x03,
    0xf8, 0x54, 0x00, 0x03, 0xf8, 0x80, 0x00, 0x02, 0xf8, 0x00, 0x00, 0x01,
    0xf8, 0x00, 0x00, 0x01, 0x00, 0x00, 0x00, 0x00, 0x00, 0x00, 0x00, 0x00,
    0xf8, 0x80, 0x00, 0x02, 0xf8, 0x54, 0x00, 0x03, 0xf8, 0x40, 0x00, 0x04,
    0xf8, 0x34, 0x00, 0x05, 0xf8, 0x54, 0x00, 0x06, 0xf8, 0x40, 0x00, 0x08,
    0xf8, 0x38, 0x00, 0x09, 0xf8, 0x48, 0x00, 0x0b, 0xf8, 0x4c, 0x00, 0x0d,
    0xf8, 0x44, 0x00, 0x0f, 0xf8, 0x4c, 0x00, 0x11, 0xf8, 0x4c, 0x00, 0x14,
    0xf8, 0x44, 0x00, 0x16, 0xf0, 0x44, 0x00, 0x1a, 0xf8, 0x48, 0x00, 0x1d,
    0xf0, 0x44, 0x00, 0x22, 0xe8, 0x44, 0x00, 0x26, 0xe0, 0x44, 0x08, 0x2c,
    0xd8, 0x48, 0x08, 0x33, 0xd8, 0x44, 0x08, 0x39, 0xd0, 0x44, 0x08, 0x40,
    0xd0, 0x44, 0x08, 0x46, 0xc8, 0x44, 0x08, 0x4d, 0xc8, 0x40, 0x10, 0x53,
    0xc0, 0x44, 0x08, 0x58, 0xc0, 0x4c, 0x18, 0x5e, 0xc8, 0x50, 0x28, 0x63,
    0xc8, 0x58, 0x28, 0x69, 0xc8, 0x5c, 0x30, 0x6a, 0xc8, 0x5c, 0x30, 0x6b,
    0xc8, 0x5c, 0x30, 0x6a, 0xc0, 0x58, 0x28, 0x69, 0xc0, 0x50, 0x28, 0x63,
    0xc0, 0x4c, 0x18, 0x5e, 0xc0, 0x44, 0x08, 0x58, 0xc8, 0x40, 0x08, 0x53,
    0xc8, 0x40, 0x08, 0x4e, 0xd0, 0x44, 0x10, 0x46, 0xd0, 0x44, 0x08, 0x40,
    0xd8, 0x44, 0x08, 0x39, 0xd8, 0x48, 0x08, 0x33, 0xe0, 0x44, 0x08, 0x2c,
    0xf0, 0x44, 0x00, 0x26, 0xf0, 0x44, 0x00, 0x22, 0xf8, 0x44, 0x00, 0x1d,
    0xf8, 0x44, 0x00, 0x1a, 0xf8, 0x48, 0x00, 0x16, 0xf8, 0x4c, 0x00, 0x14,
    0xf8, 0x48, 0x00, 0x12, 0xf8, 0x44, 0x00, 0x0f, 0xf8, 0x4c, 0x00, 0x0d,
    0xf8, 0x48, 0x00, 0x0b, 0xf8, 0x38, 0x00, 0x09, 0xf8, 0x40, 0x00, 0x08,
    0xf8, 0x54, 0x00, 0x06, 0xf8, 0x34, 0x00, 0x05, 0xf8, 0x40, 0x00, 0x04,
    0xf8, 0x54, 0x00, 0x03, 0xf8, 0x80, 0x00, 0x02, 0xf8, 0x80, 0x00, 0x02,
    0xf8, 0x00, 0x00, 0x01, 0xf8, 0x00, 0x00, 0x01, 0x00, 0x00, 0x00, 0x00,
    0x00, 0x00, 0x00, 0x00, 0xf8, 0x80, 0x00, 0x02, 0xf8, 0x54, 0x00, 0x03,
    0xf8, 0x40, 0x00, 0x04, 0xf8, 0x40, 0x00, 0x04, 0xf8, 0x54, 0x00, 0x06,
    0xf8, 0x48, 0x00, 0x07, 0xf8, 0x40, 0x00, 0x08, 0xf8, 0x4c, 0x00, 0x0a,
    0xf8, 0x40, 0x00, 0x0c, 0xf8, 0x48, 0x00, 0x0e, 0xf8, 0x40, 0x00, 0x10,
    0xf8, 0x48, 0x00, 0x12, 0xf8, 0x4c, 0x00, 0x14, 0xf8, 0x44, 0x00, 0x17,
    0xf8, 0x44, 0x00, 0x1a, 0xf8, 0x44, 0x00, 0x1d, 0xf0, 0x44, 0x00, 0x22,
    0xf0, 0x44, 0x00, 0x26, 0xe8, 0x48, 0x08, 0x2b, 0xe0, 0x44, 0x08, 0x31,
    0xd8, 0x44, 0x08, 0x38, 0xd0, 0x44, 0x08, 0x3d, 0xd0, 0x40, 0x10, 0x42,
    0xc8, 0x44, 0x08, 0x47, 0xc8, 0x44, 0x08, 0x4c, 0xc0, 0x40, 0x10, 0x4f,
    0xc0, 0x40, 0x08, 0x52, 0xc0, 0x44, 0x10, 0x55, 0xc0, 0x40, 0x10, 0x56,
    0xc0, 0x40, 0x10, 0x56, 0xc0, 0x40, 0x08, 0x56, 0xc0, 0x44, 0x08, 0x55,
    0xc8, 0x40, 0x10, 0x52, 0xc8, 0x40, 0x10, 0x4f, 0xc8, 0x44, 0x08, 0x4c,
    0xc8, 0x44, 0x08, 0x48, 0xd0, 0x40, 0x10, 0x42, 0xd0, 0x44, 0x08, 0x3d,
    0xd8, 0x44, 0x08, 0x38, 0xe0, 0x44, 0x08, 0x31, 0xe0, 0x48, 0x08, 0x2b,
    0xe8, 0x44, 0x00, 0x26, 0xf0, 0x44, 0x00, 0x22, 0xf8, 0x44, 0x00, 0x1d,
    0xf8, 0x44, 0x00, 0x1a, 0xf8, 0x44, 0x00, 0x17, 0xf8, 0x4c, 0x00, 0x14,
    0xf8, 0x48, 0x00, 0x12, 0xf8, 0x40, 0x00, 0x10, 0xf8, 0x48, 0x00, 0x0e,
    0xf8, 0x40, 0x00, 0x0c, 0xf8, 0x4c, 0x00, 0x0a, 0xf8, 0x40, 0x00, 0x08,
    0xf8, 0x48, 0x00, 0x07, 0xf8, 0x54, 0x00, 0x06, 0xf8, 0x34, 0x00, 0x05,
    0xf8, 0x40, 0x00, 0x04, 0xf8, 0x54, 0x00, 0x03, 0xf8, 0x80, 0x00, 0x02,
    0xf8, 0x00, 0x00, 0x01, 0xf8, 0x00, 0x00, 0x01, 0xf8, 0x00, 0x00, 0x01,
    0x00, 0x00, 0x00, 0x00, 0x00, 0x00, 0x00, 0x00, 0xf8, 0x80, 0x00, 0x02,
    0xf8, 0x54, 0x00, 0x03, 0xf8, 0x54, 0x00, 0x03, 0xf8, 0x40, 0x00, 0x04,
    0xf8, 0x34, 0x00, 0x05, 0xf8, 0x54, 0x00, 0x06, 0xf8, 0x40, 0x00, 0x08,
    0xf8, 0x38, 0x00, 0x09, 0xf8, 0x48, 0x00, 0x0b, 0xf8, 0x40, 0x00, 0x0c,
    0xf8, 0x48, 0x00, 0x0e, 0xf8, 0x40, 0x00, 0x10, 0xf8, 0x48, 0x00, 0x12,
    0xf8, 0x48, 0x00, 0x15, 0xf8, 0x40, 0x00, 0x17, 0xf0, 0x44, 0x00, 0x1a,
    0xf8, 0x48, 0x00, 0x1d, 0xf0, 0x44, 0x00, 0x21, 0xf0, 0x48, 0x00, 0x24,
    0xe8, 0x44, 0x08, 0x29, 0xe0, 0x44, 0x08, 0x2f, 0xd8, 0x44, 0x08, 0x33,
    0xd8, 0x44, 0x08, 0x38, 0xd0, 0x44, 0x08, 0x3c, 0xc8, 0x44, 0x08, 0x41,
    0xc8, 0x44, 0x08, 0x44, 0xc8, 0x40, 0x08, 0x47, 0xc8, 0x44, 0x08, 0x49,
    0xc0, 0x40, 0x08, 0x4a, 0xc0, 0x40, 0x08, 0x4a, 0xc8, 0x40, 0x08, 0x4a,
    0xc8, 0x44, 0x08, 0x49, 0xc8, 0x40, 0x08, 0x47, 0xc8, 0x44, 0x08, 0x44,
    0xd0, 0x44, 0x08, 0x41, 0xd0, 0x44, 0x08, 0x3d, 0xd8, 0x44, 0x08, 0x38,
    0xd8, 0x44, 0x08, 0x33, 0xe0, 0x48, 0x08, 0x2f, 0xe8, 0x44, 0x08, 0x29,
    0xf0, 0x48, 0x00, 0x24, 0xf0, 0x44, 0x00, 0x22, 0xf8, 0x44, 0x00, 0x1d,
    0xf8, 0x44, 0x00, 0x1a, 0xf8, 0x44, 0x00, 0x17, 0xf8, 0x48, 0x00, 0x15,
    0xf8, 0x48, 0x00, 0x12, 0xf8, 0x40, 0x00, 0x10, 0xf8, 0x48, 0x00, 0x0e,
    0xf8, 0x40, 0x00, 0x0c, 0xf8, 0x44, 0x00, 0x0b, 0xf8, 0x38, 0x00, 0x09,
    0xf8, 0x40, 0x00, 0x08, 0xf8, 0x54, 0x00, 0x06, 0xf8, 0x34, 0x00, 0x05,
    0xf8, 0x40, 0x00, 0x04, 0xf8, 0x54, 0x00, 0x03, 0xf8, 0x54, 0x00, 0x03,
    0xf8, 0x80, 0x00, 0x02, 0xf8, 0x00, 0x00, 0x01, 0xf8, 0x00, 0x00, 0x01,
    0xf8, 0x00, 0x00, 0x01, 0x00, 0x00, 0x00, 0x00, 0x00, 0x00, 0x00, 0x00,
    0xf8, 0x80, 0x00, 0x02, 0xf8, 0x80, 0x00, 0x02, 0xf8, 0x54, 0x00, 0x03,
    0xf8, 0x40, 0x00, 0x04, 0xf8, 0x40, 0x00, 0x04, 0xf8, 0x58, 0x00, 0x06,
    0xf8, 0x48, 0x00, 0x07, 0xf8, 0x40, 0x00, 0x08, 0xf8, 0x38, 0x00, 0x09,
    0xf8, 0x48, 0x00, 0x0b, 0xf8, 0x4c, 0x00, 0x0d, 0xf8, 0x48, 0x00, 0x0e,
    0xf8, 0x40, 0x00, 0x10, 0xf8, 0x48, 0x00, 0x12, 0xf8, 0x48, 0x00, 0x15,
    0xf8, 0x44, 0x00, 0x17, 0xf8, 0x44, 0x00, 0x1a, 0xf8, 0x48, 0x00, 0x1c,
    0xf8, 0x48, 0x00, 0x20, 0xf0, 0x48, 0x00, 0x23, 0xe8, 0x48, 0x00, 0x27,
    0xe8, 0x48, 0x08, 0x2b, 0xe0, 0x48, 0x00, 0x2f, 0xd8, 0x48, 0x08, 0x32,
    0xd8, 0x44, 0x08, 0x37, 0xd8, 0x40, 0x08, 0x3a, 0xd0, 0x44, 0x08, 0x3c,
    0xd0, 0x44, 0x08, 0x3d, 0xd0, 0x44, 0x08, 0x3e, 0xc8, 0x44, 0x08, 0x40,
    0xd0, 0x44, 0x08, 0x3e, 0xd0, 0x44, 0x08, 0x3d, 0xd0, 0x44, 0x08, 0x3c,
    0xd0, 0x40, 0x08, 0x3a, 0xd0, 0x44, 0x08, 0x37, 0xd8, 0x48, 0x08, 0x32,
    0xe0, 0x44, 0x08, 0x2f, 0xe8, 0x48, 0x08, 0x2b, 0xe8, 0x48, 0x00, 0x27,
    0xf0, 0x48, 0x00, 0x23, 0xf8, 0x48, 0x00, 0x20, 0xf8, 0x48, 0x00, 0x1c,
    0xf0, 0x44, 0x00, 0x1a, 0xf8, 0x44, 0x00, 0x17, 0xf8, 0x48, 0x00, 0x15,
    0xf8, 0x48, 0x00, 0x12, 0xf8, 0x40, 0x00, 0x10, 0xf8, 0x48, 0x00, 0x0e,
    0xf8, 0x4c, 0x00, 0x0d, 0xf8, 0x48, 0x00, 0x0b, 0xf8, 0x38, 0x00, 0x09,
    0xf8, 0x40, 0x00, 0x08, 0xf8, 0x48, 0x00, 0x07, 0xf8, 0x58, 0x00, 0x06,
    0xf8, 0x40, 0x00, 0x04, 0xf8, 0x40, 0x00, 0x04, 0xf8, 0x54, 0x00, 0x03,
    0xf8, 0x80, 0x00, 0x02, 0xf8, 0x80, 0x00, 0x02, 0xf8, 0x00, 0x00, 0x01,
    0xf8, 0x00, 0x00, 0x01, 0xf8, 0x00, 0x00, 0x01, 0x00, 0x00, 0x00, 0x00,
    0x00, 0x00, 0x00, 0x00, 0xf8, 0x00, 0x00, 0x01, 0xf8, 0x80, 0x00, 0x02,
    0xf8, 0x54, 0x00, 0x03, 0xf8, 0x54, 0x00, 0x03, 0xf8, 0x40, 0x00, 0x04,
    0xf8, 0x34, 0x00, 0x05, 0xf8, 0x54, 0x00, 0x06, 0xf8, 0x48, 0x00, 0x07,
    0xf8, 0x40, 0x00, 0x08, 0xf8, 0x4c, 0x00, 0x0a, 0xf8, 0x48, 0x00, 0x0b,
    0xf8, 0x50, 0x00, 0x0d, 0xf8, 0x48, 0x00, 0x0e, 0xf8, 0x40, 0x00, 0x10,
    0xf8, 0x48, 0x00, 0x12, 0xf8, 0x4c, 0x00, 0x14, 0xf8, 0x48, 0x00, 0x16,
    0xf0, 0x44, 0x00, 0x1a, 0xf8, 0x40, 0x00, 0x1b, 0xf8, 0x48, 0x00, 0x1d,
    0xf8, 0x48, 0x00, 0x20, 0xf0, 0x48, 0x00, 0x23, 0xe8, 0x48, 0x00, 0x27,
    0xe8, 0x48, 0x08, 0x2a, 0xe0, 0x48, 0x08, 0x2c, 0xe0, 0x44, 0x08, 0x2f,
    0xd8, 0x44, 0x08, 0x31, 0xd8, 0x48, 0x08, 0x32, 0xd8, 0x44, 0x08, 0x33,
    0xd8, 0x44, 0x08, 0x34, 0xd8, 0x44, 0x08, 0x33, 0xd8, 0x48, 0x08, 0x32,
    0xd8, 0x44, 0x08, 0x31, 0xe0, 0x44, 0x08, 0x2f, 0xe0, 0x48, 0x08, 0x2c,
    0xe8, 0x48, 0x08, 0x2a, 0xe8, 0x48, 0x00, 0x27, 0xf0, 0x48, 0x00, 0x23,
    0xf8, 0x48, 0x00, 0x20, 0xf8, 0x44, 0x00, 0x1d, 0xf8, 0x40, 0x00, 0x1b,
    0xf0, 0x44, 0x00, 0x1a, 0xf8, 0x48, 0x00, 0x16, 0xf8, 0x4c, 0x00, 0x14,
    0xf8, 0x48, 0x00, 0x12, 0xf8, 0x40, 0x00, 0x10, 0xf8, 0x48, 0x00, 0x0e,
    0xf8, 0x4c, 0x00, 0x0d, 0xf8, 0x48, 0x00, 0x0b, 0xf8, 0x4c, 0x00, 0x0a,
    0xf8, 0x40, 0x00, 0x08, 0xf8, 0x48, 0x00, 0x07, 0xf8, 0x54, 0x00, 0x06,
    0xf8, 0x34, 0x00, 0x05, 0xf8, 0x40, 0x00, 0x04, 0xf8, 0x54, 0x00, 0x03,
    0xf8, 0x54, 0x00, 0x03, 0xf8, 0x80, 0x00, 0x02, 0xf8, 0x00, 0x00, 0x01,
    0xf8, 0x00, 0x00, 0x01, 0xf8, 0x00, 0x00, 0x01, 0x00, 0x00, 0x00, 0x00,
    0x00, 0x00, 0x00, 0x00, 0x00, 0x00, 0x00, 0x00, 0xf8, 0x00, 0x00, 0x01,
    0xf8, 0x80, 0x00, 0x02, 0xf8, 0x80, 0x00, 0x02, 0xf8, 0x54, 0x00, 0x03,
    0xf8, 0x54, 0x00, 0x03, 0xf8, 0x40, 0x00, 0x04, 0xf8, 0x34, 0x00, 0x05,
    0xf8, 0x54, 0x00, 0x06, 0xf8, 0x48, 0x00, 0x07, 0xf8, 0x38, 0x00, 0x09,
    0xf8, 0x4c, 0x00, 0x0a, 0xf8, 0x48, 0x00, 0x0b, 0xf8, 0x4c, 0x00, 0x0d,
    0xf8, 0x48, 0x00, 0x0e, 0xf8, 0x40, 0x00, 0x10, 0xf8, 0x48, 0x00, 0x12,
    0xf8, 0x4c, 0x00, 0x14, 0xf8, 0x44, 0x00, 0x16, 0xf8, 0x44, 0x00, 0x17,
    0xf0, 0x44, 0x00, 0x1a, 0xf8, 0x48, 0x00, 0x1c, 0xf8, 0x48, 0x00, 0x1d,
    0xf8, 0x48, 0x00, 0x20, 0xf0, 0x44, 0x00, 0x22, 0xf0, 0x48, 0x00, 0x24,
    0xf0, 0x44, 0x00, 0x25, 0xe8, 0x48, 0x00, 0x27, 0xf0, 0x44, 0x08, 0x29,
    0xf0, 0x44, 0x08, 0x29, 0xe8, 0x48, 0x08, 0x2a, 0xe8, 0x44, 0x08, 0x29,
    0xf0, 0x44, 0x08, 0x29, 0xe8, 0x48, 0x00, 0x27, 0xf0, 0x44, 0x00, 0x25,
    0xf0, 0x48, 0x00, 0x24, 0xf0, 0x44, 0x00, 0x22, 0xf8, 0x48, 0x00, 0x20,
    0xf8, 0x48, 0x00, 0x1d, 0xf8, 0x48, 0x00, 0x1c, 0xf0, 0x44, 0x00, 0x1a,
    0xf8, 0x44, 0x00, 0x17, 0xf8, 0x48, 0x00, 0x16, 0xf8, 0x4c, 0x00, 0x14,
    0xf8, 0x48, 0x00, 0x12, 0xf8, 0x40, 0x00, 0x10, 0xf8, 0x48, 0x00, 0x0e,
    0xf8, 0x4c, 0x00, 0x0d, 0xf8, 0x48, 0x00, 0x0b, 0xf8, 0x4c, 0x00, 0x0a,
    0xf8, 0x38, 0x00, 0x09, 0xf8, 0x48, 0x00, 0x07, 0xf8, 0x54, 0x00, 0x06,
    0xf8, 0x34, 0x00, 0x05, 0xf8, 0x40, 0x00, 0x04, 0xf8, 0x54, 0x00, 0x03,
    0xf8, 0x54, 0x00, 0x03, 0xf8, 0x80, 0x00, 0x02, 0xf8, 0x80, 0x00, 0x02,
    0xf8, 0x00, 0x00, 0x01, 0xf8, 0x00, 0x00, 0x01, 0xf8, 0x00, 0x00, 0x01,
    0x00, 0x00, 0x00, 0x00, 0x00, 0x00, 0x00, 0x00, 0x00, 0x00, 0x00, 0x00,
    0xf8, 0x00, 0x00, 0x01, 0xf8, 0x00, 0x00, 0x01, 0xf8, 0x80, 0x00, 0x02,
    0xf8, 0x80, 0x00, 0x02, 0xf8, 0x54, 0x00, 0x03, 0xf8, 0x40, 0x00, 0x04,
    0xf8, 0x40, 0x00, 0x04, 0xf8, 0x34, 0x00, 0x05, 0xf8, 0x54, 0x00, 0x06,
    0xf8, 0x40, 0x00, 0x08, 0xf8, 0x38, 0x00, 0x09, 0xf8, 0x4c, 0x00, 0x0a,
    0xf8, 0x48, 0x00, 0x0b, 0xf8, 0x4c, 0x00, 0x0d, 0xf8, 0x48, 0x00, 0x0e,
    0xf8, 0x40, 0x00, 0x10, 0xf8, 0x4c, 0x00, 0x11, 0xf8, 0x44, 0x00, 0x13,
    0xf8, 0x48, 0x00, 0x15, 0xf8, 0x48, 0x00, 0x16, 0xf8, 0x48, 0x00, 0x18,
    0xf8, 0x48, 0x00, 0x19, 0xf8, 0x40, 0x00, 0x1b, 0xf8, 0x44, 0x00, 0x1d,
    0xf8, 0x48, 0x00, 0x1d, 0xf8, 0x44, 0x00, 0x1e, 0xf8, 0x48, 0x00, 0x1f,
    0xf8, 0x48, 0x00, 0x20, 0xf8, 0x48, 0x00, 0x21, 0xf8, 0x48, 0x00, 0x21,
    0xf8, 0x44, 0x00, 0x21, 0xf8, 0x48, 0x00, 0x20, 0xf8, 0x4c, 0x00, 0x1f,
    0xf8, 0x44, 0x00, 0x1e, 0xf8, 0x44, 0x00, 0x1d, 0xf8, 0x48, 0x00, 0x1d,
    0xf8, 0x40, 0x00, 0x1b, 0xf8, 0x48, 0x00, 0x19, 0xf8, 0x4c, 0x00, 0x18,
    0xf8, 0x48, 0x00, 0x16, 0xf8, 0x48, 0x00, 0x15, 0xf8, 0x44, 0x00, 0x13,
    0xf8, 0x48, 0x00, 0x12, 0xf8, 0x40, 0x00, 0x10, 0xf8, 0x48, 0x00, 0x0e,
    0xf8, 0x4c, 0x00, 0x0d, 0xf8, 0x48, 0x00, 0x0b, 0xf8, 0x4c, 0x00, 0x0a,
    0xf8, 0x38, 0x00, 0x09, 0xf8, 0x40, 0x00, 0x08, 0xf8, 0x54, 0x00, 0x06,
    0xf8, 0x34, 0x00, 0x05, 0xf8, 0x40, 0x00, 0x04, 0xf8, 0x40, 0x00, 0x04,
    0xf8, 0x54, 0x00, 0x03, 0xf8, 0x80, 0x00, 0x02, 0xf8, 0x80, 0x00, 0x02,
    0xf8, 0x00, 0x00, 0x01, 0xf8, 0x00, 0x00, 0x01, 0xf8, 0x00, 0x00, 0x01,
    0xf8, 0x00, 0x00, 0x01, 0x00, 0x00, 0x00, 0x00, 0x00, 0x00, 0x00, 0x00,
    0x00, 0x00, 0x00, 0x00, 0xf8, 0x00, 0x00, 0x01, 0xf8, 0x00, 0x00, 0x01,
    0xf8, 0x00, 0x00, 0x01, 0xf8, 0x80, 0x00, 0x02, 0xf8, 0x54, 0x00, 0x03,
    0xf8, 0x54, 0x00, 0x03, 0xf8, 0x40, 0x00, 0x04, 0xf8, 0x34, 0x00, 0x05,
    0xf8, 0x58, 0x00, 0x06, 0xf8, 0x54, 0x00, 0x06, 0xf8, 0x40, 0x00, 0x08,
    0xf8, 0x38, 0x00, 0x09, 0xf8, 0x4c, 0x00, 0x0a, 0xf8, 0x48, 0x00, 0x0b,
    0xf8, 0x40, 0x00, 0x0c, 0xf8, 0x48, 0x00, 0x0e, 0xf8, 0x44, 0x00, 0x0f,
    0xf8, 0x4c, 0x00, 0x11, 0xf8, 0x48, 0x00, 0x12, 0xf8, 0x44, 0x00, 0x13,
    0xf8, 0x48, 0x00, 0x15, 0xf8, 0x48, 0x00, 0x16, 0xf8, 0x40, 0x00, 0x17,
    0xf8, 0x4c, 0x00, 0x18, 0xf8, 0x48, 0x00, 0x19, 0xf8, 0x44, 0x00, 0x1a,
    0xf8, 0x44, 0x00, 0x1a, 0xf8, 0x4c, 0x00, 0x1b, 0xf8, 0x4c, 0x00, 0x1b,
    0xf8, 0x4c, 0x00, 0x1b, 0xf8, 0x4c, 0x00, 0x1b, 0xf8, 0x4c, 0x00, 0x1b,
    0xf8, 0x44, 0x00, 0x1a, 0xf8, 0x44, 0x00, 0x1a, 0xf8, 0x48, 0x00, 0x19,
    0xf8, 0x48, 0x00, 0x18, 0xf8, 0x44, 0x00, 0x17, 0xf8, 0x44, 0x00, 0x16,
    0xf8, 0x48, 0x00, 0x15, 0xf8, 0x44, 0x00, 0x13, 0xf8, 0x48, 0x00, 0x12,
    0xf8, 0x48, 0x00, 0x11, 0xf8, 0x44, 0x00, 0x0f, 0xf8, 0x48, 0x00, 0x0e,
    0xf8, 0x40, 0x00, 0x0c, 0xf8, 0x48, 0x00, 0x0b, 0xf8, 0x4c, 0x00, 0x0a,
    0xf8, 0x38, 0x00, 0x09, 0xf8, 0x40, 0x00, 0x08, 0xf8, 0x54, 0x00, 0x06,
    0xf8, 0x58, 0x00, 0x06, 0xf8, 0x34, 0x00, 0x05, 0xf8, 0x40, 0x00, 0x04,
    0xf8, 0x54, 0x00, 0x03, 0xf8, 0x58, 0x00, 0x03, 0xf8, 0x80, 0x00, 0x02,
    0xf8, 0x00, 0x00, 0x01, 0xf8, 0x00, 0x00, 0x01, 0xf8, 0x00, 0x00, 0x01,
    0xf8, 0x00, 0x00, 0x01, 0x00, 0x00, 0x00, 0x00, 0x00, 0x00, 0x00, 0x00,
    0x00, 0x00, 0x00, 0x00, 0x00, 0x00, 0x00, 0x00, 0xf8, 0x00, 0x00, 0x01,
    0xf8, 0x00, 0x00, 0x01, 0xf8, 0x00, 0x00, 0x01, 0xf8, 0x80, 0x00, 0x02,
    0xf8, 0x80, 0x00, 0x02, 0xf8, 0x54, 0x00, 0x03, 0xf8, 0x54, 0x00, 0x03,
    0xf8, 0x40, 0x00, 0x04, 0xf8, 0x34, 0x00, 0x05, 0xf8, 0x54, 0x00, 0x06,
    0xf8, 0x54, 0x00, 0x06, 0xf8, 0x48, 0x00, 0x07, 0xf8, 0x40, 0x00, 0x08,
    0xf8, 0x38, 0x00, 0x09, 0xf8, 0x48, 0x00, 0x0b, 0xf8, 0x40, 0x00, 0x0c,
    0xf8, 0x4c, 0x00, 0x0d, 0xf8, 0x48, 0x00, 0x0e, 0xf8, 0x40, 0x00, 0x10,
    0xf8, 0x4c, 0x00, 0x11, 0xf8, 0x48, 0x00, 0x12, 0xf8, 0x44, 0x00, 0x13,
    0xf8, 0x4c, 0x00, 0x14, 0xf8, 0x48, 0x00, 0x15, 0xf8, 0x48, 0x00, 0x16,
    0xf8, 0x44, 0x00, 0x16, 0xf8, 0x44, 0x00, 0x17, 0xf8, 0x44, 0x00, 0x17,
    0xf8, 0x40, 0x00, 0x17, 0xf8, 0x44, 0x00, 0x17, 0xf8, 0x44, 0x00, 0x17,
    0xf8, 0x40, 0x00, 0x17, 0xf8, 0x44, 0x00, 0x17, 0xf8, 0x48, 0x00, 0x16,
    0xf8, 0x44, 0x00, 0x16, 0xf8, 0x48, 0x00, 0x15, 0xf8, 0x4c, 0x00, 0x14,
    0xf8, 0x44, 0x00, 0x13, 0xf8, 0x48, 0x00, 0x12, 0xf8, 0x4c, 0x00, 0x11,
    0xf8, 0x40, 0x00, 0x10, 0xf8, 0x48, 0x00, 0x0e, 0xf8, 0x4c, 0x00, 0x0d,
    0xf8, 0x40, 0x00, 0x0c, 0xf8, 0x48, 0x00, 0x0b, 0xf8, 0x38, 0x00, 0x09,
    0xf8, 0x40, 0x00, 0x08, 0xf8, 0x48, 0x00, 0x07, 0xf8, 0x54, 0x00, 0x06,
    0xf8, 0x54, 0x00, 0x06, 0xf8, 0x34, 0x00, 0x05, 0xf8, 0x40, 0x00, 0x04,
    0xf8, 0x54, 0x00, 0x03, 0xf8, 0x54, 0x00, 0x03, 0xf8, 0x80, 0x00, 0x02,
    0xf8, 0x80, 0x00, 0x02, 0xf8, 0x00, 0x00, 0x01, 0xf8, 0x00, 0x00, 0x01,
    0xf8, 0x00, 0x00, 0x01, 0xf8, 0x00, 0x00, 0x01, 0x00, 0x00, 0x00, 0x00,
    0x00, 0x00, 0x00, 0x00, 0x00, 0x00, 0x00, 0x00, 0x00, 0x00, 0x00, 0x00,
    0xf8, 0x00, 0x00, 0x01, 0xf8, 0x00, 0x00, 0x01, 0xf8, 0x00, 0x00, 0x01,
    0xf8, 0x00, 0x00, 0x01, 0xf8, 0x80, 0x00, 0x02, 0xf8, 0x80, 0x00, 0x02,
    0xf8, 0x54, 0x00, 0x03, 0xf8, 0x54, 0x00, 0x03, 0xf8, 0x40, 0x00, 0x04,
    0xf8, 0x34, 0x00, 0x05, 0xf8, 0x34, 0x00, 0x05, 0xf8, 0x54, 0x00, 0x06,
    0xf8, 0x48, 0x00, 0x07, 0xf8, 0x40, 0x00, 0x08, 0xf8, 0x38, 0x00, 0x09,
    0xf8, 0x4c, 0x00, 0x0a, 0xf8, 0x48, 0x00, 0x0b, 0xf8, 0x40, 0x00, 0x0c,
    0xf8, 0x4c, 0x00, 0x0d, 0xf8, 0x48, 0x00, 0x0e, 0xf8, 0x44, 0x00, 0x0f,
    0xf8, 0x40, 0x00, 0x10, 0xf8, 0x4c, 0x00, 0x11, 0xf8, 0x48, 0x00, 0x12,
    0xf8, 0x44, 0x00, 0x13, 0xf8, 0x44, 0x00, 0x13, 0xf8, 0x44, 0x00, 0x13,
    0xf8, 0x4c, 0x00, 0x14, 0xf8, 0x4c, 0x00, 0x14, 0xf8, 0x4c, 0x00, 0x14,
    0xf8, 0x4c, 0x00, 0x14, 0xf8, 0x4c, 0x00, 0x14, 0xf8, 0x44, 0x00, 0x13,
    0xf8, 0x44, 0x00, 0x13, 0xf8, 0x44, 0x00, 0x13, 0xf8, 0x48, 0x00, 0x12,
    0xf8, 0x4c, 0x00, 0x11, 0xf8, 0x40, 0x00, 0x10, 0xf8, 0x44, 0x00, 0x0f,
    0xf8, 0x48, 0x00, 0x0e, 0xf8, 0x4c, 0x00, 0x0d, 0xf8, 0x40, 0x00, 0x0c,
    0xf8, 0x48, 0x00, 0x0b, 0xf8, 0x4c, 0x00, 0x0a, 0xf8, 0x38, 0x00, 0x09,
    0xf8, 0x40, 0x00, 0x08, 0xf8, 0x48, 0x00, 0x07, 0xf8, 0x54, 0x00, 0x06,
    0xf8, 0x34, 0x00, 0x05, 0xf8, 0x34, 0x00, 0x05, 0xf8, 0x40, 0x00, 0x04,
    0xf8, 0x54, 0x00, 0x03, 0xf8, 0x54, 0x00, 0x03, 0xf8, 0x80, 0x00, 0x02,
    0xf8, 0x80, 0x00, 0x02, 0xf8, 0x00, 0x00, 0x01, 0xf8, 0x00, 0x00, 0x01,
    0xf8, 0x00, 0x00, 0x01, 0xf8, 0x00, 0x00, 0x01, 0x00, 0x00, 0x00, 0x00,
    0x00, 0x00, 0x00, 0x00, 0x00, 0x00, 0x00, 0x00, 0x00, 0x00, 0x00, 0x00,
    0x00, 0x00, 0x00, 0x00
};
