// 4.26.1 0x5cdc394d D2 AN R0 FARGB8888 U565 N0 SExtFlashSection
// Generated by imageconverter. Please, do not edit!

#include <touchgfx/hal/Config.hpp>

LOCATION_PRAGMA("ExtFlashSection")
KEEP extern const unsigned char image_light_theme_images_widgets_button_regular_height_50_tiny_rounded_disabled[] LOCATION_ATTRIBUTE("ExtFlashSection") = { // 110x50 ARGB8888 pixels.
    0x00, 0x00, 0x00, 0x00, 0x00, 0x00, 0x00, 0x00, 0xd0, 0xd0, 0xc0, 0x10,
    0xd0, 0xc8, 0xc0, 0x80, 0xd0, 0xc8, 0xc0, 0xbf, 0xd0, 0xc8, 0xc0, 0xff,
    0xd0, 0xc8, 0xc0, 0xff, 0xd0, 0xc8, 0xc0, 0xff, 0xd0, 0xc8, 0xc0, 0xff,
    0xd0, 0xc8, 0xc0, 0xff, 0xd0, 0xc8, 0xc0, 0xff, 0xd0, 0xc8, 0xc0, 0xff,
    0xd0, 0xc8, 0xc0, 0xff, 0xd0, 0xc8, 0xc0, 0xff, 0xd0, 0xc8, 0xc0, 0xff,
    0xd0, 0xc8, 0xc0, 0xff, 0xd0, 0xc8, 0xc0, 0xff, 0xd0, 0xc8, 0xc0, 0xff,
    0xd0, 0xc8, 0xc0, 0xff, 0xd0, 0xc8, 0xc0, 0xff, 0xd0, 0xc8, 0xc0, 0xff,
    0xd0, 0xc8, 0xc0, 0xff, 0xd0, 0xc8, 0xc0, 0xff, 0xd0, 0xc8, 0xc0, 0xff,
    0xd0, 0xc8, 0xc0, 0xff, 0xd0, 0xc8, 0xc0, 0xff, 0xd0, 0xc8, 0xc0, 0xff,
    0xd0, 0xc8, 0xc0, 0xff, 0xd0, 0xc8, 0xc0, 0xff, 0xd0, 0xc8, 0xc0, 0xff,
    0xd0, 0xc8, 0xc0, 0xff, 0xd0, 0xc8, 0xc0, 0xff, 0xd0, 0xc8, 0xc0, 0xff,
    0xd0, 0xc8, 0xc0, 0xff, 0xd0, 0xc8, 0xc0, 0xff, 0xd0, 0xc8, 0xc0, 0xff,
    0xd0, 0xc8, 0xc0, 0xff, 0xd0, 0xc8, 0xc0, 0xff, 0xd0, 0xc8, 0xc0, 0xff,
    0xd0, 0xc8, 0xc0, 0xff, 0xd0, 0xc8, 0xc0, 0xff, 0xd0, 0xc8, 0xc0, 0xff,
    0xd0, 0xc8, 0xc0, 0xff, 0xd0, 0xc8, 0xc0, 0xff, 0xd0, 0xc8, 0xc0, 0xff,
    0xd0, 0xc8, 0xc0, 0xff, 0xd0, 0xc8, 0xc0, 0xff, 0xd0, 0xc8, 0xc0, 0xff,
    0xd0, 0xc8, 0xc0, 0xff, 0xd0, 0xc8, 0xc0, 0xff, 0xd0, 0xc8, 0xc0, 0xff,
    0xd0, 0xc8, 0xc0, 0xff, 0xd0, 0xc8, 0xc0, 0xff, 0xd0, 0xc8, 0xc0, 0xff,
    0xd0, 0xc8, 0xc0, 0xff, 0xd0, 0xc8, 0xc0, 0xff, 0xd0, 0xc8, 0xc0, 0xff,
    0xd0, 0xc8, 0xc0, 0xff, 0xd0, 0xc8, 0xc0, 0xff, 0xd0, 0xc8, 0xc0, 0xff,
    0xd0, 0xc8, 0xc0, 0xff, 0xd0, 0xc8, 0xc0, 0xff, 0xd0, 0xc8, 0xc0, 0xff,
    0xd0, 0xc8, 0xc0, 0xff, 0xd0, 0xc8, 0xc0, 0xff, 0xd0, 0xc8, 0xc0, 0xff,
    0xd0, 0xc8, 0xc0, 0xff, 0xd0, 0xc8, 0xc0, 0xff, 0xd0, 0xc8, 0xc0, 0xff,
    0xd0, 0xc8, 0xc0, 0xff, 0xd0, 0xc8, 0xc0, 0xff, 0xd0, 0xc8, 0xc0, 0xff,
    0xd0, 0xc8, 0xc0, 0xff, 0xd0, 0xc8, 0xc0, 0xff, 0xd0, 0xc8, 0xc0, 0xff,
    0xd0, 0xc8, 0xc0, 0xff, 0xd0, 0xc8, 0xc0, 0xff, 0xd0, 0xc8, 0xc0, 0xff,
    0xd0, 0xc8, 0xc0, 0xff, 0xd0, 0xc8, 0xc0, 0xff, 0xd0, 0xc8, 0xc0, 0xff,
    0xd0, 0xc8, 0xc0, 0xff, 0xd0, 0xc8, 0xc0, 0xff, 0xd0, 0xc8, 0xc0, 0xff,
    0xd0, 0xc8, 0xc0, 0xff, 0xd0, 0xc8, 0xc0, 0xff, 0xd0, 0xc8, 0xc0, 0xff,
    0xd0, 0xc8, 0xc0, 0xff, 0xd0, 0xc8, 0xc0, 0xff, 0xd0, 0xc8, 0xc0, 0xff,
    0xd0, 0xc8, 0xc0, 0xff, 0xd0, 0xc8, 0xc0, 0xff, 0xd0, 0xc8, 0xc0, 0xff,
    0xd0, 0xc8, 0xc0, 0xff, 0xd0, 0xc8, 0xc0, 0xff, 0xd0, 0xc8, 0xc0, 0xff,
    0xd0, 0xc8, 0xc0, 0xff, 0xd0, 0xc8, 0xc0, 0xff, 0xd0, 0xc8, 0xc0, 0xff,
    0xd0, 0xc8, 0xc0, 0xff, 0xd0, 0xc8, 0xc0, 0xff, 0xd0, 0xc8, 0xc0, 0xff,
    0xd0, 0xc8, 0xc0, 0xff, 0xd0, 0xc8, 0xc0, 0xff, 0xd0, 0xc8, 0xc0, 0xff,
    0xd0, 0xc8, 0xc0, 0xcf, 0xd8, 0xc8, 0xc0, 0x5f, 0x00, 0x00, 0x00, 0x00,
    0x00, 0x00, 0x00, 0x00, 0x00, 0x00, 0x00, 0x00, 0x00, 0x00, 0x00, 0x00,
    0xd0, 0xc8, 0xc0, 0x20, 0xd0, 0xc8, 0xc0, 0xdf, 0xd0, 0xc8, 0xc0, 0xff,
    0xd0, 0xc8, 0xc0, 0xff, 0xd0, 0xc8, 0xc0, 0xff, 0xd0, 0xc8, 0xc0, 0xff,
    0xd0, 0xc8, 0xc0, 0xff, 0xd0, 0xc8, 0xc0, 0xff, 0xd0, 0xc8, 0xc0, 0xff,
    0xd0, 0xc8, 0xc0, 0xff, 0xd0, 0xc8, 0xc0, 0xff, 0xd0, 0xc8, 0xc0, 0xff,
    0xd0, 0xc8, 0xc0, 0xff, 0xd0, 0xc8, 0xc0, 0xff, 0xd0, 0xc8, 0xc0, 0xff,
    0xd0, 0xc8, 0xc0, 0xff, 0xd0, 0xc8, 0xc0, 0xff, 0xd0, 0xc8, 0xc0, 0xff,
    0xd0, 0xc8, 0xc0, 0xff, 0xd0, 0xc8, 0xc0, 0xff, 0xd0, 0xc8, 0xc0, 0xff,
    0xd0, 0xc8, 0xc0, 0xff, 0xd0, 0xc8, 0xc0, 0xff, 0xd0, 0xc8, 0xc0, 0xff,
    0xd0, 0xc8, 0xc0, 0xff, 0xd0, 0xc8, 0xc0, 0xff, 0xd0, 0xc8, 0xc0, 0xff,
    0xd0, 0xc8, 0xc0, 0xff, 0xd0, 0xc8, 0xc0, 0xff, 0xd0, 0xc8, 0xc0, 0xff,
    0xd0, 0xc8, 0xc0, 0xff, 0xd0, 0xc8, 0xc0, 0xff, 0xd0, 0xc8, 0xc0, 0xff,
    0xd0, 0xc8, 0xc0, 0xff, 0xd0, 0xc8, 0xc0, 0xff, 0xd0, 0xc8, 0xc0, 0xff,
    0xd0, 0xc8, 0xc0, 0xff, 0xd0, 0xc8, 0xc0, 0xff, 0xd0, 0xc8, 0xc0, 0xff,
    0xd0, 0xc8, 0xc0, 0xff, 0xd0, 0xc8, 0xc0, 0xff, 0xd0, 0xc8, 0xc0, 0xff,
    0xd0, 0xc8, 0xc0, 0xff, 0xd0, 0xc8, 0xc0, 0xff, 0xd0, 0xc8, 0xc0, 0xff,
    0xd0, 0xc8, 0xc0, 0xff, 0xd0, 0xc8, 0xc0, 0xff, 0xd0, 0xc8, 0xc0, 0xff,
    0xd0, 0xc8, 0xc0, 0xff, 0xd0, 0xc8, 0xc0, 0xff, 0xd0, 0xc8, 0xc0, 0xff,
    0xd0, 0xc8, 0xc0, 0xff, 0xd0, 0xc8, 0xc0, 0xff, 0xd0, 0xc8, 0xc0, 0xff,
    0xd0, 0xc8, 0xc0, 0xff, 0xd0, 0xc8, 0xc0, 0xff, 0xd0, 0xc8, 0xc0, 0xff,
    0xd0, 0xc8, 0xc0, 0xff, 0xd0, 0xc8, 0xc0, 0xff, 0xd0, 0xc8, 0xc0, 0xff,
    0xd0, 0xc8, 0xc0, 0xff, 0xd0, 0xc8, 0xc0, 0xff, 0xd0, 0xc8, 0xc0, 0xff,
    0xd0, 0xc8, 0xc0, 0xff, 0xd0, 0xc8, 0xc0, 0xff, 0xd0, 0xc8, 0xc0, 0xff,
    0xd0, 0xc8, 0xc0, 0xff, 0xd0, 0xc8, 0xc0, 0xff, 0xd0, 0xc8, 0xc0, 0xff,
    0xd0, 0xc8, 0xc0, 0xff, 0xd0, 0xc8, 0xc0, 0xff, 0xd0, 0xc8, 0xc0, 0xff,
    0xd0, 0xc8, 0xc0, 0xff, 0xd0, 0xc8, 0xc0, 0xff, 0xd0, 0xc8, 0xc0, 0xff,
    0xd0, 0xc8, 0xc0, 0xff, 0xd0, 0xc8, 0xc0, 0xff, 0xd0, 0xc8, 0xc0, 0xff,
    0xd0, 0xc8, 0xc0, 0xff, 0xd0, 0xc8, 0xc0, 0xff, 0xd0, 0xc8, 0xc0, 0xff,
    0xd0, 0xc8, 0xc0, 0xff, 0xd0, 0xc8, 0xc0, 0xff, 0xd0, 0xc8, 0xc0, 0xff,
    0xd0, 0xc8, 0xc0, 0xff, 0xd0, 0xc8, 0xc0, 0xff, 0xd0, 0xc8, 0xc0, 0xff,
    0xd0, 0xc8, 0xc0, 0xff, 0xd0, 0xc8, 0xc0, 0xff, 0xd0, 0xc8, 0xc0, 0xff,
    0xd0, 0xc8, 0xc0, 0xff, 0xd0, 0xc8, 0xc0, 0xff, 0xd0, 0xc8, 0xc0, 0xff,
    0xd0, 0xc8, 0xc0, 0xff, 0xd0, 0xc8, 0xc0, 0xff, 0xd0, 0xc8, 0xc0, 0xff,
    0xd0, 0xc8, 0xc0, 0xff, 0xd0, 0xc8, 0xc0, 0xff, 0xd0, 0xc8, 0xc0, 0xff,
    0xd0, 0xc8, 0xc0, 0xff, 0xd0, 0xc8, 0xc0, 0xff, 0xd0, 0xc8, 0xc0, 0xff,
    0xd0, 0xc8, 0xc0, 0xff, 0xd0, 0xc8, 0xc0, 0xff, 0xd0, 0xc8, 0xc0, 0xff,
    0xd0, 0xc8, 0xc0, 0xff, 0xd0, 0xc8, 0xc0, 0xdf, 0xd0, 0xc8, 0xc0, 0x20,
    0x00, 0x00, 0x00, 0x00, 0x00, 0x00, 0x00, 0x00, 0xd0, 0xc8, 0xc0, 0xdf,
    0xd0, 0xc8, 0xc0, 0xff, 0xd0, 0xc8, 0xc0, 0xff, 0xd8, 0xc8, 0xc0, 0xff,
    0xd8, 0xc8, 0xc0, 0xff, 0xd0, 0xc8, 0xc0, 0xff, 0xd8, 0xc8, 0xc0, 0xff,
    0xd8, 0xc8, 0xc0, 0xff, 0xd0, 0xc8, 0xc0, 0xff, 0xd8, 0xc8, 0xc0, 0xff,
    0xd8, 0xc8, 0xc0, 0xff, 0xd0, 0xc8, 0xc0, 0xff, 0xd8, 0xc8, 0xc0, 0xff,
    0xd8, 0xc8, 0xc0, 0xff, 0xd0, 0xc8, 0xc0, 0xff, 0xd8, 0xc8, 0xc0, 0xff,
    0xd8, 0xc8, 0xc0, 0xff, 0xd0, 0xc8, 0xc0, 0xff, 0xd8, 0xc8, 0xc0, 0xff,
    0xd8, 0xc8, 0xc0, 0xff, 0xd0, 0xc8, 0xc0, 0xff, 0xd8, 0xc8, 0xc0, 0xff,
    0xd8, 0xc8, 0xc0, 0xff, 0xd0, 0xc8, 0xc0, 0xff, 0xd8, 0xc8, 0xc0, 0xff,
    0xd8, 0xc8, 0xc0, 0xff, 0xd0, 0xc8, 0xc0, 0xff, 0xd8, 0xc8, 0xc0, 0xff,
    0xd8, 0xc8, 0xc0, 0xff, 0xd0, 0xc8, 0xc0, 0xff, 0xd8, 0xc8, 0xc0, 0xff,
    0xd8, 0xc8, 0xc0, 0xff, 0xd0, 0xc8, 0xc0, 0xff, 0xd8, 0xc8, 0xc0, 0xff,
    0xd8, 0xc8, 0xc0, 0xff, 0xd0, 0xc8, 0xc0, 0xff, 0xd8, 0xc8, 0xc0, 0xff,
    0xd8, 0xc8, 0xc0, 0xff, 0xd0, 0xc8, 0xc0, 0xff, 0xd8, 0xc8, 0xc0, 0xff,
    0xd8, 0xc8, 0xc0, 0xff, 0xd0, 0xc8, 0xc0, 0xff, 0xd8, 0xc8, 0xc0, 0xff,
    0xd8, 0xc8, 0xc0, 0xff, 0xd0, 0xc8, 0xc0, 0xff, 0xd8, 0xc8, 0xc0, 0xff,
    0xd8, 0xc8, 0xc0, 0xff, 0xd0, 0xc8, 0xc0, 0xff, 0xd8, 0xc8, 0xc0, 0xff,
    0xd8, 0xc8, 0xc0, 0xff, 0xd0, 0xc8, 0xc0, 0xff, 0xd8, 0xc8, 0xc0, 0xff,
    0xd8, 0xc8, 0xc0, 0xff, 0xd0, 0xc8, 0xc0, 0xff, 0xd8, 0xc8, 0xc0, 0xff,
    0xd8, 0xc8, 0xc0, 0xff, 0xd0, 0xc8, 0xc0, 0xff, 0xd8, 0xc8, 0xc0, 0xff,
    0xd8, 0xc8, 0xc0, 0xff, 0xd0, 0xc8, 0xc0, 0xff, 0xd8, 0xc8, 0xc0, 0xff,
    0xd8, 0xc8, 0xc0, 0xff, 0xd0, 0xc8, 0xc0, 0xff, 0xd8, 0xc8, 0xc0, 0xff,
    0xd8, 0xc8, 0xc0, 0xff, 0xd0, 0xc8, 0xc0, 0xff, 0xd8, 0xc8, 0xc0, 0xff,
    0xd8, 0xc8, 0xc0, 0xff, 0xd0, 0xc8, 0xc0, 0xff, 0xd8, 0xc8, 0xc0, 0xff,
    0xd8, 0xc8, 0xc0, 0xff, 0xd0, 0xc8, 0xc0, 0xff, 0xd8, 0xc8, 0xc0, 0xff,
    0xd8, 0xc8, 0xc0, 0xff, 0xd0, 0xc8, 0xc0, 0xff, 0xd8, 0xc8, 0xc0, 0xff,
    0xd8, 0xc8, 0xc0, 0xff, 0xd0, 0xc8, 0xc0, 0xff, 0xd8, 0xc8, 0xc0, 0xff,
    0xd8, 0xc8, 0xc0, 0xff, 0xd0, 0xc8, 0xc0, 0xff, 0xd8, 0xc8, 0xc0, 0xff,
    0xd8, 0xc8, 0xc0, 0xff, 0xd0, 0xc8, 0xc0, 0xff, 0xd8, 0xc8, 0xc0, 0xff,
    0xd8, 0xc8, 0xc0, 0xff, 0xd0, 0xc8, 0xc0, 0xff, 0xd8, 0xc8, 0xc0, 0xff,
    0xd8, 0xc8, 0xc0, 0xff, 0xd0, 0xc8, 0xc0, 0xff, 0xd8, 0xc8, 0xc0, 0xff,
    0xd8, 0xc8, 0xc0, 0xff, 0xd0, 0xc8, 0xc0, 0xff, 0xd8, 0xc8, 0xc0, 0xff,
    0xd8, 0xc8, 0xc0, 0xff, 0xd0, 0xc8, 0xc0, 0xff, 0xd8, 0xc8, 0xc0, 0xff,
    0xd8, 0xc8, 0xc0, 0xff, 0xd0, 0xc8, 0xc0, 0xff, 0xd8, 0xc8, 0xc0, 0xff,
    0xd8, 0xc8, 0xc0, 0xff, 0xd0, 0xc8, 0xc0, 0xff, 0xd8, 0xc8, 0xc0, 0xff,
    0xd0, 0xc8, 0xc0, 0xff, 0xd0, 0xc8, 0xc0, 0xff, 0xd0, 0xc8, 0xc0, 0xff,
    0xd0, 0xc8, 0xc0, 0xff, 0xd0, 0xc8, 0xc0, 0xdf, 0xd0, 0xd0, 0xc0, 0x10,
    0xd0, 0xc8, 0xc0, 0x60, 0xd0, 0xc8, 0xc0, 0xff, 0xd0, 0xc8, 0xc0, 0xff,
    0xd0, 0xc8, 0xc0, 0xff, 0xd0, 0xc8, 0xc0, 0xff, 0xd0, 0xc8, 0xc0, 0xff,
    0xd0, 0xc8, 0xc0, 0xff, 0xd0, 0xc8, 0xc0, 0xff, 0xd0, 0xc8, 0xc0, 0xff,
    0xd0, 0xc8, 0xc0, 0xff, 0xd0, 0xc8, 0xc0, 0xff, 0xd0, 0xc8, 0xc0, 0xff,
    0xd0, 0xc8, 0xc0, 0xff, 0xd0, 0xc8, 0xc0, 0xff, 0xd0, 0xc8, 0xc0, 0xff,
    0xd0, 0xc8, 0xc0, 0xff, 0xd0, 0xc8, 0xc0, 0xff, 0xd0, 0xc8, 0xc0, 0xff,
    0xd0, 0xc8, 0xc0, 0xff, 0xd0, 0xc8, 0xc0, 0xff, 0xd0, 0xc8, 0xc0, 0xff,
    0xd0, 0xc8, 0xc0, 0xff, 0xd0, 0xc8, 0xc0, 0xff, 0xd0, 0xc8, 0xc0, 0xff,
    0xd0, 0xc8, 0xc0, 0xff, 0xd0, 0xc8, 0xc0, 0xff, 0xd0, 0xc8, 0xc0, 0xff,
    0xd0, 0xc8, 0xc0, 0xff, 0xd0, 0xc8, 0xc0, 0xff, 0xd0, 0xc8, 0xc0, 0xff,
    0xd0, 0xc8, 0xc0, 0xff, 0xd0, 0xc8, 0xc0, 0xff, 0xd0, 0xc8, 0xc0, 0xff,
    0xd0, 0xc8, 0xc0, 0xff, 0xd0, 0xc8, 0xc0, 0xff, 0xd0, 0xc8, 0xc0, 0xff,
    0xd0, 0xc8, 0xc0, 0xff, 0xd0, 0xc8, 0xc0, 0xff, 0xd0, 0xc8, 0xc0, 0xff,
    0xd0, 0xc8, 0xc0, 0xff, 0xd0, 0xc8, 0xc0, 0xff, 0xd0, 0xc8, 0xc0, 0xff,
    0xd0, 0xc8, 0xc0, 0xff, 0xd0, 0xc8, 0xc0, 0xff, 0xd0, 0xc8, 0xc0, 0xff,
    0xd0, 0xc8, 0xc0, 0xff, 0xd0, 0xc8, 0xc0, 0xff, 0xd0, 0xc8, 0xc0, 0xff,
    0xd0, 0xc8, 0xc0, 0xff, 0xd0, 0xc8, 0xc0, 0xff, 0xd0, 0xc8, 0xc0, 0xff,
    0xd0, 0xc8, 0xc0, 0xff, 0xd0, 0xc8, 0xc0, 0xff, 0xd0, 0xc8, 0xc0, 0xff,
    0xd0, 0xc8, 0xc0, 0xff, 0xd0, 0xc8, 0xc0, 0xff, 0xd0, 0xc8, 0xc0, 0xff,
    0xd0, 0xc8, 0xc0, 0xff, 0xd0, 0xc8, 0xc0, 0xff, 0xd0, 0xc8, 0xc0, 0xff,
    0xd0, 0xc8, 0xc0, 0xff, 0xd0, 0xc8, 0xc0, 0xff, 0xd0, 0xc8, 0xc0, 0xff,
    0xd0, 0xc8, 0xc0, 0xff, 0xd0, 0xc8, 0xc0, 0xff, 0xd0, 0xc8, 0xc0, 0xff,
    0xd0, 0xc8, 0xc0, 0xff, 0xd0, 0xc8, 0xc0, 0xff, 0xd0, 0xc8, 0xc0, 0xff,
    0xd0, 0xc8, 0xc0, 0xff, 0xd0, 0xc8, 0xc0, 0xff, 0xd0, 0xc8, 0xc0, 0xff,
    0xd0, 0xc8, 0xc0, 0xff, 0xd0, 0xc8, 0xc0, 0xff, 0xd0, 0xc8, 0xc0, 0xff,
    0xd0, 0xc8, 0xc0, 0xff, 0xd0, 0xc8, 0xc0, 0xff, 0xd0, 0xc8, 0xc0, 0xff,
    0xd0, 0xc8, 0xc0, 0xff, 0xd0, 0xc8, 0xc0, 0xff, 0xd0, 0xc8, 0xc0, 0xff,
    0xd0, 0xc8, 0xc0, 0xff, 0xd0, 0xc8, 0xc0, 0xff, 0xd0, 0xc8, 0xc0, 0xff,
    0xd0, 0xc8, 0xc0, 0xff, 0xd0, 0xc8, 0xc0, 0xff, 0xd0, 0xc8, 0xc0, 0xff,
    0xd0, 0xc8, 0xc0, 0xff, 0xd0, 0xc8, 0xc0, 0xff, 0xd0, 0xc8, 0xc0, 0xff,
    0xd0, 0xc8, 0xc0, 0xff, 0xd0, 0xc8, 0xc0, 0xff, 0xd0, 0xc8, 0xc0, 0xff,
    0xd0, 0xc8, 0xc0, 0xff, 0xd0, 0xc8, 0xc0, 0xff, 0xd0, 0xc8, 0xc0, 0xff,
    0xd0, 0xc8, 0xc0, 0xff, 0xd0, 0xc8, 0xc0, 0xff, 0xd0, 0xc8, 0xc0, 0xff,
    0xd0, 0xc8, 0xc0, 0xff, 0xd0, 0xc8, 0xc0, 0xff, 0xd0, 0xc8, 0xc0, 0xff,
    0xd0, 0xc8, 0xc0, 0xff, 0xd8, 0xc8, 0xc0, 0xff, 0xd0, 0xc8, 0xc0, 0xff,
    0xd8, 0xc8, 0xc0, 0xff, 0xd0, 0xc8, 0xc0, 0xff, 0xd0, 0xc8, 0xc0, 0xff,
    0xd0, 0xc8, 0xc0, 0xff, 0xd0, 0xc8, 0xc0, 0x7f, 0xd0, 0xc8, 0xc0, 0xcf,
    0xd8, 0xc8, 0xc0, 0xff, 0xd0, 0xc8, 0xc0, 0xff, 0xd8, 0xc8, 0xc0, 0xff,
    0xd0, 0xc8, 0xc0, 0xff, 0xd0, 0xc8, 0xc0, 0xff, 0xd8, 0xc8, 0xc0, 0xff,
    0xd0, 0xc8, 0xc0, 0xff, 0xd0, 0xc8, 0xc0, 0xff, 0xd8, 0xc8, 0xc0, 0xff,
    0xd0, 0xc8, 0xc0, 0xff, 0xd0, 0xc8, 0xc0, 0xff, 0xd8, 0xc8, 0xc0, 0xff,
    0xd0, 0xc8, 0xc0, 0xff, 0xd0, 0xc8, 0xc0, 0xff, 0xd8, 0xc8, 0xc0, 0xff,
    0xd0, 0xc8, 0xc0, 0xff, 0xd0, 0xc8, 0xc0, 0xff, 0xd8, 0xc8, 0xc0, 0xff,
    0xd0, 0xc8, 0xc0, 0xff, 0xd0, 0xc8, 0xc0, 0xff, 0xd8, 0xc8, 0xc0, 0xff,
    0xd0, 0xc8, 0xc0, 0xff, 0xd0, 0xc8, 0xc0, 0xff, 0xd8, 0xc8, 0xc0, 0xff,
    0xd0, 0xc8, 0xc0, 0xff, 0xd0, 0xc8, 0xc0, 0xff, 0xd8, 0xc8, 0xc0, 0xff,
    0xd0, 0xc8, 0xc0, 0xff, 0xd0, 0xc8, 0xc0, 0xff, 0xd8, 0xc8, 0xc0, 0xff,
    0xd0, 0xc8, 0xc0, 0xff, 0xd0, 0xc8, 0xc0, 0xff, 0xd8, 0xc8, 0xc0, 0xff,
    0xd0, 0xc8, 0xc0, 0xff, 0xd0, 0xc8, 0xc0, 0xff, 0xd8, 0xc8, 0xc0, 0xff,
    0xd0, 0xc8, 0xc0, 0xff, 0xd0, 0xc8, 0xc0, 0xff, 0xd8, 0xc8, 0xc0, 0xff,
    0xd0, 0xc8, 0xc0, 0xff, 0xd0, 0xc8, 0xc0, 0xff, 0xd8, 0xc8, 0xc0, 0xff,
    0xd0, 0xc8, 0xc0, 0xff, 0xd0, 0xc8, 0xc0, 0xff, 0xd8, 0xc8, 0xc0, 0xff,
    0xd0, 0xc8, 0xc0, 0xff, 0xd0, 0xc8, 0xc0, 0xff, 0xd8, 0xc8, 0xc0, 0xff,
    0xd0, 0xc8, 0xc0, 0xff, 0xd0, 0xc8, 0xc0, 0xff, 0xd8, 0xc8, 0xc0, 0xff,
    0xd0, 0xc8, 0xc0, 0xff, 0xd0, 0xc8, 0xc0, 0xff, 0xd8, 0xc8, 0xc0, 0xff,
    0xd0, 0xc8, 0xc0, 0xff, 0xd0, 0xc8, 0xc0, 0xff, 0xd8, 0xc8, 0xc0, 0xff,
    0xd0, 0xc8, 0xc0, 0xff, 0xd0, 0xc8, 0xc0, 0xff, 0xd8, 0xc8, 0xc0, 0xff,
    0xd0, 0xc8, 0xc0, 0xff, 0xd0, 0xc8, 0xc0, 0xff, 0xd8, 0xc8, 0xc0, 0xff,
    0xd0, 0xc8, 0xc0, 0xff, 0xd0, 0xc8, 0xc0, 0xff, 0xd8, 0xc8, 0xc0, 0xff,
    0xd0, 0xc8, 0xc0, 0xff, 0xd0, 0xc8, 0xc0, 0xff, 0xd8, 0xc8, 0xc0, 0xff,
    0xd0, 0xc8, 0xc0, 0xff, 0xd0, 0xc8, 0xc0, 0xff, 0xd8, 0xc8, 0xc0, 0xff,
    0xd0, 0xc8, 0xc0, 0xff, 0xd0, 0xc8, 0xc0, 0xff, 0xd8, 0xc8, 0xc0, 0xff,
    0xd0, 0xc8, 0xc0, 0xff, 0xd0, 0xc8, 0xc0, 0xff, 0xd8, 0xc8, 0xc0, 0xff,
    0xd0, 0xc8, 0xc0, 0xff, 0xd0, 0xc8, 0xc0, 0xff, 0xd8, 0xc8, 0xc0, 0xff,
    0xd0, 0xc8, 0xc0, 0xff, 0xd0, 0xc8, 0xc0, 0xff, 0xd8, 0xc8, 0xc0, 0xff,
    0xd0, 0xc8, 0xc0, 0xff, 0xd0, 0xc8, 0xc0, 0xff, 0xd8, 0xc8, 0xc0, 0xff,
    0xd0, 0xc8, 0xc0, 0xff, 0xd0, 0xc8, 0xc0, 0xff, 0xd8, 0xc8, 0xc0, 0xff,
    0xd0, 0xc8, 0xc0, 0xff, 0xd0, 0xc8, 0xc0, 0xff, 0xd8, 0xc8, 0xc0, 0xff,
    0xd0, 0xc8, 0xc0, 0xff, 0xd0, 0xc8, 0xc0, 0xff, 0xd8, 0xc8, 0xc0, 0xff,
    0xd0, 0xc8, 0xc0, 0xff, 0xd0, 0xc8, 0xc0, 0xff, 0xd8, 0xc8, 0xc0, 0xff,
    0xd0, 0xc8, 0xc0, 0xff, 0xd0, 0xc8, 0xc0, 0xff, 0xd0, 0xc8, 0xc0, 0xff,
    0xd0, 0xc8, 0xc0, 0xff, 0xd0, 0xc8, 0xc0, 0xff, 0xd0, 0xc8, 0xc0, 0xff,
    0xd8, 0xc8, 0xc0, 0xff, 0xd0, 0xc8, 0xc0, 0xff, 0xd8, 0xc8, 0xc0, 0xff,
    0xd0, 0xc8, 0xc0, 0xbf, 0xd0, 0xc8, 0xc0, 0xff, 0xd0, 0xc8, 0xc0, 0xff,
    0xd0, 0xc8, 0xc0, 0xff, 0xd0, 0xc8, 0xc0, 0xff, 0xd8, 0xc8, 0xc0, 0xff,
    0xd0, 0xc8, 0xc0, 0xff, 0xd0, 0xc8, 0xc0, 0xff, 0xd0, 0xc8, 0xc0, 0xff,
    0xd8, 0xc8, 0xc0, 0xff, 0xd0, 0xc8, 0xc0, 0xff, 0xd0, 0xc8, 0xc0, 0xff,
    0xd8, 0xc8, 0xc0, 0xff, 0xd0, 0xc8, 0xc0, 0xff, 0xd0, 0xc8, 0xc0, 0xff,
    0xd8, 0xc8, 0xc0, 0xff, 0xd0, 0xc8, 0xc0, 0xff, 0xd0, 0xc8, 0xc0, 0xff,
    0xd8, 0xc8, 0xc0, 0xff, 0xd0, 0xc8, 0xc0, 0xff, 0xd0, 0xc8, 0xc0, 0xff,
    0xd8, 0xc8, 0xc0, 0xff, 0xd0, 0xc8, 0xc0, 0xff, 0xd0, 0xc8, 0xc0, 0xff,
    0xd8, 0xc8, 0xc0, 0xff, 0xd0, 0xc8, 0xc0, 0xff, 0xd0, 0xc8, 0xc0, 0xff,
    0xd8, 0xc8, 0xc0, 0xff, 0xd0, 0xc8, 0xc0, 0xff, 0xd0, 0xc8, 0xc0, 0xff,
    0xd8, 0xc8, 0xc0, 0xff, 0xd0, 0xc8, 0xc0, 0xff, 0xd0, 0xc8, 0xc0, 0xff,
    0xd8, 0xc8, 0xc0, 0xff, 0xd0, 0xc8, 0xc0, 0xff, 0xd0, 0xc8, 0xc0, 0xff,
    0xd8, 0xc8, 0xc0, 0xff, 0xd0, 0xc8, 0xc0, 0xff, 0xd0, 0xc8, 0xc0, 0xff,
    0xd8, 0xc8, 0xc0, 0xff, 0xd0, 0xc8, 0xc0, 0xff, 0xd0, 0xc8, 0xc0, 0xff,
    0xd8, 0xc8, 0xc0, 0xff, 0xd0, 0xc8, 0xc0, 0xff, 0xd0, 0xc8, 0xc0, 0xff,
    0xd8, 0xc8, 0xc0, 0xff, 0xd0, 0xc8, 0xc0, 0xff, 0xd0, 0xc8, 0xc0, 0xff,
    0xd8, 0xc8, 0xc0, 0xff, 0xd0, 0xc8, 0xc0, 0xff, 0xd0, 0xc8, 0xc0, 0xff,
    0xd8, 0xc8, 0xc0, 0xff, 0xd0, 0xc8, 0xc0, 0xff, 0xd0, 0xc8, 0xc0, 0xff,
    0xd8, 0xc8, 0xc0, 0xff, 0xd0, 0xc8, 0xc0, 0xff, 0xd0, 0xc8, 0xc0, 0xff,
    0xd8, 0xc8, 0xc0, 0xff, 0xd0, 0xc8, 0xc0, 0xff, 0xd0, 0xc8, 0xc0, 0xff,
    0xd8, 0xc8, 0xc0, 0xff, 0xd0, 0xc8, 0xc0, 0xff, 0xd0, 0xc8, 0xc0, 0xff,
    0xd8, 0xc8, 0xc0, 0xff, 0xd0, 0xc8, 0xc0, 0xff, 0xd0, 0xc8, 0xc0, 0xff,
    0xd8, 0xc8, 0xc0, 0xff, 0xd0, 0xc8, 0xc0, 0xff, 0xd0, 0xc8, 0xc0, 0xff,
    0xd8, 0xc8, 0xc0, 0xff, 0xd0, 0xc8, 0xc0, 0xff, 0xd0, 0xc8, 0xc0, 0xff,
    0xd8, 0xc8, 0xc0, 0xff, 0xd0, 0xc8, 0xc0, 0xff, 0xd0, 0xc8, 0xc0, 0xff,
    0xd8, 0xc8, 0xc0, 0xff, 0xd0, 0xc8, 0xc0, 0xff, 0xd0, 0xc8, 0xc0, 0xff,
    0xd8, 0xc8, 0xc0, 0xff, 0xd0, 0xc8, 0xc0, 0xff, 0xd0, 0xc8, 0xc0, 0xff,
    0xd8, 0xc8, 0xc0, 0xff, 0xd0, 0xc8, 0xc0, 0xff, 0xd0, 0xc8, 0xc0, 0xff,
    0xd8, 0xc8, 0xc0, 0xff, 0xd0, 0xc8, 0xc0, 0xff, 0xd0, 0xc8, 0xc0, 0xff,
    0xd8, 0xc8, 0xc0, 0xff, 0xd0, 0xc8, 0xc0, 0xff, 0xd0, 0xc8, 0xc0, 0xff,
    0xd8, 0xc8, 0xc0, 0xff, 0xd0, 0xc8, 0xc0, 0xff, 0xd0, 0xc8, 0xc0, 0xff,
    0xd8, 0xc8, 0xc0, 0xff, 0xd0, 0xc8, 0xc0, 0xff, 0xd0, 0xc8, 0xc0, 0xff,
    0xd8, 0xc8, 0xc0, 0xff, 0xd0, 0xc8, 0xc0, 0xff, 0xd0, 0xc8, 0xc0, 0xff,
    0xd8, 0xc8, 0xc0, 0xff, 0xd0, 0xc8, 0xc0, 0xff, 0xd0, 0xc8, 0xc0, 0xff,
    0xd8, 0xc8, 0xc0, 0xff, 0xd0, 0xc8, 0xc0, 0xff, 0xd0, 0xc8, 0xc0, 0xff,
    0xd8, 0xc8, 0xc0, 0xff, 0xd0, 0xc8, 0xc0, 0xff, 0xd0, 0xc8, 0xc0, 0xff,
    0xd0, 0xc8, 0xc0, 0xff, 0xd0, 0xc8, 0xc0, 0xff, 0xd0, 0xc8, 0xc0, 0xff,
    0xd0, 0xc8, 0xc0, 0xff, 0xd0, 0xc8, 0xc0, 0xff, 0xd8, 0xc8, 0xc0, 0xff,
    0xd0, 0xc8, 0xc0, 0xff, 0xd0, 0xc8, 0xc0, 0xff, 0xd0, 0xc8, 0xc0, 0xff,
    0xd0, 0xc8, 0xc0, 0xff, 0xd8, 0xc8, 0xc0, 0xff, 0xd0, 0xc8, 0xc0, 0xff,
    0xd0, 0xc8, 0xc0, 0xff, 0xd0, 0xc8, 0xc0, 0xff, 0xd0, 0xc8, 0xc0, 0xff,
    0xd0, 0xc8, 0xc0, 0xff, 0xd0, 0xc8, 0xc0, 0xff, 0xd0, 0xc8, 0xc0, 0xff,
    0xd0, 0xc8, 0xc0, 0xff, 0xd0, 0xc8, 0xc0, 0xff, 0xd0, 0xc8, 0xc0, 0xff,
    0xd0, 0xc8, 0xc0, 0xff, 0xd0, 0xc8, 0xc0, 0xff, 0xd0, 0xc8, 0xc0, 0xff,
    0xd0, 0xc8, 0xc0, 0xff, 0xd0, 0xc8, 0xc0, 0xff, 0xd0, 0xc8, 0xc0, 0xff,
    0xd0, 0xc8, 0xc0, 0xff, 0xd0, 0xc8, 0xc0, 0xff, 0xd0, 0xc8, 0xc0, 0xff,
    0xd0, 0xc8, 0xc0, 0xff, 0xd0, 0xc8, 0xc0, 0xff, 0xd0, 0xc8, 0xc0, 0xff,
    0xd0, 0xc8, 0xc0, 0xff, 0xd0, 0xc8, 0xc0, 0xff, 0xd0, 0xc8, 0xc0, 0xff,
    0xd0, 0xc8, 0xc0, 0xff, 0xd0, 0xc8, 0xc0, 0xff, 0xd0, 0xc8, 0xc0, 0xff,
    0xd0, 0xc8, 0xc0, 0xff, 0xd0, 0xc8, 0xc0, 0xff, 0xd0, 0xc8, 0xc0, 0xff,
    0xd0, 0xc8, 0xc0, 0xff, 0xd0, 0xc8, 0xc0, 0xff, 0xd0, 0xc8, 0xc0, 0xff,
    0xd0, 0xc8, 0xc0, 0xff, 0xd0, 0xc8, 0xc0, 0xff, 0xd0, 0xc8, 0xc0, 0xff,
    0xd0, 0xc8, 0xc0, 0xff, 0xd0, 0xc8, 0xc0, 0xff, 0xd0, 0xc8, 0xc0, 0xff,
    0xd0, 0xc8, 0xc0, 0xff, 0xd0, 0xc8, 0xc0, 0xff, 0xd0, 0xc8, 0xc0, 0xff,
    0xd0, 0xc8, 0xc0, 0xff, 0xd0, 0xc8, 0xc0, 0xff, 0xd0, 0xc8, 0xc0, 0xff,
    0xd0, 0xc8, 0xc0, 0xff, 0xd0, 0xc8, 0xc0, 0xff, 0xd0, 0xc8, 0xc0, 0xff,
    0xd0, 0xc8, 0xc0, 0xff, 0xd0, 0xc8, 0xc0, 0xff, 0xd0, 0xc8, 0xc0, 0xff,
    0xd0, 0xc8, 0xc0, 0xff, 0xd0, 0xc8, 0xc0, 0xff, 0xd0, 0xc8, 0xc0, 0xff,
    0xd0, 0xc8, 0xc0, 0xff, 0xd0, 0xc8, 0xc0, 0xff, 0xd0, 0xc8, 0xc0, 0xff,
    0xd0, 0xc8, 0xc0, 0xff, 0xd0, 0xc8, 0xc0, 0xff, 0xd0, 0xc8, 0xc0, 0xff,
    0xd0, 0xc8, 0xc0, 0xff, 0xd0, 0xc8, 0xc0, 0xff, 0xd0, 0xc8, 0xc0, 0xff,
    0xd0, 0xc8, 0xc0, 0xff, 0xd0, 0xc8, 0xc0, 0xff, 0xd0, 0xc8, 0xc0, 0xff,
    0xd0, 0xc8, 0xc0, 0xff, 0xd0, 0xc8, 0xc0, 0xff, 0xd0, 0xc8, 0xc0, 0xff,
    0xd0, 0xc8, 0xc0, 0xff, 0xd0, 0xc8, 0xc0, 0xff, 0xd0, 0xc8, 0xc0, 0xff,
    0xd0, 0xc8, 0xc0, 0xff, 0xd0, 0xc8, 0xc0, 0xff, 0xd0, 0xc8, 0xc0, 0xff,
    0xd0, 0xc8, 0xc0, 0xff, 0xd0, 0xc8, 0xc0, 0xff, 0xd0, 0xc8, 0xc0, 0xff,
    0xd0, 0xc8, 0xc0, 0xff, 0xd0, 0xc8, 0xc0, 0xff, 0xd0, 0xc8, 0xc0, 0xff,
    0xd0, 0xc8, 0xc0, 0xff, 0xd0, 0xc8, 0xc0, 0xff, 0xd0, 0xc8, 0xc0, 0xff,
    0xd0, 0xc8, 0xc0, 0xff, 0xd0, 0xc8, 0xc0, 0xff, 0xd0, 0xc8, 0xc0, 0xff,
    0xd0, 0xc8, 0xc0, 0xff, 0xd0, 0xc8, 0xc0, 0xff, 0xd0, 0xc8, 0xc0, 0xff,
    0xd0, 0xc8, 0xc0, 0xff, 0xd0, 0xc8, 0xc0, 0xff, 0xd8, 0xc8, 0xc0, 0xff,
    0xd0, 0xc8, 0xc0, 0xff, 0xd0, 0xc8, 0xc0, 0xff, 0xd8, 0xc8, 0xc0, 0xff,
    0xd0, 0xc8, 0xc0, 0xff, 0xd0, 0xc8, 0xc0, 0xff, 0xd8, 0xc8, 0xc0, 0xff,
    0xd0, 0xc8, 0xc0, 0xff, 0xd0, 0xc8, 0xc0, 0xff, 0xd0, 0xc8, 0xc0, 0xff,
    0xd0, 0xc8, 0xc0, 0xff, 0xd8, 0xc8, 0xc0, 0xff, 0xd0, 0xc8, 0xc0, 0xff,
    0xd0, 0xc8, 0xc0, 0xff, 0xd8, 0xc8, 0xc0, 0xff, 0xd0, 0xc8, 0xc0, 0xff,
    0xd0, 0xc8, 0xc0, 0xff, 0xd0, 0xc8, 0xc0, 0xff, 0xd8, 0xc8, 0xc0, 0xff,
    0xd0, 0xc8, 0xc0, 0xff, 0xd0, 0xc8, 0xc0, 0xff, 0xd8, 0xc8, 0xc0, 0xff,
    0xd0, 0xc8, 0xc0, 0xff, 0xd0, 0xc8, 0xc0, 0xff, 0xd8, 0xc8, 0xc0, 0xff,
    0xd0, 0xc8, 0xc0, 0xff, 0xd8, 0xc8, 0xc0, 0xff, 0xd0, 0xc8, 0xc0, 0xff,
    0xd8, 0xc8, 0xc0, 0xff, 0xd0, 0xc8, 0xc0, 0xff, 0xd8, 0xc8, 0xc0, 0xff,
    0xd0, 0xc8, 0xc0, 0xff, 0xd0, 0xc8, 0xc0, 0xff, 0xd8, 0xc8, 0xc0, 0xff,
    0xd0, 0xc8, 0xc0, 0xff, 0xd8, 0xc8, 0xc0, 0xff, 0xd0, 0xc8, 0xc0, 0xff,
    0xd8, 0xc8, 0xc0, 0xff, 0xd0, 0xc8, 0xc0, 0xff, 0xd8, 0xc8, 0xc0, 0xff,
    0xd0, 0xc8, 0xc0, 0xff, 0xd0, 0xc8, 0xc0, 0xff, 0xd8, 0xc8, 0xc0, 0xff,
    0xd0, 0xc8, 0xc0, 0xff, 0xd8, 0xc8, 0xc0, 0xff, 0xd0, 0xc8, 0xc0, 0xff,
    0xd8, 0xc8, 0xc0, 0xff, 0xd0, 0xc8, 0xc0, 0xff, 0xd8, 0xc8, 0xc0, 0xff,
    0xd0, 0xc8, 0xc0, 0xff, 0xd0, 0xc8, 0xc0, 0xff, 0xd8, 0xc8, 0xc0, 0xff,
    0xd0, 0xc8, 0xc0, 0xff, 0xd8, 0xc8, 0xc0, 0xff, 0xd0, 0xc8, 0xc0, 0xff,
    0xd8, 0xc8, 0xc0, 0xff, 0xd0, 0xc8, 0xc0, 0xff, 0xd8, 0xc8, 0xc0, 0xff,
    0xd0, 0xc8, 0xc0, 0xff, 0xd0, 0xc8, 0xc0, 0xff, 0xd8, 0xc8, 0xc0, 0xff,
    0xd0, 0xc8, 0xc0, 0xff, 0xd8, 0xc8, 0xc0, 0xff, 0xd0, 0xc8, 0xc0, 0xff,
    0xd8, 0xc8, 0xc0, 0xff, 0xd0, 0xc8, 0xc0, 0xff, 0xd8, 0xc8, 0xc0, 0xff,
    0xd0, 0xc8, 0xc0, 0xff, 0xd0, 0xc8, 0xc0, 0xff, 0xd8, 0xc8, 0xc0, 0xff,
    0xd0, 0xc8, 0xc0, 0xff, 0xd8, 0xc8, 0xc0, 0xff, 0xd0, 0xc8, 0xc0, 0xff,
    0xd8, 0xc8, 0xc0, 0xff, 0xd0, 0xc8, 0xc0, 0xff, 0xd8, 0xc8, 0xc0, 0xff,
    0xd0, 0xc8, 0xc0, 0xff, 0xd0, 0xc8, 0xc0, 0xff, 0xd8, 0xc8, 0xc0, 0xff,
    0xd0, 0xc8, 0xc0, 0xff, 0xd8, 0xc8, 0xc0, 0xff, 0xd0, 0xc8, 0xc0, 0xff,
    0xd8, 0xc8, 0xc0, 0xff, 0xd0, 0xc8, 0xc0, 0xff, 0xd8, 0xc8, 0xc0, 0xff,
    0xd0, 0xc8, 0xc0, 0xff, 0xd0, 0xc8, 0xc0, 0xff, 0xd8, 0xc8, 0xc0, 0xff,
    0xd0, 0xc8, 0xc0, 0xff, 0xd8, 0xc8, 0xc0, 0xff, 0xd0, 0xc8, 0xc0, 0xff,
    0xd8, 0xc8, 0xc0, 0xff, 0xd0, 0xc8, 0xc0, 0xff, 0xd8, 0xc8, 0xc0, 0xff,
    0xd0, 0xc8, 0xc0, 0xff, 0xd0, 0xc8, 0xc0, 0xff, 0xd8, 0xc8, 0xc0, 0xff,
    0xd0, 0xc8, 0xc0, 0xff, 0xd8, 0xc8, 0xc0, 0xff, 0xd0, 0xc8, 0xc0, 0xff,
    0xd8, 0xc8, 0xc0, 0xff, 0xd0, 0xc8, 0xc0, 0xff, 0xd8, 0xc8, 0xc0, 0xff,
    0xd0, 0xc8, 0xc0, 0xff, 0xd0, 0xc8, 0xc0, 0xff, 0xd8, 0xc8, 0xc0, 0xff,
    0xd0, 0xc8, 0xc0, 0xff, 0xd8, 0xc8, 0xc0, 0xff, 0xd0, 0xc8, 0xc0, 0xff,
    0xd0, 0xc8, 0xc0, 0xff, 0xd0, 0xc8, 0xc0, 0xff, 0xd0, 0xc8, 0xc0, 0xff,
    0xd0, 0xc8, 0xc0, 0xff, 0xd0, 0xc8, 0xc0, 0xff, 0xd0, 0xc8, 0xc0, 0xff,
    0xd8, 0xc8, 0xc0, 0xff, 0xd0, 0xc8, 0xc0, 0xff, 0xd0, 0xc8, 0xc0, 0xff,
    0xd8, 0xc8, 0xc0, 0xff, 0xd0, 0xc8, 0xc0, 0xff, 0xd0, 0xc8, 0xc0, 0xff,
    0xd0, 0xc8, 0xc0, 0xff, 0xd0, 0xc8, 0xc0, 0xff, 0xd0, 0xc8, 0xc0, 0xff,
    0xd8, 0xc8, 0xc0, 0xff, 0xd0, 0xc8, 0xc0, 0xff, 0xd0, 0xc8, 0xc0, 0xff,
    0xd0, 0xc8, 0xc0, 0xff, 0xd8, 0xc8, 0xc0, 0xff, 0xd0, 0xc8, 0xc0, 0xff,
    0xd0, 0xc8, 0xc0, 0xff, 0xd8, 0xc8, 0xc0, 0xff, 0xd0, 0xc8, 0xc0, 0xff,
    0xd0, 0xc8, 0xc0, 0xff, 0xd8, 0xc8, 0xc0, 0xff, 0xd0, 0xc8, 0xc0, 0xff,
    0xd0, 0xc8, 0xc0, 0xff, 0xd0, 0xc8, 0xc0, 0xff, 0xd0, 0xc8, 0xc0, 0xff,
    0xd8, 0xc8, 0xc0, 0xff, 0xd0, 0xc8, 0xc0, 0xff, 0xd0, 0xc8, 0xc0, 0xff,
    0xd8, 0xc8, 0xc0, 0xff, 0xd0, 0xc8, 0xc0, 0xff, 0xd0, 0xc8, 0xc0, 0xff,
    0xd0, 0xc8, 0xc0, 0xff, 0xd0, 0xc8, 0xc0, 0xff, 0xd0, 0xc8, 0xc0, 0xff,
    0xd8, 0xc8, 0xc0, 0xff, 0xd0, 0xc8, 0xc0, 0xff, 0xd0, 0xc8, 0xc0, 0xff,
    0xd8, 0xc8, 0xc0, 0xff, 0xd0, 0xc8, 0xc0, 0xff, 0xd0, 0xc8, 0xc0, 0xff,
    0xd0, 0xc8, 0xc0, 0xff, 0xd0, 0xc8, 0xc0, 0xff, 0xd0, 0xc8, 0xc0, 0xff,
    0xd8, 0xc8, 0xc0, 0xff, 0xd0, 0xc8, 0xc0, 0xff, 0xd0, 0xc8, 0xc0, 0xff,
    0xd8, 0xc8, 0xc0, 0xff, 0xd0, 0xc8, 0xc0, 0xff, 0xd0, 0xc8, 0xc0, 0xff,
    0xd0, 0xc8, 0xc0, 0xff, 0xd0, 0xc8, 0xc0, 0xff, 0xd0, 0xc8, 0xc0, 0xff,
    0xd8, 0xc8, 0xc0, 0xff, 0xd0, 0xc8, 0xc0, 0xff, 0xd0, 0xc8, 0xc0, 0xff,
    0xd8, 0xc8, 0xc0, 0xff, 0xd0, 0xc8, 0xc0, 0xff, 0xd0, 0xc8, 0xc0, 0xff,
    0xd0, 0xc8, 0xc0, 0xff, 0xd0, 0xc8, 0xc0, 0xff, 0xd0, 0xc8, 0xc0, 0xff,
    0xd8, 0xc8, 0xc0, 0xff, 0xd0, 0xc8, 0xc0, 0xff, 0xd0, 0xc8, 0xc0, 0xff,
    0xd8, 0xc8, 0xc0, 0xff, 0xd0, 0xc8, 0xc0, 0xff, 0xd0, 0xc8, 0xc0, 0xff,
    0xd0, 0xc8, 0xc0, 0xff, 0xd0, 0xc8, 0xc0, 0xff, 0xd0, 0xc8, 0xc0, 0xff,
    0xd8, 0xc8, 0xc0, 0xff, 0xd0, 0xc8, 0xc0, 0xff, 0xd0, 0xc8, 0xc0, 0xff,
    0xd8, 0xc8, 0xc0, 0xff, 0xd0, 0xc8, 0xc0, 0xff, 0xd0, 0xc8, 0xc0, 0xff,
    0xd0, 0xc8, 0xc0, 0xff, 0xd0, 0xc8, 0xc0, 0xff, 0xd0, 0xc8, 0xc0, 0xff,
    0xd8, 0xc8, 0xc0, 0xff, 0xd0, 0xc8, 0xc0, 0xff, 0xd0, 0xc8, 0xc0, 0xff,
    0xd8, 0xc8, 0xc0, 0xff, 0xd0, 0xc8, 0xc0, 0xff, 0xd0, 0xc8, 0xc0, 0xff,
    0xd0, 0xc8, 0xc0, 0xff, 0xd0, 0xc8, 0xc0, 0xff, 0xd0, 0xc8, 0xc0, 0xff,
    0xd8, 0xc8, 0xc0, 0xff, 0xd0, 0xc8, 0xc0, 0xff, 0xd0, 0xc8, 0xc0, 0xff,
    0xd8, 0xc8, 0xc0, 0xff, 0xd0, 0xc8, 0xc0, 0xff, 0xd0, 0xc8, 0xc0, 0xff,
    0xd0, 0xc8, 0xc0, 0xff, 0xd0, 0xc8, 0xc0, 0xff, 0xd0, 0xc8, 0xc0, 0xff,
    0xd8, 0xc8, 0xc0, 0xff, 0xd0, 0xc8, 0xc0, 0xff, 0xd0, 0xc8, 0xc0, 0xff,
    0xd8, 0xc8, 0xc0, 0xff, 0xd0, 0xc8, 0xc0, 0xff, 0xd0, 0xc8, 0xc0, 0xff,
    0xd0, 0xc8, 0xc0, 0xff, 0xd8, 0xc8, 0xc0, 0xff, 0xd0, 0xc8, 0xc0, 0xff,
    0xd8, 0xc8, 0xc0, 0xff, 0xd0, 0xc8, 0xc0, 0xff, 0xd8, 0xc8, 0xc0, 0xff,
    0xd0, 0xc8, 0xc0, 0xff, 0xd0, 0xc8, 0xc0, 0xff, 0xd0, 0xc8, 0xc0, 0xff,
    0xd0, 0xc8, 0xc0, 0xff, 0xd0, 0xc8, 0xc0, 0xff, 0xd0, 0xc8, 0xc0, 0xff,
    0xd0, 0xc8, 0xc0, 0xff, 0xd8, 0xc8, 0xc0, 0xff, 0xd0, 0xc8, 0xc0, 0xff,
    0xd0, 0xc8, 0xc0, 0xff, 0xd8, 0xc8, 0xc0, 0xff, 0xd0, 0xc8, 0xc0, 0xff,
    0xd0, 0xc8, 0xc0, 0xff, 0xd8, 0xc8, 0xc0, 0xff, 0xd0, 0xc8, 0xc0, 0xff,
    0xd0, 0xc8, 0xc0, 0xff, 0xd0, 0xc8, 0xc0, 0xff, 0xd0, 0xc8, 0xc0, 0xff,
    0xd0, 0xc8, 0xc0, 0xff, 0xd0, 0xc8, 0xc0, 0xff, 0xd0, 0xc8, 0xc0, 0xff,
    0xd0, 0xc8, 0xc0, 0xff, 0xd0, 0xc8, 0xc0, 0xff, 0xd0, 0xc8, 0xc0, 0xff,
    0xd8, 0xc8, 0xc0, 0xff, 0xd0, 0xc8, 0xc0, 0xff, 0xd0, 0xc8, 0xc0, 0xff,
    0xd0, 0xc8, 0xc0, 0xff, 0xd0, 0xc8, 0xc0, 0xff, 0xd0, 0xc8, 0xc0, 0xff,
    0xd0, 0xc8, 0xc0, 0xff, 0xd8, 0xc8, 0xc0, 0xff, 0xd0, 0xc8, 0xc0, 0xff,
    0xd0, 0xc8, 0xc0, 0xff, 0xd0, 0xc8, 0xc0, 0xff, 0xd0, 0xc8, 0xc0, 0xff,
    0xd0, 0xc8, 0xc0, 0xff, 0xd0, 0xc8, 0xc0, 0xff, 0xd0, 0xc8, 0xc0, 0xff,
    0xd0, 0xc8, 0xc0, 0xff, 0xd8, 0xc8, 0xc0, 0xff, 0xd0, 0xc8, 0xc0, 0xff,
    0xd0, 0xc8, 0xc0, 0xff, 0xd0, 0xc8, 0xc0, 0xff, 0xd0, 0xc8, 0xc0, 0xff,
    0xd0, 0xc8, 0xc0, 0xff, 0xd0, 0xc8, 0xc0, 0xff, 0xd0, 0xc8, 0xc0, 0xff,
    0xd0, 0xc8, 0xc0, 0xff, 0xd8, 0xc8, 0xc0, 0xff, 0xd0, 0xc8, 0xc0, 0xff,
    0xd0, 0xc8, 0xc0, 0xff, 0xd0, 0xc8, 0xc0, 0xff, 0xd0, 0xc8, 0xc0, 0xff,
    0xd0, 0xc8, 0xc0, 0xff, 0xd0, 0xc8, 0xc0, 0xff, 0xd0, 0xc8, 0xc0, 0xff,
    0xd0, 0xc8, 0xc0, 0xff, 0xd8, 0xc8, 0xc0, 0xff, 0xd0, 0xc8, 0xc0, 0xff,
    0xd0, 0xc8, 0xc0, 0xff, 0xd0, 0xc8, 0xc0, 0xff, 0xd0, 0xc8, 0xc0, 0xff,
    0xd0, 0xc8, 0xc0, 0xff, 0xd0, 0xc8, 0xc0, 0xff, 0xd0, 0xc8, 0xc0, 0xff,
    0xd0, 0xc8, 0xc0, 0xff, 0xd8, 0xc8, 0xc0, 0xff, 0xd0, 0xc8, 0xc0, 0xff,
    0xd0, 0xc8, 0xc0, 0xff, 0xd0, 0xc8, 0xc0, 0xff, 0xd0, 0xc8, 0xc0, 0xff,
    0xd0, 0xc8, 0xc0, 0xff, 0xd0, 0xc8, 0xc0, 0xff, 0xd0, 0xc8, 0xc0, 0xff,
    0xd0, 0xc8, 0xc0, 0xff, 0xd8, 0xc8, 0xc0, 0xff, 0xd0, 0xc8, 0xc0, 0xff,
    0xd0, 0xc8, 0xc0, 0xff, 0xd0, 0xc8, 0xc0, 0xff, 0xd0, 0xc8, 0xc0, 0xff,
    0xd0, 0xc8, 0xc0, 0xff, 0xd0, 0xc8, 0xc0, 0xff, 0xd0, 0xc8, 0xc0, 0xff,
    0xd0, 0xc8, 0xc0, 0xff, 0xd8, 0xc8, 0xc0, 0xff, 0xd0, 0xc8, 0xc0, 0xff,
    0xd0, 0xc8, 0xc0, 0xff, 0xd0, 0xc8, 0xc0, 0xff, 0xd0, 0xc8, 0xc0, 0xff,
    0xd0, 0xc8, 0xc0, 0xff, 0xd0, 0xc8, 0xc0, 0xff, 0xd0, 0xc8, 0xc0, 0xff,
    0xd0, 0xc8, 0xc0, 0xff, 0xd8, 0xc8, 0xc0, 0xff, 0xd0, 0xc8, 0xc0, 0xff,
    0xd0, 0xc8, 0xc0, 0xff, 0xd0, 0xc8, 0xc0, 0xff, 0xd0, 0xc8, 0xc0, 0xff,
    0xd0, 0xc8, 0xc0, 0xff, 0xd0, 0xc8, 0xc0, 0xff, 0xd0, 0xc8, 0xc0, 0xff,
    0xd0, 0xc8, 0xc0, 0xff, 0xd0, 0xc8, 0xc0, 0xff, 0xd8, 0xc8, 0xc0, 0xff,
    0xd0, 0xc8, 0xc0, 0xff, 0xd0, 0xc8, 0xc0, 0xff, 0xd0, 0xc8, 0xc0, 0xff,
    0xd8, 0xc8, 0xc0, 0xff, 0xd0, 0xc8, 0xc0, 0xff, 0xd0, 0xc8, 0xc0, 0xff,
    0xd8, 0xc8, 0xc0, 0xff, 0xd0, 0xc8, 0xc0, 0xff, 0xd8, 0xc8, 0xc0, 0xff,
    0xd0, 0xc8, 0xc0, 0xff, 0xd0, 0xc8, 0xc0, 0xff, 0xd0, 0xc8, 0xc0, 0xff,
    0xd0, 0xc8, 0xc0, 0xff, 0xd8, 0xc8, 0xc0, 0xff, 0xd0, 0xc8, 0xc0, 0xff,
    0xd0, 0xc8, 0xc0, 0xff, 0xd0, 0xc8, 0xc0, 0xff, 0xd0, 0xc8, 0xc0, 0xff,
    0xd0, 0xc8, 0xc0, 0xff, 0xd8, 0xc8, 0xc0, 0xff, 0xd0, 0xc8, 0xc0, 0xff,
    0xd8, 0xc8, 0xc0, 0xff, 0xd0, 0xc8, 0xc0, 0xff, 0xd8, 0xc8, 0xc0, 0xff,
    0xd8, 0xc8, 0xc0, 0xff, 0xd0, 0xc8, 0xc0, 0xff, 0xd8, 0xc8, 0xc0, 0xff,
    0xd0, 0xc8, 0xc0, 0xff, 0xd0, 0xc8, 0xc0, 0xff, 0xd8, 0xc8, 0xc0, 0xff,
    0xd0, 0xc8, 0xc0, 0xff, 0xd0, 0xc8, 0xc0, 0xff, 0xd8, 0xc8, 0xc0, 0xff,
    0xd0, 0xc8, 0xc0, 0xff, 0xd0, 0xc8, 0xc0, 0xff, 0xd8, 0xc8, 0xc0, 0xff,
    0xd0, 0xc8, 0xc0, 0xff, 0xd8, 0xc8, 0xc0, 0xff, 0xd0, 0xc8, 0xc0, 0xff,
    0xd8, 0xc8, 0xc0, 0xff, 0xd0, 0xc8, 0xc0, 0xff, 0xd8, 0xc8, 0xc0, 0xff,
    0xd0, 0xc8, 0xc0, 0xff, 0xd0, 0xc8, 0xc0, 0xff, 0xd8, 0xc8, 0xc0, 0xff,
    0xd0, 0xc8, 0xc0, 0xff, 0xd8, 0xc8, 0xc0, 0xff, 0xd0, 0xc8, 0xc0, 0xff,
    0xd8, 0xc8, 0xc0, 0xff, 0xd0, 0xc8, 0xc0, 0xff, 0xd8, 0xc8, 0xc0, 0xff,
    0xd0, 0xc8, 0xc0, 0xff, 0xd0, 0xc8, 0xc0, 0xff, 0xd8, 0xc8, 0xc0, 0xff,
    0xd0, 0xc8, 0xc0, 0xff, 0xd8, 0xc8, 0xc0, 0xff, 0xd0, 0xc8, 0xc0, 0xff,
    0xd8, 0xc8, 0xc0, 0xff, 0xd0, 0xc8, 0xc0, 0xff, 0xd8, 0xc8, 0xc0, 0xff,
    0xd0, 0xc8, 0xc0, 0xff, 0xd0, 0xc8, 0xc0, 0xff, 0xd8, 0xc8, 0xc0, 0xff,
    0xd0, 0xc8, 0xc0, 0xff, 0xd8, 0xc8, 0xc0, 0xff, 0xd0, 0xc8, 0xc0, 0xff,
    0xd8, 0xc8, 0xc0, 0xff, 0xd0, 0xc8, 0xc0, 0xff, 0xd8, 0xc8, 0xc0, 0xff,
    0xd0, 0xc8, 0xc0, 0xff, 0xd0, 0xc8, 0xc0, 0xff, 0xd8, 0xc8, 0xc0, 0xff,
    0xd0, 0xc8, 0xc0, 0xff, 0xd8, 0xc8, 0xc0, 0xff, 0xd0, 0xc8, 0xc0, 0xff,
    0xd8, 0xc8, 0xc0, 0xff, 0xd0, 0xc8, 0xc0, 0xff, 0xd8, 0xc8, 0xc0, 0xff,
    0xd0, 0xc8, 0xc0, 0xff, 0xd0, 0xc8, 0xc0, 0xff, 0xd8, 0xc8, 0xc0, 0xff,
    0xd0, 0xc8, 0xc0, 0xff, 0xd8, 0xc8, 0xc0, 0xff, 0xd0, 0xc8, 0xc0, 0xff,
    0xd8, 0xc8, 0xc0, 0xff, 0xd0, 0xc8, 0xc0, 0xff, 0xd8, 0xc8, 0xc0, 0xff,
    0xd0, 0xc8, 0xc0, 0xff, 0xd0, 0xc8, 0xc0, 0xff, 0xd8, 0xc8, 0xc0, 0xff,
    0xd0, 0xc8, 0xc0, 0xff, 0xd8, 0xc8, 0xc0, 0xff, 0xd0, 0xc8, 0xc0, 0xff,
    0xd8, 0xc8, 0xc0, 0xff, 0xd0, 0xc8, 0xc0, 0xff, 0xd8, 0xc8, 0xc0, 0xff,
    0xd0, 0xc8, 0xc0, 0xff, 0xd0, 0xc8, 0xc0, 0xff, 0xd8, 0xc8, 0xc0, 0xff,
    0xd0, 0xc8, 0xc0, 0xff, 0xd8, 0xc8, 0xc0, 0xff, 0xd0, 0xc8, 0xc0, 0xff,
    0xd8, 0xc8, 0xc0, 0xff, 0xd0, 0xc8, 0xc0, 0xff, 0xd8, 0xc8, 0xc0, 0xff,
    0xd0, 0xc8, 0xc0, 0xff, 0xd8, 0xc8, 0xc0, 0xff, 0xd0, 0xc8, 0xc0, 0xff,
    0xd0, 0xc8, 0xc0, 0xff, 0xd8, 0xc8, 0xc0, 0xff, 0xd0, 0xc8, 0xc0, 0xff,
    0xd0, 0xc8, 0xc0, 0xff, 0xd0, 0xc8, 0xc0, 0xff, 0xd0, 0xc8, 0xc0, 0xff,
    0xd0, 0xc8, 0xc0, 0xff, 0xd0, 0xc8, 0xc0, 0xff, 0xd0, 0xc8, 0xc0, 0xff,
    0xd8, 0xc8, 0xc0, 0xff, 0xd0, 0xc8, 0xc0, 0xff, 0xd0, 0xc8, 0xc0, 0xff,
    0xd0, 0xc8, 0xc0, 0xff, 0xd0, 0xc8, 0xc0, 0xff, 0xd0, 0xc8, 0xc0, 0xff,
    0xd0, 0xc8, 0xc0, 0xff, 0xd0, 0xc8, 0xc0, 0xff, 0xd8, 0xc8, 0xc0, 0xff,
    0xd0, 0xc8, 0xc0, 0xff, 0xd0, 0xc8, 0xc0, 0xff, 0xd0, 0xc8, 0xc0, 0xff,
    0xd0, 0xc8, 0xc0, 0xff, 0xd0, 0xc8, 0xc0, 0xff, 0xd0, 0xc8, 0xc0, 0xff,
    0xd0, 0xc8, 0xc0, 0xff, 0xd0, 0xc8, 0xc0, 0xff, 0xd0, 0xc8, 0xc0, 0xff,
    0xd0, 0xc8, 0xc0, 0xff, 0xd8, 0xc8, 0xc0, 0xff, 0xd0, 0xc8, 0xc0, 0xff,
    0xd0, 0xc8, 0xc0, 0xff, 0xd0, 0xc8, 0xc0, 0xff, 0xd0, 0xc8, 0xc0, 0xff,
    0xd0, 0xc8, 0xc0, 0xff, 0xd8, 0xc8, 0xc0, 0xff, 0xd0, 0xc8, 0xc0, 0xff,
    0xd0, 0xc8, 0xc0, 0xff, 0xd0, 0xc8, 0xc0, 0xff, 0xd0, 0xc8, 0xc0, 0xff,
    0xd0, 0xc8, 0xc0, 0xff, 0xd0, 0xc8, 0xc0, 0xff, 0xd0, 0xc8, 0xc0, 0xff,
    0xd8, 0xc8, 0xc0, 0xff, 0xd0, 0xc8, 0xc0, 0xff, 0xd0, 0xc8, 0xc0, 0xff,
    0xd8, 0xc8, 0xc0, 0xff, 0xd0, 0xc8, 0xc0, 0xff, 0xd0, 0xc8, 0xc0, 0xff,
    0xd0, 0xc8, 0xc0, 0xff, 0xd0, 0xc8, 0xc0, 0xff, 0xd0, 0xc8, 0xc0, 0xff,
    0xd8, 0xc8, 0xc0, 0xff, 0xd0, 0xc8, 0xc0, 0xff, 0xd0, 0xc8, 0xc0, 0xff,
    0xd8, 0xc8, 0xc0, 0xff, 0xd0, 0xc8, 0xc0, 0xff, 0xd0, 0xc8, 0xc0, 0xff,
    0xd0, 0xc8, 0xc0, 0xff, 0xd0, 0xc8, 0xc0, 0xff, 0xd0, 0xc8, 0xc0, 0xff,
    0xd8, 0xc8, 0xc0, 0xff, 0xd0, 0xc8, 0xc0, 0xff, 0xd0, 0xc8, 0xc0, 0xff,
    0xd8, 0xc8, 0xc0, 0xff, 0xd0, 0xc8, 0xc0, 0xff, 0xd0, 0xc8, 0xc0, 0xff,
    0xd0, 0xc8, 0xc0, 0xff, 0xd0, 0xc8, 0xc0, 0xff, 0xd0, 0xc8, 0xc0, 0xff,
    0xd8, 0xc8, 0xc0, 0xff, 0xd0, 0xc8, 0xc0, 0xff, 0xd0, 0xc8, 0xc0, 0xff,
    0xd8, 0xc8, 0xc0, 0xff, 0xd0, 0xc8, 0xc0, 0xff, 0xd0, 0xc8, 0xc0, 0xff,
    0xd0, 0xc8, 0xc0, 0xff, 0xd0, 0xc8, 0xc0, 0xff, 0xd0, 0xc8, 0xc0, 0xff,
    0xd8, 0xc8, 0xc0, 0xff, 0xd0, 0xc8, 0xc0, 0xff, 0xd0, 0xc8, 0xc0, 0xff,
    0xd8, 0xc8, 0xc0, 0xff, 0xd0, 0xc8, 0xc0, 0xff, 0xd0, 0xc8, 0xc0, 0xff,
    0xd0, 0xc8, 0xc0, 0xff, 0xd0, 0xc8, 0xc0, 0xff, 0xd0, 0xc8, 0xc0, 0xff,
    0xd8, 0xc8, 0xc0, 0xff, 0xd0, 0xc8, 0xc0, 0xff, 0xd0, 0xc8, 0xc0, 0xff,
    0xd8, 0xc8, 0xc0, 0xff, 0xd0, 0xc8, 0xc0, 0xff, 0xd0, 0xc8, 0xc0, 0xff,
    0xd0, 0xc8, 0xc0, 0xff, 0xd0, 0xc8, 0xc0, 0xff, 0xd0, 0xc8, 0xc0, 0xff,
    0xd8, 0xc8, 0xc0, 0xff, 0xd0, 0xc8, 0xc0, 0xff, 0xd0, 0xc8, 0xc0, 0xff,
    0xd8, 0xc8, 0xc0, 0xff, 0xd0, 0xc8, 0xc0, 0xff, 0xd0, 0xc8, 0xc0, 0xff,
    0xd0, 0xc8, 0xc0, 0xff, 0xd0, 0xc8, 0xc0, 0xff, 0xd0, 0xc8, 0xc0, 0xff,
    0xd8, 0xc8, 0xc0, 0xff, 0xd0, 0xc8, 0xc0, 0xff, 0xd0, 0xc8, 0xc0, 0xff,
    0xd0, 0xc8, 0xc0, 0xff, 0xd8, 0xc8, 0xc0, 0xff, 0xd0, 0xc8, 0xc0, 0xff,
    0xd0, 0xc8, 0xc0, 0xff, 0xd0, 0xc8, 0xc0, 0xff, 0xd8, 0xc8, 0xc0, 0xff,
    0xd0, 0xc8, 0xc0, 0xff, 0xd0, 0xc8, 0xc0, 0xff, 0xd8, 0xc8, 0xc0, 0xff,
    0xd0, 0xc8, 0xc0, 0xff, 0xd0, 0xc8, 0xc0, 0xff, 0xd0, 0xc8, 0xc0, 0xff,
    0xd0, 0xc8, 0xc0, 0xff, 0xd8, 0xc8, 0xc0, 0xff, 0xd0, 0xc8, 0xc0, 0xff,
    0xd0, 0xc8, 0xc0, 0xff, 0xd0, 0xc8, 0xc0, 0xff, 0xd8, 0xc8, 0xc0, 0xff,
    0xd0, 0xc8, 0xc0, 0xff, 0xd0, 0xc8, 0xc0, 0xff, 0xd8, 0xc8, 0xc0, 0xff,
    0xd8, 0xc8, 0xc0, 0xff, 0xd0, 0xc8, 0xc0, 0xff, 0xd0, 0xc8, 0xc0, 0xff,
    0xd8, 0xc8, 0xc0, 0xff, 0xd0, 0xc8, 0xc0, 0xff, 0xd0, 0xc8, 0xc0, 0xff,
    0xd8, 0xc8, 0xc0, 0xff, 0xd0, 0xc8, 0xc0, 0xff, 0xd0, 0xc8, 0xc0, 0xff,
    0xd0, 0xc8, 0xc0, 0xff, 0xd0, 0xc8, 0xc0, 0xff, 0xd8, 0xc8, 0xc0, 0xff,
    0xd0, 0xc8, 0xc0, 0xff, 0xd0, 0xc8, 0xc0, 0xff, 0xd8, 0xc8, 0xc0, 0xff,
    0xd0, 0xc8, 0xc0, 0xff, 0xd0, 0xc8, 0xc0, 0xff, 0xd8, 0xc8, 0xc0, 0xff,
    0xd0, 0xc8, 0xc0, 0xff, 0xd0, 0xc8, 0xc0, 0xff, 0xd8, 0xc8, 0xc0, 0xff,
    0xd0, 0xc8, 0xc0, 0xff, 0xd0, 0xc8, 0xc0, 0xff, 0xd0, 0xc8, 0xc0, 0xff,
    0xd0, 0xc8, 0xc0, 0xff, 0xd0, 0xc8, 0xc0, 0xff, 0xd0, 0xc8, 0xc0, 0xff,
    0xd0, 0xc8, 0xc0, 0xff, 0xd0, 0xc8, 0xc0, 0xff, 0xd8, 0xc8, 0xc0, 0xff,
    0xd0, 0xc8, 0xc0, 0xff, 0xd0, 0xc8, 0xc0, 0xff, 0xd0, 0xc8, 0xc0, 0xff,
    0xd0, 0xc8, 0xc0, 0xff, 0xd0, 0xc8, 0xc0, 0xff, 0xd0, 0xc8, 0xc0, 0xff,
    0xd0, 0xc8, 0xc0, 0xff, 0xd0, 0xc8, 0xc0, 0xff, 0xd8, 0xc8, 0xc0, 0xff,
    0xd0, 0xc8, 0xc0, 0xff, 0xd0, 0xc8, 0xc0, 0xff, 0xd0, 0xc8, 0xc0, 0xff,
    0xd0, 0xc8, 0xc0, 0xff, 0xd0, 0xc8, 0xc0, 0xff, 0xd0, 0xc8, 0xc0, 0xff,
    0xd0, 0xc8, 0xc0, 0xff, 0xd0, 0xc8, 0xc0, 0xff, 0xd8, 0xc8, 0xc0, 0xff,
    0xd0, 0xc8, 0xc0, 0xff, 0xd0, 0xc8, 0xc0, 0xff, 0xd0, 0xc8, 0xc0, 0xff,
    0xd0, 0xc8, 0xc0, 0xff, 0xd0, 0xc8, 0xc0, 0xff, 0xd0, 0xc8, 0xc0, 0xff,
    0xd0, 0xc8, 0xc0, 0xff, 0xd0, 0xc8, 0xc0, 0xff, 0xd8, 0xc8, 0xc0, 0xff,
    0xd0, 0xc8, 0xc0, 0xff, 0xd0, 0xc8, 0xc0, 0xff, 0xd0, 0xc8, 0xc0, 0xff,
    0xd0, 0xc8, 0xc0, 0xff, 0xd0, 0xc8, 0xc0, 0xff, 0xd0, 0xc8, 0xc0, 0xff,
    0xd0, 0xc8, 0xc0, 0xff, 0xd0, 0xc8, 0xc0, 0xff, 0xd8, 0xc8, 0xc0, 0xff,
    0xd0, 0xc8, 0xc0, 0xff, 0xd0, 0xc8, 0xc0, 0xff, 0xd0, 0xc8, 0xc0, 0xff,
    0xd0, 0xc8, 0xc0, 0xff, 0xd0, 0xc8, 0xc0, 0xff, 0xd0, 0xc8, 0xc0, 0xff,
    0xd0, 0xc8, 0xc0, 0xff, 0xd0, 0xc8, 0xc0, 0xff, 0xd8, 0xc8, 0xc0, 0xff,
    0xd0, 0xc8, 0xc0, 0xff, 0xd0, 0xc8, 0xc0, 0xff, 0xd0, 0xc8, 0xc0, 0xff,
    0xd0, 0xc8, 0xc0, 0xff, 0xd0, 0xc8, 0xc0, 0xff, 0xd0, 0xc8, 0xc0, 0xff,
    0xd0, 0xc8, 0xc0, 0xff, 0xd0, 0xc8, 0xc0, 0xff, 0xd8, 0xc8, 0xc0, 0xff,
    0xd0, 0xc8, 0xc0, 0xff, 0xd0, 0xc8, 0xc0, 0xff, 0xd0, 0xc8, 0xc0, 0xff,
    0xd0, 0xc8, 0xc0, 0xff, 0xd0, 0xc8, 0xc0, 0xff, 0xd0, 0xc8, 0xc0, 0xff,
    0xd0, 0xc8, 0xc0, 0xff, 0xd8, 0xc8, 0xc0, 0xff, 0xd0, 0xc8, 0xc0, 0xff,
    0xd0, 0xc8, 0xc0, 0xff, 0xd8, 0xc8, 0xc0, 0xff, 0xd0, 0xc8, 0xc0, 0xff,
    0xd0, 0xc8, 0xc0, 0xff, 0xd8, 0xc8, 0xc0, 0xff, 0xd0, 0xc8, 0xc0, 0xff,
    0xd8, 0xc8, 0xc0, 0xff, 0xd0, 0xc8, 0xc0, 0xff, 0xd0, 0xc8, 0xc0, 0xff,
    0xd0, 0xc8, 0xc0, 0xff, 0xd0, 0xc8, 0xc0, 0xff, 0xd0, 0xc8, 0xc0, 0xff,
    0xd0, 0xc8, 0xc0, 0xff, 0xd8, 0xc8, 0xc0, 0xff, 0xd0, 0xc8, 0xc0, 0xff,
    0xd0, 0xc8, 0xc0, 0xff, 0xd0, 0xc8, 0xc0, 0xff, 0xd0, 0xc8, 0xc0, 0xff,
    0xd0, 0xc8, 0xc0, 0xff, 0xd8, 0xc8, 0xc0, 0xff, 0xd0, 0xc8, 0xc0, 0xff,
    0xd0, 0xc8, 0xc0, 0xff, 0xd8, 0xc8, 0xc0, 0xff, 0xd0, 0xc8, 0xc0, 0xff,
    0xd0, 0xc8, 0xc0, 0xff, 0xd8, 0xc8, 0xc0, 0xff, 0xd0, 0xc8, 0xc0, 0xff,
    0xd0, 0xc8, 0xc0, 0xff, 0xd8, 0xc8, 0xc0, 0xff, 0xd0, 0xc8, 0xc0, 0xff,
    0xd0, 0xc8, 0xc0, 0xff, 0xd0, 0xc8, 0xc0, 0xff, 0xd0, 0xc8, 0xc0, 0xff,
    0xd0, 0xc8, 0xc0, 0xff, 0xd8, 0xc8, 0xc0, 0xff, 0xd0, 0xc8, 0xc0, 0xff,
    0xd0, 0xc8, 0xc0, 0xff, 0xd8, 0xc8, 0xc0, 0xff, 0xd0, 0xc8, 0xc0, 0xff,
    0xd0, 0xc8, 0xc0, 0xff, 0xd8, 0xc8, 0xc0, 0xff, 0xd0, 0xc8, 0xc0, 0xff,
    0xd8, 0xc8, 0xc0, 0xff, 0xd0, 0xc8, 0xc0, 0xff, 0xd0, 0xc8, 0xc0, 0xff,
    0xd8, 0xc8, 0xc0, 0xff, 0xd0, 0xc8, 0xc0, 0xff, 0xd0, 0xc8, 0xc0, 0xff,
    0xd8, 0xc8, 0xc0, 0xff, 0xd0, 0xc8, 0xc0, 0xff, 0xd8, 0xc8, 0xc0, 0xff,
    0xd0, 0xc8, 0xc0, 0xff, 0xd0, 0xc8, 0xc0, 0xff, 0xd8, 0xc8, 0xc0, 0xff,
    0xd0, 0xc8, 0xc0, 0xff, 0xd0, 0xc8, 0xc0, 0xff, 0xd8, 0xc8, 0xc0, 0xff,
    0xd0, 0xc8, 0xc0, 0xff, 0xd0, 0xc8, 0xc0, 0xff, 0xd8, 0xc8, 0xc0, 0xff,
    0xd0, 0xc8, 0xc0, 0xff, 0xd8, 0xc8, 0xc0, 0xff, 0xd0, 0xc8, 0xc0, 0xff,
    0xd0, 0xc8, 0xc0, 0xff, 0xd8, 0xc8, 0xc0, 0xff, 0xd0, 0xc8, 0xc0, 0xff,
    0xd0, 0xc8, 0xc0, 0xff, 0xd8, 0xc8, 0xc0, 0xff, 0xd0, 0xc8, 0xc0, 0xff,
    0xd8, 0xc8, 0xc0, 0xff, 0xd0, 0xc8, 0xc0, 0xff, 0xd0, 0xc8, 0xc0, 0xff,
    0xd8, 0xc8, 0xc0, 0xff, 0xd0, 0xc8, 0xc0, 0xff, 0xd0, 0xc8, 0xc0, 0xff,
    0xd8, 0xc8, 0xc0, 0xff, 0xd0, 0xc8, 0xc0, 0xff, 0xd8, 0xc8, 0xc0, 0xff,
    0xd0, 0xc8, 0xc0, 0xff, 0xd0, 0xc8, 0xc0, 0xff, 0xd8, 0xc8, 0xc0, 0xff,
    0xd0, 0xc8, 0xc0, 0xff, 0xd0, 0xc8, 0xc0, 0xff, 0xd8, 0xc8, 0xc0, 0xff,
    0xd0, 0xc8, 0xc0, 0xff, 0xd0, 0xc8, 0xc0, 0xff, 0xd8, 0xc8, 0xc0, 0xff,
    0xd0, 0xc8, 0xc0, 0xff, 0xd8, 0xc8, 0xc0, 0xff, 0xd0, 0xc8, 0xc0, 0xff,
    0xd0, 0xc8, 0xc0, 0xff, 0xd8, 0xc8, 0xc0, 0xff, 0xd0, 0xc8, 0xc0, 0xff,
    0xd0, 0xc8, 0xc0, 0xff, 0xd8, 0xc8, 0xc0, 0xff, 0xd0, 0xc8, 0xc0, 0xff,
    0xd8, 0xc8, 0xc0, 0xff, 0xd0, 0xc8, 0xc0, 0xff, 0xd0, 0xc8, 0xc0, 0xff,
    0xd8, 0xc8, 0xc0, 0xff, 0xd0, 0xc8, 0xc0, 0xff, 0xd0, 0xc8, 0xc0, 0xff,
    0xd8, 0xc8, 0xc0, 0xff, 0xd0, 0xc8, 0xc0, 0xff, 0xd8, 0xc8, 0xc0, 0xff,
    0xd8, 0xc8, 0xc0, 0xff, 0xd0, 0xc8, 0xc0, 0xff, 0xd0, 0xc8, 0xc0, 0xff,
    0xd0, 0xc8, 0xc0, 0xff, 0xd0, 0xc8, 0xc0, 0xff, 0xd0, 0xc8, 0xc0, 0xff,
    0xd0, 0xc8, 0xc0, 0xff, 0xd0, 0xc8, 0xc0, 0xff, 0xd0, 0xc8, 0xc0, 0xff,
    0xd0, 0xc8, 0xc0, 0xff, 0xd0, 0xc8, 0xc0, 0xff, 0xd0, 0xc8, 0xc0, 0xff,
    0xd8, 0xc8, 0xc0, 0xff, 0xd0, 0xc8, 0xc0, 0xff, 0xd0, 0xc8, 0xc0, 0xff,
    0xd8, 0xc8, 0xc0, 0xff, 0xd0, 0xc8, 0xc0, 0xff, 0xd0, 0xc8, 0xc0, 0xff,
    0xd0, 0xc8, 0xc0, 0xff, 0xd0, 0xc8, 0xc0, 0xff, 0xd8, 0xc8, 0xc0, 0xff,
    0xd0, 0xc8, 0xc0, 0xff, 0xd0, 0xc8, 0xc0, 0xff, 0xd0, 0xc8, 0xc0, 0xff,
    0xd0, 0xc8, 0xc0, 0xff, 0xd0, 0xc8, 0xc0, 0xff, 0xd0, 0xc8, 0xc0, 0xff,
    0xd0, 0xc8, 0xc0, 0xff, 0xd0, 0xc8, 0xc0, 0xff, 0xd0, 0xc8, 0xc0, 0xff,
    0xd8, 0xc8, 0xc0, 0xff, 0xd0, 0xc8, 0xc0, 0xff, 0xd0, 0xc8, 0xc0, 0xff,
    0xd0, 0xc8, 0xc0, 0xff, 0xd8, 0xc8, 0xc0, 0xff, 0xd0, 0xc8, 0xc0, 0xff,
    0xd0, 0xc8, 0xc0, 0xff, 0xd8, 0xc8, 0xc0, 0xff, 0xd0, 0xc8, 0xc0, 0xff,
    0xd0, 0xc8, 0xc0, 0xff, 0xd0, 0xc8, 0xc0, 0xff, 0xd0, 0xc8, 0xc0, 0xff,
    0xd0, 0xc8, 0xc0, 0xff, 0xd0, 0xc8, 0xc0, 0xff, 0xd8, 0xc8, 0xc0, 0xff,
    0xd0, 0xc8, 0xc0, 0xff, 0xd0, 0xc8, 0xc0, 0xff, 0xd0, 0xc8, 0xc0, 0xff,
    0xd8, 0xc8, 0xc0, 0xff, 0xd0, 0xc8, 0xc0, 0xff, 0xd0, 0xc8, 0xc0, 0xff,
    0xd0, 0xc8, 0xc0, 0xff, 0xd0, 0xc8, 0xc0, 0xff, 0xd0, 0xc8, 0xc0, 0xff,
    0xd8, 0xc8, 0xc0, 0xff, 0xd0, 0xc8, 0xc0, 0xff, 0xd0, 0xc8, 0xc0, 0xff,
    0xd8, 0xc8, 0xc0, 0xff, 0xd0, 0xc8, 0xc0, 0xff, 0xd0, 0xc8, 0xc0, 0xff,
    0xd0, 0xc8, 0xc0, 0xff, 0xd0, 0xc8, 0xc0, 0xff, 0xd8, 0xc8, 0xc0, 0xff,
    0xd0, 0xc8, 0xc0, 0xff, 0xd0, 0xc8, 0xc0, 0xff, 0xd8, 0xc8, 0xc0, 0xff,
    0xd0, 0xc8, 0xc0, 0xff, 0xd0, 0xc8, 0xc0, 0xff, 0xd0, 0xc8, 0xc0, 0xff,
    0xd0, 0xc8, 0xc0, 0xff, 0xd0, 0xc8, 0xc0, 0xff, 0xd8, 0xc8, 0xc0, 0xff,
    0xd0, 0xc8, 0xc0, 0xff, 0xd0, 0xc8, 0xc0, 0xff, 0xd0, 0xc8, 0xc0, 0xff,
    0xd8, 0xc8, 0xc0, 0xff, 0xd0, 0xc8, 0xc0, 0xff, 0xd0, 0xc8, 0xc0, 0xff,
    0xd0, 0xc8, 0xc0, 0xff, 0xd0, 0xc8, 0xc0, 0xff, 0xd0, 0xc8, 0xc0, 0xff,
    0xd8, 0xc8, 0xc0, 0xff, 0xd0, 0xc8, 0xc0, 0xff, 0xd0, 0xc8, 0xc0, 0xff,
    0xd8, 0xc8, 0xc0, 0xff, 0xd0, 0xc8, 0xc0, 0xff, 0xd0, 0xc8, 0xc0, 0xff,
    0xd0, 0xc8, 0xc0, 0xff, 0xd0, 0xc8, 0xc0, 0xff, 0xd8, 0xc8, 0xc0, 0xff,
    0xd0, 0xc8, 0xc0, 0xff, 0xd0, 0xc8, 0xc0, 0xff, 0xd8, 0xc8, 0xc0, 0xff,
    0xd0, 0xc8, 0xc0, 0xff, 0xd0, 0xc8, 0xc0, 0xff, 0xd0, 0xc8, 0xc0, 0xff,
    0xd0, 0xc8, 0xc0, 0xff, 0xd0, 0xc8, 0xc0, 0xff, 0xd8, 0xc8, 0xc0, 0xff,
    0xd0, 0xc8, 0xc0, 0xff, 0xd0, 0xc8, 0xc0, 0xff, 0xd0, 0xc8, 0xc0, 0xff,
    0xd8, 0xc8, 0xc0, 0xff, 0xd0, 0xc8, 0xc0, 0xff, 0xd0, 0xc8, 0xc0, 0xff,
    0xd0, 0xc8, 0xc0, 0xff, 0xd0, 0xc8, 0xc0, 0xff, 0xd0, 0xc8, 0xc0, 0xff,
    0xd0, 0xc8, 0xc0, 0xff, 0xd0, 0xc8, 0xc0, 0xff, 0xd0, 0xc8, 0xc0, 0xff,
    0xd8, 0xc8, 0xc0, 0xff, 0xd0, 0xc8, 0xc0, 0xff, 0xd0, 0xc8, 0xc0, 0xff,
    0xd8, 0xc8, 0xc0, 0xff, 0xd0, 0xc8, 0xc0, 0xff, 0xd8, 0xc8, 0xc0, 0xff,
    0xd0, 0xc8, 0xc0, 0xff, 0xd8, 0xc8, 0xc0, 0xff, 0xd0, 0xc8, 0xc0, 0xff,
    0xd0, 0xc8, 0xc0, 0xff, 0xd8, 0xc8, 0xc0, 0xff, 0xd0, 0xc8, 0xc0, 0xff,
    0xd0, 0xc8, 0xc0, 0xff, 0xd8, 0xc8, 0xc0, 0xff, 0xd0, 0xc8, 0xc0, 0xff,
    0xd0, 0xc8, 0xc0, 0xff, 0xd8, 0xc8, 0xc0, 0xff, 0xd0, 0xc8, 0xc0, 0xff,
    0xd0, 0xc8, 0xc0, 0xff, 0xd0, 0xc8, 0xc0, 0xff, 0xd8, 0xc8, 0xc0, 0xff,
    0xd0, 0xc8, 0xc0, 0xff, 0xd8, 0xc8, 0xc0, 0xff, 0xd0, 0xc8, 0xc0, 0xff,
    0xd8, 0xc8, 0xc0, 0xff, 0xd8, 0xc8, 0xc0, 0xff, 0xd0, 0xc8, 0xc0, 0xff,
    0xd0, 0xc8, 0xc0, 0xff, 0xd8, 0xc8, 0xc0, 0xff, 0xd0, 0xc8, 0xc0, 0xff,
    0xd0, 0xc8, 0xc0, 0xff, 0xd0, 0xc8, 0xc0, 0xff, 0xd0, 0xc8, 0xc0, 0xff,
    0xd0, 0xc8, 0xc0, 0xff, 0xd8, 0xc8, 0xc0, 0xff, 0xd0, 0xc8, 0xc0, 0xff,
    0xd0, 0xc8, 0xc0, 0xff, 0xd8, 0xc8, 0xc0, 0xff, 0xd0, 0xc8, 0xc0, 0xff,
    0xd8, 0xc8, 0xc0, 0xff, 0xd0, 0xc8, 0xc0, 0xff, 0xd0, 0xc8, 0xc0, 0xff,
    0xd8, 0xc8, 0xc0, 0xff, 0xd0, 0xc8, 0xc0, 0xff, 0xd0, 0xc8, 0xc0, 0xff,
    0xd0, 0xc8, 0xc0, 0xff, 0xd0, 0xc8, 0xc0, 0xff, 0xd0, 0xc8, 0xc0, 0xff,
    0xd8, 0xc8, 0xc0, 0xff, 0xd0, 0xc8, 0xc0, 0xff, 0xd8, 0xc8, 0xc0, 0xff,
    0xd0, 0xc8, 0xc0, 0xff, 0xd0, 0xc8, 0xc0, 0xff, 0xd0, 0xc8, 0xc0, 0xff,
    0xd0, 0xc8, 0xc0, 0xff, 0xd0, 0xc8, 0xc0, 0xff, 0xd0, 0xc8, 0xc0, 0xff,
    0xd8, 0xc8, 0xc0, 0xff, 0xd0, 0xc8, 0xc0, 0xff, 0xd0, 0xc8, 0xc0, 0xff,
    0xd8, 0xc8, 0xc0, 0xff, 0xd0, 0xc8, 0xc0, 0xff, 0xd0, 0xc8, 0xc0, 0xff,
    0xd0, 0xc8, 0xc0, 0xff, 0xd0, 0xc8, 0xc0, 0xff, 0xd0, 0xc8, 0xc0, 0xff,
    0xd8, 0xc8, 0xc0, 0xff, 0xd0, 0xc8, 0xc0, 0xff, 0xd0, 0xc8, 0xc0, 0xff,
    0xd8, 0xc8, 0xc0, 0xff, 0xd0, 0xc8, 0xc0, 0xff, 0xd0, 0xc8, 0xc0, 0xff,
    0xd0, 0xc8, 0xc0, 0xff, 0xd0, 0xc8, 0xc0, 0xff, 0xd0, 0xc8, 0xc0, 0xff,
    0xd8, 0xc8, 0xc0, 0xff, 0xd0, 0xc8, 0xc0, 0xff, 0xd8, 0xc8, 0xc0, 0xff,
    0xd0, 0xc8, 0xc0, 0xff, 0xd0, 0xc8, 0xc0, 0xff, 0xd0, 0xc8, 0xc0, 0xff,
    0xd0, 0xc8, 0xc0, 0xff, 0xd0, 0xc8, 0xc0, 0xff, 0xd0, 0xc8, 0xc0, 0xff,
    0xd8, 0xc8, 0xc0, 0xff, 0xd0, 0xc8, 0xc0, 0xff, 0xd0, 0xc8, 0xc0, 0xff,
    0xd8, 0xc8, 0xc0, 0xff, 0xd0, 0xc8, 0xc0, 0xff, 0xd0, 0xc8, 0xc0, 0xff,
    0xd0, 0xc8, 0xc0, 0xff, 0xd0, 0xc8, 0xc0, 0xff, 0xd0, 0xc8, 0xc0, 0xff,
    0xd8, 0xc8, 0xc0, 0xff, 0xd0, 0xc8, 0xc0, 0xff, 0xd0, 0xc8, 0xc0, 0xff,
    0xd8, 0xc8, 0xc0, 0xff, 0xd0, 0xc8, 0xc0, 0xff, 0xd0, 0xc8, 0xc0, 0xff,
    0xd0, 0xc8, 0xc0, 0xff, 0xd0, 0xc8, 0xc0, 0xff, 0xd0, 0xc8, 0xc0, 0xff,
    0xd8, 0xc8, 0xc0, 0xff, 0xd0, 0xc8, 0xc0, 0xff, 0xd8, 0xc8, 0xc0, 0xff,
    0xd0, 0xc8, 0xc0, 0xff, 0xd0, 0xc8, 0xc0, 0xff, 0xd8, 0xc8, 0xc0, 0xff,
    0xd0, 0xc8, 0xc0, 0xff, 0xd0, 0xc8, 0xc0, 0xff, 0xd0, 0xc8, 0xc0, 0xff,
    0xd8, 0xc8, 0xc0, 0xff, 0xd0, 0xc8, 0xc0, 0xff, 0xd0, 0xc8, 0xc0, 0xff,
    0xd8, 0xc8, 0xc0, 0xff, 0xd0, 0xc8, 0xc0, 0xff, 0xd0, 0xc8, 0xc0, 0xff,
    0xd8, 0xc8, 0xc0, 0xff, 0xd0, 0xc8, 0xc0, 0xff, 0xd0, 0xc8, 0xc0, 0xff,
    0xd0, 0xc8, 0xc0, 0xff, 0xd0, 0xc8, 0xc0, 0xff, 0xd0, 0xc8, 0xc0, 0xff,
    0xd0, 0xc8, 0xc0, 0xff, 0xd0, 0xc8, 0xc0, 0xff, 0xd0, 0xc8, 0xc0, 0xff,
    0xd0, 0xc8, 0xc0, 0xff, 0xd8, 0xc8, 0xc0, 0xff, 0xd0, 0xc8, 0xc0, 0xff,
    0xd0, 0xc8, 0xc0, 0xff, 0xd0, 0xc8, 0xc0, 0xff, 0xd0, 0xc8, 0xc0, 0xff,
    0xd0, 0xc8, 0xc0, 0xff, 0xd0, 0xc8, 0xc0, 0xff, 0xd0, 0xc8, 0xc0, 0xff,
    0xd0, 0xc8, 0xc0, 0xff, 0xd0, 0xc8, 0xc0, 0xff, 0xd8, 0xc8, 0xc0, 0xff,
    0xd0, 0xc8, 0xc0, 0xff, 0xd0, 0xc8, 0xc0, 0xff, 0xd8, 0xc8, 0xc0, 0xff,
    0xd0, 0xc8, 0xc0, 0xff, 0xd0, 0xc8, 0xc0, 0xff, 0xd8, 0xc8, 0xc0, 0xff,
    0xd0, 0xc8, 0xc0, 0xff, 0xd0, 0xc8, 0xc0, 0xff, 0xd0, 0xc8, 0xc0, 0xff,
    0xd0, 0xc8, 0xc0, 0xff, 0xd0, 0xc8, 0xc0, 0xff, 0xd0, 0xc8, 0xc0, 0xff,
    0xd8, 0xc8, 0xc0, 0xff, 0xd0, 0xc8, 0xc0, 0xff, 0xd0, 0xc8, 0xc0, 0xff,
    0xd0, 0xc8, 0xc0, 0xff, 0xd8, 0xc8, 0xc0, 0xff, 0xd8, 0xc8, 0xc0, 0xff,
    0xd0, 0xc8, 0xc0, 0xff, 0xd0, 0xc8, 0xc0, 0xff, 0xd0, 0xc8, 0xc0, 0xff,
    0xd0, 0xc8, 0xc0, 0xff, 0xd0, 0xc8, 0xc0, 0xff, 0xd8, 0xc8, 0xc0, 0xff,
    0xd0, 0xc8, 0xc0, 0xff, 0xd0, 0xc8, 0xc0, 0xff, 0xd8, 0xc8, 0xc0, 0xff,
    0xd0, 0xc8, 0xc0, 0xff, 0xd0, 0xc8, 0xc0, 0xff, 0xd0, 0xc8, 0xc0, 0xff,
    0xd8, 0xc8, 0xc0, 0xff, 0xd0, 0xc8, 0xc0, 0xff, 0xd0, 0xc8, 0xc0, 0xff,
    0xd0, 0xc8, 0xc0, 0xff, 0xd8, 0xc8, 0xc0, 0xff, 0xd0, 0xc8, 0xc0, 0xff,
    0xd0, 0xc8, 0xc0, 0xff, 0xd8, 0xc8, 0xc0, 0xff, 0xd0, 0xc8, 0xc0, 0xff,
    0xd0, 0xc8, 0xc0, 0xff, 0xd8, 0xc8, 0xc0, 0xff, 0xd0, 0xc8, 0xc0, 0xff,
    0xd0, 0xc8, 0xc0, 0xff, 0xd8, 0xc8, 0xc0, 0xff, 0xd8, 0xc8, 0xc0, 0xff,
    0xd0, 0xc8, 0xc0, 0xff, 0xd0, 0xc8, 0xc0, 0xff, 0xd0, 0xc8, 0xc0, 0xff,
    0xd0, 0xc8, 0xc0, 0xff, 0xd0, 0xc8, 0xc0, 0xff, 0xd8, 0xc8, 0xc0, 0xff,
    0xd0, 0xc8, 0xc0, 0xff, 0xd0, 0xc8, 0xc0, 0xff, 0xd8, 0xc8, 0xc0, 0xff,
    0xd0, 0xc8, 0xc0, 0xff, 0xd0, 0xc8, 0xc0, 0xff, 0xd0, 0xc8, 0xc0, 0xff,
    0xd8, 0xc8, 0xc0, 0xff, 0xd0, 0xc8, 0xc0, 0xff, 0xd0, 0xc8, 0xc0, 0xff,
    0xd0, 0xc8, 0xc0, 0xff, 0xd8, 0xc8, 0xc0, 0xff, 0xd0, 0xc8, 0xc0, 0xff,
    0xd0, 0xc8, 0xc0, 0xff, 0xd8, 0xc8, 0xc0, 0xff, 0xd0, 0xc8, 0xc0, 0xff,
    0xd0, 0xc8, 0xc0, 0xff, 0xd8, 0xc8, 0xc0, 0xff, 0xd0, 0xc8, 0xc0, 0xff,
    0xd0, 0xc8, 0xc0, 0xff, 0xd8, 0xc8, 0xc0, 0xff, 0xd8, 0xc8, 0xc0, 0xff,
    0xd0, 0xc8, 0xc0, 0xff, 0xd0, 0xc8, 0xc0, 0xff, 0xd0, 0xc8, 0xc0, 0xff,
    0xd0, 0xc8, 0xc0, 0xff, 0xd8, 0xc8, 0xc0, 0xff, 0xd0, 0xc8, 0xc0, 0xff,
    0xd0, 0xc8, 0xc0, 0xff, 0xd8, 0xc8, 0xc0, 0xff, 0xd0, 0xc8, 0xc0, 0xff,
    0xd0, 0xc8, 0xc0, 0xff, 0xd0, 0xc8, 0xc0, 0xff, 0xd0, 0xc8, 0xc0, 0xff,
    0xd0, 0xc8, 0xc0, 0xff, 0xd0, 0xc8, 0xc0, 0xff, 0xd0, 0xc8, 0xc0, 0xff,
    0xd0, 0xc8, 0xc0, 0xff, 0xd0, 0xc8, 0xc0, 0xff, 0xd0, 0xc8, 0xc0, 0xff,
    0xd8, 0xc8, 0xc0, 0xff, 0xd0, 0xc8, 0xc0, 0xff, 0xd0, 0xc8, 0xc0, 0xff,
    0xd8, 0xc8, 0xc0, 0xff, 0xd0, 0xc8, 0xc0, 0xff, 0xd0, 0xc8, 0xc0, 0xff,
    0xd0, 0xc8, 0xc0, 0xff, 0xd0, 0xc8, 0xc0, 0xff, 0xd0, 0xc8, 0xc0, 0xff,
    0xd0, 0xc8, 0xc0, 0xff, 0xd8, 0xc8, 0xc0, 0xff, 0xd0, 0xc8, 0xc0, 0xff,
    0xd0, 0xc8, 0xc0, 0xff, 0xd8, 0xc8, 0xc0, 0xff, 0xd0, 0xc8, 0xc0, 0xff,
    0xd0, 0xc8, 0xc0, 0xff, 0xd8, 0xc8, 0xc0, 0xff, 0xd0, 0xc8, 0xc0, 0xff,
    0xd0, 0xc8, 0xc0, 0xff, 0xd0, 0xc8, 0xc0, 0xff, 0xd0, 0xc8, 0xc0, 0xff,
    0xd0, 0xc8, 0xc0, 0xff, 0xd8, 0xc8, 0xc0, 0xff, 0xd0, 0xc8, 0xc0, 0xff,
    0xd0, 0xc8, 0xc0, 0xff, 0xd8, 0xc8, 0xc0, 0xff, 0xd0, 0xc8, 0xc0, 0xff,
    0xd0, 0xc8, 0xc0, 0xff, 0xd8, 0xc8, 0xc0, 0xff, 0xd0, 0xc8, 0xc0, 0xff,
    0xd0, 0xc8, 0xc0, 0xff, 0xd0, 0xc8, 0xc0, 0xff, 0xd0, 0xc8, 0xc0, 0xff,
    0xd8, 0xc8, 0xc0, 0xff, 0xd0, 0xc8, 0xc0, 0xff, 0xd0, 0xc8, 0xc0, 0xff,
    0xd0, 0xc8, 0xc0, 0xff, 0xd0, 0xc8, 0xc0, 0xff, 0xd8, 0xc8, 0xc0, 0xff,
    0xd0, 0xc8, 0xc0, 0xff, 0xd0, 0xc8, 0xc0, 0xff, 0xd8, 0xc8, 0xc0, 0xff,
    0xd0, 0xc8, 0xc0, 0xff, 0xd0, 0xc8, 0xc0, 0xff, 0xd8, 0xc8, 0xc0, 0xff,
    0xd0, 0xc8, 0xc0, 0xff, 0xd0, 0xc8, 0xc0, 0xff, 0xd8, 0xc8, 0xc0, 0xff,
    0xd0, 0xc8, 0xc0, 0xff, 0xd0, 0xc8, 0xc0, 0xff, 0xd0, 0xc8, 0xc0, 0xff,
    0xd8, 0xc8, 0xc0, 0xff, 0xd0, 0xc8, 0xc0, 0xff, 0xd0, 0xc8, 0xc0, 0xff,
    0xd8, 0xc8, 0xc0, 0xff, 0xd0, 0xc8, 0xc0, 0xff, 0xd0, 0xc8, 0xc0, 0xff,
    0xd0, 0xc8, 0xc0, 0xff, 0xd0, 0xc8, 0xc0, 0xff, 0xd0, 0xc8, 0xc0, 0xff,
    0xd0, 0xc8, 0xc0, 0xff, 0xd0, 0xc8, 0xc0, 0xff, 0xd0, 0xc8, 0xc0, 0xff,
    0xd0, 0xc8, 0xc0, 0xff, 0xd0, 0xc8, 0xc0, 0xff, 0xd8, 0xc8, 0xc0, 0xff,
    0xd0, 0xc8, 0xc0, 0xff, 0xd0, 0xc8, 0xc0, 0xff, 0xd8, 0xc8, 0xc0, 0xff,
    0xd0, 0xc8, 0xc0, 0xff, 0xd0, 0xc8, 0xc0, 0xff, 0xd8, 0xc8, 0xc0, 0xff,
    0xd0, 0xc8, 0xc0, 0xff, 0xd0, 0xc8, 0xc0, 0xff, 0xd8, 0xc8, 0xc0, 0xff,
    0xd0, 0xc8, 0xc0, 0xff, 0xd0, 0xc8, 0xc0, 0xff, 0xd0, 0xc8, 0xc0, 0xff,
    0xd8, 0xc8, 0xc0, 0xff, 0xd0, 0xc8, 0xc0, 0xff, 0xd0, 0xc8, 0xc0, 0xff,
    0xd8, 0xc8, 0xc0, 0xff, 0xd0, 0xc8, 0xc0, 0xff, 0xd0, 0xc8, 0xc0, 0xff,
    0xd0, 0xc8, 0xc0, 0xff, 0xd0, 0xc8, 0xc0, 0xff, 0xd0, 0xc8, 0xc0, 0xff,
    0xd0, 0xc8, 0xc0, 0xff, 0xd0, 0xc8, 0xc0, 0xff, 0xd0, 0xc8, 0xc0, 0xff,
    0xd0, 0xc8, 0xc0, 0xff, 0xd0, 0xc8, 0xc0, 0xff, 0xd8, 0xc8, 0xc0, 0xff,
    0xd0, 0xc8, 0xc0, 0xff, 0xd0, 0xc8, 0xc0, 0xff, 0xd0, 0xc8, 0xc0, 0xff,
    0xd0, 0xc8, 0xc0, 0xff, 0xd0, 0xc8, 0xc0, 0xff, 0xd0, 0xc8, 0xc0, 0xff,
    0xd0, 0xc8, 0xc0, 0xff, 0xd8, 0xc8, 0xc0, 0xff, 0xd0, 0xc8, 0xc0, 0xff,
    0xd8, 0xc8, 0xc0, 0xff, 0xd0, 0xc8, 0xc0, 0xff, 0xd8, 0xc8, 0xc0, 0xff,
    0xd0, 0xc8, 0xc0, 0xff, 0xd0, 0xc8, 0xc0, 0xff, 0xd8, 0xc8, 0xc0, 0xff,
    0xd0, 0xc8, 0xc0, 0xff, 0xd0, 0xc8, 0xc0, 0xff, 0xd0, 0xc8, 0xc0, 0xff,
    0xd8, 0xc8, 0xc0, 0xff, 0xd0, 0xc8, 0xc0, 0xff, 0xd0, 0xc8, 0xc0, 0xff,
    0xd8, 0xc8, 0xc0, 0xff, 0xd0, 0xc8, 0xc0, 0xff, 0xd0, 0xc8, 0xc0, 0xff,
    0xd0, 0xc8, 0xc0, 0xff, 0xd0, 0xc8, 0xc0, 0xff, 0xd0, 0xc8, 0xc0, 0xff,
    0xd0, 0xc8, 0xc0, 0xff, 0xd8, 0xc8, 0xc0, 0xff, 0xd0, 0xc8, 0xc0, 0xff,
    0xd0, 0xc8, 0xc0, 0xff, 0xd8, 0xc8, 0xc0, 0xff, 0xd0, 0xc8, 0xc0, 0xff,
    0xd0, 0xc8, 0xc0, 0xff, 0xd8, 0xc8, 0xc0, 0xff, 0xd0, 0xc8, 0xc0, 0xff,
    0xd0, 0xc8, 0xc0, 0xff, 0xd8, 0xc8, 0xc0, 0xff, 0xd0, 0xc8, 0xc0, 0xff,
    0xd0, 0xc8, 0xc0, 0xff, 0xd0, 0xc8, 0xc0, 0xff, 0xd0, 0xc8, 0xc0, 0xff,
    0xd0, 0xc8, 0xc0, 0xff, 0xd0, 0xc8, 0xc0, 0xff, 0xd8, 0xc8, 0xc0, 0xff,
    0xd0, 0xc8, 0xc0, 0xff, 0xd8, 0xc8, 0xc0, 0xff, 0xd0, 0xc8, 0xc0, 0xff,
    0xd8, 0xc8, 0xc0, 0xff, 0xd0, 0xc8, 0xc0, 0xff, 0xd0, 0xc8, 0xc0, 0xff,
    0xd8, 0xc8, 0xc0, 0xff, 0xd0, 0xc8, 0xc0, 0xff, 0xd0, 0xc8, 0xc0, 0xff,
    0xd0, 0xc8, 0xc0, 0xff, 0xd0, 0xc8, 0xc0, 0xff, 0xd8, 0xc8, 0xc0, 0xff,
    0xd0, 0xc8, 0xc0, 0xff, 0xd0, 0xc8, 0xc0, 0xff, 0xd0, 0xc8, 0xc0, 0xff,
    0xd0, 0xc8, 0xc0, 0xff, 0xd0, 0xc8, 0xc0, 0xff, 0xd0, 0xc8, 0xc0, 0xff,
    0xd0, 0xc8, 0xc0, 0xff, 0xd8, 0xc8, 0xc0, 0xff, 0xd0, 0xc8, 0xc0, 0xff,
    0xd0, 0xc8, 0xc0, 0xff, 0xd0, 0xc8, 0xc0, 0xff, 0xd0, 0xc8, 0xc0, 0xff,
    0xd0, 0xc8, 0xc0, 0xff, 0xd0, 0xc8, 0xc0, 0xff, 0xd0, 0xc8, 0xc0, 0xff,
    0xd8, 0xc8, 0xc0, 0xff, 0xd0, 0xc8, 0xc0, 0xff, 0xd0, 0xc8, 0xc0, 0xff,
    0xd8, 0xc8, 0xc0, 0xff, 0xd8, 0xc8, 0xc0, 0xff, 0xd0, 0xc8, 0xc0, 0xff,
    0xd0, 0xc8, 0xc0, 0xff, 0xd8, 0xc8, 0xc0, 0xff, 0xd0, 0xc8, 0xc0, 0xff,
    0xd0, 0xc8, 0xc0, 0xff, 0xd0, 0xc8, 0xc0, 0xff, 0xd0, 0xc8, 0xc0, 0xff,
    0xd8, 0xc8, 0xc0, 0xff, 0xd0, 0xc8, 0xc0, 0xff, 0xd0, 0xc8, 0xc0, 0xff,
    0xd0, 0xc8, 0xc0, 0xff, 0xd0, 0xc8, 0xc0, 0xff, 0xd0, 0xc8, 0xc0, 0xff,
    0xd0, 0xc8, 0xc0, 0xff, 0xd8, 0xc8, 0xc0, 0xff, 0xd0, 0xc8, 0xc0, 0xff,
    0xd0, 0xc8, 0xc0, 0xff, 0xd0, 0xc8, 0xc0, 0xff, 0xd0, 0xc8, 0xc0, 0xff,
    0xd0, 0xc8, 0xc0, 0xff, 0xd0, 0xc8, 0xc0, 0xff, 0xd0, 0xc8, 0xc0, 0xff,
    0xd8, 0xc8, 0xc0, 0xff, 0xd0, 0xc8, 0xc0, 0xff, 0xd0, 0xc8, 0xc0, 0xff,
    0xd8, 0xc8, 0xc0, 0xff, 0xd8, 0xc8, 0xc0, 0xff, 0xd0, 0xc8, 0xc0, 0xff,
    0xd0, 0xc8, 0xc0, 0xff, 0xd8, 0xc8, 0xc0, 0xff, 0xd0, 0xc8, 0xc0, 0xff,
    0xd0, 0xc8, 0xc0, 0xff, 0xd0, 0xc8, 0xc0, 0xff, 0xd8, 0xc8, 0xc0, 0xff,
    0xd0, 0xc8, 0xc0, 0xff, 0xd8, 0xc8, 0xc0, 0xff, 0xd0, 0xc8, 0xc0, 0xff,
    0xd8, 0xc8, 0xc0, 0xff, 0xd0, 0xc8, 0xc0, 0xff, 0xd0, 0xc8, 0xc0, 0xff,
    0xd0, 0xc8, 0xc0, 0xff, 0xd0, 0xc8, 0xc0, 0xff, 0xd0, 0xc8, 0xc0, 0xff,
    0xd8, 0xc8, 0xc0, 0xff, 0xd0, 0xc8, 0xc0, 0xff, 0xd0, 0xc8, 0xc0, 0xff,
    0xd8, 0xc8, 0xc0, 0xff, 0xd0, 0xc8, 0xc0, 0xff, 0xd0, 0xc8, 0xc0, 0xff,
    0xd8, 0xc8, 0xc0, 0xff, 0xd0, 0xc8, 0xc0, 0xff, 0xd0, 0xc8, 0xc0, 0xff,
    0xd0, 0xc8, 0xc0, 0xff, 0xd0, 0xc8, 0xc0, 0xff, 0xd8, 0xc8, 0xc0, 0xff,
    0xd0, 0xc8, 0xc0, 0xff, 0xd0, 0xc8, 0xc0, 0xff, 0xd0, 0xc8, 0xc0, 0xff,
    0xd8, 0xc8, 0xc0, 0xff, 0xd0, 0xc8, 0xc0, 0xff, 0xd0, 0xc8, 0xc0, 0xff,
    0xd0, 0xc8, 0xc0, 0xff, 0xd0, 0xc8, 0xc0, 0xff, 0xd0, 0xc8, 0xc0, 0xff,
    0xd8, 0xc8, 0xc0, 0xff, 0xd0, 0xc8, 0xc0, 0xff, 0xd0, 0xc8, 0xc0, 0xff,
    0xd0, 0xc8, 0xc0, 0xff, 0xd8, 0xc8, 0xc0, 0xff, 0xd0, 0xc8, 0xc0, 0xff,
    0xd0, 0xc8, 0xc0, 0xff, 0xd8, 0xc8, 0xc0, 0xff, 0xd0, 0xc8, 0xc0, 0xff,
    0xd0, 0xc8, 0xc0, 0xff, 0xd8, 0xc8, 0xc0, 0xff, 0xd0, 0xc8, 0xc0, 0xff,
    0xd0, 0xc8, 0xc0, 0xff, 0xd0, 0xc8, 0xc0, 0xff, 0xd0, 0xc8, 0xc0, 0xff,
    0xd0, 0xc8, 0xc0, 0xff, 0xd0, 0xc8, 0xc0, 0xff, 0xd0, 0xc8, 0xc0, 0xff,
    0xd0, 0xc8, 0xc0, 0xff, 0xd0, 0xc8, 0xc0, 0xff, 0xd0, 0xc8, 0xc0, 0xff,
    0xd8, 0xc8, 0xc0, 0xff, 0xd0, 0xc8, 0xc0, 0xff, 0xd0, 0xc8, 0xc0, 0xff,
    0xd0, 0xc8, 0xc0, 0xff, 0xd0, 0xc8, 0xc0, 0xff, 0xd8, 0xc8, 0xc0, 0xff,
    0xd0, 0xc8, 0xc0, 0xff, 0xd8, 0xc8, 0xc0, 0xff, 0xd0, 0xc8, 0xc0, 0xff,
    0xd8, 0xc8, 0xc0, 0xff, 0xd0, 0xc8, 0xc0, 0xff, 0xd0, 0xc8, 0xc0, 0xff,
    0xd0, 0xc8, 0xc0, 0xff, 0xd8, 0xc8, 0xc0, 0xff, 0xd0, 0xc8, 0xc0, 0xff,
    0xd8, 0xc8, 0xc0, 0xff, 0xd0, 0xc8, 0xc0, 0xff, 0xd8, 0xc8, 0xc0, 0xff,
    0xd0, 0xc8, 0xc0, 0xff, 0xd0, 0xc8, 0xc0, 0xff, 0xd0, 0xc8, 0xc0, 0xff,
    0xd8, 0xc8, 0xc0, 0xff, 0xd0, 0xc8, 0xc0, 0xff, 0xd0, 0xc8, 0xc0, 0xff,
    0xd0, 0xc8, 0xc0, 0xff, 0xd0, 0xc8, 0xc0, 0xff, 0xd8, 0xc8, 0xc0, 0xff,
    0xd0, 0xc8, 0xc0, 0xff, 0xd0, 0xc8, 0xc0, 0xff, 0xd8, 0xc8, 0xc0, 0xff,
    0xd0, 0xc8, 0xc0, 0xff, 0xd0, 0xc8, 0xc0, 0xff, 0xd0, 0xc8, 0xc0, 0xff,
    0xd0, 0xc8, 0xc0, 0xff, 0xd8, 0xc8, 0xc0, 0xff, 0xd0, 0xc8, 0xc0, 0xff,
    0xd8, 0xc8, 0xc0, 0xff, 0xd0, 0xc8, 0xc0, 0xff, 0xd0, 0xc8, 0xc0, 0xff,
    0xd0, 0xc8, 0xc0, 0xff, 0xd8, 0xc8, 0xc0, 0xff, 0xd0, 0xc8, 0xc0, 0xff,
    0xd8, 0xc8, 0xc0, 0xff, 0xd0, 0xc8, 0xc0, 0xff, 0xd8, 0xc8, 0xc0, 0xff,
    0xd0, 0xc8, 0xc0, 0xff, 0xd0, 0xc8, 0xc0, 0xff, 0xd0, 0xc8, 0xc0, 0xff,
    0xd8, 0xc8, 0xc0, 0xff, 0xd0, 0xc8, 0xc0, 0xff, 0xd0, 0xc8, 0xc0, 0xff,
    0xd0, 0xc8, 0xc0, 0xff, 0xd0, 0xc8, 0xc0, 0xff, 0xd8, 0xc8, 0xc0, 0xff,
    0xd0, 0xc8, 0xc0, 0xff, 0xd0, 0xc8, 0xc0, 0xff, 0xd0, 0xc8, 0xc0, 0xff,
    0xd0, 0xc8, 0xc0, 0xff, 0xd0, 0xc8, 0xc0, 0xff, 0xd0, 0xc8, 0xc0, 0xff,
    0xd0, 0xc8, 0xc0, 0xff, 0xd8, 0xc8, 0xc0, 0xff, 0xd0, 0xc8, 0xc0, 0xff,
    0xd0, 0xc8, 0xc0, 0xff, 0xd8, 0xc8, 0xc0, 0xff, 0xd0, 0xc8, 0xc0, 0xff,
    0xd0, 0xc8, 0xc0, 0xff, 0xd0, 0xc8, 0xc0, 0xff, 0xd0, 0xc8, 0xc0, 0xff,
    0xd0, 0xc8, 0xc0, 0xff, 0xd0, 0xc8, 0xc0, 0xff, 0xd0, 0xc8, 0xc0, 0xff,
    0xd0, 0xc8, 0xc0, 0xff, 0xd0, 0xc8, 0xc0, 0xff, 0xd8, 0xc8, 0xc0, 0xff,
    0xd0, 0xc8, 0xc0, 0xff, 0xd0, 0xc8, 0xc0, 0xff, 0xd8, 0xc8, 0xc0, 0xff,
    0xd0, 0xc8, 0xc0, 0xff, 0xd0, 0xc8, 0xc0, 0xff, 0xd8, 0xc8, 0xc0, 0xff,
    0xd0, 0xc8, 0xc0, 0xff, 0xd0, 0xc8, 0xc0, 0xff, 0xd0, 0xc8, 0xc0, 0xff,
    0xd8, 0xc8, 0xc0, 0xff, 0xd0, 0xc8, 0xc0, 0xff, 0xd8, 0xc8, 0xc0, 0xff,
    0xd0, 0xc8, 0xc0, 0xff, 0xd0, 0xc8, 0xc0, 0xff, 0xd0, 0xc8, 0xc0, 0xff,
    0xd8, 0xc8, 0xc0, 0xff, 0xd0, 0xc8, 0xc0, 0xff, 0xd0, 0xc8, 0xc0, 0xff,
    0xd0, 0xc8, 0xc0, 0xff, 0xd0, 0xc8, 0xc0, 0xff, 0xd0, 0xc8, 0xc0, 0xff,
    0xd0, 0xc8, 0xc0, 0xff, 0xd8, 0xc8, 0xc0, 0xff, 0xd0, 0xc8, 0xc0, 0xff,
    0xd0, 0xc8, 0xc0, 0xff, 0xd8, 0xc8, 0xc0, 0xff, 0xd0, 0xc8, 0xc0, 0xff,
    0xd0, 0xc8, 0xc0, 0xff, 0xd8, 0xc8, 0xc0, 0xff, 0xd0, 0xc8, 0xc0, 0xff,
    0xd0, 0xc8, 0xc0, 0xff, 0xd8, 0xc8, 0xc0, 0xff, 0xd0, 0xc8, 0xc0, 0xff,
    0xd0, 0xc8, 0xc0, 0xff, 0xd8, 0xc8, 0xc0, 0xff, 0xd0, 0xc8, 0xc0, 0xff,
    0xd0, 0xc8, 0xc0, 0xff, 0xd8, 0xc8, 0xc0, 0xff, 0xd0, 0xc8, 0xc0, 0xff,
    0xd0, 0xc8, 0xc0, 0xff, 0xd0, 0xc8, 0xc0, 0xff, 0xd0, 0xc8, 0xc0, 0xff,
    0xd0, 0xc8, 0xc0, 0xff, 0xd8, 0xc8, 0xc0, 0xff, 0xd0, 0xc8, 0xc0, 0xff,
    0xd0, 0xc8, 0xc0, 0xff, 0xd8, 0xc8, 0xc0, 0xff, 0xd0, 0xc8, 0xc0, 0xff,
    0xd0, 0xc8, 0xc0, 0xff, 0xd0, 0xc8, 0xc0, 0xff, 0xd0, 0xc8, 0xc0, 0xff,
    0xd8, 0xc8, 0xc0, 0xff, 0xd0, 0xc8, 0xc0, 0xff, 0xd0, 0xc8, 0xc0, 0xff,
    0xd8, 0xc8, 0xc0, 0xff, 0xd0, 0xc8, 0xc0, 0xff, 0xd0, 0xc8, 0xc0, 0xff,
    0xd0, 0xc8, 0xc0, 0xff, 0xd0, 0xc8, 0xc0, 0xff, 0xd0, 0xc8, 0xc0, 0xff,
    0xd8, 0xc8, 0xc0, 0xff, 0xd0, 0xc8, 0xc0, 0xff, 0xd0, 0xc8, 0xc0, 0xff,
    0xd0, 0xc8, 0xc0, 0xff, 0xd8, 0xc8, 0xc0, 0xff, 0xd0, 0xc8, 0xc0, 0xff,
    0xd0, 0xc8, 0xc0, 0xff, 0xd8, 0xc8, 0xc0, 0xff, 0xd0, 0xc8, 0xc0, 0xff,
    0xd0, 0xc8, 0xc0, 0xff, 0xd0, 0xc8, 0xc0, 0xff, 0xd8, 0xc8, 0xc0, 0xff,
    0xd0, 0xc8, 0xc0, 0xff, 0xd0, 0xc8, 0xc0, 0xff, 0xd8, 0xc8, 0xc0, 0xff,
    0xd0, 0xc8, 0xc0, 0xff, 0xd0, 0xc8, 0xc0, 0xff, 0xd0, 0xc8, 0xc0, 0xff,
    0xd8, 0xc8, 0xc0, 0xff, 0xd0, 0xc8, 0xc0, 0xff, 0xd0, 0xc8, 0xc0, 0xff,
    0xd8, 0xc8, 0xc0, 0xff, 0xd0, 0xc8, 0xc0, 0xff, 0xd0, 0xc8, 0xc0, 0xff,
    0xd0, 0xc8, 0xc0, 0xff, 0xd0, 0xc8, 0xc0, 0xff, 0xd0, 0xc8, 0xc0, 0xff,
    0xd8, 0xc8, 0xc0, 0xff, 0xd0, 0xc8, 0xc0, 0xff, 0xd0, 0xc8, 0xc0, 0xff,
    0xd8, 0xc8, 0xc0, 0xff, 0xd8, 0xc8, 0xc0, 0xff, 0xd0, 0xc8, 0xc0, 0xff,
    0xd0, 0xc8, 0xc0, 0xff, 0xd8, 0xc8, 0xc0, 0xff, 0xd0, 0xc8, 0xc0, 0xff,
    0xd0, 0xc8, 0xc0, 0xff, 0xd0, 0xc8, 0xc0, 0xff, 0xd0, 0xc8, 0xc0, 0xff,
    0xd8, 0xc8, 0xc0, 0xff, 0xd0, 0xc8, 0xc0, 0xff, 0xd8, 0xc8, 0xc0, 0xff,
    0xd8, 0xc8, 0xc0, 0xff, 0xd0, 0xc8, 0xc0, 0xff, 0xd8, 0xc8, 0xc0, 0xff,
    0xd0, 0xc8, 0xc0, 0xff, 0xd8, 0xc8, 0xc0, 0xff, 0xd0, 0xc8, 0xc0, 0xff,
    0xd0, 0xc8, 0xc0, 0xff, 0xd0, 0xc8, 0xc0, 0xff, 0xd0, 0xc8, 0xc0, 0xff,
    0xd8, 0xc8, 0xc0, 0xff, 0xd0, 0xc8, 0xc0, 0xff, 0xd0, 0xc8, 0xc0, 0xff,
    0xd0, 0xc8, 0xc0, 0xff, 0xd0, 0xc8, 0xc0, 0xff, 0xd0, 0xc8, 0xc0, 0xff,
    0xd0, 0xc8, 0xc0, 0xff, 0xd0, 0xc8, 0xc0, 0xff, 0xd0, 0xc8, 0xc0, 0xff,
    0xd0, 0xc8, 0xc0, 0xff, 0xd8, 0xc8, 0xc0, 0xff, 0xd0, 0xc8, 0xc0, 0xff,
    0xd0, 0xc8, 0xc0, 0xff, 0xd0, 0xc8, 0xc0, 0xff, 0xd0, 0xc8, 0xc0, 0xff,
    0xd8, 0xc8, 0xc0, 0xff, 0xd0, 0xc8, 0xc0, 0xff, 0xd0, 0xc8, 0xc0, 0xff,
    0xd8, 0xc8, 0xc0, 0xff, 0xd0, 0xc8, 0xc0, 0xff, 0xd0, 0xc8, 0xc0, 0xff,
    0xd0, 0xc8, 0xc0, 0xff, 0xd0, 0xc8, 0xc0, 0xff, 0xd0, 0xc8, 0xc0, 0xff,
    0xd8, 0xc8, 0xc0, 0xff, 0xd0, 0xc8, 0xc0, 0xff, 0xd0, 0xc8, 0xc0, 0xff,
    0xd8, 0xc8, 0xc0, 0xff, 0xd0, 0xc8, 0xc0, 0xff, 0xd0, 0xc8, 0xc0, 0xff,
    0xd8, 0xc8, 0xc0, 0xff, 0xd0, 0xc8, 0xc0, 0xff, 0xd0, 0xc8, 0xc0, 0xff,
    0xd8, 0xc8, 0xc0, 0xff, 0xd0, 0xc8, 0xc0, 0xff, 0xd0, 0xc8, 0xc0, 0xff,
    0xd8, 0xc8, 0xc0, 0xff, 0xd0, 0xc8, 0xc0, 0xff, 0xd8, 0xc8, 0xc0, 0xff,
    0xd0, 0xc8, 0xc0, 0xff, 0xd0, 0xc8, 0xc0, 0xff, 0xd0, 0xc8, 0xc0, 0xff,
    0xd0, 0xc8, 0xc0, 0xff, 0xd0, 0xc8, 0xc0, 0xff, 0xd0, 0xc8, 0xc0, 0xff,
    0xd8, 0xc8, 0xc0, 0xff, 0xd0, 0xc8, 0xc0, 0xff, 0xd0, 0xc8, 0xc0, 0xff,
    0xd8, 0xc8, 0xc0, 0xff, 0xd0, 0xc8, 0xc0, 0xff, 0xd0, 0xc8, 0xc0, 0xff,
    0xd0, 0xc8, 0xc0, 0xff, 0xd0, 0xc8, 0xc0, 0xff, 0xd0, 0xc8, 0xc0, 0xff,
    0xd8, 0xc8, 0xc0, 0xff, 0xd0, 0xc8, 0xc0, 0xff, 0xd8, 0xc8, 0xc0, 0xff,
    0xd0, 0xc8, 0xc0, 0xff, 0xd0, 0xc8, 0xc0, 0xff, 0xd8, 0xc8, 0xc0, 0xff,
    0xd0, 0xc8, 0xc0, 0xff, 0xd0, 0xc8, 0xc0, 0xff, 0xd0, 0xc8, 0xc0, 0xff,
    0xd0, 0xc8, 0xc0, 0xff, 0xd0, 0xc8, 0xc0, 0xff, 0xd8, 0xc8, 0xc0, 0xff,
    0xd0, 0xc8, 0xc0, 0xff, 0xd0, 0xc8, 0xc0, 0xff, 0xd0, 0xc8, 0xc0, 0xff,
    0xd0, 0xc8, 0xc0, 0xff, 0xd0, 0xc8, 0xc0, 0xff, 0xd0, 0xc8, 0xc0, 0xff,
    0xd0, 0xc8, 0xc0, 0xff, 0xd0, 0xc8, 0xc0, 0xff, 0xd0, 0xc8, 0xc0, 0xff,
    0xd0, 0xc8, 0xc0, 0xff, 0xd0, 0xc8, 0xc0, 0xff, 0xd0, 0xc8, 0xc0, 0xff,
    0xd0, 0xc8, 0xc0, 0xff, 0xd0, 0xc8, 0xc0, 0xff, 0xd8, 0xc8, 0xc0, 0xff,
    0xd0, 0xc8, 0xc0, 0xff, 0xd0, 0xc8, 0xc0, 0xff, 0xd8, 0xc8, 0xc0, 0xff,
    0xd0, 0xc8, 0xc0, 0xff, 0xd8, 0xc8, 0xc0, 0xff, 0xd0, 0xc8, 0xc0, 0xff,
    0xd0, 0xc8, 0xc0, 0xff, 0xd0, 0xc8, 0xc0, 0xff, 0xd0, 0xc8, 0xc0, 0xff,
    0xd0, 0xc8, 0xc0, 0xff, 0xd0, 0xc8, 0xc0, 0xff, 0xd8, 0xc8, 0xc0, 0xff,
    0xd0, 0xc8, 0xc0, 0xff, 0xd0, 0xc8, 0xc0, 0xff, 0xd8, 0xc8, 0xc0, 0xff,
    0xd0, 0xc8, 0xc0, 0xff, 0xd0, 0xc8, 0xc0, 0xff, 0xd0, 0xc8, 0xc0, 0xff,
    0xd0, 0xc8, 0xc0, 0xff, 0xd0, 0xc8, 0xc0, 0xff, 0xd0, 0xc8, 0xc0, 0xff,
    0xd0, 0xc8, 0xc0, 0xff, 0xd0, 0xc8, 0xc0, 0xff, 0xd0, 0xc8, 0xc0, 0xff,
    0xd8, 0xc8, 0xc0, 0xff, 0xd0, 0xc8, 0xc0, 0xff, 0xd0, 0xc8, 0xc0, 0xff,
    0xd8, 0xc8, 0xc0, 0xff, 0xd0, 0xc8, 0xc0, 0xff, 0xd0, 0xc8, 0xc0, 0xff,
    0xd0, 0xc8, 0xc0, 0xff, 0xd8, 0xc8, 0xc0, 0xff, 0xd0, 0xc8, 0xc0, 0xff,
    0xd0, 0xc8, 0xc0, 0xff, 0xd0, 0xc8, 0xc0, 0xff, 0xd0, 0xc8, 0xc0, 0xff,
    0xd8, 0xc8, 0xc0, 0xff, 0xd0, 0xc8, 0xc0, 0xff, 0xd0, 0xc8, 0xc0, 0xff,
    0xd0, 0xc8, 0xc0, 0xff, 0xd8, 0xc8, 0xc0, 0xff, 0xd0, 0xc8, 0xc0, 0xff,
    0xd8, 0xc8, 0xc0, 0xff, 0xd0, 0xc8, 0xc0, 0xff, 0xd0, 0xc8, 0xc0, 0xff,
    0xd8, 0xc8, 0xc0, 0xff, 0xd0, 0xc8, 0xc0, 0xff, 0xd0, 0xc8, 0xc0, 0xff,
    0xd8, 0xc8, 0xc0, 0xff, 0xd0, 0xc8, 0xc0, 0xff, 0xd8, 0xc8, 0xc0, 0xff,
    0xd0, 0xc8, 0xc0, 0xff, 0xd0, 0xc8, 0xc0, 0xff, 0xd0, 0xc8, 0xc0, 0xff,
    0xd0, 0xc8, 0xc0, 0xff, 0xd0, 0xc8, 0xc0, 0xff, 0xd0, 0xc8, 0xc0, 0xff,
    0xd0, 0xc8, 0xc0, 0xff, 0xd0, 0xc8, 0xc0, 0xff, 0xd0, 0xc8, 0xc0, 0xff,
    0xd0, 0xc8, 0xc0, 0xff, 0xd0, 0xc8, 0xc0, 0xff, 0xd0, 0xc8, 0xc0, 0xff,
    0xd0, 0xc8, 0xc0, 0xff, 0xd0, 0xc8, 0xc0, 0xff, 0xd0, 0xc8, 0xc0, 0xff,
    0xd0, 0xc8, 0xc0, 0xff, 0xd0, 0xc8, 0xc0, 0xff, 0xd8, 0xc8, 0xc0, 0xff,
    0xd8, 0xc8, 0xc0, 0xff, 0xd0, 0xc8, 0xc0, 0xff, 0xd0, 0xc8, 0xc0, 0xff,
    0xd8, 0xc8, 0xc0, 0xff, 0xd0, 0xc8, 0xc0, 0xff, 0xd0, 0xc8, 0xc0, 0xff,
    0xd0, 0xc8, 0xc0, 0xff, 0xd0, 0xc8, 0xc0, 0xff, 0xd8, 0xc8, 0xc0, 0xff,
    0xd0, 0xc8, 0xc0, 0xff, 0xd0, 0xc8, 0xc0, 0xff, 0xd8, 0xc8, 0xc0, 0xff,
    0xd0, 0xc8, 0xc0, 0xff, 0xd0, 0xc8, 0xc0, 0xff, 0xd0, 0xc8, 0xc0, 0xff,
    0xd0, 0xc8, 0xc0, 0xff, 0xd8, 0xc8, 0xc0, 0xff, 0xd0, 0xc8, 0xc0, 0xff,
    0xd0, 0xc8, 0xc0, 0xff, 0xd0, 0xc8, 0xc0, 0xff, 0xd8, 0xc8, 0xc0, 0xff,
    0xd0, 0xc8, 0xc0, 0xff, 0xd8, 0xc8, 0xc0, 0xff, 0xd0, 0xc8, 0xc0, 0xff,
    0xd0, 0xc8, 0xc0, 0xff, 0xd0, 0xc8, 0xc0, 0xff, 0xd8, 0xc8, 0xc0, 0xff,
    0xd0, 0xc8, 0xc0, 0xff, 0xd8, 0xc8, 0xc0, 0xff, 0xd8, 0xc8, 0xc0, 0xff,
    0xd0, 0xc8, 0xc0, 0xff, 0xd8, 0xc8, 0xc0, 0xff, 0xd0, 0xc8, 0xc0, 0xff,
    0xd8, 0xc8, 0xc0, 0xff, 0xd8, 0xc8, 0xc0, 0xff, 0xd0, 0xc8, 0xc0, 0xff,
    0xd8, 0xc8, 0xc0, 0xff, 0xd0, 0xc8, 0xc0, 0xff, 0xd0, 0xc8, 0xc0, 0xff,
    0xd8, 0xc8, 0xc0, 0xff, 0xd0, 0xc8, 0xc0, 0xff, 0xd0, 0xc8, 0xc0, 0xff,
    0xd0, 0xc8, 0xc0, 0xff, 0xd8, 0xc8, 0xc0, 0xff, 0xd0, 0xc8, 0xc0, 0xff,
    0xd0, 0xc8, 0xc0, 0xff, 0xd0, 0xc8, 0xc0, 0xff, 0xd8, 0xc8, 0xc0, 0xff,
    0xd0, 0xc8, 0xc0, 0xff, 0xd0, 0xc8, 0xc0, 0xff, 0xd0, 0xc8, 0xc0, 0xff,
    0xd8, 0xc8, 0xc0, 0xff, 0xd0, 0xc8, 0xc0, 0xff, 0xd0, 0xc8, 0xc0, 0xff,
    0xd0, 0xc8, 0xc0, 0xff, 0xd8, 0xc8, 0xc0, 0xff, 0xd0, 0xc8, 0xc0, 0xff,
    0xd0, 0xc8, 0xc0, 0xff, 0xd8, 0xc8, 0xc0, 0xff, 0xd0, 0xc8, 0xc0, 0xff,
    0xd0, 0xc8, 0xc0, 0xff, 0xd0, 0xc8, 0xc0, 0xff, 0xd8, 0xc8, 0xc0, 0xff,
    0xd0, 0xc8, 0xc0, 0xff, 0xd0, 0xc8, 0xc0, 0xff, 0xd0, 0xc8, 0xc0, 0xff,
    0xd0, 0xc8, 0xc0, 0xff, 0xd8, 0xc8, 0xc0, 0xff, 0xd0, 0xc8, 0xc0, 0xff,
    0xd0, 0xc8, 0xc0, 0xff, 0xd0, 0xc8, 0xc0, 0xff, 0xd8, 0xc8, 0xc0, 0xff,
    0xd0, 0xc8, 0xc0, 0xff, 0xd0, 0xc8, 0xc0, 0xff, 0xd8, 0xc8, 0xc0, 0xff,
    0xd0, 0xc8, 0xc0, 0xff, 0xd0, 0xc8, 0xc0, 0xff, 0xd0, 0xc8, 0xc0, 0xff,
    0xd8, 0xc8, 0xc0, 0xff, 0xd0, 0xc8, 0xc0, 0xff, 0xd0, 0xc8, 0xc0, 0xff,
    0xd0, 0xc8, 0xc0, 0xff, 0xd0, 0xc8, 0xc0, 0xff, 0xd0, 0xc8, 0xc0, 0xff,
    0xd0, 0xc8, 0xc0, 0xff, 0xd0, 0xc8, 0xc0, 0xff, 0xd0, 0xc8, 0xc0, 0xff,
    0xd0, 0xc8, 0xc0, 0xff, 0xd0, 0xc8, 0xc0, 0xff, 0xd0, 0xc8, 0xc0, 0xff,
    0xd8, 0xc8, 0xc0, 0xff, 0xd0, 0xc8, 0xc0, 0xff, 0xd0, 0xc8, 0xc0, 0xff,
    0xd8, 0xc8, 0xc0, 0xff, 0xd0, 0xc8, 0xc0, 0xff, 0xd8, 0xc8, 0xc0, 0xff,
    0xd0, 0xc8, 0xc0, 0xff, 0xd8, 0xc8, 0xc0, 0xff, 0xd8, 0xc8, 0xc0, 0xff,
    0xd0, 0xc8, 0xc0, 0xff, 0xd8, 0xc8, 0xc0, 0xff, 0xd8, 0xc8, 0xc0, 0xff,
    0xd0, 0xc8, 0xc0, 0xff, 0xd0, 0xc8, 0xc0, 0xff, 0xd8, 0xc8, 0xc0, 0xff,
    0xd0, 0xc8, 0xc0, 0xff, 0xd0, 0xc8, 0xc0, 0xff, 0xd8, 0xc8, 0xc0, 0xff,
    0xd0, 0xc8, 0xc0, 0xff, 0xd0, 0xc8, 0xc0, 0xff, 0xd0, 0xc8, 0xc0, 0xff,
    0xd0, 0xc8, 0xc0, 0xff, 0xd8, 0xc8, 0xc0, 0xff, 0xd0, 0xc8, 0xc0, 0xff,
    0xd0, 0xc8, 0xc0, 0xff, 0xd8, 0xc8, 0xc0, 0xff, 0xd0, 0xc8, 0xc0, 0xff,
    0xd0, 0xc8, 0xc0, 0xff, 0xd0, 0xc8, 0xc0, 0xff, 0xd0, 0xc8, 0xc0, 0xff,
    0xd0, 0xc8, 0xc0, 0xff, 0xd8, 0xc8, 0xc0, 0xff, 0xd0, 0xc8, 0xc0, 0xff,
    0xd0, 0xc8, 0xc0, 0xff, 0xd8, 0xc8, 0xc0, 0xff, 0xd0, 0xc8, 0xc0, 0xff,
    0xd0, 0xc8, 0xc0, 0xff, 0xd0, 0xc8, 0xc0, 0xff, 0xd0, 0xc8, 0xc0, 0xff,
    0xd0, 0xc8, 0xc0, 0xff, 0xd0, 0xc8, 0xc0, 0xff, 0xd0, 0xc8, 0xc0, 0xff,
    0xd0, 0xc8, 0xc0, 0xff, 0xd8, 0xc8, 0xc0, 0xff, 0xd0, 0xc8, 0xc0, 0xff,
    0xd0, 0xc8, 0xc0, 0xff, 0xd0, 0xc8, 0xc0, 0xff, 0xd0, 0xc8, 0xc0, 0xff,
    0xd0, 0xc8, 0xc0, 0xff, 0xd0, 0xc8, 0xc0, 0xff, 0xd0, 0xc8, 0xc0, 0xff,
    0xd0, 0xc8, 0xc0, 0xff, 0xd0, 0xc8, 0xc0, 0xff, 0xd0, 0xc8, 0xc0, 0xff,
    0xd0, 0xc8, 0xc0, 0xff, 0xd0, 0xc8, 0xc0, 0xff, 0xd0, 0xc8, 0xc0, 0xff,
    0xd8, 0xc8, 0xc0, 0xff, 0xd0, 0xc8, 0xc0, 0xff, 0xd0, 0xc8, 0xc0, 0xff,
    0xd0, 0xc8, 0xc0, 0xff, 0xd0, 0xc8, 0xc0, 0xff, 0xd8, 0xc8, 0xc0, 0xff,
    0xd0, 0xc8, 0xc0, 0xff, 0xd0, 0xc8, 0xc0, 0xff, 0xd0, 0xc8, 0xc0, 0xff,
    0xd0, 0xc8, 0xc0, 0xff, 0xd8, 0xc8, 0xc0, 0xff, 0xd0, 0xc8, 0xc0, 0xff,
    0xd0, 0xc8, 0xc0, 0xff, 0xd8, 0xc8, 0xc0, 0xff, 0xd0, 0xc8, 0xc0, 0xff,
    0xd0, 0xc8, 0xc0, 0xff, 0xd0, 0xc8, 0xc0, 0xff, 0xd0, 0xc8, 0xc0, 0xff,
    0xd0, 0xc8, 0xc0, 0xff, 0xd0, 0xc8, 0xc0, 0xff, 0xd8, 0xc8, 0xc0, 0xff,
    0xd0, 0xc8, 0xc0, 0xff, 0xd0, 0xc8, 0xc0, 0xff, 0xd8, 0xc8, 0xc0, 0xff,
    0xd0, 0xc8, 0xc0, 0xff, 0xd0, 0xc8, 0xc0, 0xff, 0xd8, 0xc8, 0xc0, 0xff,
    0xd0, 0xc8, 0xc0, 0xff, 0xd0, 0xc8, 0xc0, 0xff, 0xd8, 0xc8, 0xc0, 0xff,
    0xd0, 0xc8, 0xc0, 0xff, 0xd0, 0xc8, 0xc0, 0xff, 0xd0, 0xc8, 0xc0, 0xff,
    0xd8, 0xc8, 0xc0, 0xff, 0xd0, 0xc8, 0xc0, 0xff, 0xd0, 0xc8, 0xc0, 0xff,
    0xd0, 0xc8, 0xc0, 0xff, 0xd8, 0xc8, 0xc0, 0xff, 0xd0, 0xc8, 0xc0, 0xff,
    0xd0, 0xc8, 0xc0, 0xff, 0xd0, 0xc8, 0xc0, 0xff, 0xd0, 0xc8, 0xc0, 0xff,
    0xd8, 0xc8, 0xc0, 0xff, 0xd0, 0xc8, 0xc0, 0xff, 0xd0, 0xc8, 0xc0, 0xff,
    0xd8, 0xc8, 0xc0, 0xff, 0xd0, 0xc8, 0xc0, 0xff, 0xd8, 0xc8, 0xc0, 0xff,
    0xd0, 0xc8, 0xc0, 0xff, 0xd8, 0xc8, 0xc0, 0xff, 0xd8, 0xc8, 0xc0, 0xff,
    0xd0, 0xc8, 0xc0, 0xff, 0xd0, 0xc8, 0xc0, 0xff, 0xd0, 0xc8, 0xc0, 0xff,
    0xd0, 0xc8, 0xc0, 0xff, 0xd0, 0xc8, 0xc0, 0xff, 0xd0, 0xc8, 0xc0, 0xff,
    0xd8, 0xc8, 0xc0, 0xff, 0xd0, 0xc8, 0xc0, 0xff, 0xd0, 0xc8, 0xc0, 0xff,
    0xd0, 0xc8, 0xc0, 0xff, 0xd0, 0xc8, 0xc0, 0xff, 0xd0, 0xc8, 0xc0, 0xff,
    0xd0, 0xc8, 0xc0, 0xff, 0xd0, 0xc8, 0xc0, 0xff, 0xd0, 0xc8, 0xc0, 0xff,
    0xd8, 0xc8, 0xc0, 0xff, 0xd0, 0xc8, 0xc0, 0xff, 0xd0, 0xc8, 0xc0, 0xff,
    0xd8, 0xc8, 0xc0, 0xff, 0xd0, 0xc8, 0xc0, 0xff, 0xd0, 0xc8, 0xc0, 0xff,
    0xd0, 0xc8, 0xc0, 0xff, 0xd0, 0xc8, 0xc0, 0xff, 0xd0, 0xc8, 0xc0, 0xff,
    0xd0, 0xc8, 0xc0, 0xff, 0xd0, 0xc8, 0xc0, 0xff, 0xd0, 0xc8, 0xc0, 0xff,
    0xd8, 0xc8, 0xc0, 0xff, 0xd0, 0xc8, 0xc0, 0xff, 0xd0, 0xc8, 0xc0, 0xff,
    0xd8, 0xc8, 0xc0, 0xff, 0xd0, 0xc8, 0xc0, 0xff, 0xd0, 0xc8, 0xc0, 0xff,
    0xd0, 0xc8, 0xc0, 0xff, 0xd0, 0xc8, 0xc0, 0xff, 0xd8, 0xc8, 0xc0, 0xff,
    0xd0, 0xc8, 0xc0, 0xff, 0xd0, 0xc8, 0xc0, 0xff, 0xd8, 0xc8, 0xc0, 0xff,
    0xd0, 0xc8, 0xc0, 0xff, 0xd8, 0xc8, 0xc0, 0xff, 0xd8, 0xc8, 0xc0, 0xff,
    0xd0, 0xc8, 0xc0, 0xff, 0xd0, 0xc8, 0xc0, 0xff, 0xd0, 0xc8, 0xc0, 0xff,
    0xd8, 0xc8, 0xc0, 0xff, 0xd0, 0xc8, 0xc0, 0xff, 0xd0, 0xc8, 0xc0, 0xff,
    0xd8, 0xc8, 0xc0, 0xff, 0xd0, 0xc8, 0xc0, 0xff, 0xd0, 0xc8, 0xc0, 0xff,
    0xd8, 0xc8, 0xc0, 0xff, 0xd0, 0xc8, 0xc0, 0xff, 0xd0, 0xc8, 0xc0, 0xff,
    0xd8, 0xc8, 0xc0, 0xff, 0xd0, 0xc8, 0xc0, 0xff, 0xd0, 0xc8, 0xc0, 0xff,
    0xd0, 0xc8, 0xc0, 0xff, 0xd0, 0xc8, 0xc0, 0xff, 0xd0, 0xc8, 0xc0, 0xff,
    0xd8, 0xc8, 0xc0, 0xff, 0xd0, 0xc8, 0xc0, 0xff, 0xd0, 0xc8, 0xc0, 0xff,
    0xd8, 0xc8, 0xc0, 0xff, 0xd0, 0xc8, 0xc0, 0xff, 0xd0, 0xc8, 0xc0, 0xff,
    0xd8, 0xc8, 0xc0, 0xff, 0xd0, 0xc8, 0xc0, 0xff, 0xd0, 0xc8, 0xc0, 0xff,
    0xd0, 0xc8, 0xc0, 0xff, 0xd0, 0xc8, 0xc0, 0xff, 0xd8, 0xc8, 0xc0, 0xff,
    0xd0, 0xc8, 0xc0, 0xff, 0xd0, 0xc8, 0xc0, 0xff, 0xd8, 0xc8, 0xc0, 0xff,
    0xd0, 0xc8, 0xc0, 0xff, 0xd8, 0xc8, 0xc0, 0xff, 0xd0, 0xc8, 0xc0, 0xff,
    0xd0, 0xc8, 0xc0, 0xff, 0xd0, 0xc8, 0xc0, 0xff, 0xd0, 0xc8, 0xc0, 0xff,
    0xd0, 0xc8, 0xc0, 0xff, 0xd8, 0xc8, 0xc0, 0xff, 0xd0, 0xc8, 0xc0, 0xff,
    0xd0, 0xc8, 0xc0, 0xff, 0xd0, 0xc8, 0xc0, 0xff, 0xd8, 0xc8, 0xc0, 0xff,
    0xd0, 0xc8, 0xc0, 0xff, 0xd0, 0xc8, 0xc0, 0xff, 0xd0, 0xc8, 0xc0, 0xff,
    0xd8, 0xc8, 0xc0, 0xff, 0xd0, 0xc8, 0xc0, 0xff, 0xd0, 0xc8, 0xc0, 0xff,
    0xd0, 0xc8, 0xc0, 0xff, 0xd0, 0xc8, 0xc0, 0xff, 0xd8, 0xc8, 0xc0, 0xff,
    0xd0, 0xc8, 0xc0, 0xff, 0xd0, 0xc8, 0xc0, 0xff, 0xd0, 0xc8, 0xc0, 0xff,
    0xd0, 0xc8, 0xc0, 0xff, 0xd0, 0xc8, 0xc0, 0xff, 0xd0, 0xc8, 0xc0, 0xff,
    0xd8, 0xc8, 0xc0, 0xff, 0xd0, 0xc8, 0xc0, 0xff, 0xd0, 0xc8, 0xc0, 0xff,
    0xd8, 0xc8, 0xc0, 0xff, 0xd0, 0xc8, 0xc0, 0xff, 0xd0, 0xc8, 0xc0, 0xff,
    0xd0, 0xc8, 0xc0, 0xff, 0xd0, 0xc8, 0xc0, 0xff, 0xd0, 0xc8, 0xc0, 0xff,
    0xd8, 0xc8, 0xc0, 0xff, 0xd0, 0xc8, 0xc0, 0xff, 0xd8, 0xc8, 0xc0, 0xff,
    0xd0, 0xc8, 0xc0, 0xff, 0xd0, 0xc8, 0xc0, 0xff, 0xd0, 0xc8, 0xc0, 0xff,
    0xd0, 0xc8, 0xc0, 0xff, 0xd0, 0xc8, 0xc0, 0xff, 0xd0, 0xc8, 0xc0, 0xff,
    0xd8, 0xc8, 0xc0, 0xff, 0xd0, 0xc8, 0xc0, 0xff, 0xd0, 0xc8, 0xc0, 0xff,
    0xd0, 0xc8, 0xc0, 0xff, 0xd8, 0xc8, 0xc0, 0xff, 0xd0, 0xc8, 0xc0, 0xff,
    0xd0, 0xc8, 0xc0, 0xff, 0xd0, 0xc8, 0xc0, 0xff, 0xd0, 0xc8, 0xc0, 0xff,
    0xd0, 0xc8, 0xc0, 0xff, 0xd8, 0xc8, 0xc0, 0xff, 0xd8, 0xc8, 0xc0, 0xff,
    0xd0, 0xc8, 0xc0, 0xff, 0xd8, 0xc8, 0xc0, 0xff, 0xd0, 0xc8, 0xc0, 0xff,
    0xd0, 0xc8, 0xc0, 0xff, 0xd8, 0xc8, 0xc0, 0xff, 0xd0, 0xc8, 0xc0, 0xff,
    0xd0, 0xc8, 0xc0, 0xff, 0xd0, 0xc8, 0xc0, 0xff, 0xd8, 0xc8, 0xc0, 0xff,
    0xd0, 0xc8, 0xc0, 0xff, 0xd8, 0xc8, 0xc0, 0xff, 0xd0, 0xc8, 0xc0, 0xff,
    0xd0, 0xc8, 0xc0, 0xff, 0xd0, 0xc8, 0xc0, 0xff, 0xd0, 0xc8, 0xc0, 0xff,
    0xd0, 0xc8, 0xc0, 0xff, 0xd0, 0xc8, 0xc0, 0xff, 0xd0, 0xc8, 0xc0, 0xff,
    0xd0, 0xc8, 0xc0, 0xff, 0xd0, 0xc8, 0xc0, 0xff, 0xd8, 0xc8, 0xc0, 0xff,
    0xd0, 0xc8, 0xc0, 0xff, 0xd0, 0xc8, 0xc0, 0xff, 0xd0, 0xc8, 0xc0, 0xff,
    0xd0, 0xc8, 0xc0, 0xff, 0xd8, 0xc8, 0xc0, 0xff, 0xd0, 0xc8, 0xc0, 0xff,
    0xd0, 0xc8, 0xc0, 0xff, 0xd8, 0xc8, 0xc0, 0xff, 0xd0, 0xc8, 0xc0, 0xff,
    0xd0, 0xc8, 0xc0, 0xff, 0xd8, 0xc8, 0xc0, 0xff, 0xd0, 0xc8, 0xc0, 0xff,
    0xd0, 0xc8, 0xc0, 0xff, 0xd8, 0xc8, 0xc0, 0xff, 0xd8, 0xc8, 0xc0, 0xff,
    0xd0, 0xc8, 0xc0, 0xff, 0xd0, 0xc8, 0xc0, 0xff, 0xd0, 0xc8, 0xc0, 0xff,
    0xd8, 0xc8, 0xc0, 0xff, 0xd0, 0xc8, 0xc0, 0xff, 0xd0, 0xc8, 0xc0, 0xff,
    0xd0, 0xc8, 0xc0, 0xff, 0xd0, 0xc8, 0xc0, 0xff, 0xd0, 0xc8, 0xc0, 0xff,
    0xd8, 0xc8, 0xc0, 0xff, 0xd0, 0xc8, 0xc0, 0xff, 0xd0, 0xc8, 0xc0, 0xff,
    0xd8, 0xc8, 0xc0, 0xff, 0xd0, 0xc8, 0xc0, 0xff, 0xd0, 0xc8, 0xc0, 0xff,
    0xd0, 0xc8, 0xc0, 0xff, 0xd0, 0xc8, 0xc0, 0xff, 0xd8, 0xc8, 0xc0, 0xff,
    0xd0, 0xc8, 0xc0, 0xff, 0xd0, 0xc8, 0xc0, 0xff, 0xd8, 0xc8, 0xc0, 0xff,
    0xd0, 0xc8, 0xc0, 0xff, 0xd0, 0xc8, 0xc0, 0xff, 0xd8, 0xc8, 0xc0, 0xff,
    0xd0, 0xc8, 0xc0, 0xff, 0xd0, 0xc8, 0xc0, 0xff, 0xd0, 0xc8, 0xc0, 0xff,
    0xd0, 0xc8, 0xc0, 0xff, 0xd0, 0xc8, 0xc0, 0xff, 0xd8, 0xc8, 0xc0, 0xff,
    0xd0, 0xc8, 0xc0, 0xff, 0xd0, 0xc8, 0xc0, 0xff, 0xd0, 0xc8, 0xc0, 0xff,
    0xd8, 0xc8, 0xc0, 0xff, 0xd0, 0xc8, 0xc0, 0xff, 0xd0, 0xc8, 0xc0, 0xff,
    0xd8, 0xc8, 0xc0, 0xff, 0xd0, 0xc8, 0xc0, 0xff, 0xd0, 0xc8, 0xc0, 0xff,
    0xd0, 0xc8, 0xc0, 0xff, 0xd0, 0xc8, 0xc0, 0xff, 0xd8, 0xc8, 0xc0, 0xff,
    0xd0, 0xc8, 0xc0, 0xff, 0xd0, 0xc8, 0xc0, 0xff, 0xd0, 0xc8, 0xc0, 0xff,
    0xd0, 0xc8, 0xc0, 0xff, 0xd0, 0xc8, 0xc0, 0xff, 0xd0, 0xc8, 0xc0, 0xff,
    0xd0, 0xc8, 0xc0, 0xff, 0xd0, 0xc8, 0xc0, 0xff, 0xd0, 0xc8, 0xc0, 0xff,
    0xd0, 0xc8, 0xc0, 0xff, 0xd8, 0xc8, 0xc0, 0xff, 0xd0, 0xc8, 0xc0, 0xff,
    0xd0, 0xc8, 0xc0, 0xff, 0xd0, 0xc8, 0xc0, 0xff, 0xd8, 0xc8, 0xc0, 0xff,
    0xd0, 0xc8, 0xc0, 0xff, 0xd8, 0xc8, 0xc0, 0xff, 0xd0, 0xc8, 0xc0, 0xff,
    0xd8, 0xc8, 0xc0, 0xff, 0xd0, 0xc8, 0xc0, 0xff, 0xd0, 0xc8, 0xc0, 0xff,
    0xd8, 0xc8, 0xc0, 0xff, 0xd0, 0xc8, 0xc0, 0xff, 0xd0, 0xc8, 0xc0, 0xff,
    0xd0, 0xc8, 0xc0, 0xff, 0xd8, 0xc8, 0xc0, 0xff, 0xd0, 0xc8, 0xc0, 0xff,
    0xd8, 0xc8, 0xc0, 0xff, 0xd0, 0xc8, 0xc0, 0xff, 0xd0, 0xc8, 0xc0, 0xff,
    0xd0, 0xc8, 0xc0, 0xff, 0xd0, 0xc8, 0xc0, 0xff, 0xd0, 0xc8, 0xc0, 0xff,
    0xd8, 0xc8, 0xc0, 0xff, 0xd0, 0xc8, 0xc0, 0xff, 0xd0, 0xc8, 0xc0, 0xff,
    0xd0, 0xc8, 0xc0, 0xff, 0xd0, 0xc8, 0xc0, 0xff, 0xd8, 0xc8, 0xc0, 0xff,
    0xd0, 0xc8, 0xc0, 0xff, 0xd0, 0xc8, 0xc0, 0xff, 0xd0, 0xc8, 0xc0, 0xff,
    0xd0, 0xc8, 0xc0, 0xff, 0xd8, 0xc8, 0xc0, 0xff, 0xd0, 0xc8, 0xc0, 0xff,
    0xd8, 0xc8, 0xc0, 0xff, 0xd0, 0xc8, 0xc0, 0xff, 0xd8, 0xc8, 0xc0, 0xff,
    0xd0, 0xc8, 0xc0, 0xff, 0xd0, 0xc8, 0xc0, 0xff, 0xd0, 0xc8, 0xc0, 0xff,
    0xd0, 0xc8, 0xc0, 0xff, 0xd0, 0xc8, 0xc0, 0xff, 0xd8, 0xc8, 0xc0, 0xff,
    0xd0, 0xc8, 0xc0, 0xff, 0xd0, 0xc8, 0xc0, 0xff, 0xd8, 0xc8, 0xc0, 0xff,
    0xd0, 0xc8, 0xc0, 0xff, 0xd0, 0xc8, 0xc0, 0xff, 0xd0, 0xc8, 0xc0, 0xff,
    0xd0, 0xc8, 0xc0, 0xff, 0xd0, 0xc8, 0xc0, 0xff, 0xd0, 0xc8, 0xc0, 0xff,
    0xd0, 0xc8, 0xc0, 0xff, 0xd0, 0xc8, 0xc0, 0xff, 0xd0, 0xc8, 0xc0, 0xff,
    0xd0, 0xc8, 0xc0, 0xff, 0xd0, 0xc8, 0xc0, 0xff, 0xd8, 0xc8, 0xc0, 0xff,
    0xd0, 0xc8, 0xc0, 0xff, 0xd0, 0xc8, 0xc0, 0xff, 0xd0, 0xc8, 0xc0, 0xff,
    0xd0, 0xc8, 0xc0, 0xff, 0xd8, 0xc8, 0xc0, 0xff, 0xd0, 0xc8, 0xc0, 0xff,
    0xd0, 0xc8, 0xc0, 0xff, 0xd0, 0xc8, 0xc0, 0xff, 0xd8, 0xc8, 0xc0, 0xff,
    0xd0, 0xc8, 0xc0, 0xff, 0xd0, 0xc8, 0xc0, 0xff, 0xd0, 0xc8, 0xc0, 0xff,
    0xd0, 0xc8, 0xc0, 0xff, 0xd8, 0xc8, 0xc0, 0xff, 0xd0, 0xc8, 0xc0, 0xff,
    0xd0, 0xc8, 0xc0, 0xff, 0xd0, 0xc8, 0xc0, 0xff, 0xd0, 0xc8, 0xc0, 0xff,
    0xd0, 0xc8, 0xc0, 0xff, 0xd8, 0xc8, 0xc0, 0xff, 0xd0, 0xc8, 0xc0, 0xff,
    0xd0, 0xc8, 0xc0, 0xff, 0xd8, 0xc8, 0xc0, 0xff, 0xd0, 0xc8, 0xc0, 0xff,
    0xd0, 0xc8, 0xc0, 0xff, 0xd8, 0xc8, 0xc0, 0xff, 0xd0, 0xc8, 0xc0, 0xff,
    0xd0, 0xc8, 0xc0, 0xff, 0xd0, 0xc8, 0xc0, 0xff, 0xd8, 0xc8, 0xc0, 0xff,
    0xd0, 0xc8, 0xc0, 0xff, 0xd0, 0xc8, 0xc0, 0xff, 0xd0, 0xc8, 0xc0, 0xff,
    0xd8, 0xc8, 0xc0, 0xff, 0xd0, 0xc8, 0xc0, 0xff, 0xd0, 0xc8, 0xc0, 0xff,
    0xd0, 0xc8, 0xc0, 0xff, 0xd0, 0xc8, 0xc0, 0xff, 0xd0, 0xc8, 0xc0, 0xff,
    0xd0, 0xc8, 0xc0, 0xff, 0xd0, 0xc8, 0xc0, 0xff, 0xd8, 0xc8, 0xc0, 0xff,
    0xd0, 0xc8, 0xc0, 0xff, 0xd8, 0xc8, 0xc0, 0xff, 0xd0, 0xc8, 0xc0, 0xff,
    0xd8, 0xc8, 0xc0, 0xff, 0xd0, 0xc8, 0xc0, 0xff, 0xd8, 0xc8, 0xc0, 0xff,
    0xd8, 0xc8, 0xc0, 0xff, 0xd0, 0xc8, 0xc0, 0xff, 0xd0, 0xc8, 0xc0, 0xff,
    0xd8, 0xc8, 0xc0, 0xff, 0xd0, 0xc8, 0xc0, 0xff, 0xd0, 0xc8, 0xc0, 0xff,
    0xd0, 0xc8, 0xc0, 0xff, 0xd0, 0xc8, 0xc0, 0xff, 0xd0, 0xc8, 0xc0, 0xff,
    0xd0, 0xc8, 0xc0, 0xff, 0xd8, 0xc8, 0xc0, 0xff, 0xd0, 0xc8, 0xc0, 0xff,
    0xd0, 0xc8, 0xc0, 0xff, 0xd0, 0xc8, 0xc0, 0xff, 0xd0, 0xc8, 0xc0, 0xff,
    0xd8, 0xc8, 0xc0, 0xff, 0xd0, 0xc8, 0xc0, 0xff, 0xd0, 0xc8, 0xc0, 0xff,
    0xd0, 0xc8, 0xc0, 0xff, 0xd0, 0xc8, 0xc0, 0xff, 0xd0, 0xc8, 0xc0, 0xff,
    0xd8, 0xc8, 0xc0, 0xff, 0xd0, 0xc8, 0xc0, 0xff, 0xd0, 0xc8, 0xc0, 0xff,
    0xd0, 0xc8, 0xc0, 0xff, 0xd0, 0xc8, 0xc0, 0xff, 0xd0, 0xc8, 0xc0, 0xff,
    0xd8, 0xc8, 0xc0, 0xff, 0xd0, 0xc8, 0xc0, 0xff, 0xd0, 0xc8, 0xc0, 0xff,
    0xd8, 0xc8, 0xc0, 0xff, 0xd0, 0xc8, 0xc0, 0xff, 0xd0, 0xc8, 0xc0, 0xff,
    0xd0, 0xc8, 0xc0, 0xff, 0xd8, 0xc8, 0xc0, 0xff, 0xd0, 0xc8, 0xc0, 0xff,
    0xd0, 0xc8, 0xc0, 0xff, 0xd0, 0xc8, 0xc0, 0xff, 0xd0, 0xc8, 0xc0, 0xff,
    0xd8, 0xc8, 0xc0, 0xff, 0xd0, 0xc8, 0xc0, 0xff, 0xd8, 0xc8, 0xc0, 0xff,
    0xd8, 0xc8, 0xc0, 0xff, 0xd0, 0xc8, 0xc0, 0xff, 0xd0, 0xc8, 0xc0, 0xff,
    0xd8, 0xc8, 0xc0, 0xff, 0xd0, 0xc8, 0xc0, 0xff, 0xd0, 0xc8, 0xc0, 0xff,
    0xd8, 0xc8, 0xc0, 0xff, 0xd0, 0xc8, 0xc0, 0xff, 0xd0, 0xc8, 0xc0, 0xff,
    0xd8, 0xc8, 0xc0, 0xff, 0xd0, 0xc8, 0xc0, 0xff, 0xd0, 0xc8, 0xc0, 0xff,
    0xd8, 0xc8, 0xc0, 0xff, 0xd8, 0xc8, 0xc0, 0xff, 0xd0, 0xc8, 0xc0, 0xff,
    0xd8, 0xc8, 0xc0, 0xff, 0xd0, 0xc8, 0xc0, 0xff, 0xd0, 0xc8, 0xc0, 0xff,
    0xd0, 0xc8, 0xc0, 0xff, 0xd0, 0xc8, 0xc0, 0xff, 0xd8, 0xc8, 0xc0, 0xff,
    0xd0, 0xc8, 0xc0, 0xff, 0xd0, 0xc8, 0xc0, 0xff, 0xd8, 0xc8, 0xc0, 0xff,
    0xd0, 0xc8, 0xc0, 0xff, 0xd0, 0xc8, 0xc0, 0xff, 0xd8, 0xc8, 0xc0, 0xff,
    0xd0, 0xc8, 0xc0, 0xff, 0xd0, 0xc8, 0xc0, 0xff, 0xd8, 0xc8, 0xc0, 0xff,
    0xd0, 0xc8, 0xc0, 0xff, 0xd0, 0xc8, 0xc0, 0xff, 0xd8, 0xc8, 0xc0, 0xff,
    0xd0, 0xc8, 0xc0, 0xff, 0xd0, 0xc8, 0xc0, 0xff, 0xd8, 0xc8, 0xc0, 0xff,
    0xd0, 0xc8, 0xc0, 0xff, 0xd0, 0xc8, 0xc0, 0xff, 0xd8, 0xc8, 0xc0, 0xff,
    0xd0, 0xc8, 0xc0, 0xff, 0xd0, 0xc8, 0xc0, 0xff, 0xd0, 0xc8, 0xc0, 0xff,
    0xd0, 0xc8, 0xc0, 0xff, 0xd0, 0xc8, 0xc0, 0xff, 0xd8, 0xc8, 0xc0, 0xff,
    0xd0, 0xc8, 0xc0, 0xff, 0xd8, 0xc8, 0xc0, 0xff, 0xd0, 0xc8, 0xc0, 0xff,
    0xd0, 0xc8, 0xc0, 0xff, 0xd0, 0xc8, 0xc0, 0xff, 0xd8, 0xc8, 0xc0, 0xff,
    0xd0, 0xc8, 0xc0, 0xff, 0xd0, 0xc8, 0xc0, 0xff, 0xd0, 0xc8, 0xc0, 0xff,
    0xd8, 0xc8, 0xc0, 0xff, 0xd0, 0xc8, 0xc0, 0xff, 0xd8, 0xc8, 0xc0, 0xff,
    0xd0, 0xc8, 0xc0, 0xff, 0xd0, 0xc8, 0xc0, 0xff, 0xd0, 0xc8, 0xc0, 0xff,
    0xd0, 0xc8, 0xc0, 0xff, 0xd0, 0xc8, 0xc0, 0xff, 0xd0, 0xc8, 0xc0, 0xff,
    0xd0, 0xc8, 0xc0, 0xff, 0xd8, 0xc8, 0xc0, 0xff, 0xd0, 0xc8, 0xc0, 0xff,
    0xd0, 0xc8, 0xc0, 0xff, 0xd0, 0xc8, 0xc0, 0xff, 0xd0, 0xc8, 0xc0, 0xff,
    0xd0, 0xc8, 0xc0, 0xff, 0xd0, 0xc8, 0xc0, 0xff, 0xd0, 0xc8, 0xc0, 0xff,
    0xd8, 0xc8, 0xc0, 0xff, 0xd0, 0xc8, 0xc0, 0xff, 0xd8, 0xc8, 0xc0, 0xff,
    0xd0, 0xc8, 0xc0, 0xff, 0xd0, 0xc8, 0xc0, 0xff, 0xd0, 0xc8, 0xc0, 0xff,
    0xd0, 0xc8, 0xc0, 0xff, 0xd0, 0xc8, 0xc0, 0xff, 0xd8, 0xc8, 0xc0, 0xff,
    0xd0, 0xc8, 0xc0, 0xff, 0xd0, 0xc8, 0xc0, 0xff, 0xd8, 0xc8, 0xc0, 0xff,
    0xd0, 0xc8, 0xc0, 0xff, 0xd0, 0xc8, 0xc0, 0xff, 0xd8, 0xc8, 0xc0, 0xff,
    0xd0, 0xc8, 0xc0, 0xff, 0xd0, 0xc8, 0xc0, 0xff, 0xd0, 0xc8, 0xc0, 0xff,
    0xd8, 0xc8, 0xc0, 0xff, 0xd8, 0xc8, 0xc0, 0xff, 0xd0, 0xc8, 0xc0, 0xff,
    0xd0, 0xc8, 0xc0, 0xff, 0xd8, 0xc8, 0xc0, 0xff, 0xd0, 0xc8, 0xc0, 0xff,
    0xd0, 0xc8, 0xc0, 0xff, 0xd8, 0xc8, 0xc0, 0xff, 0xd0, 0xc8, 0xc0, 0xff,
    0xd0, 0xc8, 0xc0, 0xff, 0xd0, 0xc8, 0xc0, 0xff, 0xd8, 0xc8, 0xc0, 0xff,
    0xd0, 0xc8, 0xc0, 0xff, 0xd0, 0xc8, 0xc0, 0xff, 0xd0, 0xc8, 0xc0, 0xff,
    0xd8, 0xc8, 0xc0, 0xff, 0xd0, 0xc8, 0xc0, 0xff, 0xd0, 0xc8, 0xc0, 0xff,
    0xd0, 0xc8, 0xc0, 0xff, 0xd0, 0xc8, 0xc0, 0xff, 0xd0, 0xc8, 0xc0, 0xff,
    0xd0, 0xc8, 0xc0, 0xff, 0xd8, 0xc8, 0xc0, 0xff, 0xd0, 0xc8, 0xc0, 0xff,
    0xd0, 0xc8, 0xc0, 0xff, 0xd0, 0xc8, 0xc0, 0xff, 0xd0, 0xc8, 0xc0, 0xff,
    0xd0, 0xc8, 0xc0, 0xff, 0xd0, 0xc8, 0xc0, 0xff, 0xd8, 0xc8, 0xc0, 0xff,
    0xd0, 0xc8, 0xc0, 0xff, 0xd0, 0xc8, 0xc0, 0xff, 0xd0, 0xc8, 0xc0, 0xff,
    0xd0, 0xc8, 0xc0, 0xff, 0xd0, 0xc8, 0xc0, 0xff, 0xd8, 0xc8, 0xc0, 0xff,
    0xd0, 0xc8, 0xc0, 0xff, 0xd8, 0xc8, 0xc0, 0xff, 0xd0, 0xc8, 0xc0, 0xff,
    0xd0, 0xc8, 0xc0, 0xff, 0xd8, 0xc8, 0xc0, 0xff, 0xd0, 0xc8, 0xc0, 0xff,
    0xd0, 0xc8, 0xc0, 0xff, 0xd0, 0xc8, 0xc0, 0xff, 0xd0, 0xc8, 0xc0, 0xff,
    0xd0, 0xc8, 0xc0, 0xff, 0xd8, 0xc8, 0xc0, 0xff, 0xd0, 0xc8, 0xc0, 0xff,
    0xd0, 0xc8, 0xc0, 0xff, 0xd0, 0xc8, 0xc0, 0xff, 0xd0, 0xc8, 0xc0, 0xff,
    0xd8, 0xc8, 0xc0, 0xff, 0xd0, 0xc8, 0xc0, 0xff, 0xd0, 0xc8, 0xc0, 0xff,
    0xd0, 0xc8, 0xc0, 0xff, 0xd8, 0xc8, 0xc0, 0xff, 0xd0, 0xc8, 0xc0, 0xff,
    0xd0, 0xc8, 0xc0, 0xff, 0xd0, 0xc8, 0xc0, 0xff, 0xd0, 0xc8, 0xc0, 0xff,
    0xd8, 0xc8, 0xc0, 0xff, 0xd0, 0xc8, 0xc0, 0xff, 0xd0, 0xc8, 0xc0, 0xff,
    0xd8, 0xc8, 0xc0, 0xff, 0xd0, 0xc8, 0xc0, 0xff, 0xd0, 0xc8, 0xc0, 0xff,
    0xd0, 0xc8, 0xc0, 0xff, 0xd8, 0xc8, 0xc0, 0xff, 0xd0, 0xc8, 0xc0, 0xff,
    0xd0, 0xc8, 0xc0, 0xff, 0xd0, 0xc8, 0xc0, 0xff, 0xd8, 0xc8, 0xc0, 0xff,
    0xd0, 0xc8, 0xc0, 0xff, 0xd0, 0xc8, 0xc0, 0xff, 0xd0, 0xc8, 0xc0, 0xff,
    0xd0, 0xc8, 0xc0, 0xff, 0xd0, 0xc8, 0xc0, 0xff, 0xd8, 0xc8, 0xc0, 0xff,
    0xd0, 0xc8, 0xc0, 0xff, 0xd0, 0xc8, 0xc0, 0xff, 0xd8, 0xc8, 0xc0, 0xff,
    0xd0, 0xc8, 0xc0, 0xff, 0xd0, 0xc8, 0xc0, 0xff, 0xd0, 0xc8, 0xc0, 0xff,
    0xd0, 0xc8, 0xc0, 0xff, 0xd0, 0xc8, 0xc0, 0xff, 0xd0, 0xc8, 0xc0, 0xff,
    0xd0, 0xc8, 0xc0, 0xff, 0xd8, 0xc8, 0xc0, 0xff, 0xd0, 0xc8, 0xc0, 0xff,
    0xd0, 0xc8, 0xc0, 0xff, 0xd8, 0xc8, 0xc0, 0xff, 0xd0, 0xc8, 0xc0, 0xff,
    0xd0, 0xc8, 0xc0, 0xff, 0xd0, 0xc8, 0xc0, 0xff, 0xd8, 0xc8, 0xc0, 0xff,
    0xd8, 0xc8, 0xc0, 0xff, 0xd0, 0xc8, 0xc0, 0xff, 0xd0, 0xc8, 0xc0, 0xff,
    0xd8, 0xc8, 0xc0, 0xff, 0xd0, 0xc8, 0xc0, 0xff, 0xd0, 0xc8, 0xc0, 0xff,
    0xd0, 0xc8, 0xc0, 0xff, 0xd0, 0xc8, 0xc0, 0xff, 0xd0, 0xc8, 0xc0, 0xff,
    0xd8, 0xc8, 0xc0, 0xff, 0xd0, 0xc8, 0xc0, 0xff, 0xd0, 0xc8, 0xc0, 0xff,
    0xd8, 0xc8, 0xc0, 0xff, 0xd0, 0xc8, 0xc0, 0xff, 0xd0, 0xc8, 0xc0, 0xff,
    0xd0, 0xc8, 0xc0, 0xff, 0xd0, 0xc8, 0xc0, 0xff, 0xd8, 0xc8, 0xc0, 0xff,
    0xd0, 0xc8, 0xc0, 0xff, 0xd0, 0xc8, 0xc0, 0xff, 0xd0, 0xc8, 0xc0, 0xff,
    0xd0, 0xc8, 0xc0, 0xff, 0xd0, 0xc8, 0xc0, 0xff, 0xd8, 0xc8, 0xc0, 0xff,
    0xd0, 0xc8, 0xc0, 0xff, 0xd0, 0xc8, 0xc0, 0xff, 0xd0, 0xc8, 0xc0, 0xff,
    0xd8, 0xc8, 0xc0, 0xff, 0xd0, 0xc8, 0xc0, 0xff, 0xd0, 0xc8, 0xc0, 0xff,
    0xd0, 0xc8, 0xc0, 0xff, 0xd0, 0xc8, 0xc0, 0xff, 0xd0, 0xc8, 0xc0, 0xff,
    0xd0, 0xc8, 0xc0, 0xff, 0xd0, 0xc8, 0xc0, 0xff, 0xd0, 0xc8, 0xc0, 0xff,
    0xd0, 0xc8, 0xc0, 0xff, 0xd0, 0xc8, 0xc0, 0xff, 0xd8, 0xc8, 0xc0, 0xff,
    0xd0, 0xc8, 0xc0, 0xff, 0xd0, 0xc8, 0xc0, 0xff, 0xd8, 0xc8, 0xc0, 0xff,
    0xd0, 0xc8, 0xc0, 0xff, 0xd0, 0xc8, 0xc0, 0xff, 0xd0, 0xc8, 0xc0, 0xff,
    0xd8, 0xc8, 0xc0, 0xff, 0xd0, 0xc8, 0xc0, 0xff, 0xd0, 0xc8, 0xc0, 0xff,
    0xd0, 0xc8, 0xc0, 0xff, 0xd0, 0xc8, 0xc0, 0xff, 0xd0, 0xc8, 0xc0, 0xff,
    0xd0, 0xc8, 0xc0, 0xff, 0xd8, 0xc8, 0xc0, 0xff, 0xd0, 0xc8, 0xc0, 0xff,
    0xd0, 0xc8, 0xc0, 0xff, 0xd0, 0xc8, 0xc0, 0xff, 0xd8, 0xc8, 0xc0, 0xff,
    0xd0, 0xc8, 0xc0, 0xff, 0xd0, 0xc8, 0xc0, 0xff, 0xd8, 0xc8, 0xc0, 0xff,
    0xd0, 0xc8, 0xc0, 0xff, 0xd0, 0xc8, 0xc0, 0xff, 0xd8, 0xc8, 0xc0, 0xff,
    0xd0, 0xc8, 0xc0, 0xff, 0xd0, 0xc8, 0xc0, 0xff, 0xd0, 0xc8, 0xc0, 0xff,
    0xd0, 0xc8, 0xc0, 0xff, 0xd0, 0xc8, 0xc0, 0xff, 0xd8, 0xc8, 0xc0, 0xff,
    0xd0, 0xc8, 0xc0, 0xff, 0xd0, 0xc8, 0xc0, 0xff, 0xd8, 0xc8, 0xc0, 0xff,
    0xd0, 0xc8, 0xc0, 0xff, 0xd0, 0xc8, 0xc0, 0xff, 0xd8, 0xc8, 0xc0, 0xff,
    0xd0, 0xc8, 0xc0, 0xff, 0xd0, 0xc8, 0xc0, 0xff, 0xd0, 0xc8, 0xc0, 0xff,
    0xd0, 0xc8, 0xc0, 0xff, 0xd0, 0xc8, 0xc0, 0xff, 0xd0, 0xc8, 0xc0, 0xff,
    0xd0, 0xc8, 0xc0, 0xff, 0xd8, 0xc8, 0xc0, 0xff, 0xd0, 0xc8, 0xc0, 0xff,
    0xd0, 0xc8, 0xc0, 0xff, 0xd0, 0xc8, 0xc0, 0xff, 0xd8, 0xc8, 0xc0, 0xff,
    0xd0, 0xc8, 0xc0, 0xff, 0xd0, 0xc8, 0xc0, 0xff, 0xd8, 0xc8, 0xc0, 0xff,
    0xd0, 0xc8, 0xc0, 0xff, 0xd0, 0xc8, 0xc0, 0xff, 0xd0, 0xc8, 0xc0, 0xff,
    0xd0, 0xc8, 0xc0, 0xff, 0xd0, 0xc8, 0xc0, 0xff, 0xd8, 0xc8, 0xc0, 0xff,
    0xd0, 0xc8, 0xc0, 0xff, 0xd8, 0xc8, 0xc0, 0xff, 0xd0, 0xc8, 0xc0, 0xff,
    0xd8, 0xc8, 0xc0, 0xff, 0xd0, 0xc8, 0xc0, 0xff, 0xd8, 0xc8, 0xc0, 0xff,
    0xd0, 0xc8, 0xc0, 0xff, 0xd0, 0xc8, 0xc0, 0xff, 0xd8, 0xc8, 0xc0, 0xff,
    0xd0, 0xc8, 0xc0, 0xff, 0xd0, 0xc8, 0xc0, 0xff, 0xd0, 0xc8, 0xc0, 0xff,
    0xd0, 0xc8, 0xc0, 0xff, 0xd0, 0xc8, 0xc0, 0xff, 0xd0, 0xc8, 0xc0, 0xff,
    0xd0, 0xc8, 0xc0, 0xff, 0xd8, 0xc8, 0xc0, 0xff, 0xd0, 0xc8, 0xc0, 0xff,
    0xd0, 0xc8, 0xc0, 0xff, 0xd8, 0xc8, 0xc0, 0xff, 0xd0, 0xc8, 0xc0, 0xff,
    0xd0, 0xc8, 0xc0, 0xff, 0xd8, 0xc8, 0xc0, 0xff, 0xd0, 0xc8, 0xc0, 0xff,
    0xd0, 0xc8, 0xc0, 0xff, 0xd0, 0xc8, 0xc0, 0xff, 0xd0, 0xc8, 0xc0, 0xff,
    0xd8, 0xc8, 0xc0, 0xff, 0xd0, 0xc8, 0xc0, 0xff, 0xd0, 0xc8, 0xc0, 0xff,
    0xd0, 0xc8, 0xc0, 0xff, 0xd0, 0xc8, 0xc0, 0xff, 0xd0, 0xc8, 0xc0, 0xff,
    0xd8, 0xc8, 0xc0, 0xff, 0xd0, 0xc8, 0xc0, 0xff, 0xd0, 0xc8, 0xc0, 0xff,
    0xd8, 0xc8, 0xc0, 0xff, 0xd0, 0xc8, 0xc0, 0xff, 0xd0, 0xc8, 0xc0, 0xff,
    0xd0, 0xc8, 0xc0, 0xff, 0xd8, 0xc8, 0xc0, 0xff, 0xd0, 0xc8, 0xc0, 0xff,
    0xd0, 0xc8, 0xc0, 0xff, 0xd8, 0xc8, 0xc0, 0xff, 0xd0, 0xc8, 0xc0, 0xff,
    0xd8, 0xc8, 0xc0, 0xff, 0xd8, 0xc8, 0xc0, 0xff, 0xd0, 0xc8, 0xc0, 0xff,
    0xd8, 0xc8, 0xc0, 0xff, 0xd8, 0xc8, 0xc0, 0xff, 0xd0, 0xc8, 0xc0, 0xff,
    0xd0, 0xc8, 0xc0, 0xff, 0xd8, 0xc8, 0xc0, 0xff, 0xd0, 0xc8, 0xc0, 0xff,
    0xd0, 0xc8, 0xc0, 0xff, 0xd8, 0xc8, 0xc0, 0xff, 0xd0, 0xc8, 0xc0, 0xff,
    0xd0, 0xc8, 0xc0, 0xff, 0xd8, 0xc8, 0xc0, 0xff, 0xd0, 0xc8, 0xc0, 0xff,
    0xd0, 0xc8, 0xc0, 0xff, 0xd8, 0xc8, 0xc0, 0xff, 0xd0, 0xc8, 0xc0, 0xff,
    0xd0, 0xc8, 0xc0, 0xff, 0xd8, 0xc8, 0xc0, 0xff, 0xd0, 0xc8, 0xc0, 0xff,
    0xd0, 0xc8, 0xc0, 0xff, 0xd0, 0xc8, 0xc0, 0xff, 0xd0, 0xc8, 0xc0, 0xff,
    0xd8, 0xc8, 0xc0, 0xff, 0xd0, 0xc8, 0xc0, 0xff, 0xd0, 0xc8, 0xc0, 0xff,
    0xd8, 0xc8, 0xc0, 0xff, 0xd0, 0xc8, 0xc0, 0xff, 0xd0, 0xc8, 0xc0, 0xff,
    0xd0, 0xc8, 0xc0, 0xff, 0xd0, 0xc8, 0xc0, 0xff, 0xd8, 0xc8, 0xc0, 0xff,
    0xd0, 0xc8, 0xc0, 0xff, 0xd8, 0xc8, 0xc0, 0xff, 0xd0, 0xc8, 0xc0, 0xff,
    0xd0, 0xc8, 0xc0, 0xff, 0xd0, 0xc8, 0xc0, 0xff, 0xd0, 0xc8, 0xc0, 0xff,
    0xd0, 0xc8, 0xc0, 0xff, 0xd8, 0xc8, 0xc0, 0xff, 0xd0, 0xc8, 0xc0, 0xff,
    0xd0, 0xc8, 0xc0, 0xff, 0xd0, 0xc8, 0xc0, 0xff, 0xd8, 0xc8, 0xc0, 0xff,
    0xd0, 0xc8, 0xc0, 0xff, 0xd0, 0xc8, 0xc0, 0xff, 0xd8, 0xc8, 0xc0, 0xff,
    0xd8, 0xc8, 0xc0, 0xff, 0xd0, 0xc8, 0xc0, 0xff, 0xd0, 0xc8, 0xc0, 0xff,
    0xd0, 0xc8, 0xc0, 0xff, 0xd8, 0xc8, 0xc0, 0xff, 0xd0, 0xc8, 0xc0, 0xff,
    0xd0, 0xc8, 0xc0, 0xff, 0xd0, 0xc8, 0xc0, 0xff, 0xd8, 0xc8, 0xc0, 0xff,
    0xd0, 0xc8, 0xc0, 0xff, 0xd0, 0xc8, 0xc0, 0xff, 0xd8, 0xc8, 0xc0, 0xff,
    0xd0, 0xc8, 0xc0, 0xff, 0xd0, 0xc8, 0xc0, 0xff, 0xd0, 0xc8, 0xc0, 0xff,
    0xd0, 0xc8, 0xc0, 0xff, 0xd0, 0xc8, 0xc0, 0xff, 0xd0, 0xc8, 0xc0, 0xff,
    0xd0, 0xc8, 0xc0, 0xff, 0xd8, 0xc8, 0xc0, 0xff, 0xd0, 0xc8, 0xc0, 0xff,
    0xd0, 0xc8, 0xc0, 0xff, 0xd0, 0xc8, 0xc0, 0xff, 0xd0, 0xc8, 0xc0, 0xff,
    0xd0, 0xc8, 0xc0, 0xff, 0xd0, 0xc8, 0xc0, 0xff, 0xd0, 0xc8, 0xc0, 0xff,
    0xd8, 0xc8, 0xc0, 0xff, 0xd0, 0xc8, 0xc0, 0xff, 0xd8, 0xc8, 0xc0, 0xff,
    0xd0, 0xc8, 0xc0, 0xff, 0xd0, 0xc8, 0xc0, 0xff, 0xd0, 0xc8, 0xc0, 0xff,
    0xd0, 0xc8, 0xc0, 0xff, 0xd0, 0xc8, 0xc0, 0xff, 0xd0, 0xc8, 0xc0, 0xff,
    0xd8, 0xc8, 0xc0, 0xff, 0xd0, 0xc8, 0xc0, 0xff, 0xd0, 0xc8, 0xc0, 0xff,
    0xd0, 0xc8, 0xc0, 0xff, 0xd0, 0xc8, 0xc0, 0xff, 0xd8, 0xc8, 0xc0, 0xff,
    0xd0, 0xc8, 0xc0, 0xff, 0xd0, 0xc8, 0xc0, 0xff, 0xd0, 0xc8, 0xc0, 0xff,
    0xd8, 0xc8, 0xc0, 0xff, 0xd0, 0xc8, 0xc0, 0xff, 0xd8, 0xc8, 0xc0, 0xff,
    0xd0, 0xc8, 0xc0, 0xff, 0xd0, 0xc8, 0xc0, 0xff, 0xd8, 0xc8, 0xc0, 0xff,
    0xd0, 0xc8, 0xc0, 0xff, 0xd0, 0xc8, 0xc0, 0xff, 0xd0, 0xc8, 0xc0, 0xff,
    0xd0, 0xc8, 0xc0, 0xff, 0xd8, 0xc8, 0xc0, 0xff, 0xd0, 0xc8, 0xc0, 0xff,
    0xd0, 0xc8, 0xc0, 0xff, 0xd0, 0xc8, 0xc0, 0xff, 0xd0, 0xc8, 0xc0, 0xff,
    0xd0, 0xc8, 0xc0, 0xff, 0xd0, 0xc8, 0xc0, 0xff, 0xd0, 0xc8, 0xc0, 0xff,
    0xd0, 0xc8, 0xc0, 0xff, 0xd0, 0xc8, 0xc0, 0xff, 0xd0, 0xc8, 0xc0, 0xff,
    0xd0, 0xc8, 0xc0, 0xff, 0xd0, 0xc8, 0xc0, 0xff, 0xd0, 0xc8, 0xc0, 0xff,
    0xd0, 0xc8, 0xc0, 0xff, 0xd0, 0xc8, 0xc0, 0xff, 0xd0, 0xc8, 0xc0, 0xff,
    0xd0, 0xc8, 0xc0, 0xff, 0xd0, 0xc8, 0xc0, 0xff, 0xd0, 0xc8, 0xc0, 0xff,
    0xd0, 0xc8, 0xc0, 0xff, 0xd0, 0xc8, 0xc0, 0xff, 0xd0, 0xc8, 0xc0, 0xff,
    0xd8, 0xc8, 0xc0, 0xff, 0xd0, 0xc8, 0xc0, 0xff, 0xd0, 0xc8, 0xc0, 0xff,
    0xd8, 0xc8, 0xc0, 0xff, 0xd0, 0xc8, 0xc0, 0xff, 0xd0, 0xc8, 0xc0, 0xff,
    0xd8, 0xc8, 0xc0, 0xff, 0xd0, 0xc8, 0xc0, 0xff, 0xd0, 0xc8, 0xc0, 0xff,
    0xd0, 0xc8, 0xc0, 0xff, 0xd0, 0xc8, 0xc0, 0xff, 0xd0, 0xc8, 0xc0, 0xff,
    0xd0, 0xc8, 0xc0, 0xff, 0xd8, 0xc8, 0xc0, 0xff, 0xd0, 0xc8, 0xc0, 0xff,
    0xd0, 0xc8, 0xc0, 0xff, 0xd0, 0xc8, 0xc0, 0xff, 0xd0, 0xc8, 0xc0, 0xff,
    0xd8, 0xc8, 0xc0, 0xff, 0xd0, 0xc8, 0xc0, 0xff, 0xd0, 0xc8, 0xc0, 0xff,
    0xd8, 0xc8, 0xc0, 0xff, 0xd0, 0xc8, 0xc0, 0xff, 0xd0, 0xc8, 0xc0, 0xff,
    0xd0, 0xc8, 0xc0, 0xff, 0xd8, 0xc8, 0xc0, 0xff, 0xd0, 0xc8, 0xc0, 0xff,
    0xd0, 0xc8, 0xc0, 0xff, 0xd0, 0xc8, 0xc0, 0xff, 0xd8, 0xc8, 0xc0, 0xff,
    0xd0, 0xc8, 0xc0, 0xff, 0xd0, 0xc8, 0xc0, 0xff, 0xd0, 0xc8, 0xc0, 0xff,
    0xd0, 0xc8, 0xc0, 0xff, 0xd8, 0xc8, 0xc0, 0xff, 0xd0, 0xc8, 0xc0, 0xff,
    0xd0, 0xc8, 0xc0, 0xff, 0xd8, 0xc8, 0xc0, 0xff, 0xd0, 0xc8, 0xc0, 0xff,
    0xd0, 0xc8, 0xc0, 0xff, 0xd0, 0xc8, 0xc0, 0xff, 0xd0, 0xc8, 0xc0, 0xff,
    0xd0, 0xc8, 0xc0, 0xff, 0xd0, 0xc8, 0xc0, 0xff, 0xd8, 0xc8, 0xc0, 0xff,
    0xd0, 0xc8, 0xc0, 0xff, 0xd0, 0xc8, 0xc0, 0xff, 0xd0, 0xc8, 0xc0, 0xff,
    0xd8, 0xc8, 0xc0, 0xff, 0xd0, 0xc8, 0xc0, 0xff, 0xd0, 0xc8, 0xc0, 0xff,
    0xd0, 0xc8, 0xc0, 0xff, 0xd0, 0xc8, 0xc0, 0xff, 0xd0, 0xc8, 0xc0, 0xff,
    0xd8, 0xc8, 0xc0, 0xff, 0xd0, 0xc8, 0xc0, 0xff, 0xd8, 0xc8, 0xc0, 0xff,
    0xd0, 0xc8, 0xc0, 0xff, 0xd0, 0xc8, 0xc0, 0xff, 0xd0, 0xc8, 0xc0, 0xff,
    0xd0, 0xc8, 0xc0, 0xff, 0xd0, 0xc8, 0xc0, 0xff, 0xd8, 0xc8, 0xc0, 0xff,
    0xd0, 0xc8, 0xc0, 0xff, 0xd8, 0xc8, 0xc0, 0xff, 0xd0, 0xc8, 0xc0, 0xff,
    0xd0, 0xc8, 0xc0, 0xff, 0xd8, 0xc8, 0xc0, 0xff, 0xd0, 0xc8, 0xc0, 0xff,
    0xd0, 0xc8, 0xc0, 0xff, 0xd8, 0xc8, 0xc0, 0xff, 0xd0, 0xc8, 0xc0, 0xff,
    0xd0, 0xc8, 0xc0, 0xff, 0xd8, 0xc8, 0xc0, 0xff, 0xd0, 0xc8, 0xc0, 0xff,
    0xd0, 0xc8, 0xc0, 0xff, 0xd0, 0xc8, 0xc0, 0xff, 0xd0, 0xc8, 0xc0, 0xff,
    0xd0, 0xc8, 0xc0, 0xff, 0xd8, 0xc8, 0xc0, 0xff, 0xd0, 0xc8, 0xc0, 0xff,
    0xd0, 0xc8, 0xc0, 0xff, 0xd0, 0xc8, 0xc0, 0xff, 0xd8, 0xc8, 0xc0, 0xff,
    0xd0, 0xc8, 0xc0, 0xff, 0xd0, 0xc8, 0xc0, 0xff, 0xd8, 0xc8, 0xc0, 0xff,
    0xd0, 0xc8, 0xc0, 0xff, 0xd0, 0xc8, 0xc0, 0xff, 0xd8, 0xc8, 0xc0, 0xff,
    0xd0, 0xc8, 0xc0, 0xff, 0xd8, 0xc8, 0xc0, 0xff, 0xd0, 0xc8, 0xc0, 0xff,
    0xd0, 0xc8, 0xc0, 0xff, 0xd8, 0xc8, 0xc0, 0xff, 0xd0, 0xc8, 0xc0, 0xff,
    0xd0, 0xc8, 0xc0, 0xff, 0xd8, 0xc8, 0xc0, 0xff, 0xd0, 0xc8, 0xc0, 0xff,
    0xd0, 0xc8, 0xc0, 0xff, 0xd8, 0xc8, 0xc0, 0xff, 0xd0, 0xc8, 0xc0, 0xff,
    0xd8, 0xc8, 0xc0, 0xff, 0xd8, 0xc8, 0xc0, 0xff, 0xd0, 0xc8, 0xc0, 0xff,
    0xd8, 0xc8, 0xc0, 0xff, 0xd0, 0xc8, 0xc0, 0xff, 0xd8, 0xc8, 0xc0, 0xff,
    0xd0, 0xc8, 0xc0, 0xff, 0xd0, 0xc8, 0xc0, 0xff, 0xd0, 0xc8, 0xc0, 0xff,
    0xd0, 0xc8, 0xc0, 0xff, 0xd0, 0xc8, 0xc0, 0xff, 0xd0, 0xc8, 0xc0, 0xff,
    0xd0, 0xc8, 0xc0, 0xff, 0xd8, 0xc8, 0xc0, 0xff, 0xd0, 0xc8, 0xc0, 0xff,
    0xd0, 0xc8, 0xc0, 0xff, 0xd8, 0xc8, 0xc0, 0xff, 0xd0, 0xc8, 0xc0, 0xff,
    0xd8, 0xc8, 0xc0, 0xff, 0xd0, 0xc8, 0xc0, 0xff, 0xd0, 0xc8, 0xc0, 0xff,
    0xd8, 0xc8, 0xc0, 0xff, 0xd0, 0xc8, 0xc0, 0xff, 0xd0, 0xc8, 0xc0, 0xff,
    0xd8, 0xc8, 0xc0, 0xff, 0xd0, 0xc8, 0xc0, 0xff, 0xd0, 0xc8, 0xc0, 0xff,
    0xd0, 0xc8, 0xc0, 0xff, 0xd8, 0xc8, 0xc0, 0xff, 0xd0, 0xc8, 0xc0, 0xff,
    0xd0, 0xc8, 0xc0, 0xff, 0xd8, 0xc8, 0xc0, 0xff, 0xd0, 0xc8, 0xc0, 0xff,
    0xd0, 0xc8, 0xc0, 0xff, 0xd8, 0xc8, 0xc0, 0xff, 0xd0, 0xc8, 0xc0, 0xff,
    0xd0, 0xc8, 0xc0, 0xff, 0xd0, 0xc8, 0xc0, 0xff, 0xd0, 0xc8, 0xc0, 0xff,
    0xd0, 0xc8, 0xc0, 0xff, 0xd0, 0xc8, 0xc0, 0xff, 0xd8, 0xc8, 0xc0, 0xff,
    0xd0, 0xc8, 0xc0, 0xff, 0xd0, 0xc8, 0xc0, 0xff, 0xd0, 0xc8, 0xc0, 0xff,
    0xd0, 0xc8, 0xc0, 0xff, 0xd8, 0xc8, 0xc0, 0xff, 0xd0, 0xc8, 0xc0, 0xff,
    0xd0, 0xc8, 0xc0, 0xff, 0xd8, 0xc8, 0xc0, 0xff, 0xd0, 0xc8, 0xc0, 0xff,
    0xd0, 0xc8, 0xc0, 0xff, 0xd0, 0xc8, 0xc0, 0xff, 0xd0, 0xc8, 0xc0, 0xff,
    0xd0, 0xc8, 0xc0, 0xff, 0xd0, 0xc8, 0xc0, 0xff, 0xd8, 0xc8, 0xc0, 0xff,
    0xd0, 0xc8, 0xc0, 0xff, 0xd0, 0xc8, 0xc0, 0xff, 0xd8, 0xc8, 0xc0, 0xff,
    0xd0, 0xc8, 0xc0, 0xff, 0xd0, 0xc8, 0xc0, 0xff, 0xd8, 0xc8, 0xc0, 0xff,
    0xd0, 0xc8, 0xc0, 0xff, 0xd0, 0xc8, 0xc0, 0xff, 0xd8, 0xc8, 0xc0, 0xff,
    0xd0, 0xc8, 0xc0, 0xff, 0xd8, 0xc8, 0xc0, 0xff, 0xd0, 0xc8, 0xc0, 0xff,
    0xd0, 0xc8, 0xc0, 0xff, 0xd0, 0xc8, 0xc0, 0xff, 0xd0, 0xc8, 0xc0, 0xff,
    0xd8, 0xc8, 0xc0, 0xff, 0xd0, 0xc8, 0xc0, 0xff, 0xd0, 0xc8, 0xc0, 0xff,
    0xd0, 0xc8, 0xc0, 0xff, 0xd0, 0xc8, 0xc0, 0xff, 0xd0, 0xc8, 0xc0, 0xff,
    0xd8, 0xc8, 0xc0, 0xff, 0xd0, 0xc8, 0xc0, 0xff, 0xd0, 0xc8, 0xc0, 0xff,
    0xd0, 0xc8, 0xc0, 0xff, 0xd8, 0xc8, 0xc0, 0xff, 0xd0, 0xc8, 0xc0, 0xff,
    0xd8, 0xc8, 0xc0, 0xff, 0xd0, 0xc8, 0xc0, 0xff, 0xd0, 0xc8, 0xc0, 0xff,
    0xd0, 0xc8, 0xc0, 0xff, 0xd0, 0xc8, 0xc0, 0xff, 0xd0, 0xc8, 0xc0, 0xff,
    0xd0, 0xc8, 0xc0, 0xff, 0xd8, 0xc8, 0xc0, 0xff, 0xd0, 0xc8, 0xc0, 0xff,
    0xd0, 0xc8, 0xc0, 0xff, 0xd0, 0xc8, 0xc0, 0xff, 0xd0, 0xc8, 0xc0, 0xff,
    0xd0, 0xc8, 0xc0, 0xff, 0xd0, 0xc8, 0xc0, 0xff, 0xd8, 0xc8, 0xc0, 0xff,
    0xd0, 0xc8, 0xc0, 0xff, 0xd0, 0xc8, 0xc0, 0xff, 0xd8, 0xc8, 0xc0, 0xff,
    0xd0, 0xc8, 0xc0, 0xff, 0xd0, 0xc8, 0xc0, 0xff, 0xd8, 0xc8, 0xc0, 0xff,
    0xd0, 0xc8, 0xc0, 0xff, 0xd0, 0xc8, 0xc0, 0xff, 0xd8, 0xc8, 0xc0, 0xff,
    0xd0, 0xc8, 0xc0, 0xff, 0xd0, 0xc8, 0xc0, 0xff, 0xd0, 0xc8, 0xc0, 0xff,
    0xd0, 0xc8, 0xc0, 0xff, 0xd0, 0xc8, 0xc0, 0xff, 0xd0, 0xc8, 0xc0, 0xff,
    0xd8, 0xc8, 0xc0, 0xff, 0xd0, 0xc8, 0xc0, 0xff, 0xd0, 0xc8, 0xc0, 0xff,
    0xd8, 0xc8, 0xc0, 0xff, 0xd0, 0xc8, 0xc0, 0xff, 0xd8, 0xc8, 0xc0, 0xff,
    0xd8, 0xc8, 0xc0, 0xff, 0xd0, 0xc8, 0xc0, 0xff, 0xd0, 0xc8, 0xc0, 0xff,
    0xd0, 0xc8, 0xc0, 0xff, 0xd0, 0xc8, 0xc0, 0xff, 0xd0, 0xc8, 0xc0, 0xff,
    0xd0, 0xc8, 0xc0, 0xff, 0xd8, 0xc8, 0xc0, 0xff, 0xd0, 0xc8, 0xc0, 0xff,
    0xd0, 0xc8, 0xc0, 0xff, 0xd0, 0xc8, 0xc0, 0xff, 0xd0, 0xc8, 0xc0, 0xff,
    0xd0, 0xc8, 0xc0, 0xff, 0xd8, 0xc8, 0xc0, 0xff, 0xd0, 0xc8, 0xc0, 0xff,
    0xd0, 0xc8, 0xc0, 0xff, 0xd0, 0xc8, 0xc0, 0xff, 0xd8, 0xc8, 0xc0, 0xff,
    0xd0, 0xc8, 0xc0, 0xff, 0xd0, 0xc8, 0xc0, 0xff, 0xd0, 0xc8, 0xc0, 0xff,
    0xd8, 0xc8, 0xc0, 0xff, 0xd0, 0xc8, 0xc0, 0xff, 0xd0, 0xc8, 0xc0, 0xff,
    0xd0, 0xc8, 0xc0, 0xff, 0xd8, 0xc8, 0xc0, 0xff, 0xd0, 0xc8, 0xc0, 0xff,
    0xd0, 0xc8, 0xc0, 0xff, 0xd8, 0xc8, 0xc0, 0xff, 0xd8, 0xc8, 0xc0, 0xff,
    0xd0, 0xc8, 0xc0, 0xff, 0xd0, 0xc8, 0xc0, 0xff, 0xd0, 0xc8, 0xc0, 0xff,
    0xd8, 0xc8, 0xc0, 0xff, 0xd0, 0xc8, 0xc0, 0xff, 0xd0, 0xc8, 0xc0, 0xff,
    0xd0, 0xc8, 0xc0, 0xff, 0xd8, 0xc8, 0xc0, 0xff, 0xd0, 0xc8, 0xc0, 0xff,
    0xd0, 0xc8, 0xc0, 0xff, 0xd8, 0xc8, 0xc0, 0xff, 0xd0, 0xc8, 0xc0, 0xff,
    0xd0, 0xc8, 0xc0, 0xff, 0xd0, 0xc8, 0xc0, 0xff, 0xd0, 0xc8, 0xc0, 0xff,
    0xd0, 0xc8, 0xc0, 0xff, 0xd0, 0xc8, 0xc0, 0xff, 0xd0, 0xc8, 0xc0, 0xff,
    0xd8, 0xc8, 0xc0, 0xff, 0xd0, 0xc8, 0xc0, 0xff, 0xd0, 0xc8, 0xc0, 0xff,
    0xd0, 0xc8, 0xc0, 0xff, 0xd0, 0xc8, 0xc0, 0xff, 0xd0, 0xc8, 0xc0, 0xff,
    0xd0, 0xc8, 0xc0, 0xff, 0xd0, 0xc8, 0xc0, 0xff, 0xd0, 0xc8, 0xc0, 0xff,
    0xd8, 0xc8, 0xc0, 0xff, 0xd0, 0xc8, 0xc0, 0xff, 0xd0, 0xc8, 0xc0, 0xff,
    0xd8, 0xc8, 0xc0, 0xff, 0xd0, 0xc8, 0xc0, 0xff, 0xd0, 0xc8, 0xc0, 0xff,
    0xd8, 0xc8, 0xc0, 0xff, 0xd0, 0xc8, 0xc0, 0xff, 0xd0, 0xc8, 0xc0, 0xff,
    0xd8, 0xc8, 0xc0, 0xff, 0xd0, 0xc8, 0xc0, 0xff, 0xd0, 0xc8, 0xc0, 0xff,
    0xd0, 0xc8, 0xc0, 0xff, 0xd0, 0xc8, 0xc0, 0xff, 0xd8, 0xc8, 0xc0, 0xff,
    0xd0, 0xc8, 0xc0, 0xff, 0xd0, 0xc8, 0xc0, 0xff, 0xd0, 0xc8, 0xc0, 0xff,
    0xd8, 0xc8, 0xc0, 0xff, 0xd0, 0xc8, 0xc0, 0xff, 0xd0, 0xc8, 0xc0, 0xff,
    0xd8, 0xc8, 0xc0, 0xff, 0xd0, 0xc8, 0xc0, 0xff, 0xd0, 0xc8, 0xc0, 0xff,
    0xd0, 0xc8, 0xc0, 0xff, 0xd8, 0xc8, 0xc0, 0xff, 0xd0, 0xc8, 0xc0, 0xff,
    0xd0, 0xc8, 0xc0, 0xff, 0xd8, 0xc8, 0xc0, 0xff, 0xd0, 0xc8, 0xc0, 0xff,
    0xd0, 0xc8, 0xc0, 0xff, 0xd0, 0xc8, 0xc0, 0xff, 0xd0, 0xc8, 0xc0, 0xff,
    0xd0, 0xc8, 0xc0, 0xff, 0xd0, 0xc8, 0xc0, 0xff, 0xd0, 0xc8, 0xc0, 0xff,
    0xd0, 0xc8, 0xc0, 0xff, 0xd0, 0xc8, 0xc0, 0xff, 0xd0, 0xc8, 0xc0, 0xff,
    0xd0, 0xc8, 0xc0, 0xff, 0xd0, 0xc8, 0xc0, 0xff, 0xd0, 0xc8, 0xc0, 0xff,
    0xd8, 0xc8, 0xc0, 0xff, 0xd0, 0xc8, 0xc0, 0xff, 0xd0, 0xc8, 0xc0, 0xff,
    0xd0, 0xc8, 0xc0, 0xff, 0xd0, 0xc8, 0xc0, 0xff, 0xd0, 0xc8, 0xc0, 0xff,
    0xd0, 0xc8, 0xc0, 0xff, 0xd0, 0xc8, 0xc0, 0xff, 0xd8, 0xc8, 0xc0, 0xff,
    0xd0, 0xc8, 0xc0, 0xff, 0xd0, 0xc8, 0xc0, 0xff, 0xd0, 0xc8, 0xc0, 0xff,
    0xd0, 0xc8, 0xc0, 0xff, 0xd8, 0xc8, 0xc0, 0xff, 0xd0, 0xc8, 0xc0, 0xff,
    0xd8, 0xc8, 0xc0, 0xff, 0xd0, 0xc8, 0xc0, 0xff, 0xd0, 0xc8, 0xc0, 0xff,
    0xd0, 0xc8, 0xc0, 0xff, 0xd0, 0xc8, 0xc0, 0xff, 0xd8, 0xc8, 0xc0, 0xff,
    0xd0, 0xc8, 0xc0, 0xff, 0xd0, 0xc8, 0xc0, 0xff, 0xd8, 0xc8, 0xc0, 0xff,
    0xd0, 0xc8, 0xc0, 0xff, 0xd0, 0xc8, 0xc0, 0xff, 0xd0, 0xc8, 0xc0, 0xff,
    0xd8, 0xc8, 0xc0, 0xff, 0xd0, 0xc8, 0xc0, 0xff, 0xd0, 0xc8, 0xc0, 0xff,
    0xd0, 0xc8, 0xc0, 0xff, 0xd0, 0xc8, 0xc0, 0xff, 0xd0, 0xc8, 0xc0, 0xff,
    0xd0, 0xc8, 0xc0, 0xff, 0xd0, 0xc8, 0xc0, 0xff, 0xd0, 0xc8, 0xc0, 0xff,
    0xd0, 0xc8, 0xc0, 0xff, 0xd8, 0xc8, 0xc0, 0xff, 0xd0, 0xc8, 0xc0, 0xff,
    0xd0, 0xc8, 0xc0, 0xff, 0xd0, 0xc8, 0xc0, 0xff, 0xd0, 0xc8, 0xc0, 0xff,
    0xd0, 0xc8, 0xc0, 0xff, 0xd8, 0xc8, 0xc0, 0xff, 0xd0, 0xc8, 0xc0, 0xff,
    0xd0, 0xc8, 0xc0, 0xff, 0xd8, 0xc8, 0xc0, 0xff, 0xd0, 0xc8, 0xc0, 0xff,
    0xd0, 0xc8, 0xc0, 0xff, 0xd0, 0xc8, 0xc0, 0xff, 0xd0, 0xc8, 0xc0, 0xff,
    0xd8, 0xc8, 0xc0, 0xff, 0xd0, 0xc8, 0xc0, 0xff, 0xd8, 0xc8, 0xc0, 0xff,
    0xd0, 0xc8, 0xc0, 0xff, 0xd0, 0xc8, 0xc0, 0xff, 0xd8, 0xc8, 0xc0, 0xff,
    0xd0, 0xc8, 0xc0, 0xff, 0xd0, 0xc8, 0xc0, 0xff, 0xd0, 0xc8, 0xc0, 0xff,
    0xd8, 0xc8, 0xc0, 0xff, 0xd0, 0xc8, 0xc0, 0xff, 0xd8, 0xc8, 0xc0, 0xff,
    0xd0, 0xc8, 0xc0, 0xff, 0xd8, 0xc8, 0xc0, 0xff, 0xd0, 0xc8, 0xc0, 0xff,
    0xd0, 0xc8, 0xc0, 0xff, 0xd0, 0xc8, 0xc0, 0xff, 0xd0, 0xc8, 0xc0, 0xff,
    0xd0, 0xc8, 0xc0, 0xff, 0xd8, 0xc8, 0xc0, 0xff, 0xd0, 0xc8, 0xc0, 0xff,
    0xd0, 0xc8, 0xc0, 0xff, 0xd0, 0xc8, 0xc0, 0xff, 0xd0, 0xc8, 0xc0, 0xff,
    0xd8, 0xc8, 0xc0, 0xff, 0xd0, 0xc8, 0xc0, 0xff, 0xd0, 0xc8, 0xc0, 0xff,
    0xd8, 0xc8, 0xc0, 0xff, 0xd0, 0xc8, 0xc0, 0xff, 0xd0, 0xc8, 0xc0, 0xff,
    0xd8, 0xc8, 0xc0, 0xff, 0xd0, 0xc8, 0xc0, 0xff, 0xd0, 0xc8, 0xc0, 0xff,
    0xd0, 0xc8, 0xc0, 0xff, 0xd0, 0xc8, 0xc0, 0xff, 0xd8, 0xc8, 0xc0, 0xff,
    0xd0, 0xc8, 0xc0, 0xff, 0xd0, 0xc8, 0xc0, 0xff, 0xd8, 0xc8, 0xc0, 0xff,
    0xd0, 0xc8, 0xc0, 0xff, 0xd0, 0xc8, 0xc0, 0xff, 0xd8, 0xc8, 0xc0, 0xff,
    0xd0, 0xc8, 0xc0, 0xff, 0xd0, 0xc8, 0xc0, 0xff, 0xd8, 0xc8, 0xc0, 0xff,
    0xd0, 0xc8, 0xc0, 0xff, 0xd8, 0xc8, 0xc0, 0xff, 0xd0, 0xc8, 0xc0, 0xff,
    0xd0, 0xc8, 0xc0, 0xff, 0xd8, 0xc8, 0xc0, 0xff, 0xd8, 0xc8, 0xc0, 0xff,
    0xd0, 0xc8, 0xc0, 0xff, 0xd8, 0xc8, 0xc0, 0xff, 0xd0, 0xc8, 0xc0, 0xff,
    0xd8, 0xc8, 0xc0, 0xff, 0xd0, 0xc8, 0xc0, 0xff, 0xd8, 0xc8, 0xc0, 0xff,
    0xd0, 0xc8, 0xc0, 0xff, 0xd0, 0xc8, 0xc0, 0xff, 0xd8, 0xc8, 0xc0, 0xff,
    0xd0, 0xc8, 0xc0, 0xff, 0xd8, 0xc8, 0xc0, 0xff, 0xd8, 0xc8, 0xc0, 0xff,
    0xd0, 0xc8, 0xc0, 0xff, 0xd0, 0xc8, 0xc0, 0xff, 0xd8, 0xc8, 0xc0, 0xff,
    0xd0, 0xc8, 0xc0, 0xff, 0xd0, 0xc8, 0xc0, 0xff, 0xd0, 0xc8, 0xc0, 0xff,
    0xd0, 0xc8, 0xc0, 0xff, 0xd0, 0xc8, 0xc0, 0xff, 0xd8, 0xc8, 0xc0, 0xff,
    0xd0, 0xc8, 0xc0, 0xff, 0xd0, 0xc8, 0xc0, 0xff, 0xd0, 0xc8, 0xc0, 0xff,
    0xd8, 0xc8, 0xc0, 0xff, 0xd0, 0xc8, 0xc0, 0xff, 0xd0, 0xc8, 0xc0, 0xff,
    0xd8, 0xc8, 0xc0, 0xff, 0xd0, 0xc8, 0xc0, 0xff, 0xd0, 0xc8, 0xc0, 0xff,
    0xd8, 0xc8, 0xc0, 0xff, 0xd0, 0xc8, 0xc0, 0xff, 0xd0, 0xc8, 0xc0, 0xff,
    0xd0, 0xc8, 0xc0, 0xff, 0xd8, 0xc8, 0xc0, 0xff, 0xd0, 0xc8, 0xc0, 0xff,
    0xd0, 0xc8, 0xc0, 0xff, 0xd8, 0xc8, 0xc0, 0xff, 0xd0, 0xc8, 0xc0, 0xff,
    0xd8, 0xc8, 0xc0, 0xff, 0xd0, 0xc8, 0xc0, 0xff, 0xd8, 0xc8, 0xc0, 0xff,
    0xd8, 0xc8, 0xc0, 0xff, 0xd0, 0xc8, 0xc0, 0xff, 0xd0, 0xc8, 0xc0, 0xff,
    0xd0, 0xc8, 0xc0, 0xff, 0xd0, 0xc8, 0xc0, 0xff, 0xd0, 0xc8, 0xc0, 0xff,
    0xd8, 0xc8, 0xc0, 0xff, 0xd0, 0xc8, 0xc0, 0xff, 0xd0, 0xc8, 0xc0, 0xff,
    0xd0, 0xc8, 0xc0, 0xff, 0xd0, 0xc8, 0xc0, 0xff, 0xd0, 0xc8, 0xc0, 0xff,
    0xd0, 0xc8, 0xc0, 0xff, 0xd8, 0xc8, 0xc0, 0xff, 0xd0, 0xc8, 0xc0, 0xff,
    0xd0, 0xc8, 0xc0, 0xff, 0xd8, 0xc8, 0xc0, 0xff, 0xd0, 0xc8, 0xc0, 0xff,
    0xd0, 0xc8, 0xc0, 0xff, 0xd0, 0xc8, 0xc0, 0xff, 0xd0, 0xc8, 0xc0, 0xff,
    0xd0, 0xc8, 0xc0, 0xff, 0xd0, 0xc8, 0xc0, 0xff, 0xd8, 0xc8, 0xc0, 0xff,
    0xd0, 0xc8, 0xc0, 0xff, 0xd0, 0xc8, 0xc0, 0xff, 0xd0, 0xc8, 0xc0, 0xff,
    0xd0, 0xc8, 0xc0, 0xff, 0xd0, 0xc8, 0xc0, 0xff, 0xd8, 0xc8, 0xc0, 0xff,
    0xd0, 0xc8, 0xc0, 0xff, 0xd0, 0xc8, 0xc0, 0xff, 0xd8, 0xc8, 0xc0, 0xff,
    0xd8, 0xc8, 0xc0, 0xff, 0xd0, 0xc8, 0xc0, 0xff, 0xd0, 0xc8, 0xc0, 0xff,
    0xd0, 0xc8, 0xc0, 0xff, 0xd0, 0xc8, 0xc0, 0xff, 0xd8, 0xc8, 0xc0, 0xff,
    0xd0, 0xc8, 0xc0, 0xff, 0xd0, 0xc8, 0xc0, 0xff, 0xd0, 0xc8, 0xc0, 0xff,
    0xd0, 0xc8, 0xc0, 0xff, 0xd0, 0xc8, 0xc0, 0xff, 0xd0, 0xc8, 0xc0, 0xff,
    0xd8, 0xc8, 0xc0, 0xff, 0xd0, 0xc8, 0xc0, 0xff, 0xd0, 0xc8, 0xc0, 0xff,
    0xd0, 0xc8, 0xc0, 0xff, 0xd8, 0xc8, 0xc0, 0xff, 0xd0, 0xc8, 0xc0, 0xff,
    0xd0, 0xc8, 0xc0, 0xff, 0xd0, 0xc8, 0xc0, 0xff, 0xd0, 0xc8, 0xc0, 0xff,
    0xd0, 0xc8, 0xc0, 0xff, 0xd8, 0xc8, 0xc0, 0xff, 0xd0, 0xc8, 0xc0, 0xff,
    0xd0, 0xc8, 0xc0, 0xff, 0xd0, 0xc8, 0xc0, 0xff, 0xd0, 0xc8, 0xc0, 0xff,
    0xd0, 0xc8, 0xc0, 0xff, 0xd0, 0xc8, 0xc0, 0xff, 0xd0, 0xc8, 0xc0, 0xff,
    0xd0, 0xc8, 0xc0, 0xff, 0xd8, 0xc8, 0xc0, 0xff, 0xd0, 0xc8, 0xc0, 0xff,
    0xd0, 0xc8, 0xc0, 0xff, 0xd0, 0xc8, 0xc0, 0xff, 0xd0, 0xc8, 0xc0, 0xff,
    0xd0, 0xc8, 0xc0, 0xff, 0xd8, 0xc8, 0xc0, 0xff, 0xd0, 0xc8, 0xc0, 0xff,
    0xd0, 0xc8, 0xc0, 0xff, 0xd0, 0xc8, 0xc0, 0xff, 0xd8, 0xc8, 0xc0, 0xff,
    0xd0, 0xc8, 0xc0, 0xff, 0xd0, 0xc8, 0xc0, 0xff, 0xd0, 0xc8, 0xc0, 0xff,
    0xd0, 0xc8, 0xc0, 0xff, 0xd0, 0xc8, 0xc0, 0xff, 0xd0, 0xc8, 0xc0, 0xff,
    0xd8, 0xc8, 0xc0, 0xff, 0xd0, 0xc8, 0xc0, 0xff, 0xd0, 0xc8, 0xc0, 0xff,
    0xd8, 0xc8, 0xc0, 0xff, 0xd0, 0xc8, 0xc0, 0xff, 0xd0, 0xc8, 0xc0, 0xff,
    0xd8, 0xc8, 0xc0, 0xff, 0xd0, 0xc8, 0xc0, 0xff, 0xd0, 0xc8, 0xc0, 0xff,
    0xd0, 0xc8, 0xc0, 0xff, 0xd0, 0xc8, 0xc0, 0xff, 0xd8, 0xc8, 0xc0, 0xff,
    0xd0, 0xc8, 0xc0, 0xff, 0xd0, 0xc8, 0xc0, 0xff, 0xd0, 0xc8, 0xc0, 0xff,
    0xd0, 0xc8, 0xc0, 0xff, 0xd0, 0xc8, 0xc0, 0xff, 0xd0, 0xc8, 0xc0, 0xff,
    0xd0, 0xc8, 0xc0, 0xff, 0xd8, 0xc8, 0xc0, 0xff, 0xd0, 0xc8, 0xc0, 0xff,
    0xd0, 0xc8, 0xc0, 0xff, 0xd0, 0xc8, 0xc0, 0xff, 0xd0, 0xc8, 0xc0, 0xff,
    0xd0, 0xc8, 0xc0, 0xff, 0xd8, 0xc8, 0xc0, 0xff, 0xd0, 0xc8, 0xc0, 0xff,
    0xd0, 0xc8, 0xc0, 0xff, 0xd0, 0xc8, 0xc0, 0xff, 0xd0, 0xc8, 0xc0, 0xff,
    0xd0, 0xc8, 0xc0, 0xff, 0xd8, 0xc8, 0xc0, 0xff, 0xd0, 0xc8, 0xc0, 0xff,
    0xd0, 0xc8, 0xc0, 0xff, 0xd8, 0xc8, 0xc0, 0xff, 0xd0, 0xc8, 0xc0, 0xff,
    0xd0, 0xc8, 0xc0, 0xff, 0xd8, 0xc8, 0xc0, 0xff, 0xd0, 0xc8, 0xc0, 0xff,
    0xd8, 0xc8, 0xc0, 0xff, 0xd0, 0xc8, 0xc0, 0xff, 0xd0, 0xc8, 0xc0, 0xff,
    0xd0, 0xc8, 0xc0, 0xff, 0xd8, 0xc8, 0xc0, 0xff, 0xd0, 0xc8, 0xc0, 0xff,
    0xd0, 0xc8, 0xc0, 0xff, 0xd0, 0xc8, 0xc0, 0xff, 0xd0, 0xc8, 0xc0, 0xff,
    0xd8, 0xc8, 0xc0, 0xff, 0xd0, 0xc8, 0xc0, 0xff, 0xd0, 0xc8, 0xc0, 0xff,
    0xd0, 0xc8, 0xc0, 0xff, 0xd0, 0xc8, 0xc0, 0xff, 0xd8, 0xc8, 0xc0, 0xff,
    0xd0, 0xc8, 0xc0, 0xff, 0xd0, 0xc8, 0xc0, 0xff, 0xd8, 0xc8, 0xc0, 0xff,
    0xd0, 0xc8, 0xc0, 0xff, 0xd0, 0xc8, 0xc0, 0xff, 0xd0, 0xc8, 0xc0, 0xff,
    0xd0, 0xc8, 0xc0, 0xff, 0xd0, 0xc8, 0xc0, 0xff, 0xd0, 0xc8, 0xc0, 0xff,
    0xd8, 0xc8, 0xc0, 0xff, 0xd0, 0xc8, 0xc0, 0xff, 0xd0, 0xc8, 0xc0, 0xff,
    0xd8, 0xc8, 0xc0, 0xff, 0xd0, 0xc8, 0xc0, 0xff, 0xd0, 0xc8, 0xc0, 0xff,
    0xd8, 0xc8, 0xc0, 0xff, 0xd0, 0xc8, 0xc0, 0xff, 0xd8, 0xc8, 0xc0, 0xff,
    0xd0, 0xc8, 0xc0, 0xff, 0xd0, 0xc8, 0xc0, 0xff, 0xd0, 0xc8, 0xc0, 0xff,
    0xd8, 0xc8, 0xc0, 0xff, 0xd0, 0xc8, 0xc0, 0xff, 0xd0, 0xc8, 0xc0, 0xff,
    0xd8, 0xc8, 0xc0, 0xff, 0xd0, 0xc8, 0xc0, 0xff, 0xd0, 0xc8, 0xc0, 0xff,
    0xd8, 0xc8, 0xc0, 0xff, 0xd0, 0xc8, 0xc0, 0xff, 0xd0, 0xc8, 0xc0, 0xff,
    0xd0, 0xc8, 0xc0, 0xff, 0xd8, 0xc8, 0xc0, 0xff, 0xd0, 0xc8, 0xc0, 0xff,
    0xd0, 0xc8, 0xc0, 0xff, 0xd8, 0xc8, 0xc0, 0xff, 0xd0, 0xc8, 0xc0, 0xff,
    0xd0, 0xc8, 0xc0, 0xff, 0xd8, 0xc8, 0xc0, 0xff, 0xd0, 0xc8, 0xc0, 0xff,
    0xd0, 0xc8, 0xc0, 0xff, 0xd0, 0xc8, 0xc0, 0xff, 0xd0, 0xc8, 0xc0, 0xff,
    0xd8, 0xc8, 0xc0, 0xff, 0xd0, 0xc8, 0xc0, 0xff, 0xd0, 0xc8, 0xc0, 0xff,
    0xd0, 0xc8, 0xc0, 0xff, 0xd0, 0xc8, 0xc0, 0xff, 0xd0, 0xc8, 0xc0, 0xff,
    0xd0, 0xc8, 0xc0, 0xff, 0xd0, 0xc8, 0xc0, 0xff, 0xd0, 0xc8, 0xc0, 0xff,
    0xd0, 0xc8, 0xc0, 0xff, 0xd8, 0xc8, 0xc0, 0xff, 0xd0, 0xc8, 0xc0, 0xff,
    0xd0, 0xc8, 0xc0, 0xff, 0xd0, 0xc8, 0xc0, 0xff, 0xd0, 0xc8, 0xc0, 0xff,
    0xd0, 0xc8, 0xc0, 0xff, 0xd0, 0xc8, 0xc0, 0xff, 0xd8, 0xc8, 0xc0, 0xff,
    0xd0, 0xc8, 0xc0, 0xff, 0xd0, 0xc8, 0xc0, 0xff, 0xd0, 0xc8, 0xc0, 0xff,
    0xd0, 0xc8, 0xc0, 0xff, 0xd8, 0xc8, 0xc0, 0xff, 0xd0, 0xc8, 0xc0, 0xff,
    0xd0, 0xc8, 0xc0, 0xff, 0xd0, 0xc8, 0xc0, 0xff, 0xd8, 0xc8, 0xc0, 0xff,
    0xd0, 0xc8, 0xc0, 0xff, 0xd8, 0xc8, 0xc0, 0xff, 0xd0, 0xc8, 0xc0, 0xff,
    0xd8, 0xc8, 0xc0, 0xff, 0xd0, 0xc8, 0xc0, 0xff, 0xd0, 0xc8, 0xc0, 0xff,
    0xd8, 0xc8, 0xc0, 0xff, 0xd0, 0xc8, 0xc0, 0xff, 0xd0, 0xc8, 0xc0, 0xff,
    0xd8, 0xc8, 0xc0, 0xff, 0xd0, 0xc8, 0xc0, 0xff, 0xd0, 0xc8, 0xc0, 0xff,
    0xd0, 0xc8, 0xc0, 0xff, 0xd0, 0xc8, 0xc0, 0xff, 0xd0, 0xc8, 0xc0, 0xff,
    0xd8, 0xc8, 0xc0, 0xff, 0xd0, 0xc8, 0xc0, 0xff, 0xd0, 0xc8, 0xc0, 0xff,
    0xd8, 0xc8, 0xc0, 0xff, 0xd0, 0xc8, 0xc0, 0xff, 0xd0, 0xc8, 0xc0, 0xff,
    0xd8, 0xc8, 0xc0, 0xff, 0xd0, 0xc8, 0xc0, 0xff, 0xd0, 0xc8, 0xc0, 0xff,
    0xd0, 0xc8, 0xc0, 0xff, 0xd8, 0xc8, 0xc0, 0xff, 0xd0, 0xc8, 0xc0, 0xff,
    0xd0, 0xc8, 0xc0, 0xff, 0xd8, 0xc8, 0xc0, 0xff, 0xd0, 0xc8, 0xc0, 0xff,
    0xd0, 0xc8, 0xc0, 0xff, 0xd0, 0xc8, 0xc0, 0xff, 0xd8, 0xc8, 0xc0, 0xff,
    0xd0, 0xc8, 0xc0, 0xff, 0xd0, 0xc8, 0xc0, 0xff, 0xd0, 0xc8, 0xc0, 0xff,
    0xd0, 0xc8, 0xc0, 0xff, 0xd0, 0xc8, 0xc0, 0xff, 0xd0, 0xc8, 0xc0, 0xff,
    0xd0, 0xc8, 0xc0, 0xff, 0xd8, 0xc8, 0xc0, 0xff, 0xd0, 0xc8, 0xc0, 0xff,
    0xd0, 0xc8, 0xc0, 0xff, 0xd8, 0xc8, 0xc0, 0xff, 0xd0, 0xc8, 0xc0, 0xff,
    0xd0, 0xc8, 0xc0, 0xff, 0xd8, 0xc8, 0xc0, 0xff, 0xd0, 0xc8, 0xc0, 0xff,
    0xd0, 0xc8, 0xc0, 0xff, 0xd0, 0xc8, 0xc0, 0xff, 0xd0, 0xc8, 0xc0, 0xff,
    0xd8, 0xc8, 0xc0, 0xff, 0xd0, 0xc8, 0xc0, 0xff, 0xd0, 0xc8, 0xc0, 0xff,
    0xd0, 0xc8, 0xc0, 0xff, 0xd0, 0xc8, 0xc0, 0xff, 0xd0, 0xc8, 0xc0, 0xff,
    0xd8, 0xc8, 0xc0, 0xff, 0xd0, 0xc8, 0xc0, 0xff, 0xd0, 0xc8, 0xc0, 0xff,
    0xd8, 0xc8, 0xc0, 0xff, 0xd0, 0xc8, 0xc0, 0xff, 0xd0, 0xc8, 0xc0, 0xff,
    0xd0, 0xc8, 0xc0, 0xff, 0xd0, 0xc8, 0xc0, 0xff, 0xd0, 0xc8, 0xc0, 0xff,
    0xd0, 0xc8, 0xc0, 0xff, 0xd8, 0xc8, 0xc0, 0xff, 0xd0, 0xc8, 0xc0, 0xff,
    0xd8, 0xc8, 0xc0, 0xff, 0xd0, 0xc8, 0xc0, 0xff, 0xd0, 0xc8, 0xc0, 0xff,
    0xd0, 0xc8, 0xc0, 0xff, 0xd8, 0xc8, 0xc0, 0xff, 0xd0, 0xc8, 0xc0, 0xff,
    0xd0, 0xc8, 0xc0, 0xff, 0xd8, 0xc8, 0xc0, 0xff, 0xd0, 0xc8, 0xc0, 0xff,
    0xd0, 0xc8, 0xc0, 0xff, 0xd8, 0xc8, 0xc0, 0xff, 0xd0, 0xc8, 0xc0, 0xff,
    0xd0, 0xc8, 0xc0, 0xff, 0xd8, 0xc8, 0xc0, 0xff, 0xd0, 0xc8, 0xc0, 0xff,
    0xd0, 0xc8, 0xc0, 0xff, 0xd8, 0xc8, 0xc0, 0xff, 0xd0, 0xc8, 0xc0, 0xff,
    0xd8, 0xc8, 0xc0, 0xff, 0xd8, 0xc8, 0xc0, 0xff, 0xd0, 0xc8, 0xc0, 0xff,
    0xd8, 0xc8, 0xc0, 0xff, 0xd0, 0xc8, 0xc0, 0xff, 0xd0, 0xc8, 0xc0, 0xff,
    0xd8, 0xc8, 0xc0, 0xff, 0xd0, 0xc8, 0xc0, 0xff, 0xd0, 0xc8, 0xc0, 0xff,
    0xd8, 0xc8, 0xc0, 0xff, 0xd0, 0xc8, 0xc0, 0xff, 0xd0, 0xc8, 0xc0, 0xff,
    0xd8, 0xc8, 0xc0, 0xff, 0xd0, 0xc8, 0xc0, 0xff, 0xd0, 0xc8, 0xc0, 0xff,
    0xd8, 0xc8, 0xc0, 0xff, 0xd0, 0xc8, 0xc0, 0xff, 0xd0, 0xc8, 0xc0, 0xff,
    0xd8, 0xc8, 0xc0, 0xff, 0xd0, 0xc8, 0xc0, 0xff, 0xd0, 0xc8, 0xc0, 0xff,
    0xd8, 0xc8, 0xc0, 0xff, 0xd0, 0xc8, 0xc0, 0xff, 0xd0, 0xc8, 0xc0, 0xff,
    0xd0, 0xc8, 0xc0, 0xff, 0xd8, 0xc8, 0xc0, 0xff, 0xd0, 0xc8, 0xc0, 0xff,
    0xd0, 0xc8, 0xc0, 0xff, 0xd0, 0xc8, 0xc0, 0xff, 0xd0, 0xc8, 0xc0, 0xff,
    0xd0, 0xc8, 0xc0, 0xff, 0xd8, 0xc8, 0xc0, 0xff, 0xd0, 0xc8, 0xc0, 0xff,
    0xd0, 0xc8, 0xc0, 0xff, 0xd8, 0xc8, 0xc0, 0xff, 0xd0, 0xc8, 0xc0, 0xff,
    0xd0, 0xc8, 0xc0, 0xff, 0xd8, 0xc8, 0xc0, 0xff, 0xd0, 0xc8, 0xc0, 0xff,
    0xd0, 0xc8, 0xc0, 0xff, 0xd0, 0xc8, 0xc0, 0xff, 0xd0, 0xc8, 0xc0, 0xff,
    0xd0, 0xc8, 0xc0, 0xff, 0xd0, 0xc8, 0xc0, 0xff, 0xd0, 0xc8, 0xc0, 0xff,
    0xd8, 0xc8, 0xc0, 0xff, 0xd0, 0xc8, 0xc0, 0xff, 0xd0, 0xc8, 0xc0, 0xff,
    0xd0, 0xc8, 0xc0, 0xff, 0xd0, 0xc8, 0xc0, 0xff, 0xd0, 0xc8, 0xc0, 0xff,
    0xd8, 0xc8, 0xc0, 0xff, 0xd0, 0xc8, 0xc0, 0xff, 0xd0, 0xc8, 0xc0, 0xff,
    0xd0, 0xc8, 0xc0, 0xff, 0xd8, 0xc8, 0xc0, 0xff, 0xd0, 0xc8, 0xc0, 0xff,
    0xd0, 0xc8, 0xc0, 0xff, 0xd8, 0xc8, 0xc0, 0xff, 0xd0, 0xc8, 0xc0, 0xff,
    0xd0, 0xc8, 0xc0, 0xff, 0xd8, 0xc8, 0xc0, 0xff, 0xd0, 0xc8, 0xc0, 0xff,
    0xd0, 0xc8, 0xc0, 0xff, 0xd0, 0xc8, 0xc0, 0xff, 0xd0, 0xc8, 0xc0, 0xff,
    0xd0, 0xc8, 0xc0, 0xff, 0xd0, 0xc8, 0xc0, 0xff, 0xd0, 0xc8, 0xc0, 0xff,
    0xd8, 0xc8, 0xc0, 0xff, 0xd0, 0xc8, 0xc0, 0xff, 0xd8, 0xc8, 0xc0, 0xff,
    0xd0, 0xc8, 0xc0, 0xff, 0xd0, 0xc8, 0xc0, 0xff, 0xd0, 0xc8, 0xc0, 0xff,
    0xd8, 0xc8, 0xc0, 0xff, 0xd0, 0xc8, 0xc0, 0xff, 0xd8, 0xc8, 0xc0, 0xff,
    0xd0, 0xc8, 0xc0, 0xff, 0xd0, 0xc8, 0xc0, 0xff, 0xd0, 0xc8, 0xc0, 0xff,
    0xd0, 0xc8, 0xc0, 0xff, 0xd0, 0xc8, 0xc0, 0xff, 0xd8, 0xc8, 0xc0, 0xff,
    0xd0, 0xc8, 0xc0, 0xff, 0xd0, 0xc8, 0xc0, 0xff, 0xd8, 0xc8, 0xc0, 0xff,
    0xd0, 0xc8, 0xc0, 0xff, 0xd0, 0xc8, 0xc0, 0xff, 0xd8, 0xc8, 0xc0, 0xff,
    0xd0, 0xc8, 0xc0, 0xff, 0xd0, 0xc8, 0xc0, 0xff, 0xd0, 0xc8, 0xc0, 0xff,
    0xd8, 0xc8, 0xc0, 0xff, 0xd0, 0xc8, 0xc0, 0xff, 0xd0, 0xc8, 0xc0, 0xff,
    0xd0, 0xc8, 0xc0, 0xff, 0xd0, 0xc8, 0xc0, 0xff, 0xd0, 0xc8, 0xc0, 0xff,
    0xd8, 0xc8, 0xc0, 0xff, 0xd0, 0xc8, 0xc0, 0xff, 0xd0, 0xc8, 0xc0, 0xff,
    0xd0, 0xc8, 0xc0, 0xff, 0xd0, 0xc8, 0xc0, 0xff, 0xd8, 0xc8, 0xc0, 0xff,
    0xd0, 0xc8, 0xc0, 0xff, 0xd0, 0xc8, 0xc0, 0xff, 0xd0, 0xc8, 0xc0, 0xff,
    0xd0, 0xc8, 0xc0, 0xff, 0xd0, 0xc8, 0xc0, 0xff, 0xd0, 0xc8, 0xc0, 0xff,
    0xd0, 0xc8, 0xc0, 0xff, 0xd0, 0xc8, 0xc0, 0xff, 0xd0, 0xc8, 0xc0, 0xff,
    0xd8, 0xc8, 0xc0, 0xff, 0xd0, 0xc8, 0xc0, 0xff, 0xd0, 0xc8, 0xc0, 0xff,
    0xd0, 0xc8, 0xc0, 0xff, 0xd8, 0xc8, 0xc0, 0xff, 0xd0, 0xc8, 0xc0, 0xff,
    0xd0, 0xc8, 0xc0, 0xff, 0xd8, 0xc8, 0xc0, 0xff, 0xd0, 0xc8, 0xc0, 0xff,
    0xd0, 0xc8, 0xc0, 0xff, 0xd0, 0xc8, 0xc0, 0xff, 0xd8, 0xc8, 0xc0, 0xff,
    0xd0, 0xc8, 0xc0, 0xff, 0xd0, 0xc8, 0xc0, 0xff, 0xd0, 0xc8, 0xc0, 0xff,
    0xd0, 0xc8, 0xc0, 0xff, 0xd8, 0xc8, 0xc0, 0xff, 0xd0, 0xc8, 0xc0, 0xff,
    0xd0, 0xc8, 0xc0, 0xff, 0xd0, 0xc8, 0xc0, 0xff, 0xd0, 0xc8, 0xc0, 0xff,
    0xd0, 0xc8, 0xc0, 0xff, 0xd0, 0xc8, 0xc0, 0xff, 0xd8, 0xc8, 0xc0, 0xff,
    0xd0, 0xc8, 0xc0, 0xff, 0xd0, 0xc8, 0xc0, 0xff, 0xd8, 0xc8, 0xc0, 0xff,
    0xd0, 0xc8, 0xc0, 0xff, 0xd0, 0xc8, 0xc0, 0xff, 0xd0, 0xc8, 0xc0, 0xff,
    0xd8, 0xc8, 0xc0, 0xff, 0xd0, 0xc8, 0xc0, 0xff, 0xd0, 0xc8, 0xc0, 0xff,
    0xd0, 0xc8, 0xc0, 0xff, 0xd0, 0xc8, 0xc0, 0xff, 0xd8, 0xc8, 0xc0, 0xff,
    0xd0, 0xc8, 0xc0, 0xff, 0xd8, 0xc8, 0xc0, 0xff, 0xd0, 0xc8, 0xc0, 0xff,
    0xd0, 0xc8, 0xc0, 0xff, 0xd8, 0xc8, 0xc0, 0xff, 0xd0, 0xc8, 0xc0, 0xff,
    0xd0, 0xc8, 0xc0, 0xff, 0xd8, 0xc8, 0xc0, 0xff, 0xd0, 0xc8, 0xc0, 0xff,
    0xd0, 0xc8, 0xc0, 0xff, 0xd8, 0xc8, 0xc0, 0xff, 0xd0, 0xc8, 0xc0, 0xff,
    0xd0, 0xc8, 0xc0, 0xff, 0xd0, 0xc8, 0xc0, 0xff, 0xd8, 0xc8, 0xc0, 0xff,
    0xd0, 0xc8, 0xc0, 0xff, 0xd0, 0xc8, 0xc0, 0xff, 0xd8, 0xc8, 0xc0, 0xff,
    0xd0, 0xc8, 0xc0, 0xff, 0xd0, 0xc8, 0xc0, 0xff, 0xd0, 0xc8, 0xc0, 0xff,
    0xd0, 0xc8, 0xc0, 0xff, 0xd8, 0xc8, 0xc0, 0xff, 0xd0, 0xc8, 0xc0, 0xff,
    0xd0, 0xc8, 0xc0, 0xff, 0xd8, 0xc8, 0xc0, 0xff, 0xd0, 0xc8, 0xc0, 0xff,
    0xd0, 0xc8, 0xc0, 0xff, 0xd8, 0xc8, 0xc0, 0xff, 0xd0, 0xc8, 0xc0, 0xff,
    0xd0, 0xc8, 0xc0, 0xff, 0xd0, 0xc8, 0xc0, 0xff, 0xd8, 0xc8, 0xc0, 0xff,
    0xd0, 0xc8, 0xc0, 0xff, 0xd0, 0xc8, 0xc0, 0xff, 0xd0, 0xc8, 0xc0, 0xff,
    0xd0, 0xc8, 0xc0, 0xff, 0xd0, 0xc8, 0xc0, 0xff, 0xd8, 0xc8, 0xc0, 0xff,
    0xd0, 0xc8, 0xc0, 0xff, 0xd8, 0xc8, 0xc0, 0xff, 0xd0, 0xc8, 0xc0, 0xff,
    0xd0, 0xc8, 0xc0, 0xff, 0xd0, 0xc8, 0xc0, 0xff, 0xd0, 0xc8, 0xc0, 0xff,
    0xd8, 0xc8, 0xc0, 0xff, 0xd0, 0xc8, 0xc0, 0xff, 0xd0, 0xc8, 0xc0, 0xff,
    0xd8, 0xc8, 0xc0, 0xff, 0xd0, 0xc8, 0xc0, 0xff, 0xd0, 0xc8, 0xc0, 0xff,
    0xd0, 0xc8, 0xc0, 0xff, 0xd0, 0xc8, 0xc0, 0xff, 0xd0, 0xc8, 0xc0, 0xff,
    0xd8, 0xc8, 0xc0, 0xff, 0xd0, 0xc8, 0xc0, 0xff, 0xd8, 0xc8, 0xc0, 0xff,
    0xd0, 0xc8, 0xc0, 0xff, 0xd0, 0xc8, 0xc0, 0xff, 0xd0, 0xc8, 0xc0, 0xff,
    0xd8, 0xc8, 0xc0, 0xff, 0xd0, 0xc8, 0xc0, 0xff, 0xd0, 0xc8, 0xc0, 0xff,
    0xd8, 0xc8, 0xc0, 0xff, 0xd0, 0xc8, 0xc0, 0xff, 0xd0, 0xc8, 0xc0, 0xff,
    0xd8, 0xc8, 0xc0, 0xff, 0xd0, 0xc8, 0xc0, 0xff, 0xd0, 0xc8, 0xc0, 0xff,
    0xd8, 0xc8, 0xc0, 0xff, 0xd0, 0xc8, 0xc0, 0xff, 0xd0, 0xc8, 0xc0, 0xff,
    0xd0, 0xc8, 0xc0, 0xff, 0xd0, 0xc8, 0xc0, 0xff, 0xd0, 0xc8, 0xc0, 0xff,
    0xd8, 0xc8, 0xc0, 0xff, 0xd0, 0xc8, 0xc0, 0xff, 0xd0, 0xc8, 0xc0, 0xff,
    0xd0, 0xc8, 0xc0, 0xff, 0xd0, 0xc8, 0xc0, 0xff, 0xd0, 0xc8, 0xc0, 0xff,
    0xd0, 0xc8, 0xc0, 0xff, 0xd0, 0xc8, 0xc0, 0xff, 0xd0, 0xc8, 0xc0, 0xff,
    0xd8, 0xc8, 0xc0, 0xff, 0xd0, 0xc8, 0xc0, 0xff, 0xd0, 0xc8, 0xc0, 0xff,
    0xd8, 0xc8, 0xc0, 0xff, 0xd0, 0xc8, 0xc0, 0xff, 0xd0, 0xc8, 0xc0, 0xff,
    0xd0, 0xc8, 0xc0, 0xff, 0xd0, 0xc8, 0xc0, 0xff, 0xd8, 0xc8, 0xc0, 0xff,
    0xd0, 0xc8, 0xc0, 0xff, 0xd8, 0xc8, 0xc0, 0xff, 0xd0, 0xc8, 0xc0, 0xff,
    0xd0, 0xc8, 0xc0, 0xff, 0xd8, 0xc8, 0xc0, 0xff, 0xd0, 0xc8, 0xc0, 0xff,
    0xd0, 0xc8, 0xc0, 0xff, 0xd0, 0xc8, 0xc0, 0xff, 0xd0, 0xc8, 0xc0, 0xff,
    0xd0, 0xc8, 0xc0, 0xff, 0xd8, 0xc8, 0xc0, 0xff, 0xd0, 0xc8, 0xc0, 0xff,
    0xd0, 0xc8, 0xc0, 0xff, 0xd8, 0xc8, 0xc0, 0xff, 0xd0, 0xc8, 0xc0, 0xff,
    0xd0, 0xc8, 0xc0, 0xff, 0xd0, 0xc8, 0xc0, 0xff, 0xd8, 0xc8, 0xc0, 0xff,
    0xd0, 0xc8, 0xc0, 0xff, 0xd0, 0xc8, 0xc0, 0xff, 0xd8, 0xc8, 0xc0, 0xff,
    0xd0, 0xc8, 0xc0, 0xff, 0xd0, 0xc8, 0xc0, 0xff, 0xd0, 0xc8, 0xc0, 0xff,
    0xd8, 0xc8, 0xc0, 0xff, 0xd0, 0xc8, 0xc0, 0xff, 0xd0, 0xc8, 0xc0, 0xff,
    0xd0, 0xc8, 0xc0, 0xff, 0xd0, 0xc8, 0xc0, 0xff, 0xd8, 0xc8, 0xc0, 0xff,
    0xd0, 0xc8, 0xc0, 0xff, 0xd0, 0xc8, 0xc0, 0xff, 0xd0, 0xc8, 0xc0, 0xff,
    0xd0, 0xc8, 0xc0, 0xff, 0xd0, 0xc8, 0xc0, 0xff, 0xd0, 0xc8, 0xc0, 0xff,
    0xd0, 0xc8, 0xc0, 0xff, 0xd0, 0xc8, 0xc0, 0xff, 0xd0, 0xc8, 0xc0, 0xff,
    0xd0, 0xc8, 0xc0, 0xff, 0xd0, 0xc8, 0xc0, 0xff, 0xd8, 0xc8, 0xc0, 0xff,
    0xd0, 0xc8, 0xc0, 0xff, 0xd0, 0xc8, 0xc0, 0xff, 0xd8, 0xc8, 0xc0, 0xff,
    0xd0, 0xc8, 0xc0, 0xff, 0xd0, 0xc8, 0xc0, 0xff, 0xd0, 0xc8, 0xc0, 0xff,
    0xd0, 0xc8, 0xc0, 0xff, 0xd0, 0xc8, 0xc0, 0xff, 0xd8, 0xc8, 0xc0, 0xff,
    0xd0, 0xc8, 0xc0, 0xff, 0xd0, 0xc8, 0xc0, 0xff, 0xd8, 0xc8, 0xc0, 0xff,
    0xd0, 0xc8, 0xc0, 0xff, 0xd0, 0xc8, 0xc0, 0xff, 0xd0, 0xc8, 0xc0, 0xff,
    0xd0, 0xc8, 0xc0, 0xff, 0xd8, 0xc8, 0xc0, 0xff, 0xd0, 0xc8, 0xc0, 0xff,
    0xd0, 0xc8, 0xc0, 0xff, 0xd8, 0xc8, 0xc0, 0xff, 0xd0, 0xc8, 0xc0, 0xff,
    0xd0, 0xc8, 0xc0, 0xff, 0xd0, 0xc8, 0xc0, 0xff, 0xd0, 0xc8, 0xc0, 0xff,
    0xd0, 0xc8, 0xc0, 0xff, 0xd8, 0xc8, 0xc0, 0xff, 0xd0, 0xc8, 0xc0, 0xff,
    0xd0, 0xc8, 0xc0, 0xff, 0xd8, 0xc8, 0xc0, 0xff, 0xd0, 0xc8, 0xc0, 0xff,
    0xd0, 0xc8, 0xc0, 0xff, 0xd0, 0xc8, 0xc0, 0xff, 0xd8, 0xc8, 0xc0, 0xff,
    0xd0, 0xc8, 0xc0, 0xff, 0xd0, 0xc8, 0xc0, 0xff, 0xd0, 0xc8, 0xc0, 0xff,
    0xd0, 0xc8, 0xc0, 0xff, 0xd8, 0xc8, 0xc0, 0xff, 0xd0, 0xc8, 0xc0, 0xff,
    0xd0, 0xc8, 0xc0, 0xff, 0xd0, 0xc8, 0xc0, 0xff, 0xd0, 0xc8, 0xc0, 0xff,
    0xd8, 0xc8, 0xc0, 0xff, 0xd0, 0xc8, 0xc0, 0xff, 0xd0, 0xc8, 0xc0, 0xff,
    0xd8, 0xc8, 0xc0, 0xff, 0xd0, 0xc8, 0xc0, 0xff, 0xd8, 0xc8, 0xc0, 0xff,
    0xd0, 0xc8, 0xc0, 0xff, 0xd0, 0xc8, 0xc0, 0xff, 0xd0, 0xc8, 0xc0, 0xff,
    0xd8, 0xc8, 0xc0, 0xff, 0xd0, 0xc8, 0xc0, 0xff, 0xd8, 0xc8, 0xc0, 0xff,
    0xd0, 0xc8, 0xc0, 0xff, 0xd8, 0xc8, 0xc0, 0xff, 0xd0, 0xc8, 0xc0, 0xff,
    0xd0, 0xc8, 0xc0, 0xff, 0xd8, 0xc8, 0xc0, 0xff, 0xd0, 0xc8, 0xc0, 0xff,
    0xd0, 0xc8, 0xc0, 0xff, 0xd0, 0xc8, 0xc0, 0xff, 0xd0, 0xc8, 0xc0, 0xff,
    0xd8, 0xc8, 0xc0, 0xff, 0xd0, 0xc8, 0xc0, 0xff, 0xd0, 0xc8, 0xc0, 0xff,
    0xd8, 0xc8, 0xc0, 0xff, 0xd0, 0xc8, 0xc0, 0xff, 0xd0, 0xc8, 0xc0, 0xff,
    0xd0, 0xc8, 0xc0, 0xff, 0xd8, 0xc8, 0xc0, 0xff, 0xd0, 0xc8, 0xc0, 0xff,
    0xd0, 0xc8, 0xc0, 0xff, 0xd8, 0xc8, 0xc0, 0xff, 0xd0, 0xc8, 0xc0, 0xff,
    0xd0, 0xc8, 0xc0, 0xff, 0xd8, 0xc8, 0xc0, 0xff, 0xd0, 0xc8, 0xc0, 0xff,
    0xd0, 0xc8, 0xc0, 0xff, 0xd0, 0xc8, 0xc0, 0xff, 0xd0, 0xc8, 0xc0, 0xff,
    0xd8, 0xc8, 0xc0, 0xff, 0xd0, 0xc8, 0xc0, 0xff, 0xd0, 0xc8, 0xc0, 0xff,
    0xd0, 0xc8, 0xc0, 0xff, 0xd0, 0xc8, 0xc0, 0xff, 0xd0, 0xc8, 0xc0, 0xff,
    0xd0, 0xc8, 0xc0, 0xff, 0xd0, 0xc8, 0xc0, 0xff, 0xd0, 0xc8, 0xc0, 0xff,
    0xd0, 0xc8, 0xc0, 0xff, 0xd0, 0xc8, 0xc0, 0xff, 0xd0, 0xc8, 0xc0, 0xff,
    0xd8, 0xc8, 0xc0, 0xff, 0xd0, 0xc8, 0xc0, 0xff, 0xd0, 0xc8, 0xc0, 0xff,
    0xd8, 0xc8, 0xc0, 0xff, 0xd0, 0xc8, 0xc0, 0xff, 0xd0, 0xc8, 0xc0, 0xff,
    0xd8, 0xc8, 0xc0, 0xff, 0xd0, 0xc8, 0xc0, 0xff, 0xd0, 0xc8, 0xc0, 0xff,
    0xd8, 0xc8, 0xc0, 0xff, 0xd0, 0xc8, 0xc0, 0xff, 0xd0, 0xc8, 0xc0, 0xff,
    0xd0, 0xc8, 0xc0, 0xff, 0xd0, 0xc8, 0xc0, 0xff, 0xd8, 0xc8, 0xc0, 0xff,
    0xd0, 0xc8, 0xc0, 0xff, 0xd0, 0xc8, 0xc0, 0xff, 0xd0, 0xc8, 0xc0, 0xff,
    0xd0, 0xc8, 0xc0, 0xff, 0xd0, 0xc8, 0xc0, 0xff, 0xd0, 0xc8, 0xc0, 0xff,
    0xd8, 0xc8, 0xc0, 0xff, 0xd8, 0xc8, 0xc0, 0xff, 0xd0, 0xc8, 0xc0, 0xff,
    0xd0, 0xc8, 0xc0, 0xff, 0xd0, 0xc8, 0xc0, 0xff, 0xd8, 0xc8, 0xc0, 0xff,
    0xd0, 0xc8, 0xc0, 0xff, 0xd0, 0xc8, 0xc0, 0xff, 0xd8, 0xc8, 0xc0, 0xff,
    0xd0, 0xc8, 0xc0, 0xff, 0xd0, 0xc8, 0xc0, 0xff, 0xd0, 0xc8, 0xc0, 0xff,
    0xd8, 0xc8, 0xc0, 0xff, 0xd0, 0xc8, 0xc0, 0xff, 0xd0, 0xc8, 0xc0, 0xff,
    0xd0, 0xc8, 0xc0, 0xff, 0xd0, 0xc8, 0xc0, 0xff, 0xd8, 0xc8, 0xc0, 0xff,
    0xd0, 0xc8, 0xc0, 0xff, 0xd0, 0xc8, 0xc0, 0xff, 0xd8, 0xc8, 0xc0, 0xff,
    0xd0, 0xc8, 0xc0, 0xff, 0xd0, 0xc8, 0xc0, 0xff, 0xd8, 0xc8, 0xc0, 0xff,
    0xd0, 0xc8, 0xc0, 0xff, 0xd0, 0xc8, 0xc0, 0xff, 0xd0, 0xc8, 0xc0, 0xff,
    0xd0, 0xc8, 0xc0, 0xff, 0xd0, 0xc8, 0xc0, 0xff, 0xd8, 0xc8, 0xc0, 0xff,
    0xd0, 0xc8, 0xc0, 0xff, 0xd0, 0xc8, 0xc0, 0xff, 0xd8, 0xc8, 0xc0, 0xff,
    0xd0, 0xc8, 0xc0, 0xff, 0xd0, 0xc8, 0xc0, 0xff, 0xd0, 0xc8, 0xc0, 0xff,
    0xd8, 0xc8, 0xc0, 0xff, 0xd0, 0xc8, 0xc0, 0xff, 0xd0, 0xc8, 0xc0, 0xff,
    0xd0, 0xc8, 0xc0, 0xff, 0xd0, 0xc8, 0xc0, 0xff, 0xd0, 0xc8, 0xc0, 0xff,
    0xd8, 0xc8, 0xc0, 0xff, 0xd0, 0xc8, 0xc0, 0xff, 0xd0, 0xc8, 0xc0, 0xff,
    0xd8, 0xc8, 0xc0, 0xff, 0xd0, 0xc8, 0xc0, 0xff, 0xd0, 0xc8, 0xc0, 0xff,
    0xd0, 0xc8, 0xc0, 0xff, 0xd0, 0xc8, 0xc0, 0xff, 0xd8, 0xc8, 0xc0, 0xff,
    0xd0, 0xc8, 0xc0, 0xff, 0xd0, 0xc8, 0xc0, 0xff, 0xd8, 0xc8, 0xc0, 0xff,
    0xd0, 0xc8, 0xc0, 0xff, 0xd0, 0xc8, 0xc0, 0xff, 0xd0, 0xc8, 0xc0, 0xff,
    0xd8, 0xc8, 0xc0, 0xff, 0xd0, 0xc8, 0xc0, 0xff, 0xd0, 0xc8, 0xc0, 0xff,
    0xd8, 0xc8, 0xc0, 0xff, 0xd0, 0xc8, 0xc0, 0xff, 0xd0, 0xc8, 0xc0, 0xff,
    0xd0, 0xc8, 0xc0, 0xff, 0xd0, 0xc8, 0xc0, 0xff, 0xd0, 0xc8, 0xc0, 0xff,
    0xd0, 0xc8, 0xc0, 0xff, 0xd0, 0xc8, 0xc0, 0xff, 0xd0, 0xc8, 0xc0, 0xff,
    0xd0, 0xc8, 0xc0, 0xff, 0xd8, 0xc8, 0xc0, 0xff, 0xd0, 0xc8, 0xc0, 0xff,
    0xd0, 0xc8, 0xc0, 0xff, 0xd8, 0xc8, 0xc0, 0xff, 0xd0, 0xc8, 0xc0, 0xff,
    0xd0, 0xc8, 0xc0, 0xff, 0xd8, 0xc8, 0xc0, 0xff, 0xd0, 0xc8, 0xc0, 0xff,
    0xd0, 0xc8, 0xc0, 0xff, 0xd8, 0xc8, 0xc0, 0xff, 0xd8, 0xc8, 0xc0, 0xff,
    0xd0, 0xc8, 0xc0, 0xff, 0xd8, 0xc8, 0xc0, 0xff, 0xd0, 0xc8, 0xc0, 0xff,
    0xd8, 0xc8, 0xc0, 0xff, 0xd8, 0xc8, 0xc0, 0xff, 0xd0, 0xc8, 0xc0, 0xff,
    0xd0, 0xc8, 0xc0, 0xff, 0xd8, 0xc8, 0xc0, 0xff, 0xd0, 0xc8, 0xc0, 0xff,
    0xd0, 0xc8, 0xc0, 0xff, 0xd8, 0xc8, 0xc0, 0xff, 0xd0, 0xc8, 0xc0, 0xff,
    0xd0, 0xc8, 0xc0, 0xff, 0xd0, 0xc8, 0xc0, 0xff, 0xd8, 0xc8, 0xc0, 0xff,
    0xd0, 0xc8, 0xc0, 0xff, 0xd0, 0xc8, 0xc0, 0xff, 0xd8, 0xc8, 0xc0, 0xff,
    0xd0, 0xc8, 0xc0, 0xff, 0xd0, 0xc8, 0xc0, 0xff, 0xd0, 0xc8, 0xc0, 0xff,
    0xd0, 0xc8, 0xc0, 0xff, 0xd8, 0xc8, 0xc0, 0xff, 0xd0, 0xc8, 0xc0, 0xff,
    0xd0, 0xc8, 0xc0, 0xff, 0xd8, 0xc8, 0xc0, 0xff, 0xd8, 0xc8, 0xc0, 0xff,
    0xd0, 0xc8, 0xc0, 0xff, 0xd0, 0xc8, 0xc0, 0xff, 0xd0, 0xc8, 0xc0, 0xff,
    0xd0, 0xc8, 0xc0, 0xff, 0xd8, 0xc8, 0xc0, 0xff, 0xd0, 0xc8, 0xc0, 0xff,
    0xd0, 0xc8, 0xc0, 0xff, 0xd0, 0xc8, 0xc0, 0xff, 0xd0, 0xc8, 0xc0, 0xff,
    0xd0, 0xc8, 0xc0, 0xff, 0xd0, 0xc8, 0xc0, 0xff, 0xd8, 0xc8, 0xc0, 0xff,
    0xd0, 0xc8, 0xc0, 0xff, 0xd0, 0xc8, 0xc0, 0xff, 0xd0, 0xc8, 0xc0, 0xff,
    0xd8, 0xc8, 0xc0, 0xff, 0xd0, 0xc8, 0xc0, 0xff, 0xd0, 0xc8, 0xc0, 0xff,
    0xd8, 0xc8, 0xc0, 0xff, 0xd0, 0xc8, 0xc0, 0xff, 0xd0, 0xc8, 0xc0, 0xff,
    0xd8, 0xc8, 0xc0, 0xff, 0xd0, 0xc8, 0xc0, 0xff, 0xd0, 0xc8, 0xc0, 0xff,
    0xd0, 0xc8, 0xc0, 0xff, 0xd0, 0xc8, 0xc0, 0xff, 0xd0, 0xc8, 0xc0, 0xff,
    0xd8, 0xc8, 0xc0, 0xff, 0xd0, 0xc8, 0xc0, 0xff, 0xd0, 0xc8, 0xc0, 0xff,
    0xd8, 0xc8, 0xc0, 0xff, 0xd0, 0xc8, 0xc0, 0xff, 0xd0, 0xc8, 0xc0, 0xff,
    0xd8, 0xc8, 0xc0, 0xff, 0xd0, 0xc8, 0xc0, 0xff, 0xd0, 0xc8, 0xc0, 0xff,
    0xd0, 0xc8, 0xc0, 0xff, 0xd8, 0xc8, 0xc0, 0xff, 0xd0, 0xc8, 0xc0, 0xff,
    0xd0, 0xc8, 0xc0, 0xff, 0xd8, 0xc8, 0xc0, 0xff, 0xd0, 0xc8, 0xc0, 0xff,
    0xd0, 0xc8, 0xc0, 0xff, 0xd0, 0xc8, 0xc0, 0xff, 0xd0, 0xc8, 0xc0, 0xff,
    0xd0, 0xc8, 0xc0, 0xff, 0xd0, 0xc8, 0xc0, 0xff, 0xd8, 0xc8, 0xc0, 0xff,
    0xd0, 0xc8, 0xc0, 0xff, 0xd0, 0xc8, 0xc0, 0xff, 0xd0, 0xc8, 0xc0, 0xff,
    0xd0, 0xc8, 0xc0, 0xff, 0xd0, 0xc8, 0xc0, 0xff, 0xd0, 0xc8, 0xc0, 0xff,
    0xd0, 0xc8, 0xc0, 0xff, 0xd0, 0xc8, 0xc0, 0xff, 0xd8, 0xc8, 0xc0, 0xff,
    0xd0, 0xc8, 0xc0, 0xff, 0xd0, 0xc8, 0xc0, 0xff, 0xd8, 0xc8, 0xc0, 0xff,
    0xd0, 0xc8, 0xc0, 0xff, 0xd0, 0xc8, 0xc0, 0xff, 0xd0, 0xc8, 0xc0, 0xff,
    0xd0, 0xc8, 0xc0, 0xff, 0xd8, 0xc8, 0xc0, 0xff, 0xd0, 0xc8, 0xc0, 0xff,
    0xd8, 0xc8, 0xc0, 0xff, 0xd8, 0xc8, 0xc0, 0xff, 0xd0, 0xc8, 0xc0, 0xff,
    0xd0, 0xc8, 0xc0, 0xff, 0xd8, 0xc8, 0xc0, 0xff, 0xd0, 0xc8, 0xc0, 0xff,
    0xd0, 0xc8, 0xc0, 0xff, 0xd0, 0xc8, 0xc0, 0xff, 0xd0, 0xc8, 0xc0, 0xff,
    0xd0, 0xc8, 0xc0, 0xff, 0xd8, 0xc8, 0xc0, 0xff, 0xd0, 0xc8, 0xc0, 0xff,
    0xd0, 0xc8, 0xc0, 0xff, 0xd0, 0xc8, 0xc0, 0xff, 0xd0, 0xc8, 0xc0, 0xff,
    0xd0, 0xc8, 0xc0, 0xff, 0xd0, 0xc8, 0xc0, 0xff, 0xd0, 0xc8, 0xc0, 0xff,
    0xd0, 0xc8, 0xc0, 0xff, 0xd0, 0xc8, 0xc0, 0xff, 0xd0, 0xc8, 0xc0, 0xff,
    0xd0, 0xc8, 0xc0, 0xff, 0xd0, 0xc8, 0xc0, 0xff, 0xd8, 0xc8, 0xc0, 0xff,
    0xd0, 0xc8, 0xc0, 0xff, 0xd0, 0xc8, 0xc0, 0xff, 0xd0, 0xc8, 0xc0, 0xff,
    0xd0, 0xc8, 0xc0, 0xff, 0xd0, 0xc8, 0xc0, 0xff, 0xd0, 0xc8, 0xc0, 0xff,
    0xd0, 0xc8, 0xc0, 0xff, 0xd0, 0xc8, 0xc0, 0xff, 0xd0, 0xc8, 0xc0, 0xff,
    0xd0, 0xc8, 0xc0, 0xff, 0xd0, 0xc8, 0xc0, 0xff, 0xd8, 0xc8, 0xc0, 0xff,
    0xd0, 0xc8, 0xc0, 0xff, 0xd0, 0xc8, 0xc0, 0xff, 0xd0, 0xc8, 0xc0, 0xff,
    0xd0, 0xc8, 0xc0, 0xff, 0xd0, 0xc8, 0xc0, 0xff, 0xd0, 0xc8, 0xc0, 0xff,
    0xd0, 0xc8, 0xc0, 0xff, 0xd0, 0xc8, 0xc0, 0xff, 0xd8, 0xc8, 0xc0, 0xff,
    0xd0, 0xc8, 0xc0, 0xff, 0xd0, 0xc8, 0xc0, 0xff, 0xd0, 0xc8, 0xc0, 0xff,
    0xd0, 0xc8, 0xc0, 0xff, 0xd8, 0xc8, 0xc0, 0xff, 0xd0, 0xc8, 0xc0, 0xff,
    0xd0, 0xc8, 0xc0, 0xff, 0xd8, 0xc8, 0xc0, 0xff, 0xd0, 0xc8, 0xc0, 0xff,
    0xd0, 0xc8, 0xc0, 0xff, 0xd0, 0xc8, 0xc0, 0xff, 0xd8, 0xc8, 0xc0, 0xff,
    0xd0, 0xc8, 0xc0, 0xff, 0xd0, 0xc8, 0xc0, 0xff, 0xd0, 0xc8, 0xc0, 0xff,
    0xd8, 0xc8, 0xc0, 0xff, 0xd0, 0xc8, 0xc0, 0xff, 0xd0, 0xc8, 0xc0, 0xff,
    0xd0, 0xc8, 0xc0, 0xff, 0xd0, 0xc8, 0xc0, 0xff, 0xd0, 0xc8, 0xc0, 0xff,
    0xd0, 0xc8, 0xc0, 0xff, 0xd8, 0xc8, 0xc0, 0xff, 0xd0, 0xc8, 0xc0, 0xff,
    0xd0, 0xc8, 0xc0, 0xff, 0xd8, 0xc8, 0xc0, 0xff, 0xd0, 0xc8, 0xc0, 0xff,
    0xd0, 0xc8, 0xc0, 0xff, 0xd8, 0xc8, 0xc0, 0xff, 0xd0, 0xc8, 0xc0, 0xff,
    0xd0, 0xc8, 0xc0, 0xff, 0xd0, 0xc8, 0xc0, 0xff, 0xd0, 0xc8, 0xc0, 0xff,
    0xd0, 0xc8, 0xc0, 0xff, 0xd0, 0xc8, 0xc0, 0xff, 0xd8, 0xc8, 0xc0, 0xff,
    0xd0, 0xc8, 0xc0, 0xff, 0xd0, 0xc8, 0xc0, 0xff, 0xd0, 0xc8, 0xc0, 0xff,
    0xd8, 0xc8, 0xc0, 0xff, 0xd0, 0xc8, 0xc0, 0xff, 0xd8, 0xc8, 0xc0, 0xff,
    0xd8, 0xc8, 0xc0, 0xff, 0xd0, 0xc8, 0xc0, 0xff, 0xd0, 0xc8, 0xc0, 0xff,
    0xd8, 0xc8, 0xc0, 0xff, 0xd0, 0xc8, 0xc0, 0xff, 0xd0, 0xc8, 0xc0, 0xff,
    0xd8, 0xc8, 0xc0, 0xff, 0xd8, 0xc8, 0xc0, 0xff, 0xd0, 0xc8, 0xc0, 0xff,
    0xd8, 0xc8, 0xc0, 0xff, 0xd0, 0xc8, 0xc0, 0xff, 0xd0, 0xc8, 0xc0, 0xff,
    0xd8, 0xc8, 0xc0, 0xff, 0xd0, 0xc8, 0xc0, 0xff, 0xd0, 0xc8, 0xc0, 0xff,
    0xd0, 0xc8, 0xc0, 0xff, 0xd0, 0xc8, 0xc0, 0xff, 0xd0, 0xc8, 0xc0, 0xff,
    0xd8, 0xc8, 0xc0, 0xff, 0xd0, 0xc8, 0xc0, 0xff, 0xd0, 0xc8, 0xc0, 0xff,
    0xd0, 0xc8, 0xc0, 0xff, 0xd0, 0xc8, 0xc0, 0xff, 0xd0, 0xc8, 0xc0, 0xff,
    0xd0, 0xc8, 0xc0, 0xff, 0xd0, 0xc8, 0xc0, 0xff, 0xd8, 0xc8, 0xc0, 0xff,
    0xd0, 0xc8, 0xc0, 0xff, 0xd0, 0xc8, 0xc0, 0xff, 0xd8, 0xc8, 0xc0, 0xff,
    0xd0, 0xc8, 0xc0, 0xff, 0xd0, 0xc8, 0xc0, 0xff, 0xd8, 0xc8, 0xc0, 0xff,
    0xd0, 0xc8, 0xc0, 0xff, 0xd0, 0xc8, 0xc0, 0xff, 0xd0, 0xc8, 0xc0, 0xff,
    0xd8, 0xc8, 0xc0, 0xff, 0xd0, 0xc8, 0xc0, 0xff, 0xd0, 0xc8, 0xc0, 0xff,
    0xd8, 0xc8, 0xc0, 0xff, 0xd0, 0xc8, 0xc0, 0xff, 0xd0, 0xc8, 0xc0, 0xff,
    0xd8, 0xc8, 0xc0, 0xff, 0xd0, 0xc8, 0xc0, 0xff, 0xd0, 0xc8, 0xc0, 0xff,
    0xd0, 0xc8, 0xc0, 0xff, 0xd0, 0xc8, 0xc0, 0xff, 0xd0, 0xc8, 0xc0, 0xff,
    0xd8, 0xc8, 0xc0, 0xff, 0xd0, 0xc8, 0xc0, 0xff, 0xd0, 0xc8, 0xc0, 0xff,
    0xd8, 0xc8, 0xc0, 0xff, 0xd8, 0xc8, 0xc0, 0xff, 0xd0, 0xc8, 0xc0, 0xff,
    0xd8, 0xc8, 0xc0, 0xff, 0xd0, 0xc8, 0xc0, 0xff, 0xd0, 0xc8, 0xc0, 0xff,
    0xd8, 0xc8, 0xc0, 0xff, 0xd0, 0xc8, 0xc0, 0xff, 0xd0, 0xc8, 0xc0, 0xff,
    0xd8, 0xc8, 0xc0, 0xbf, 0xd0, 0xc8, 0xc0, 0xff, 0xd0, 0xc8, 0xc0, 0xff,
    0xd8, 0xc8, 0xc0, 0xff, 0xd0, 0xc8, 0xc0, 0xff, 0xd0, 0xc8, 0xc0, 0xff,
    0xd0, 0xc8, 0xc0, 0xff, 0xd0, 0xc8, 0xc0, 0xff, 0xd8, 0xc8, 0xc0, 0xff,
    0xd0, 0xc8, 0xc0, 0xff, 0xd0, 0xc8, 0xc0, 0xff, 0xd0, 0xc8, 0xc0, 0xff,
    0xd8, 0xc8, 0xc0, 0xff, 0xd0, 0xc8, 0xc0, 0xff, 0xd0, 0xc8, 0xc0, 0xff,
    0xd8, 0xc8, 0xc0, 0xff, 0xd0, 0xc8, 0xc0, 0xff, 0xd0, 0xc8, 0xc0, 0xff,
    0xd8, 0xc8, 0xc0, 0xff, 0xd0, 0xc8, 0xc0, 0xff, 0xd0, 0xc8, 0xc0, 0xff,
    0xd8, 0xc8, 0xc0, 0xff, 0xd0, 0xc8, 0xc0, 0xff, 0xd0, 0xc8, 0xc0, 0xff,
    0xd0, 0xc8, 0xc0, 0xff, 0xd8, 0xc8, 0xc0, 0xff, 0xd0, 0xc8, 0xc0, 0xff,
    0xd8, 0xc8, 0xc0, 0xff, 0xd0, 0xc8, 0xc0, 0xff, 0xd0, 0xc8, 0xc0, 0xff,
    0xd8, 0xc8, 0xc0, 0xff, 0xd0, 0xc8, 0xc0, 0xff, 0xd0, 0xc8, 0xc0, 0xff,
    0xd0, 0xc8, 0xc0, 0xff, 0xd0, 0xc8, 0xc0, 0xff, 0xd0, 0xc8, 0xc0, 0xff,
    0xd0, 0xc8, 0xc0, 0xff, 0xd0, 0xc8, 0xc0, 0xff, 0xd8, 0xc8, 0xc0, 0xff,
    0xd0, 0xc8, 0xc0, 0xff, 0xd0, 0xc8, 0xc0, 0xff, 0xd8, 0xc8, 0xc0, 0xff,
    0xd0, 0xc8, 0xc0, 0xff, 0xd0, 0xc8, 0xc0, 0xff, 0xd0, 0xc8, 0xc0, 0xff,
    0xd0, 0xc8, 0xc0, 0xff, 0xd0, 0xc8, 0xc0, 0xff, 0xd0, 0xc8, 0xc0, 0xff,
    0xd0, 0xc8, 0xc0, 0xff, 0xd0, 0xc8, 0xc0, 0xff, 0xd0, 0xc8, 0xc0, 0xff,
    0xd0, 0xc8, 0xc0, 0xff, 0xd8, 0xc8, 0xc0, 0xff, 0xd0, 0xc8, 0xc0, 0xff,
    0xd0, 0xc8, 0xc0, 0xff, 0xd0, 0xc8, 0xc0, 0xff, 0xd0, 0xc8, 0xc0, 0xff,
    0xd0, 0xc8, 0xc0, 0xff, 0xd0, 0xc8, 0xc0, 0xff, 0xd8, 0xc8, 0xc0, 0xff,
    0xd0, 0xc8, 0xc0, 0xff, 0xd0, 0xc8, 0xc0, 0xff, 0xd0, 0xc8, 0xc0, 0xff,
    0xd0, 0xc8, 0xc0, 0xff, 0xd8, 0xc8, 0xc0, 0xff, 0xd0, 0xc8, 0xc0, 0xff,
    0xd0, 0xc8, 0xc0, 0xff, 0xd8, 0xc8, 0xc0, 0xff, 0xd0, 0xc8, 0xc0, 0xff,
    0xd0, 0xc8, 0xc0, 0xff, 0xd8, 0xc8, 0xc0, 0xff, 0xd0, 0xc8, 0xc0, 0xff,
    0xd0, 0xc8, 0xc0, 0xff, 0xd8, 0xc8, 0xc0, 0xff, 0xd0, 0xc8, 0xc0, 0xff,
    0xd0, 0xc8, 0xc0, 0xff, 0xd0, 0xc8, 0xc0, 0xff, 0xd0, 0xc8, 0xc0, 0xff,
    0xd0, 0xc8, 0xc0, 0xff, 0xd8, 0xc8, 0xc0, 0xff, 0xd0, 0xc8, 0xc0, 0xff,
    0xd0, 0xc8, 0xc0, 0xff, 0xd0, 0xc8, 0xc0, 0xff, 0xd0, 0xc8, 0xc0, 0xff,
    0xd8, 0xc8, 0xc0, 0xff, 0xd0, 0xc8, 0xc0, 0xff, 0xd0, 0xc8, 0xc0, 0xff,
    0xd8, 0xc8, 0xc0, 0xff, 0xd0, 0xc8, 0xc0, 0xff, 0xd0, 0xc8, 0xc0, 0xff,
    0xd8, 0xc8, 0xc0, 0xff, 0xd0, 0xc8, 0xc0, 0xff, 0xd0, 0xc8, 0xc0, 0xff,
    0xd8, 0xc8, 0xc0, 0xff, 0xd0, 0xc8, 0xc0, 0xff, 0xd8, 0xc8, 0xc0, 0xff,
    0xd0, 0xc8, 0xc0, 0xff, 0xd0, 0xc8, 0xc0, 0xff, 0xd8, 0xc8, 0xc0, 0xff,
    0xd0, 0xc8, 0xc0, 0xff, 0xd0, 0xc8, 0xc0, 0xff, 0xd0, 0xc8, 0xc0, 0xff,
    0xd0, 0xc8, 0xc0, 0xff, 0xd0, 0xc8, 0xc0, 0xff, 0xd8, 0xc8, 0xc0, 0xff,
    0xd0, 0xc8, 0xc0, 0xff, 0xd0, 0xc8, 0xc0, 0xff, 0xd0, 0xc8, 0xc0, 0xff,
    0xd0, 0xc8, 0xc0, 0xff, 0xd0, 0xc8, 0xc0, 0xcf, 0xd0, 0xc8, 0xc0, 0x7f,
    0xd0, 0xc8, 0xc0, 0xff, 0xd8, 0xc8, 0xc0, 0xff, 0xd0, 0xc8, 0xc0, 0xff,
    0xd8, 0xc8, 0xc0, 0xff, 0xd8, 0xc8, 0xc0, 0xff, 0xd0, 0xc8, 0xc0, 0xff,
    0xd0, 0xc8, 0xc0, 0xff, 0xd0, 0xc8, 0xc0, 0xff, 0xd8, 0xc8, 0xc0, 0xff,
    0xd0, 0xc8, 0xc0, 0xff, 0xd0, 0xc8, 0xc0, 0xff, 0xd0, 0xc8, 0xc0, 0xff,
    0xd0, 0xc8, 0xc0, 0xff, 0xd0, 0xc8, 0xc0, 0xff, 0xd0, 0xc8, 0xc0, 0xff,
    0xd8, 0xc8, 0xc0, 0xff, 0xd0, 0xc8, 0xc0, 0xff, 0xd0, 0xc8, 0xc0, 0xff,
    0xd0, 0xc8, 0xc0, 0xff, 0xd0, 0xc8, 0xc0, 0xff, 0xd0, 0xc8, 0xc0, 0xff,
    0xd8, 0xc8, 0xc0, 0xff, 0xd0, 0xc8, 0xc0, 0xff, 0xd0, 0xc8, 0xc0, 0xff,
    0xd0, 0xc8, 0xc0, 0xff, 0xd0, 0xc8, 0xc0, 0xff, 0xd8, 0xc8, 0xc0, 0xff,
    0xd0, 0xc8, 0xc0, 0xff, 0xd0, 0xc8, 0xc0, 0xff, 0xd0, 0xc8, 0xc0, 0xff,
    0xd8, 0xc8, 0xc0, 0xff, 0xd0, 0xc8, 0xc0, 0xff, 0xd8, 0xc8, 0xc0, 0xff,
    0xd0, 0xc8, 0xc0, 0xff, 0xd8, 0xc8, 0xc0, 0xff, 0xd0, 0xc8, 0xc0, 0xff,
    0xd0, 0xc8, 0xc0, 0xff, 0xd8, 0xc8, 0xc0, 0xff, 0xd0, 0xc8, 0xc0, 0xff,
    0xd0, 0xc8, 0xc0, 0xff, 0xd8, 0xc8, 0xc0, 0xff, 0xd0, 0xc8, 0xc0, 0xff,
    0xd0, 0xc8, 0xc0, 0xff, 0xd8, 0xc8, 0xc0, 0xff, 0xd8, 0xc8, 0xc0, 0xff,
    0xd0, 0xc8, 0xc0, 0xff, 0xd0, 0xc8, 0xc0, 0xff, 0xd8, 0xc8, 0xc0, 0xff,
    0xd0, 0xc8, 0xc0, 0xff, 0xd0, 0xc8, 0xc0, 0xff, 0xd0, 0xc8, 0xc0, 0xff,
    0xd0, 0xc8, 0xc0, 0xff, 0xd0, 0xc8, 0xc0, 0xff, 0xd8, 0xc8, 0xc0, 0xff,
    0xd0, 0xc8, 0xc0, 0xff, 0xd0, 0xc8, 0xc0, 0xff, 0xd0, 0xc8, 0xc0, 0xff,
    0xd0, 0xc8, 0xc0, 0xff, 0xd0, 0xc8, 0xc0, 0xff, 0xd8, 0xc8, 0xc0, 0xff,
    0xd0, 0xc8, 0xc0, 0xff, 0xd0, 0xc8, 0xc0, 0xff, 0xd8, 0xc8, 0xc0, 0xff,
    0xd0, 0xc8, 0xc0, 0xff, 0xd0, 0xc8, 0xc0, 0xff, 0xd8, 0xc8, 0xc0, 0xff,
    0xd0, 0xc8, 0xc0, 0xff, 0xd0, 0xc8, 0xc0, 0xff, 0xd0, 0xc8, 0xc0, 0xff,
    0xd8, 0xc8, 0xc0, 0xff, 0xd0, 0xc8, 0xc0, 0xff, 0xd0, 0xc8, 0xc0, 0xff,
    0xd8, 0xc8, 0xc0, 0xff, 0xd0, 0xc8, 0xc0, 0xff, 0xd0, 0xc8, 0xc0, 0xff,
    0xd8, 0xc8, 0xc0, 0xff, 0xd0, 0xc8, 0xc0, 0xff, 0xd0, 0xc8, 0xc0, 0xff,
    0xd0, 0xc8, 0xc0, 0xff, 0xd8, 0xc8, 0xc0, 0xff, 0xd0, 0xc8, 0xc0, 0xff,
    0xd0, 0xc8, 0xc0, 0xff, 0xd8, 0xc8, 0xc0, 0xff, 0xd0, 0xc8, 0xc0, 0xff,
    0xd0, 0xc8, 0xc0, 0xff, 0xd0, 0xc8, 0xc0, 0xff, 0xd0, 0xc8, 0xc0, 0xff,
    0xd0, 0xc8, 0xc0, 0xff, 0xd0, 0xc8, 0xc0, 0xff, 0xd0, 0xc8, 0xc0, 0xff,
    0xd0, 0xc8, 0xc0, 0xff, 0xd0, 0xc8, 0xc0, 0xff, 0xd0, 0xc8, 0xc0, 0xff,
    0xd0, 0xc8, 0xc0, 0xff, 0xd8, 0xc8, 0xc0, 0xff, 0xd0, 0xc8, 0xc0, 0xff,
    0xd0, 0xc8, 0xc0, 0xff, 0xd0, 0xc8, 0xc0, 0xff, 0xd8, 0xc8, 0xc0, 0xff,
    0xd0, 0xc8, 0xc0, 0xff, 0xd0, 0xc8, 0xc0, 0xff, 0xd0, 0xc8, 0xc0, 0xff,
    0xd0, 0xc8, 0xc0, 0xff, 0xd0, 0xc8, 0xc0, 0xff, 0xd8, 0xc8, 0xc0, 0xff,
    0xd0, 0xc8, 0xc0, 0xff, 0xd0, 0xc8, 0xc0, 0xff, 0xd8, 0xc8, 0xc0, 0xff,
    0xd0, 0xc8, 0xc0, 0x5f, 0xd0, 0xd0, 0xc0, 0x10, 0xd0, 0xc8, 0xc0, 0xdf,
    0xd0, 0xc8, 0xc0, 0xff, 0xd0, 0xc8, 0xc0, 0xff, 0xd0, 0xc8, 0xc0, 0xff,
    0xd0, 0xc8, 0xc0, 0xff, 0xd0, 0xc8, 0xc0, 0xff, 0xd8, 0xc8, 0xc0, 0xff,
    0xd0, 0xc8, 0xc0, 0xff, 0xd0, 0xc8, 0xc0, 0xff, 0xd8, 0xc8, 0xc0, 0xff,
    0xd0, 0xc8, 0xc0, 0xff, 0xd8, 0xc8, 0xc0, 0xff, 0xd0, 0xc8, 0xc0, 0xff,
    0xd0, 0xc8, 0xc0, 0xff, 0xd8, 0xc8, 0xc0, 0xff, 0xd0, 0xc8, 0xc0, 0xff,
    0xd0, 0xc8, 0xc0, 0xff, 0xd8, 0xc8, 0xc0, 0xff, 0xd0, 0xc8, 0xc0, 0xff,
    0xd0, 0xc8, 0xc0, 0xff, 0xd0, 0xc8, 0xc0, 0xff, 0xd0, 0xc8, 0xc0, 0xff,
    0xd8, 0xc8, 0xc0, 0xff, 0xd0, 0xc8, 0xc0, 0xff, 0xd0, 0xc8, 0xc0, 0xff,
    0xd0, 0xc8, 0xc0, 0xff, 0xd0, 0xc8, 0xc0, 0xff, 0xd8, 0xc8, 0xc0, 0xff,
    0xd0, 0xc8, 0xc0, 0xff, 0xd0, 0xc8, 0xc0, 0xff, 0xd0, 0xc8, 0xc0, 0xff,
    0xd0, 0xc8, 0xc0, 0xff, 0xd0, 0xc8, 0xc0, 0xff, 0xd8, 0xc8, 0xc0, 0xff,
    0xd0, 0xc8, 0xc0, 0xff, 0xd0, 0xc8, 0xc0, 0xff, 0xd0, 0xc8, 0xc0, 0xff,
    0xd0, 0xc8, 0xc0, 0xff, 0xd0, 0xc8, 0xc0, 0xff, 0xd0, 0xc8, 0xc0, 0xff,
    0xd0, 0xc8, 0xc0, 0xff, 0xd0, 0xc8, 0xc0, 0xff, 0xd0, 0xc8, 0xc0, 0xff,
    0xd0, 0xc8, 0xc0, 0xff, 0xd0, 0xc8, 0xc0, 0xff, 0xd8, 0xc8, 0xc0, 0xff,
    0xd0, 0xc8, 0xc0, 0xff, 0xd0, 0xc8, 0xc0, 0xff, 0xd8, 0xc8, 0xc0, 0xff,
    0xd0, 0xc8, 0xc0, 0xff, 0xd8, 0xc8, 0xc0, 0xff, 0xd0, 0xc8, 0xc0, 0xff,
    0xd0, 0xc8, 0xc0, 0xff, 0xd8, 0xc8, 0xc0, 0xff, 0xd0, 0xc8, 0xc0, 0xff,
    0xd8, 0xc8, 0xc0, 0xff, 0xd8, 0xc8, 0xc0, 0xff, 0xd0, 0xc8, 0xc0, 0xff,
    0xd0, 0xc8, 0xc0, 0xff, 0xd0, 0xc8, 0xc0, 0xff, 0xd8, 0xc8, 0xc0, 0xff,
    0xd0, 0xc8, 0xc0, 0xff, 0xd0, 0xc8, 0xc0, 0xff, 0xd0, 0xc8, 0xc0, 0xff,
    0xd0, 0xc8, 0xc0, 0xff, 0xd0, 0xc8, 0xc0, 0xff, 0xd0, 0xc8, 0xc0, 0xff,
    0xd0, 0xc8, 0xc0, 0xff, 0xd8, 0xc8, 0xc0, 0xff, 0xd0, 0xc8, 0xc0, 0xff,
    0xd0, 0xc8, 0xc0, 0xff, 0xd0, 0xc8, 0xc0, 0xff, 0xd0, 0xc8, 0xc0, 0xff,
    0xd0, 0xc8, 0xc0, 0xff, 0xd8, 0xc8, 0xc0, 0xff, 0xd0, 0xc8, 0xc0, 0xff,
    0xd0, 0xc8, 0xc0, 0xff, 0xd8, 0xc8, 0xc0, 0xff, 0xd0, 0xc8, 0xc0, 0xff,
    0xd0, 0xc8, 0xc0, 0xff, 0xd8, 0xc8, 0xc0, 0xff, 0xd0, 0xc8, 0xc0, 0xff,
    0xd0, 0xc8, 0xc0, 0xff, 0xd0, 0xc8, 0xc0, 0xff, 0xd8, 0xc8, 0xc0, 0xff,
    0xd0, 0xc8, 0xc0, 0xff, 0xd8, 0xc8, 0xc0, 0xff, 0xd0, 0xc8, 0xc0, 0xff,
    0xd8, 0xc8, 0xc0, 0xff, 0xd0, 0xc8, 0xc0, 0xff, 0xd8, 0xc8, 0xc0, 0xff,
    0xd8, 0xc8, 0xc0, 0xff, 0xd0, 0xc8, 0xc0, 0xff, 0xd0, 0xc8, 0xc0, 0xff,
    0xd0, 0xc8, 0xc0, 0xff, 0xd8, 0xc8, 0xc0, 0xff, 0xd0, 0xc8, 0xc0, 0xff,
    0xd0, 0xc8, 0xc0, 0xff, 0xd0, 0xc8, 0xc0, 0xff, 0xd8, 0xc8, 0xc0, 0xff,
    0xd8, 0xc8, 0xc0, 0xff, 0xd0, 0xc8, 0xc0, 0xff, 0xd0, 0xc8, 0xc0, 0xff,
    0xd8, 0xc8, 0xc0, 0xff, 0xd0, 0xc8, 0xc0, 0xff, 0xd0, 0xc8, 0xc0, 0xff,
    0xd8, 0xc8, 0xc0, 0xff, 0xd0, 0xc8, 0xc0, 0xdf, 0x00, 0x00, 0x00, 0x00,
    0x00, 0x00, 0x00, 0x00, 0xd0, 0xc8, 0xc0, 0x20, 0xd0, 0xc8, 0xc0, 0xdf,
    0xd0, 0xc8, 0xc0, 0xff, 0xd0, 0xc8, 0xc0, 0xff, 0xd0, 0xc8, 0xc0, 0xff,
    0xd8, 0xc8, 0xc0, 0xff, 0xd0, 0xc8, 0xc0, 0xff, 0xd0, 0xc8, 0xc0, 0xff,
    0xd0, 0xc8, 0xc0, 0xff, 0xd0, 0xc8, 0xc0, 0xff, 0xd0, 0xc8, 0xc0, 0xff,
    0xd8, 0xc8, 0xc0, 0xff, 0xd0, 0xc8, 0xc0, 0xff, 0xd0, 0xc8, 0xc0, 0xff,
    0xd8, 0xc8, 0xc0, 0xff, 0xd0, 0xc8, 0xc0, 0xff, 0xd0, 0xc8, 0xc0, 0xff,
    0xd0, 0xc8, 0xc0, 0xff, 0xd8, 0xc8, 0xc0, 0xff, 0xd8, 0xc8, 0xc0, 0xff,
    0xd0, 0xc8, 0xc0, 0xff, 0xd0, 0xc8, 0xc0, 0xff, 0xd0, 0xc8, 0xc0, 0xff,
    0xd8, 0xc8, 0xc0, 0xff, 0xd0, 0xc8, 0xc0, 0xff, 0xd8, 0xc8, 0xc0, 0xff,
    0xd0, 0xc8, 0xc0, 0xff, 0xd0, 0xc8, 0xc0, 0xff, 0xd8, 0xc8, 0xc0, 0xff,
    0xd0, 0xc8, 0xc0, 0xff, 0xd0, 0xc8, 0xc0, 0xff, 0xd8, 0xc8, 0xc0, 0xff,
    0xd0, 0xc8, 0xc0, 0xff, 0xd0, 0xc8, 0xc0, 0xff, 0xd0, 0xc8, 0xc0, 0xff,
    0xd8, 0xc8, 0xc0, 0xff, 0xd0, 0xc8, 0xc0, 0xff, 0xd8, 0xc8, 0xc0, 0xff,
    0xd8, 0xc8, 0xc0, 0xff, 0xd0, 0xc8, 0xc0, 0xff, 0xd8, 0xc8, 0xc0, 0xff,
    0xd0, 0xc8, 0xc0, 0xff, 0xd8, 0xc8, 0xc0, 0xff, 0xd0, 0xc8, 0xc0, 0xff,
    0xd0, 0xc8, 0xc0, 0xff, 0xd0, 0xc8, 0xc0, 0xff, 0xd0, 0xc8, 0xc0, 0xff,
    0xd0, 0xc8, 0xc0, 0xff, 0xd0, 0xc8, 0xc0, 0xff, 0xd0, 0xc8, 0xc0, 0xff,
    0xd8, 0xc8, 0xc0, 0xff, 0xd0, 0xc8, 0xc0, 0xff, 0xd0, 0xc8, 0xc0, 0xff,
    0xd0, 0xc8, 0xc0, 0xff, 0xd0, 0xc8, 0xc0, 0xff, 0xd0, 0xc8, 0xc0, 0xff,
    0xd0, 0xc8, 0xc0, 0xff, 0xd0, 0xc8, 0xc0, 0xff, 0xd8, 0xc8, 0xc0, 0xff,
    0xd0, 0xc8, 0xc0, 0xff, 0xd0, 0xc8, 0xc0, 0xff, 0xd0, 0xc8, 0xc0, 0xff,
    0xd8, 0xc8, 0xc0, 0xff, 0xd0, 0xc8, 0xc0, 0xff, 0xd8, 0xc8, 0xc0, 0xff,
    0xd0, 0xc8, 0xc0, 0xff, 0xd0, 0xc8, 0xc0, 0xff, 0xd8, 0xc8, 0xc0, 0xff,
    0xd0, 0xc8, 0xc0, 0xff, 0xd0, 0xc8, 0xc0, 0xff, 0xd8, 0xc8, 0xc0, 0xff,
    0xd0, 0xc8, 0xc0, 0xff, 0xd0, 0xc8, 0xc0, 0xff, 0xd8, 0xc8, 0xc0, 0xff,
    0xd0, 0xc8, 0xc0, 0xff, 0xd0, 0xc8, 0xc0, 0xff, 0xd0, 0xc8, 0xc0, 0xff,
    0xd8, 0xc8, 0xc0, 0xff, 0xd0, 0xc8, 0xc0, 0xff, 0xd0, 0xc8, 0xc0, 0xff,
    0xd0, 0xc8, 0xc0, 0xff, 0xd0, 0xc8, 0xc0, 0xff, 0xd0, 0xc8, 0xc0, 0xff,
    0xd8, 0xc8, 0xc0, 0xff, 0xd0, 0xc8, 0xc0, 0xff, 0xd0, 0xc8, 0xc0, 0xff,
    0xd0, 0xc8, 0xc0, 0xff, 0xd8, 0xc8, 0xc0, 0xff, 0xd0, 0xc8, 0xc0, 0xff,
    0xd0, 0xc8, 0xc0, 0xff, 0xd0, 0xc8, 0xc0, 0xff, 0xd0, 0xc8, 0xc0, 0xff,
    0xd0, 0xc8, 0xc0, 0xff, 0xd8, 0xc8, 0xc0, 0xff, 0xd0, 0xc8, 0xc0, 0xff,
    0xd0, 0xc8, 0xc0, 0xff, 0xd8, 0xc8, 0xc0, 0xff, 0xd0, 0xc8, 0xc0, 0xff,
    0xd0, 0xc8, 0xc0, 0xff, 0xd0, 0xc8, 0xc0, 0xff, 0xd0, 0xc8, 0xc0, 0xff,
    0xd0, 0xc8, 0xc0, 0xff, 0xd8, 0xc8, 0xc0, 0xff, 0xd0, 0xc8, 0xc0, 0xff,
    0xd0, 0xc8, 0xc0, 0xff, 0xd0, 0xc8, 0xc0, 0xff, 0xd0, 0xc8, 0xc0, 0xdf,
    0xd0, 0xc8, 0xc0, 0x20, 0x00, 0x00, 0x00, 0x00, 0x00, 0x00, 0x00, 0x00,
    0x00, 0x00, 0x00, 0x00, 0x00, 0x00, 0x00, 0x00, 0xd0, 0xc8, 0xc0, 0x60,
    0xd0, 0xc8, 0xc0, 0xcf, 0xd8, 0xc8, 0xc0, 0xff, 0xd0, 0xc8, 0xc0, 0xff,
    0xd0, 0xc8, 0xc0, 0xff, 0xd8, 0xc8, 0xc0, 0xff, 0xd0, 0xc8, 0xc0, 0xff,
    0xd0, 0xc8, 0xc0, 0xff, 0xd0, 0xc8, 0xc0, 0xff, 0xd0, 0xc8, 0xc0, 0xff,
    0xd0, 0xc8, 0xc0, 0xff, 0xd0, 0xc8, 0xc0, 0xff, 0xd0, 0xc8, 0xc0, 0xff,
    0xd0, 0xc8, 0xc0, 0xff, 0xd0, 0xc8, 0xc0, 0xff, 0xd0, 0xc8, 0xc0, 0xff,
    0xd0, 0xc8, 0xc0, 0xff, 0xd0, 0xc8, 0xc0, 0xff, 0xd8, 0xc8, 0xc0, 0xff,
    0xd0, 0xc8, 0xc0, 0xff, 0xd0, 0xc8, 0xc0, 0xff, 0xd0, 0xc8, 0xc0, 0xff,
    0xd0, 0xc8, 0xc0, 0xff, 0xd0, 0xc8, 0xc0, 0xff, 0xd0, 0xc8, 0xc0, 0xff,
    0xd0, 0xc8, 0xc0, 0xff, 0xd0, 0xc8, 0xc0, 0xff, 0xd0, 0xc8, 0xc0, 0xff,
    0xd8, 0xc8, 0xc0, 0xff, 0xd0, 0xc8, 0xc0, 0xff, 0xd0, 0xc8, 0xc0, 0xff,
    0xd0, 0xc8, 0xc0, 0xff, 0xd8, 0xc8, 0xc0, 0xff, 0xd0, 0xc8, 0xc0, 0xff,
    0xd0, 0xc8, 0xc0, 0xff, 0xd0, 0xc8, 0xc0, 0xff, 0xd0, 0xc8, 0xc0, 0xff,
    0xd0, 0xc8, 0xc0, 0xff, 0xd0, 0xc8, 0xc0, 0xff, 0xd8, 0xc8, 0xc0, 0xff,
    0xd0, 0xc8, 0xc0, 0xff, 0xd0, 0xc8, 0xc0, 0xff, 0xd8, 0xc8, 0xc0, 0xff,
    0xd0, 0xc8, 0xc0, 0xff, 0xd8, 0xc8, 0xc0, 0xff, 0xd0, 0xc8, 0xc0, 0xff,
    0xd0, 0xc8, 0xc0, 0xff, 0xd0, 0xc8, 0xc0, 0xff, 0xd0, 0xc8, 0xc0, 0xff,
    0xd8, 0xc8, 0xc0, 0xff, 0xd0, 0xc8, 0xc0, 0xff, 0xd0, 0xc8, 0xc0, 0xff,
    0xd8, 0xc8, 0xc0, 0xff, 0xd0, 0xc8, 0xc0, 0xff, 0xd0, 0xc8, 0xc0, 0xff,
    0xd0, 0xc8, 0xc0, 0xff, 0xd0, 0xc8, 0xc0, 0xff, 0xd8, 0xc8, 0xc0, 0xff,
    0xd0, 0xc8, 0xc0, 0xff, 0xd0, 0xc8, 0xc0, 0xff, 0xd0, 0xc8, 0xc0, 0xff,
    0xd8, 0xc8, 0xc0, 0xff, 0xd0, 0xc8, 0xc0, 0xff, 0xd0, 0xc8, 0xc0, 0xff,
    0xd8, 0xc8, 0xc0, 0xff, 0xd0, 0xc8, 0xc0, 0xff, 0xd0, 0xc8, 0xc0, 0xff,
    0xd0, 0xc8, 0xc0, 0xff, 0xd0, 0xc8, 0xc0, 0xff, 0xd8, 0xc8, 0xc0, 0xff,
    0xd0, 0xc8, 0xc0, 0xff, 0xd0, 0xc8, 0xc0, 0xff, 0xd0, 0xc8, 0xc0, 0xff,
    0xd0, 0xc8, 0xc0, 0xff, 0xd8, 0xc8, 0xc0, 0xff, 0xd0, 0xc8, 0xc0, 0xff,
    0xd0, 0xc8, 0xc0, 0xff, 0xd0, 0xc8, 0xc0, 0xff, 0xd8, 0xc8, 0xc0, 0xff,
    0xd0, 0xc8, 0xc0, 0xff, 0xd0, 0xc8, 0xc0, 0xff, 0xd8, 0xc8, 0xc0, 0xff,
    0xd0, 0xc8, 0xc0, 0xff, 0xd0, 0xc8, 0xc0, 0xff, 0xd0, 0xc8, 0xc0, 0xff,
    0xd0, 0xc8, 0xc0, 0xff, 0xd0, 0xc8, 0xc0, 0xff, 0xd0, 0xc8, 0xc0, 0xff,
    0xd0, 0xc8, 0xc0, 0xff, 0xd0, 0xc8, 0xc0, 0xff, 0xd8, 0xc8, 0xc0, 0xff,
    0xd0, 0xc8, 0xc0, 0xff, 0xd0, 0xc8, 0xc0, 0xff, 0xd0, 0xc8, 0xc0, 0xff,
    0xd0, 0xc8, 0xc0, 0xff, 0xd8, 0xc8, 0xc0, 0xff, 0xd0, 0xc8, 0xc0, 0xff,
    0xd0, 0xc8, 0xc0, 0xff, 0xd0, 0xc8, 0xc0, 0xff, 0xd8, 0xc8, 0xc0, 0xff,
    0xd0, 0xc8, 0xc0, 0xff, 0xd0, 0xc8, 0xc0, 0xff, 0xd0, 0xc8, 0xc0, 0xbf,
    0xd0, 0xc8, 0xc0, 0x7f, 0xd0, 0xd0, 0xc0, 0x10, 0x00, 0x00, 0x00, 0x00,
    0x00, 0x00, 0x00, 0x00
};
